timestamp,total_load_kw,production_load_kw,hvac_load_kw,lighting_load_kw,compressor_load_kw,warehouse_load_kw,pump_load_kw,battery_load_kw,occupancy,scenario,offline,tariff_per_kwh,temp_PRODUCTION,temp_WAREHOUSE,temp_OFFICE_A,temp_CONTROL_ROOM,temp_UTILITY,temp_BATTERY_FLEX
2026-06-01 00:00:00,239.4,43.7,52.5,8.9,23.2,45.2,17.9,48.0,0.159,NORMAL,False,6.5,22.67,23.42,23.16,20.72,22.9,22.61
2026-06-01 00:15:00,233.5,46.5,50.2,8.5,18.5,43.9,17.9,48.0,0.124,NORMAL,False,6.5,23.59,23.43,22.68,22.21,23.77,22.11
2026-06-01 00:30:00,244.0,43.6,53.6,9.1,25.9,45.9,17.9,48.0,0.176,NORMAL,False,6.5,23.19,22.96,22.37,22.32,23.48,22.34
2026-06-01 00:45:00,249.1,47.5,52.6,8.9,28.9,45.3,17.9,48.0,0.161,NORMAL,False,6.5,23.4,23.26,23.76,21.49,23.29,22.14
2026-06-01 01:00:00,240.9,45.9,51.7,8.8,23.8,44.7,17.9,48.0,0.147,NORMAL,False,6.5,22.76,22.63,23.0,22.05,23.82,22.21
2026-06-01 01:15:00,233.1,39.2,52.3,8.9,21.7,45.1,17.9,48.0,0.157,NORMAL,False,6.5,23.62,23.16,23.03,21.72,23.69,22.86
2026-06-01 01:30:00,237.6,43.7,51.0,8.7,24.1,44.3,17.9,48.0,0.136,NORMAL,False,6.5,22.84,22.9,23.41,21.23,24.02,21.7
2026-06-01 01:45:00,231.0,39.9,53.1,9.0,17.6,45.5,17.9,48.0,0.168,NORMAL,False,6.5,23.56,23.45,22.53,21.47,23.98,22.45
2026-06-01 02:00:00,237.6,43.8,50.1,8.5,25.5,43.8,17.9,48.0,0.122,NORMAL,False,6.5,23.4,23.11,22.99,21.43,23.62,22.85
2026-06-01 02:15:00,241.6,46.9,50.6,8.6,25.5,44.1,17.9,48.0,0.13,NORMAL,False,6.5,22.97,22.85,22.06,21.9,23.3,22.55
2026-06-01 02:30:00,240.1,41.0,53.2,9.0,25.2,45.6,17.9,48.0,0.17,NORMAL,False,6.5,23.15,22.84,22.66,20.86,22.83,21.89
2026-06-01 02:45:00,231.1,41.2,50.1,8.5,21.6,43.8,17.9,48.0,0.123,NORMAL,False,6.5,22.96,23.69,22.47,22.02,23.07,22.43
2026-06-01 03:00:00,241.7,42.9,53.6,9.1,24.4,45.8,17.9,48.0,0.175,NORMAL,False,6.5,22.35,23.27,22.83,21.41,22.83,22.59
2026-06-01 03:15:00,244.9,48.3,51.9,8.8,25.0,44.9,17.9,48.0,0.151,NORMAL,False,6.5,23.98,22.93,22.17,21.77,23.66,23.22
2026-06-01 03:30:00,236.6,44.1,54.8,9.3,15.9,46.6,17.9,48.0,0.194,NORMAL,False,6.5,22.64,22.74,22.27,21.54,22.87,22.88
2026-06-01 03:45:00,229.6,36.5,50.5,8.5,24.6,43.7,17.9,48.0,0.12,NORMAL,False,6.5,23.3,23.45,23.64,23.1,23.74,22.04
2026-06-01 04:00:00,224.4,40.9,50.3,8.6,14.9,43.9,17.9,48.0,0.126,NORMAL,False,6.5,22.94,22.73,22.58,22.18,23.62,22.46
2026-06-01 04:15:00,230.6,41.1,50.9,8.7,19.6,44.3,17.9,48.0,0.135,NORMAL,False,6.5,23.14,23.92,22.73,22.15,23.29,21.95
2026-06-01 04:30:00,243.7,44.8,56.1,9.5,20.0,47.3,17.9,48.0,0.214,NORMAL,False,6.5,22.85,23.48,22.31,22.22,23.76,22.49
2026-06-01 04:45:00,242.2,44.5,52.8,9.0,24.7,45.4,17.9,48.0,0.163,NORMAL,False,6.5,22.97,22.44,22.06,21.78,24.34,22.63
2026-06-01 05:00:00,232.5,40.1,54.5,9.2,16.4,46.4,17.9,48.0,0.189,NORMAL,False,6.5,23.34,22.85,23.28,21.94,24.32,22.65
2026-06-01 05:15:00,246.1,47.6,55.2,9.4,21.3,46.8,17.9,48.0,0.2,NORMAL,False,6.5,24.1,22.97,22.55,22.47,23.01,22.11
2026-06-01 05:30:00,235.3,44.8,51.9,8.8,19.0,44.8,17.9,48.0,0.15,NORMAL,False,6.5,23.1,23.21,23.38,21.73,23.87,21.52
2026-06-01 05:45:00,239.2,43.7,49.5,8.4,28.3,43.4,17.9,48.0,0.113,NORMAL,False,6.5,22.7,22.87,23.09,20.97,23.55,22.29
2026-06-01 06:00:00,204.1,40.7,53.0,9.0,23.7,45.5,17.9,14.4,0.166,NORMAL,False,6.5,23.87,22.97,22.35,21.59,23.67,22.64
2026-06-01 06:15:00,241.0,60.0,55.4,9.4,36.4,46.9,18.5,14.4,0.203,NORMAL,False,6.5,24.5,24.0,22.32,21.6,22.83,22.27
2026-06-01 06:30:00,247.9,72.1,56.5,9.6,28.7,47.6,19.1,14.4,0.22,NORMAL,False,6.5,22.94,21.99,22.68,21.23,23.3,22.13
2026-06-01 06:45:00,281.5,84.8,58.1,9.8,46.3,48.5,19.7,14.4,0.243,NORMAL,False,6.5,24.36,22.43,22.24,22.71,25.03,21.99
2026-06-01 07:00:00,312.4,94.5,67.4,11.4,50.5,54.0,20.3,14.4,0.385,NORMAL,False,6.5,22.97,22.99,23.35,22.18,23.43,22.55
2026-06-01 07:15:00,339.2,114.0,66.5,11.2,58.8,53.5,20.9,14.4,0.371,NORMAL,False,6.5,23.56,22.83,23.18,22.45,23.69,22.79
2026-06-01 07:30:00,365.8,123.1,68.8,11.6,71.8,54.7,21.4,14.4,0.403,NORMAL,False,6.5,23.64,23.07,24.03,22.77,23.81,22.24
2026-06-01 07:45:00,395.6,142.3,73.6,12.4,73.2,57.7,22.0,14.4,0.479,NORMAL,False,6.5,23.81,22.27,23.54,22.3,23.09,22.41
2026-06-01 08:00:00,421.3,155.7,75.5,12.7,81.6,58.8,22.6,14.4,0.508,NORMAL,False,8.5,23.56,23.03,23.19,22.85,22.37,22.53
2026-06-01 08:15:00,440.3,168.5,78.6,13.2,81.9,60.5,23.2,14.4,0.551,NORMAL,False,8.5,22.78,23.33,24.03,21.39,24.1,22.5
2026-06-01 08:30:00,478.8,184.3,82.0,13.7,98.4,62.3,23.8,14.4,0.598,NORMAL,False,8.5,24.37,23.47,24.08,22.81,23.9,23.55
2026-06-01 08:45:00,507.8,200.9,84.6,14.2,105.2,64.2,24.4,14.4,0.645,NORMAL,False,8.5,23.81,22.84,23.77,21.69,24.08,22.6
2026-06-01 09:00:00,532.5,212.6,91.8,15.3,105.0,68.4,25.0,14.4,0.755,NORMAL,False,8.5,24.27,22.44,23.37,21.82,23.47,23.48
2026-06-01 09:15:00,525.7,205.8,87.3,14.6,112.6,65.8,25.2,14.4,0.686,NORMAL,False,8.5,23.84,22.6,22.99,22.48,24.28,23.01
2026-06-01 09:30:00,554.6,225.9,90.5,15.1,115.5,67.7,25.4,14.4,0.735,NORMAL,False,8.5,24.09,24.03,22.35,22.09,24.02,21.93
2026-06-01 09:45:00,555.1,221.5,93.2,15.6,115.5,69.2,25.6,14.4,0.775,NORMAL,False,8.5,23.65,23.64,23.96,22.55,23.85,22.87
2026-06-01 10:00:00,563.2,226.7,92.3,15.4,119.8,68.7,25.8,14.4,0.762,NORMAL,False,8.5,24.11,23.73,22.89,22.35,24.47,22.36
2026-06-01 10:15:00,567.8,234.2,95.4,15.9,111.4,70.5,26.0,14.4,0.809,NORMAL,False,8.5,23.98,23.91,23.9,22.89,24.02,23.91
2026-06-01 10:30:00,591.1,236.8,99.0,16.4,126.2,72.1,26.2,14.4,0.848,NORMAL,False,8.5,23.79,23.31,24.17,21.72,23.13,21.95
2026-06-01 10:45:00,600.5,247.8,96.9,16.2,127.3,71.5,26.5,14.4,0.832,NORMAL,False,8.5,24.14,22.54,22.34,22.53,23.51,22.98
2026-06-01 11:00:00,608.6,248.4,98.5,16.4,131.8,72.4,26.7,14.4,0.856,NORMAL,False,8.5,24.14,23.52,23.18,22.44,23.86,23.17
2026-06-01 11:15:00,614.8,252.3,97.6,16.3,135.5,71.8,26.9,14.4,0.842,NORMAL,False,8.5,23.95,23.67,22.51,21.86,23.01,21.59
2026-06-01 11:30:00,618.2,256.7,99.8,16.5,131.4,72.5,27.1,14.4,0.858,NORMAL,False,8.5,24.13,23.8,24.19,22.5,24.43,22.8
2026-06-01 11:45:00,629.4,260.8,99.6,16.3,139.3,71.7,27.3,14.4,0.839,NORMAL,False,8.5,23.56,23.07,23.91,23.37,23.06,22.95
2026-06-01 12:00:00,615.0,256.7,97.8,16.3,130.8,72.0,26.9,14.4,0.846,NORMAL,False,8.5,23.1,23.72,23.21,22.25,23.22,22.43
2026-06-01 12:15:00,622.2,259.5,98.8,16.5,133.7,72.5,26.9,14.4,0.86,NORMAL,False,8.5,24.21,23.92,23.36,21.79,24.29,22.59
2026-06-01 12:30:00,615.8,251.6,101.1,16.3,133.4,72.0,26.9,14.4,0.846,NORMAL,False,8.5,24.19,24.23,24.55,22.55,23.83,23.29
2026-06-01 12:45:00,623.1,253.8,98.0,16.4,141.4,72.1,26.9,14.4,0.849,NORMAL,False,8.5,24.18,22.84,22.72,21.48,23.2,22.53
2026-06-01 13:00:00,622.5,253.6,100.3,16.7,137.1,73.4,26.9,14.4,0.883,NORMAL,False,8.5,23.58,23.44,23.36,22.42,23.86,23.07
2026-06-01 13:15:00,610.8,254.8,97.0,16.0,130.9,70.8,26.9,14.4,0.816,NORMAL,False,8.5,23.98,24.54,23.59,23.2,23.79,23.04
2026-06-01 13:30:00,612.4,256.8,96.7,16.1,130.2,71.2,26.9,14.4,0.827,NORMAL,False,8.5,24.21,22.82,23.82,23.03,23.93,22.6
2026-06-01 13:45:00,607.5,252.1,100.0,16.7,124.2,73.2,26.9,14.4,0.878,NORMAL,False,8.5,23.14,23.1,22.56,21.81,24.45,23.21
2026-06-01 14:00:00,632.8,268.8,95.5,16.0,140.0,70.6,27.5,14.4,0.811,NORMAL,False,8.5,23.7,24.45,23.69,22.19,23.98,21.96
2026-06-01 14:15:00,639.1,268.1,101.7,17.0,136.1,74.3,27.6,14.4,0.904,NORMAL,False,8.5,24.48,23.44,23.92,22.24,24.22,23.59
2026-06-01 14:30:00,662.9,280.3,107.1,17.5,139.8,76.2,27.7,14.4,0.953,NORMAL,False,8.5,24.05,23.99,23.42,23.37,23.85,22.92
2026-06-01 14:45:00,638.7,266.4,100.9,16.8,138.7,73.8,27.8,14.4,0.892,NORMAL,False,8.5,23.85,23.49,22.79,22.89,23.5,23.34
2026-06-01 15:00:00,653.0,274.0,99.8,16.7,147.2,73.2,27.9,14.4,0.876,NORMAL,False,8.5,23.64,23.39,23.46,22.42,23.68,22.86
2026-06-01 15:15:00,661.4,277.0,108.9,17.5,139.5,76.2,27.9,14.4,0.953,NORMAL,False,8.5,24.34,23.56,23.79,23.66,23.74,22.63
2026-06-01 15:30:00,665.0,285.0,101.6,16.9,144.9,74.2,28.0,14.4,0.903,NORMAL,False,8.5,23.64,23.24,23.75,22.61,23.39,23.22
2026-06-01 15:45:00,662.3,284.8,103.2,17.2,139.5,75.2,28.1,14.4,0.927,NORMAL,False,8.5,24.39,23.37,22.89,22.58,23.91,22.33
2026-06-01 16:00:00,678.9,281.7,107.6,17.9,151.3,77.7,28.2,14.4,0.993,NORMAL,False,8.5,24.82,23.17,23.87,21.49,23.22,22.65
2026-06-01 16:15:00,685.6,295.3,111.1,18.0,140.5,78.0,28.3,14.4,1.0,NORMAL,False,8.5,23.61,22.88,23.82,23.51,23.19,22.92
2026-06-01 16:30:00,682.5,287.7,103.4,17.2,156.2,75.2,28.4,14.4,0.928,NORMAL,False,8.5,23.9,23.02,24.02,22.73,22.89,23.04
2026-06-01 16:45:00,681.7,287.9,105.2,17.5,152.0,76.2,28.5,14.4,0.955,NORMAL,False,8.5,23.83,23.56,24.03,22.87,22.94,23.06
2026-06-01 17:00:00,671.7,290.8,101.9,17.0,145.0,74.4,28.2,14.4,0.907,NORMAL,False,11.0,24.31,22.87,22.95,22.95,23.89,22.47
2026-06-01 17:15:00,636.8,270.5,102.5,17.1,129.9,74.7,27.7,14.4,0.917,NORMAL,False,11.0,24.23,22.97,23.84,22.33,23.57,23.46
2026-06-01 17:30:00,636.9,259.9,103.4,17.2,139.5,75.3,27.3,14.4,0.93,NORMAL,False,11.0,25.39,23.08,22.65,22.46,23.64,22.68
2026-06-01 17:45:00,611.8,256.5,102.3,16.5,122.6,72.6,26.8,14.4,0.863,NORMAL,False,11.0,23.29,23.61,24.56,22.62,23.59,22.69
2026-06-01 18:00:00,592.1,245.0,97.8,16.0,121.6,70.9,26.4,14.4,0.817,NORMAL,False,11.0,23.79,24.17,23.39,23.31,23.19,23.04
2026-06-01 18:15:00,564.5,233.1,93.7,15.7,112.1,69.6,26.0,14.4,0.783,NORMAL,False,11.0,24.55,23.07,22.59,22.43,23.28,22.56
2026-06-01 18:30:00,546.0,217.9,87.9,14.7,119.5,66.1,25.5,14.4,0.695,NORMAL,False,11.0,24.08,22.95,22.05,22.73,23.84,22.35
2026-06-01 18:45:00,536.2,217.8,89.5,15.0,107.3,67.1,25.1,14.4,0.72,NORMAL,False,11.0,25.06,23.43,23.56,22.28,24.12,23.03
2026-06-01 19:00:00,515.0,201.5,85.9,14.3,109.4,64.8,24.6,14.4,0.662,NORMAL,False,11.0,23.55,23.59,24.04,22.06,23.49,22.86
2026-06-01 19:15:00,487.9,196.6,79.8,13.4,98.1,61.3,24.2,14.4,0.573,NORMAL,False,11.0,23.27,22.78,22.03,21.71,23.21,22.57
2026-06-01 19:30:00,471.3,184.5,80.0,13.4,93.9,61.4,23.8,14.4,0.575,NORMAL,False,11.0,23.66,23.7,22.7,21.74,23.95,22.56
2026-06-01 19:45:00,448.3,170.2,81.1,13.6,83.5,62.1,23.3,14.4,0.593,NORMAL,False,11.0,23.19,23.17,23.11,21.6,22.9,23.02
2026-06-01 20:00:00,429.3,164.3,77.3,13.0,77.6,59.8,22.9,14.4,0.535,NORMAL,False,11.0,24.21,22.02,22.39,21.68,24.39,22.8
2026-06-01 20:15:00,415.5,154.0,73.0,12.3,82.0,57.3,22.4,14.4,0.47,NORMAL,False,11.0,23.79,23.17,23.34,21.97,23.78,22.72
2026-06-01 20:30:00,399.2,144.3,69.7,11.7,81.6,55.4,22.0,14.4,0.42,NORMAL,False,11.0,22.38,23.63,23.6,21.49,22.7,22.68
2026-06-01 20:45:00,386.7,137.5,71.7,12.1,73.0,56.5,21.6,14.4,0.45,NORMAL,False,11.0,23.35,22.69,23.05,21.89,23.13,23.66
2026-06-01 21:00:00,236.4,62.5,53.4,9.1,32.7,45.7,18.6,14.4,0.172,NORMAL,False,6.5,23.63,23.37,22.93,22.33,23.87,22.92
2026-06-01 21:15:00,236.9,61.0,51.7,8.8,37.8,44.7,18.6,14.4,0.146,NORMAL,False,6.5,23.22,22.77,22.04,22.52,24.41,23.22
2026-06-01 21:30:00,244.0,59.7,55.2,9.4,40.0,46.8,18.6,14.4,0.2,NORMAL,False,6.5,23.34,22.51,22.94,21.77,22.91,22.53
2026-06-01 21:45:00,229.2,57.0,57.0,9.6,24.7,47.8,18.6,14.4,0.227,NORMAL,False,6.5,23.28,23.19,22.79,21.67,23.03,22.49
2026-06-01 22:00:00,266.6,60.2,56.2,9.5,26.8,47.4,18.6,48.0,0.215,NORMAL,False,6.5,23.45,22.17,22.7,22.26,24.09,23.08
2026-06-01 22:15:00,265.0,58.7,53.1,9.0,32.1,45.5,18.6,48.0,0.167,NORMAL,False,6.5,23.37,23.24,23.34,22.25,23.48,21.93
2026-06-01 22:30:00,270.6,61.0,54.8,9.3,32.4,46.6,18.6,48.0,0.194,NORMAL,False,6.5,22.94,23.18,22.48,21.42,23.71,22.36
2026-06-01 22:45:00,264.5,60.1,52.9,9.0,30.4,45.5,18.6,48.0,0.166,NORMAL,False,6.5,22.96,23.77,22.12,20.64,22.62,22.56
2026-06-01 23:00:00,267.9,56.4,57.6,9.8,29.4,48.2,18.6,48.0,0.236,NORMAL,False,6.5,21.95,23.27,23.56,21.22,23.38,22.19
2026-06-01 23:15:00,276.2,60.5,58.0,9.8,32.8,48.5,18.6,48.0,0.243,NORMAL,False,6.5,24.21,22.9,23.74,21.81,24.45,22.53
2026-06-01 23:30:00,281.5,60.1,61.5,10.4,32.4,50.5,18.6,48.0,0.295,NORMAL,False,6.5,23.78,22.73,23.34,21.67,23.34,23.04
2026-06-01 23:45:00,269.2,59.8,55.2,9.4,31.4,46.8,18.6,48.0,0.2,NORMAL,False,6.5,23.41,23.27,21.77,22.07,23.07,21.84
2026-06-02 00:00:00,236.9,41.0,50.5,8.6,26.9,44.0,17.9,48.0,0.129,NORMAL,False,6.5,23.57,22.37,22.45,21.36,23.52,22.68
2026-06-02 00:15:00,245.6,45.9,52.0,8.8,28.0,44.9,17.9,48.0,0.152,NORMAL,False,6.5,22.24,22.07,22.68,21.57,23.49,22.53
2026-06-02 00:30:00,224.9,38.2,49.7,8.5,19.1,43.6,17.9,48.0,0.117,NORMAL,False,6.5,22.55,22.49,22.78,22.26,23.32,21.28
2026-06-02 00:45:00,232.0,46.9,50.8,8.6,15.6,44.2,17.9,48.0,0.133,NORMAL,False,6.5,22.96,23.06,22.5,22.18,23.2,22.11
2026-06-02 01:00:00,236.3,39.9,52.7,8.9,23.6,45.3,17.9,48.0,0.162,NORMAL,False,6.5,23.25,22.97,23.49,21.38,24.58,22.44
2026-06-02 01:15:00,244.4,50.7,49.8,8.5,25.9,43.6,17.9,48.0,0.118,NORMAL,False,6.5,22.77,23.23,22.92,21.33,24.03,23.11
2026-06-02 01:30:00,251.2,52.5,54.6,9.3,22.4,46.4,17.9,48.0,0.191,NORMAL,False,6.5,22.29,22.9,22.3,21.79,23.27,22.47
2026-06-02 01:45:00,245.4,46.2,52.7,9.0,26.2,45.3,17.9,48.0,0.162,NORMAL,False,6.5,23.08,23.09,22.7,21.92,24.13,23.37
2026-06-02 02:00:00,242.0,49.8,49.6,8.4,24.7,43.5,17.9,48.0,0.115,NORMAL,False,6.5,23.09,23.5,23.07,21.74,23.98,22.78
2026-06-02 02:15:00,234.6,46.9,51.2,8.7,17.4,44.4,17.9,48.0,0.139,NORMAL,False,6.5,23.34,21.58,22.86,19.84,22.68,22.77
2026-06-02 02:30:00,232.8,45.5,50.5,8.6,18.2,44.0,17.9,48.0,0.129,NORMAL,False,6.5,23.84,22.8,23.78,21.65,23.74,23.35
2026-06-02 02:45:00,237.7,43.9,51.7,8.8,22.7,44.7,17.9,48.0,0.147,NORMAL,False,6.5,23.16,22.36,22.55,21.3,24.01,22.56
2026-06-02 03:00:00,244.6,46.8,52.3,8.9,25.6,45.1,17.9,48.0,0.157,NORMAL,False,6.5,23.5,22.55,22.17,22.24,23.34,21.84
2026-06-02 03:15:00,230.8,43.8,48.9,8.3,20.8,43.1,17.9,48.0,0.104,NORMAL,False,6.5,23.24,23.4,22.81,21.94,22.83,22.7
2026-06-02 03:30:00,243.9,45.5,53.6,9.1,23.9,45.9,17.9,48.0,0.176,NORMAL,False,6.5,23.95,23.95,23.37,21.66,23.73,22.94
2026-06-02 03:45:00,243.4,47.7,53.5,9.1,21.4,45.8,17.9,48.0,0.175,NORMAL,False,6.5,23.18,22.69,22.5,22.03,23.55,22.72
2026-06-02 04:00:00,238.5,40.9,53.4,9.1,23.5,45.7,17.9,48.0,0.173,NORMAL,False,6.5,23.4,22.43,23.43,21.46,22.72,22.03
2026-06-02 04:15:00,228.5,36.6,51.4,8.7,21.4,44.5,17.9,48.0,0.142,NORMAL,False,6.5,23.0,23.35,22.84,21.83,23.75,22.85
2026-06-02 04:30:00,231.5,46.9,47.6,8.1,20.6,42.3,17.9,48.0,0.085,NORMAL,False,6.5,23.12,23.02,23.12,22.2,23.63,22.28
2026-06-02 04:45:00,243.0,47.8,51.9,8.8,23.8,44.8,17.9,48.0,0.15,NORMAL,False,6.5,23.67,22.77,23.08,22.02,23.07,23.03
2026-06-02 05:00:00,236.8,44.2,50.4,8.6,23.8,44.0,17.9,48.0,0.127,NORMAL,False,6.5,22.72,22.77,22.92,21.17,23.76,21.92
2026-06-02 05:15:00,254.9,44.4,56.7,9.6,30.5,47.7,17.9,48.0,0.223,NORMAL,False,6.5,22.58,23.8,22.84,21.97,23.63,22.79
2026-06-02 05:30:00,236.9,44.7,51.0,8.7,22.3,44.3,17.9,48.0,0.136,NORMAL,False,6.5,23.73,22.72,22.63,21.13,23.77,23.26
2026-06-02 05:45:00,240.7,42.7,49.7,8.5,30.4,43.5,17.9,48.0,0.117,NORMAL,False,6.5,23.03,22.24,22.18,21.75,24.19,23.94
2026-06-02 06:00:00,204.1,38.8,52.4,8.9,26.5,45.1,17.9,14.4,0.157,NORMAL,False,6.5,23.11,23.26,22.72,21.74,23.34,21.85
2026-06-02 06:15:00,240.7,65.1,54.4,9.2,32.8,46.3,18.5,14.4,0.188,NORMAL,False,6.5,22.93,23.06,23.12,21.82,23.23,23.17
2026-06-02 06:30:00,259.0,75.3,59.9,10.1,30.7,49.6,19.1,14.4,0.271,NORMAL,False,6.5,23.95,23.65,23.13,22.12,23.84,22.03
2026-06-02 06:45:00,284.4,86.7,59.4,10.0,45.0,49.3,19.7,14.4,0.264,NORMAL,False,6.5,23.97,23.5,23.56,21.68,23.0,22.46
2026-06-02 07:00:00,315.2,99.1,66.2,11.2,50.7,53.3,20.3,14.4,0.367,NORMAL,False,6.5,23.26,23.29,22.45,22.17,23.61,22.24
2026-06-02 07:15:00,343.1,111.0,66.5,11.2,65.7,53.5,20.9,14.4,0.371,NORMAL,False,6.5,24.33,23.06,22.82,20.9,23.16,22.48
2026-06-02 07:30:00,346.8,118.2,69.7,11.7,55.9,55.4,21.4,14.4,0.42,NORMAL,False,6.5,24.15,23.16,23.02,21.96,23.63,23.49
2026-06-02 07:45:00,397.0,142.0,72.0,12.1,77.8,56.7,22.0,14.4,0.455,NORMAL,False,6.5,23.55,23.48,23.28,21.85,24.15,23.15
2026-06-02 08:00:00,409.5,149.3,76.6,12.9,74.1,59.5,22.6,14.4,0.525,NORMAL,False,8.5,23.35,23.51,23.19,22.13,24.39,21.43
2026-06-02 08:15:00,442.1,167.1,78.4,13.2,85.4,60.5,23.2,14.4,0.552,NORMAL,False,8.5,23.53,22.41,22.67,21.73,24.89,23.57
2026-06-02 08:30:00,472.1,183.1,79.9,13.4,96.1,61.4,23.8,14.4,0.574,NORMAL,False,8.5,22.73,23.11,22.69,22.15,22.87,22.29
2026-06-02 08:45:00,502.4,195.0,86.0,14.4,103.2,65.0,24.4,14.4,0.667,NORMAL,False,8.5,23.14,23.63,22.9,22.62,23.69,22.01
2026-06-02 09:00:00,531.0,217.8,89.4,15.0,102.4,67.0,25.0,14.4,0.718,NORMAL,False,8.5,23.79,23.98,23.87,22.23,24.09,23.68
2026-06-02 09:15:00,527.7,212.4,87.5,14.6,107.7,65.9,25.2,14.4,0.689,NORMAL,False,8.5,24.57,22.68,22.67,22.08,23.92,22.66
2026-06-02 09:30:00,528.0,217.1,89.0,14.9,100.4,66.8,25.4,14.4,0.712,NORMAL,False,8.5,23.41,24.35,23.5,22.8,23.47,22.62
2026-06-02 09:45:00,557.1,226.6,88.8,14.9,120.2,66.6,25.6,14.4,0.709,NORMAL,False,8.5,22.95,22.09,22.75,23.01,23.69,23.36
2026-06-02 10:00:00,552.5,225.5,90.8,15.2,112.9,67.8,25.8,14.4,0.74,NORMAL,False,8.5,24.15,23.59,23.1,22.67,24.0,22.45
2026-06-02 10:15:00,576.2,240.1,93.9,15.7,116.4,69.7,26.0,14.4,0.786,NORMAL,False,8.5,24.11,22.84,23.46,22.73,24.04,23.51
2026-06-02 10:30:00,589.9,233.8,98.1,16.4,128.8,72.2,26.2,14.4,0.851,NORMAL,False,8.5,23.76,23.78,23.55,22.31,22.85,22.67
2026-06-02 10:45:00,605.0,252.0,98.9,16.5,124.2,72.6,26.5,14.4,0.862,NORMAL,False,8.5,23.64,23.41,23.17,22.22,24.15,22.74
2026-06-02 11:00:00,614.3,252.6,99.0,16.5,132.4,72.7,26.7,14.4,0.863,NORMAL,False,8.5,24.08,23.66,23.31,22.51,23.7,22.34
2026-06-02 11:15:00,622.4,252.6,99.3,16.6,139.9,72.8,26.9,14.4,0.868,NORMAL,False,8.5,24.81,23.99,23.35,22.73,23.45,22.77
2026-06-02 11:30:00,620.0,261.0,99.9,16.7,127.7,73.2,27.1,14.4,0.878,NORMAL,False,8.5,23.94,23.86,22.47,21.55,24.16,22.79
2026-06-02 11:45:00,639.3,266.0,100.3,16.7,141.1,73.4,27.3,14.4,0.883,NORMAL,False,8.5,25.06,23.68,23.64,22.34,23.57,21.7
2026-06-02 12:00:00,610.9,258.0,95.0,15.9,130.5,70.3,26.9,14.4,0.803,NORMAL,False,8.5,23.63,22.66,22.98,22.49,22.7,23.05
2026-06-02 12:15:00,605.4,252.3,93.2,15.6,133.8,69.2,26.9,14.4,0.776,NORMAL,False,8.5,23.43,23.85,22.04,22.26,23.14,23.13
2026-06-02 12:30:00,614.3,252.8,99.2,16.6,131.6,72.8,26.9,14.4,0.867,NORMAL,False,8.5,24.96,23.16,23.73,21.8,24.36,22.38
2026-06-02 12:45:00,596.3,247.5,95.0,15.9,126.4,70.3,26.9,14.4,0.803,NORMAL,False,8.5,24.08,23.72,23.61,21.67,23.68,23.11
2026-06-02 13:00:00,615.7,254.1,102.7,16.7,127.8,73.2,26.9,14.4,0.876,NORMAL,False,8.5,24.19,23.47,24.48,22.79,24.09,24.12
2026-06-02 13:15:00,623.4,258.7,103.1,16.5,131.2,72.7,26.9,14.4,0.863,NORMAL,False,8.5,24.25,23.0,23.02,23.69,23.92,22.39
2026-06-02 13:30:00,612.5,253.0,100.4,16.3,129.7,71.9,26.9,14.4,0.842,NORMAL,False,8.5,24.29,22.61,23.69,23.47,23.99,22.56
2026-06-02 13:45:00,615.9,250.5,97.6,16.3,138.4,71.9,26.9,14.4,0.842,NORMAL,False,8.5,23.82,23.71,22.64,22.94,23.56,22.94
2026-06-02 14:00:00,652.6,271.5,104.1,17.3,142.3,75.6,27.5,14.4,0.937,NORMAL,False,8.5,24.6,22.52,24.04,22.83,22.98,22.77
2026-06-02 14:15:00,643.1,265.0,103.5,17.0,141.0,74.6,27.6,14.4,0.912,NORMAL,False,8.5,24.24,24.01,24.21,21.16,23.61,22.69
2026-06-02 14:30:00,648.5,275.8,104.8,17.5,132.2,76.1,27.7,14.4,0.951,NORMAL,False,8.5,23.6,23.45,23.18,22.3,24.52,22.51
2026-06-02 14:45:00,658.7,275.2,106.4,17.7,140.1,77.1,27.8,14.4,0.976,NORMAL,False,8.5,24.47,23.2,23.96,21.97,24.38,22.63
2026-06-02 15:00:00,658.5,286.9,102.0,17.0,135.8,74.5,27.9,14.4,0.909,NORMAL,False,8.5,24.44,23.4,23.92,22.59,24.03,22.56
2026-06-02 15:15:00,671.4,279.1,111.7,17.7,143.6,76.9,27.9,14.4,0.971,NORMAL,False,8.5,24.85,22.87,24.78,23.16,24.28,22.81
2026-06-02 15:30:00,670.5,285.0,105.1,17.5,144.3,76.1,28.0,14.4,0.952,NORMAL,False,8.5,24.84,23.38,23.19,23.05,24.25,23.11
2026-06-02 15:45:00,668.5,279.0,102.6,17.1,152.3,74.8,28.1,14.4,0.919,NORMAL,False,8.5,23.67,22.46,23.72,22.56,23.56,21.3
2026-06-02 16:00:00,679.2,292.1,105.6,17.3,146.2,75.4,28.2,14.4,0.933,NORMAL,False,8.5,24.3,22.58,24.34,22.55,23.93,23.94
2026-06-02 16:15:00,686.4,297.2,104.2,17.4,149.3,75.7,28.3,14.4,0.942,NORMAL,False,8.5,23.97,23.54,23.58,22.43,24.52,22.73
2026-06-02 16:30:00,680.3,290.2,108.0,18.0,143.4,78.0,28.4,14.4,1.0,NORMAL,False,8.5,24.38,23.78,23.34,22.27,24.03,23.29
2026-06-02 16:45:00,681.4,291.2,104.6,17.3,150.1,75.4,28.5,14.4,0.933,NORMAL,False,8.5,23.41,22.4,23.67,23.18,23.77,21.65
2026-06-02 17:00:00,687.3,286.3,111.3,18.0,151.1,78.0,28.2,14.4,1.0,NORMAL,False,11.0,23.47,23.1,24.55,22.92,24.08,22.86
2026-06-02 17:15:00,642.3,272.2,100.8,16.8,136.6,73.8,27.7,14.4,0.891,NORMAL,False,11.0,24.51,22.58,23.73,22.66,23.46,22.76
2026-06-02 17:30:00,635.8,261.9,99.5,16.6,143.2,73.0,27.3,14.4,0.871,NORMAL,False,11.0,23.49,23.42,22.97,22.9,23.17,22.48
2026-06-02 17:45:00,617.0,254.3,98.5,16.5,134.0,72.4,26.8,14.4,0.857,NORMAL,False,11.0,23.92,23.51,22.47,22.51,24.76,22.82
2026-06-02 18:00:00,581.8,236.0,97.4,16.3,119.6,71.7,26.4,14.4,0.839,NORMAL,False,11.0,23.01,22.41,23.61,22.15,24.41,22.59
2026-06-02 18:15:00,557.7,224.9,87.9,14.7,123.7,66.1,26.0,14.4,0.696,NORMAL,False,11.0,23.72,23.11,23.12,22.87,24.31,22.62
2026-06-02 18:30:00,545.7,216.4,94.7,15.4,110.6,68.7,25.5,14.4,0.76,NORMAL,False,11.0,24.07,23.72,22.83,23.42,23.25,23.1
2026-06-02 18:45:00,526.7,205.7,91.8,15.4,105.9,68.4,25.1,14.4,0.755,NORMAL,False,11.0,23.78,23.65,23.52,22.35,24.41,22.61
2026-06-02 19:00:00,508.3,200.0,87.6,14.7,101.0,66.0,24.6,14.4,0.692,NORMAL,False,11.0,24.03,22.42,22.97,22.04,23.52,22.02
2026-06-02 19:15:00,488.2,188.4,85.8,14.4,96.1,64.9,24.2,14.4,0.664,NORMAL,False,11.0,24.2,23.13,23.1,22.37,23.29,22.13
2026-06-02 19:30:00,461.0,181.8,79.7,13.4,86.7,61.3,23.8,14.4,0.571,NORMAL,False,11.0,23.77,23.54,22.39,22.2,23.56,22.84
2026-06-02 19:45:00,446.6,173.8,77.2,13.0,85.1,59.8,23.3,14.4,0.534,NORMAL,False,11.0,23.66,23.67,22.03,22.31,24.26,22.58
2026-06-02 20:00:00,425.4,155.6,77.2,13.0,82.4,59.8,22.9,14.4,0.534,NORMAL,False,11.0,22.83,21.99,23.61,21.65,23.43,21.97
2026-06-02 20:15:00,415.1,150.7,73.8,12.4,83.6,57.8,22.4,14.4,0.481,NORMAL,False,11.0,23.77,23.37,23.24,22.2,24.43,22.11
2026-06-02 20:30:00,396.5,139.1,75.4,12.7,74.1,58.8,22.0,14.4,0.507,NORMAL,False,11.0,22.9,23.0,23.79,22.36,23.75,22.54
2026-06-02 20:45:00,368.7,131.6,70.2,11.8,63.5,55.6,21.6,14.4,0.427,NORMAL,False,11.0,23.49,23.17,22.67,22.28,25.09,21.74
2026-06-02 21:00:00,245.6,66.4,56.3,9.5,32.9,47.5,18.6,14.4,0.217,NORMAL,False,6.5,23.28,23.45,23.35,21.86,24.13,21.39
2026-06-02 21:15:00,236.9,52.9,57.3,9.7,35.9,48.1,18.6,14.4,0.232,NORMAL,False,6.5,22.67,22.65,22.85,21.77,23.71,23.11
2026-06-02 21:30:00,235.0,60.2,55.2,9.4,30.4,46.8,18.6,14.4,0.2,NORMAL,False,6.5,23.14,22.32,22.99,20.53,23.88,21.81
2026-06-02 21:45:00,230.6,59.1,57.5,9.7,23.2,48.2,18.6,14.4,0.235,NORMAL,False,6.5,23.19,22.72,22.53,22.42,23.84,22.38
2026-06-02 22:00:00,283.4,67.2,56.0,9.5,37.0,47.3,18.6,48.0,0.212,NORMAL,False,6.5,22.37,23.44,22.82,22.95,23.01,22.51
2026-06-02 22:15:00,269.3,60.5,53.8,9.1,33.3,46.0,18.6,48.0,0.179,NORMAL,False,6.5,23.33,23.05,22.86,21.37,23.51,21.75
2026-06-02 22:30:00,261.3,55.9,54.7,9.3,28.3,46.5,18.6,48.0,0.193,NORMAL,False,6.5,22.42,23.55,22.91,21.37,23.42,21.81
2026-06-02 22:45:00,263.2,57.9,57.6,9.8,23.1,48.2,18.6,48.0,0.237,NORMAL,False,6.5,22.96,23.39,22.52,21.91,23.5,23.01
2026-06-02 23:00:00,259.3,60.8,52.5,8.9,25.4,45.2,18.6,48.0,0.159,NORMAL,False,6.5,22.92,22.42,22.9,21.46,24.73,21.68
2026-06-02 23:15:00,270.5,64.1,54.2,9.2,30.2,46.2,18.6,48.0,0.185,NORMAL,False,6.5,23.29,21.89,22.84,22.67,23.33,22.69
2026-06-02 23:30:00,267.8,57.9,54.0,9.2,34.0,46.1,18.6,48.0,0.183,NORMAL,False,6.5,22.08,23.38,22.66,21.21,23.62,22.26
2026-06-02 23:45:00,257.9,56.2,52.6,8.9,28.4,45.2,18.6,48.0,0.16,NORMAL,False,6.5,23.72,22.35,22.36,22.65,24.11,22.6
2026-06-03 00:00:00,250.3,48.7,65.5,8.8,16.4,44.9,17.9,48.0,0.152,HOT,False,6.5,25.7,25.5,25.17,24.08,25.32,24.79
2026-06-03 00:15:00,255.2,47.7,68.9,8.8,19.4,44.6,17.9,48.0,0.144,HOT,False,6.5,25.26,25.6,24.98,24.91,26.3,24.39
2026-06-03 00:30:00,255.2,42.7,65.0,8.6,28.7,44.2,17.9,48.0,0.133,HOT,False,6.5,25.82,25.29,25.61,23.77,25.73,24.71
2026-06-03 00:45:00,249.1,42.5,68.1,9.0,18.0,45.6,17.9,48.0,0.169,HOT,False,6.5,26.56,26.68,24.69,24.24,25.46,24.66
2026-06-03 01:00:00,243.3,45.3,63.3,8.5,16.8,43.6,17.9,48.0,0.118,HOT,False,6.5,25.57,24.93,25.56,23.68,27.44,24.81
2026-06-03 01:15:00,262.7,48.2,68.6,9.4,23.7,46.8,17.9,48.0,0.201,HOT,False,6.5,26.3,25.71,24.57,24.35,25.5,25.79
2026-06-03 01:30:00,247.1,49.1,67.2,8.0,15.0,42.0,17.9,48.0,0.077,HOT,False,6.5,25.1,25.87,25.7,24.65,25.23,25.17
2026-06-03 01:45:00,242.9,42.7,59.5,8.8,21.0,44.8,17.9,48.0,0.15,HOT,False,6.5,25.82,25.39,24.25,24.02,25.88,24.97
2026-06-03 02:00:00,252.9,45.0,65.0,8.8,23.4,44.8,17.9,48.0,0.149,HOT,False,6.5,25.9,25.39,24.97,24.22,25.08,25.28
2026-06-03 02:15:00,265.8,47.7,69.2,9.1,27.9,46.0,17.9,48.0,0.179,HOT,False,6.5,24.74,24.57,25.35,24.21,26.14,24.82
2026-06-03 02:30:00,268.8,47.7,73.2,9.0,27.6,45.4,17.9,48.0,0.165,HOT,False,6.5,25.57,24.5,25.58,24.81,26.37,24.61
2026-06-03 02:45:00,265.1,47.3,72.2,9.3,23.7,46.7,17.9,48.0,0.197,HOT,False,6.5,25.3,25.45,25.61,24.26,25.5,25.27
2026-06-03 03:00:00,237.7,39.0,62.1,8.9,16.7,45.1,17.9,48.0,0.157,HOT,False,6.5,25.56,26.29,24.74,23.89,26.05,25.49
2026-06-03 03:15:00,248.9,43.8,62.0,8.2,26.6,42.5,17.9,48.0,0.089,HOT,False,6.5,25.62,24.97,24.91,24.44,25.71,25.14
2026-06-03 03:30:00,262.8,40.7,71.5,9.0,30.3,45.4,17.9,48.0,0.164,HOT,False,6.5,25.35,25.46,25.72,24.39,25.35,25.38
2026-06-03 03:45:00,260.0,48.5,69.9,9.2,20.4,46.0,17.9,48.0,0.181,HOT,False,6.5,25.86,25.63,25.11,24.56,25.87,25.17
2026-06-03 04:00:00,245.3,38.5,61.2,8.6,26.9,44.1,17.9,48.0,0.132,HOT,False,6.5,25.06,25.01,24.24,24.52,26.94,25.75
2026-06-03 04:15:00,250.7,38.8,64.3,9.3,26.0,46.5,17.9,48.0,0.193,HOT,False,6.5,25.5,25.61,24.23,24.36,25.53,25.16
2026-06-03 04:30:00,250.2,46.8,61.2,9.2,21.0,46.0,17.9,48.0,0.181,HOT,False,6.5,25.33,24.99,24.14,24.08,25.76,24.28
2026-06-03 04:45:00,252.0,45.1,64.9,8.5,24.0,43.6,17.9,48.0,0.118,HOT,False,6.5,25.36,26.07,25.44,24.08,26.34,24.45
2026-06-03 05:00:00,240.0,32.8,68.1,8.7,20.2,44.3,17.9,48.0,0.136,HOT,False,6.5,25.88,25.15,25.42,24.44,24.58,25.64
2026-06-03 05:15:00,251.5,44.8,68.3,9.2,17.3,46.0,17.9,48.0,0.181,HOT,False,6.5,25.56,24.82,24.67,24.73,25.09,25.62
2026-06-03 05:30:00,247.1,50.2,61.7,8.6,16.5,44.2,17.9,48.0,0.133,HOT,False,6.5,25.15,25.97,25.53,23.3,25.84,24.61
2026-06-03 05:45:00,239.9,40.1,65.5,9.3,12.3,46.7,17.9,48.0,0.198,HOT,False,6.5,25.72,24.98,24.9,23.84,25.42,25.11
2026-06-03 06:00:00,205.6,46.0,59.8,8.7,14.4,44.4,17.9,14.4,0.139,HOT,False,6.5,24.76,25.17,24.71,23.73,27.04,25.07
2026-06-03 06:15:00,241.8,59.4,67.3,9.1,27.2,45.9,18.5,14.4,0.176,HOT,False,6.5,25.82,25.04,25.67,23.61,25.91,24.76
2026-06-03 06:30:00,278.2,75.7,74.9,9.7,36.3,48.1,19.1,14.4,0.234,HOT,False,6.5,25.66,25.2,25.52,24.4,26.03,24.85
2026-06-03 06:45:00,308.3,92.6,74.6,10.2,47.0,49.9,19.7,14.4,0.278,HOT,False,6.5,25.89,26.43,24.66,24.72,25.14,25.19
2026-06-03 07:00:00,320.4,96.9,78.1,10.9,47.6,52.2,20.3,14.4,0.338,HOT,False,6.5,25.63,25.62,25.28,24.01,25.96,25.2
2026-06-03 07:15:00,357.0,115.0,85.4,10.9,58.3,52.2,20.9,14.4,0.338,HOT,False,6.5,26.1,25.87,25.52,24.89,26.15,25.3
2026-06-03 07:30:00,392.6,132.0,92.8,11.6,65.4,55.0,21.4,14.4,0.409,HOT,False,6.5,27.1,25.4,25.16,24.71,26.25,24.42
2026-06-03 07:45:00,420.2,147.6,94.4,11.9,73.8,56.1,22.0,14.4,0.438,HOT,False,6.5,26.62,25.94,24.89,25.41,26.46,25.13
2026-06-03 08:00:00,434.0,154.7,97.0,12.8,73.4,59.1,22.6,14.4,0.516,HOT,False,8.5,25.79,25.95,25.86,24.63,25.76,25.22
2026-06-03 08:15:00,463.4,171.4,97.2,12.8,85.2,59.2,23.2,14.4,0.518,HOT,False,8.5,26.4,24.35,25.72,24.38,26.81,24.91
2026-06-03 08:30:00,510.7,185.1,106.8,13.8,103.9,62.9,23.8,14.4,0.612,HOT,False,8.5,26.6,25.45,26.23,24.24,26.33,25.64
2026-06-03 08:45:00,519.3,199.3,108.3,14.0,95.3,63.6,24.4,14.4,0.631,HOT,False,8.5,25.57,25.19,26.09,25.01,26.24,24.63
2026-06-03 09:00:00,553.3,205.6,124.2,15.1,101.3,67.7,25.0,14.4,0.735,HOT,False,8.5,27.81,25.9,26.17,24.64,25.32,24.92
2026-06-03 09:15:00,569.0,217.1,117.7,15.5,110.1,69.0,25.2,14.4,0.768,HOT,False,8.5,26.56,25.92,25.77,24.84,26.71,25.21
2026-06-03 09:30:00,556.7,220.2,111.6,15.0,102.9,67.2,25.4,14.4,0.723,HOT,False,8.5,25.66,24.73,25.74,24.9,25.57,25.2
2026-06-03 09:45:00,573.3,224.6,112.5,15.0,113.9,67.2,25.6,14.4,0.723,HOT,False,8.5,26.57,25.91,25.29,24.95,26.73,25.61
2026-06-03 10:00:00,600.1,233.1,120.2,15.3,123.2,68.2,25.8,14.4,0.748,HOT,False,8.5,26.63,25.82,26.21,24.96,26.63,25.27
2026-06-03 10:15:00,587.8,233.9,110.6,15.4,118.9,68.6,26.0,14.4,0.759,HOT,False,8.5,25.51,26.5,26.04,24.05,25.87,25.61
2026-06-03 10:30:00,619.6,240.8,123.6,16.3,126.4,71.8,26.2,14.4,0.842,HOT,False,8.5,25.99,25.35,26.12,25.21,26.5,25.71
2026-06-03 10:45:00,621.0,241.8,125.0,15.9,126.9,70.5,26.5,14.4,0.809,HOT,False,8.5,26.5,25.8,26.08,25.36,26.52,25.26
2026-06-03 11:00:00,639.6,259.4,124.2,16.2,127.3,71.5,26.7,14.4,0.832,HOT,False,8.5,26.6,26.85,25.74,25.21,26.78,25.3
2026-06-03 11:15:00,642.2,254.6,127.2,16.5,130.1,72.5,26.9,14.4,0.86,HOT,False,8.5,26.13,25.58,26.16,25.45,26.42,25.89
2026-06-03 11:30:00,659.7,260.5,130.3,17.4,134.0,76.0,27.1,14.4,0.948,HOT,False,8.5,26.83,25.42,25.79,24.67,26.75,25.1
2026-06-03 11:45:00,664.1,267.7,130.2,17.0,133.2,74.3,27.3,14.4,0.905,HOT,False,8.5,26.16,25.23,26.2,25.39,26.44,24.87
2026-06-03 12:00:00,630.2,248.2,125.0,16.2,128.1,71.5,26.9,14.4,0.834,HOT,False,8.5,26.03,26.4,26.32,25.3,26.87,26.66
2026-06-03 12:15:00,636.8,256.9,116.7,16.2,134.3,71.4,26.9,14.4,0.832,HOT,False,8.5,26.07,25.21,25.85,24.39,26.42,25.28
2026-06-03 12:30:00,638.0,255.1,121.1,16.6,131.1,72.9,26.9,14.4,0.868,HOT,False,8.5,26.36,26.82,26.16,24.11,25.76,24.39
2026-06-03 12:45:00,637.0,255.7,129.7,16.2,122.5,71.6,26.9,14.4,0.836,HOT,False,8.5,27.51,26.03,26.37,24.54,25.75,25.27
2026-06-03 13:00:00,645.1,257.4,121.0,16.3,137.2,71.9,26.9,14.4,0.845,HOT,False,8.5,26.52,25.65,25.61,24.74,26.16,25.3
2026-06-03 13:15:00,654.0,260.2,123.8,16.3,140.6,71.8,26.9,14.4,0.841,HOT,False,8.5,26.28,25.97,26.31,24.79,26.65,25.74
2026-06-03 13:30:00,633.6,251.9,121.0,16.1,132.2,71.1,26.9,14.4,0.824,HOT,False,8.5,26.5,25.75,25.94,24.66,25.5,25.29
2026-06-03 13:45:00,634.6,256.9,122.6,16.1,126.4,71.2,26.9,14.4,0.826,HOT,False,8.5,25.94,25.87,26.07,25.28,27.34,25.39
2026-06-03 14:00:00,673.4,268.8,128.0,16.5,145.6,72.6,27.5,14.4,0.861,HOT,False,8.5,27.33,25.3,25.51,25.01,26.21,24.81
2026-06-03 14:15:00,674.9,271.8,124.6,16.7,146.4,73.4,27.6,14.4,0.882,HOT,False,8.5,25.86,26.24,26.31,24.75,25.47,24.89
2026-06-03 14:30:00,678.2,275.0,124.0,16.7,147.0,73.4,27.7,14.4,0.882,HOT,False,8.5,26.52,26.1,24.87,25.58,25.67,25.43
2026-06-03 14:45:00,684.1,278.4,129.1,17.3,141.5,75.5,27.8,14.4,0.937,HOT,False,8.5,25.44,25.39,26.19,25.03,26.52,25.68
2026-06-03 15:00:00,659.4,265.7,124.6,16.6,137.2,73.0,27.9,14.4,0.871,HOT,False,8.5,26.32,25.97,25.5,25.36,26.72,25.32
2026-06-03 15:15:00,706.0,281.8,139.8,17.9,146.5,77.6,27.9,14.4,0.99,HOT,False,8.5,26.41,24.8,26.81,25.19,26.85,25.44
2026-06-03 15:30:00,706.9,280.3,138.6,17.6,151.5,76.5,28.0,14.4,0.961,HOT,False,8.5,27.79,26.27,25.36,25.38,26.86,25.89
2026-06-03 15:45:00,696.5,272.9,141.7,17.7,144.6,77.0,28.1,14.4,0.974,HOT,False,8.5,27.96,25.42,25.92,25.02,26.05,24.85
2026-06-03 16:00:00,716.4,287.1,137.9,17.6,154.6,76.6,28.2,14.4,0.964,HOT,False,8.5,26.41,26.76,26.16,25.8,26.42,25.7
2026-06-03 16:15:00,718.6,289.7,137.1,17.6,155.1,76.5,28.3,14.4,0.962,HOT,False,8.5,26.9,25.97,26.01,25.36,27.41,25.15
2026-06-03 16:30:00,711.7,294.0,133.6,18.0,145.3,78.0,28.4,14.4,1.0,HOT,False,8.5,26.71,24.61,26.46,24.09,27.03,25.38
2026-06-03 16:45:00,718.2,296.2,131.7,17.2,155.1,75.1,28.5,14.4,0.927,HOT,False,8.5,26.74,25.76,25.87,25.15,27.66,25.7
2026-06-03 17:00:00,714.7,282.2,139.4,17.9,154.8,77.8,28.2,14.4,0.994,HOT,False,11.0,26.6,24.77,26.1,25.6,25.81,25.21
2026-06-03 17:15:00,689.5,275.3,135.6,17.3,143.5,75.6,27.7,14.4,0.938,HOT,False,11.0,26.95,26.09,26.11,25.22,25.69,24.19
2026-06-03 17:30:00,678.1,270.3,132.0,17.1,142.2,74.8,27.3,14.4,0.918,HOT,False,11.0,27.39,26.56,25.6,24.92,26.52,26.54
2026-06-03 17:45:00,618.2,252.6,117.5,16.2,119.1,71.6,26.8,14.4,0.835,HOT,False,11.0,26.06,26.15,25.45,24.88,26.19,26.05
2026-06-03 18:00:00,619.6,241.7,120.3,16.1,129.4,71.3,26.4,14.4,0.828,HOT,False,11.0,26.14,25.77,25.95,24.86,26.64,24.48
2026-06-03 18:15:00,591.6,226.8,118.3,15.4,122.2,68.6,26.0,14.4,0.76,HOT,False,11.0,25.61,26.06,26.47,24.89,25.25,25.58
2026-06-03 18:30:00,574.8,227.0,109.2,14.9,116.7,67.0,25.5,14.4,0.717,HOT,False,11.0,25.78,25.49,25.77,24.54,26.51,24.99
2026-06-03 18:45:00,556.2,209.2,109.2,14.6,117.8,65.8,25.1,14.4,0.688,HOT,False,11.0,25.89,24.88,25.97,24.65,25.02,24.94
2026-06-03 19:00:00,510.9,193.2,106.0,13.9,95.3,63.3,24.6,14.4,0.624,HOT,False,11.0,25.53,26.24,26.43,24.38,25.87,25.5
2026-06-03 19:15:00,531.6,192.1,114.7,14.0,108.4,63.7,24.2,14.4,0.632,HOT,False,11.0,27.03,25.47,25.81,25.33,27.24,24.9
2026-06-03 19:30:00,497.0,183.0,102.8,13.3,98.9,60.9,23.8,14.4,0.561,HOT,False,11.0,26.69,25.16,25.72,24.55,25.69,24.68
2026-06-03 19:45:00,468.9,170.1,100.3,13.3,86.4,61.2,23.3,14.4,0.568,HOT,False,11.0,26.22,25.96,25.2,25.05,26.58,26.47
2026-06-03 20:00:00,464.2,161.6,102.9,13.3,88.3,60.9,22.9,14.4,0.561,HOT,False,11.0,26.58,25.4,25.47,24.94,25.75,24.96
2026-06-03 20:15:00,414.7,148.1,85.3,12.4,74.1,57.9,22.4,14.4,0.485,HOT,False,11.0,25.16,24.69,24.95,23.93,26.07,24.55
2026-06-03 20:30:00,409.9,143.0,93.5,12.1,68.1,56.8,22.0,14.4,0.456,HOT,False,11.0,26.71,25.97,25.55,24.32,25.92,25.3
2026-06-03 20:45:00,392.6,131.2,90.4,11.9,67.1,56.0,21.6,14.4,0.435,HOT,False,11.0,25.01,25.74,25.9,24.38,27.04,24.69
2026-06-03 21:00:00,257.5,57.2,76.5,9.3,34.8,46.7,18.6,14.4,0.197,HOT,False,6.5,25.68,25.61,25.66,24.93,26.06,25.47
2026-06-03 21:15:00,245.3,62.2,62.9,9.1,32.2,45.9,18.6,14.4,0.177,HOT,False,6.5,26.26,26.66,25.15,23.12,25.78,25.67
2026-06-03 21:30:00,257.4,58.8,80.0,9.7,28.0,48.0,18.6,14.4,0.23,HOT,False,6.5,26.02,26.18,25.74,25.04,26.25,25.52
2026-06-03 21:45:00,249.1,62.2,72.8,9.9,22.4,48.8,18.6,14.4,0.251,HOT,False,6.5,25.91,25.98,25.36,24.01,26.08,25.79
2026-06-03 22:00:00,290.9,58.5,73.6,9.3,36.4,46.5,18.6,48.0,0.194,HOT,False,6.5,26.62,25.45,24.33,25.18,26.4,25.02
2026-06-03 22:15:00,273.0,56.5,71.6,9.2,22.9,46.2,18.6,48.0,0.184,HOT,False,6.5,26.29,25.83,25.34,24.29,25.97,25.58
2026-06-03 22:30:00,283.4,58.1,72.3,9.6,29.4,47.5,18.6,48.0,0.218,HOT,False,6.5,26.08,25.81,25.47,24.1,26.46,25.04
2026-06-03 22:45:00,286.0,61.6,69.6,10.0,29.1,49.2,18.6,48.0,0.261,HOT,False,6.5,24.95,25.83,24.47,24.26,25.86,24.04
2026-06-03 23:00:00,294.0,66.7,71.0,8.7,36.7,44.3,18.6,48.0,0.137,HOT,False,6.5,26.08,26.26,25.91,24.34,26.06,25.71
2026-06-03 23:15:00,282.9,65.9,63.8,9.1,31.9,45.7,18.6,48.0,0.172,HOT,False,6.5,25.81,25.77,24.3,24.44,27.19,25.37
2026-06-03 23:30:00,287.9,63.9,70.8,9.3,30.6,46.7,18.6,48.0,0.198,HOT,False,6.5,25.93,25.15,24.76,24.87,26.75,24.56
2026-06-03 23:45:00,297.1,56.7,75.4,9.5,41.8,47.2,18.6,48.0,0.21,HOT,False,6.5,25.98,26.06,25.29,24.96,26.22,25.38
2026-06-04 00:00:00,247.1,49.2,55.3,9.4,20.5,46.9,17.9,48.0,0.202,HIGH_OCCUPANCY,False,6.5,23.6,22.26,22.33,22.36,23.7,21.6
2026-06-04 00:15:00,245.6,48.3,57.2,9.7,16.6,48.0,17.9,48.0,0.23,HIGH_OCCUPANCY,False,6.5,23.23,23.17,23.37,21.33,23.07,22.47
2026-06-04 00:30:00,238.2,48.7,51.1,8.7,19.4,44.4,17.9,48.0,0.137,HIGH_OCCUPANCY,False,6.5,23.58,22.74,22.47,20.74,23.2,22.54
2026-06-04 00:45:00,262.6,50.4,57.7,9.8,30.6,48.3,17.9,48.0,0.237,HIGH_OCCUPANCY,False,6.5,22.94,22.73,23.55,21.89,23.3,22.49
2026-06-04 01:00:00,244.4,49.8,52.8,9.0,21.6,45.4,17.9,48.0,0.163,HIGH_OCCUPANCY,False,6.5,23.17,23.09,22.2,21.67,23.55,23.12
2026-06-04 01:15:00,248.3,50.8,54.0,9.2,22.5,46.1,17.9,48.0,0.181,HIGH_OCCUPANCY,False,6.5,23.55,22.76,23.01,21.67,23.07,22.08
2026-06-04 01:30:00,246.4,41.7,57.6,9.8,23.1,48.2,17.9,48.0,0.237,HIGH_OCCUPANCY,False,6.5,23.03,23.22,23.98,21.26,22.62,23.21
2026-06-04 01:45:00,233.5,43.6,53.2,9.0,16.1,45.6,17.9,48.0,0.17,HIGH_OCCUPANCY,False,6.5,23.34,22.58,22.61,21.93,23.05,22.2
2026-06-04 02:00:00,246.0,50.7,53.5,9.1,20.9,45.8,17.9,48.0,0.175,HIGH_OCCUPANCY,False,6.5,23.27,22.85,22.57,21.7,23.22,22.9
2026-06-04 02:15:00,249.6,49.9,55.3,9.4,22.1,46.9,17.9,48.0,0.202,HIGH_OCCUPANCY,False,6.5,23.12,23.24,23.53,22.0,22.67,22.79
2026-06-04 02:30:00,233.5,37.4,56.3,9.5,16.9,47.5,17.9,48.0,0.217,HIGH_OCCUPANCY,False,6.5,22.92,22.32,22.83,20.88,23.45,23.21
2026-06-04 02:45:00,237.8,46.6,52.3,8.9,18.9,45.1,17.9,48.0,0.157,HIGH_OCCUPANCY,False,6.5,23.16,22.86,23.39,22.17,23.79,22.62
2026-06-04 03:00:00,237.1,33.6,56.1,9.5,24.8,47.3,17.9,48.0,0.213,HIGH_OCCUPANCY,False,6.5,22.7,23.48,23.35,21.86,23.48,22.76
2026-06-04 03:15:00,245.0,45.5,54.2,9.2,24.1,46.2,17.9,48.0,0.184,HIGH_OCCUPANCY,False,6.5,23.2,23.41,22.68,21.15,23.48,22.59
2026-06-04 03:30:00,241.7,43.5,56.4,9.6,18.7,47.5,17.9,48.0,0.219,HIGH_OCCUPANCY,False,6.5,22.72,23.15,23.41,20.9,23.66,22.27
2026-06-04 03:45:00,241.4,44.9,54.0,9.2,21.2,46.1,17.9,48.0,0.182,HIGH_OCCUPANCY,False,6.5,24.14,22.42,22.13,21.07,24.42,22.32
2026-06-04 04:00:00,238.8,37.9,52.5,8.9,28.3,45.2,17.9,48.0,0.159,HIGH_OCCUPANCY,False,6.5,23.07,24.28,23.39,21.26,23.87,22.13
2026-06-04 04:15:00,242.2,38.5,56.7,9.6,23.8,47.7,17.9,48.0,0.222,HIGH_OCCUPANCY,False,6.5,23.79,22.83,22.68,22.14,23.76,22.37
2026-06-04 04:30:00,238.7,38.5,56.5,9.6,20.6,47.6,17.9,48.0,0.22,HIGH_OCCUPANCY,False,6.5,22.67,23.39,22.93,22.14,24.0,22.22
2026-06-04 04:45:00,253.9,48.9,56.1,9.5,26.1,47.4,17.9,48.0,0.214,HIGH_OCCUPANCY,False,6.5,22.99,22.72,21.85,22.63,23.98,22.95
2026-06-04 05:00:00,246.9,41.0,54.1,9.1,30.8,46.0,17.9,48.0,0.18,HIGH_OCCUPANCY,False,6.5,23.13,22.84,24.03,21.99,23.32,22.79
2026-06-04 05:15:00,237.2,42.7,53.1,9.0,21.0,45.5,17.9,48.0,0.168,HIGH_OCCUPANCY,False,6.5,23.45,23.58,22.89,21.75,23.56,22.52
2026-06-04 05:30:00,251.1,44.0,57.3,9.7,26.1,48.0,17.9,48.0,0.232,HIGH_OCCUPANCY,False,6.5,23.22,22.68,22.52,22.33,23.91,22.85
2026-06-04 05:45:00,239.2,51.9,53.1,9.0,13.7,45.6,17.9,48.0,0.168,HIGH_OCCUPANCY,False,6.5,23.07,23.54,23.14,21.21,23.12,22.6
2026-06-04 06:00:00,202.0,42.9,54.9,9.3,15.9,46.6,17.9,14.4,0.196,HIGH_OCCUPANCY,False,6.5,22.55,22.74,22.55,21.52,23.29,22.56
2026-06-04 06:15:00,240.7,58.8,59.7,10.1,29.8,49.5,18.5,14.4,0.268,HIGH_OCCUPANCY,False,6.5,23.7,23.5,22.05,21.97,23.92,22.06
2026-06-04 06:30:00,272.6,68.5,66.7,11.1,39.9,52.9,19.1,14.4,0.357,HIGH_OCCUPANCY,False,6.5,24.39,22.28,24.18,21.47,24.1,23.09
2026-06-04 06:45:00,300.3,88.6,65.5,11.0,48.2,52.9,19.7,14.4,0.356,HIGH_OCCUPANCY,False,6.5,23.7,23.22,23.53,21.97,23.52,23.15
2026-06-04 07:00:00,333.0,105.7,68.2,11.5,58.5,54.5,20.3,14.4,0.397,HIGH_OCCUPANCY,False,6.5,22.95,22.84,22.67,22.37,24.11,22.54
2026-06-04 07:15:00,349.0,107.9,73.8,12.4,61.9,57.8,20.9,14.4,0.481,HIGH_OCCUPANCY,False,6.5,23.17,23.93,23.05,22.14,23.47,22.2
2026-06-04 07:30:00,369.3,129.8,75.5,12.7,56.7,58.8,21.4,14.4,0.508,HIGH_OCCUPANCY,False,6.5,25.14,22.61,22.48,22.36,24.42,22.68
2026-06-04 07:45:00,403.3,137.9,79.5,13.3,75.0,61.2,22.0,14.4,0.568,HIGH_OCCUPANCY,False,6.5,23.15,22.22,23.24,21.06,23.01,22.4
2026-06-04 08:00:00,434.7,155.6,85.2,14.3,78.1,64.5,22.6,14.4,0.655,HIGH_OCCUPANCY,False,8.5,24.23,23.57,23.86,22.29,23.85,22.95
2026-06-04 08:15:00,466.3,172.7,87.7,14.7,87.6,66.0,23.2,14.4,0.693,HIGH_OCCUPANCY,False,8.5,23.42,23.42,23.28,22.0,23.38,22.1
2026-06-04 08:30:00,494.1,182.7,90.5,15.1,100.0,67.6,23.8,14.4,0.735,HIGH_OCCUPANCY,False,8.5,24.29,22.94,22.68,22.89,23.45,22.52
2026-06-04 08:45:00,533.1,197.7,98.6,16.0,111.1,70.9,24.4,14.4,0.818,HIGH_OCCUPANCY,False,8.5,23.38,23.52,23.24,23.43,23.74,21.63
2026-06-04 09:00:00,547.3,207.4,103.2,17.2,105.1,75.0,25.0,14.4,0.922,HIGH_OCCUPANCY,False,8.5,25.02,22.77,24.06,22.25,23.89,22.14
2026-06-04 09:15:00,570.7,219.7,102.9,17.2,116.4,75.0,25.2,14.4,0.923,HIGH_OCCUPANCY,False,8.5,24.51,23.42,22.93,22.45,23.4,23.21
2026-06-04 09:30:00,572.0,225.1,102.7,16.9,113.8,73.9,25.4,14.4,0.894,HIGH_OCCUPANCY,False,8.5,22.7,22.38,24.28,22.37,23.39,23.59
2026-06-04 09:45:00,578.5,220.3,105.8,17.2,120.0,75.2,25.6,14.4,0.929,HIGH_OCCUPANCY,False,8.5,24.05,23.39,24.41,22.83,24.14,23.36
2026-06-04 10:00:00,588.7,237.8,104.7,17.5,112.5,76.0,25.8,14.4,0.949,HIGH_OCCUPANCY,False,8.5,22.88,22.22,23.13,22.91,23.84,22.88
2026-06-04 10:15:00,606.3,243.1,106.6,17.8,121.3,77.2,26.0,14.4,0.978,HIGH_OCCUPANCY,False,8.5,24.33,22.93,23.69,21.87,24.5,22.45
2026-06-04 10:30:00,605.1,239.5,108.0,18.0,120.9,78.0,26.2,14.4,1.0,HIGH_OCCUPANCY,False,8.5,24.17,23.28,23.41,22.76,23.96,22.41
2026-06-04 10:45:00,625.2,245.8,108.0,18.0,134.5,78.0,26.5,14.4,1.0,HIGH_OCCUPANCY,False,8.5,24.16,24.07,23.6,22.83,23.14,22.58
2026-06-04 11:00:00,618.2,246.9,111.1,18.0,123.1,78.0,26.7,14.4,1.0,HIGH_OCCUPANCY,False,8.5,24.89,23.62,24.51,22.67,25.0,22.56
2026-06-04 11:15:00,630.8,253.9,110.2,18.0,129.4,78.0,26.9,14.4,1.0,HIGH_OCCUPANCY,False,8.5,24.61,23.13,24.32,23.04,24.78,22.03
2026-06-04 11:30:00,650.9,260.5,113.7,18.0,139.3,78.0,27.1,14.4,1.0,HIGH_OCCUPANCY,False,8.5,24.73,23.16,24.07,23.88,23.62,22.59
2026-06-04 11:45:00,645.4,266.6,108.0,18.0,133.1,78.0,27.3,14.4,1.0,HIGH_OCCUPANCY,False,8.5,23.88,23.83,23.89,21.68,23.19,23.55
2026-06-04 12:00:00,628.2,257.3,108.0,18.0,125.6,78.0,26.9,14.4,1.0,HIGH_OCCUPANCY,False,8.5,24.21,23.67,23.02,22.28,23.94,22.75
2026-06-04 12:15:00,636.5,260.0,108.0,18.0,131.2,78.0,26.9,14.4,1.0,HIGH_OCCUPANCY,False,8.5,24.75,23.54,23.77,22.65,23.38,22.76
2026-06-04 12:30:00,642.7,260.7,108.0,18.0,136.7,78.0,26.9,14.4,1.0,HIGH_OCCUPANCY,False,8.5,23.95,23.4,23.51,22.94,24.06,23.24
2026-06-04 12:45:00,627.8,252.3,108.0,18.0,130.2,78.0,26.9,14.4,1.0,HIGH_OCCUPANCY,False,8.5,23.75,23.26,23.47,22.13,23.58,22.56
2026-06-04 13:00:00,644.2,256.7,108.0,18.0,142.1,78.0,26.9,14.4,1.0,HIGH_OCCUPANCY,False,8.5,24.3,24.54,23.79,22.55,23.8,22.93
2026-06-04 13:15:00,623.9,255.0,108.5,18.0,123.1,78.0,26.9,14.4,1.0,HIGH_OCCUPANCY,False,8.5,24.63,23.4,22.91,23.09,24.43,22.37
2026-06-04 13:30:00,629.2,258.0,108.0,18.0,125.9,78.0,26.9,14.4,1.0,HIGH_OCCUPANCY,False,8.5,24.72,23.07,23.15,22.81,23.54,22.56
2026-06-04 13:45:00,635.6,262.3,109.9,18.0,126.1,78.0,26.9,14.4,1.0,HIGH_OCCUPANCY,False,8.5,24.28,23.78,24.32,22.37,24.27,22.41
2026-06-04 14:00:00,659.3,274.2,108.0,18.0,139.1,78.0,27.5,14.4,1.0,HIGH_OCCUPANCY,False,8.5,23.87,24.31,24.0,22.19,23.54,23.19
2026-06-04 14:15:00,668.9,278.5,108.0,18.0,144.4,78.0,27.6,14.4,1.0,HIGH_OCCUPANCY,False,8.5,24.58,23.37,23.05,22.29,23.92,23.41
2026-06-04 14:30:00,665.8,274.7,108.0,18.0,145.0,78.0,27.7,14.4,1.0,HIGH_OCCUPANCY,False,8.5,24.57,22.97,23.62,22.29,23.18,22.97
2026-06-04 14:45:00,664.1,278.7,108.0,18.0,139.3,78.0,27.8,14.4,1.0,HIGH_OCCUPANCY,False,8.5,24.32,23.58,23.68,22.91,23.44,22.98
2026-06-04 15:00:00,676.8,285.9,110.0,18.0,142.7,78.0,27.9,14.4,1.0,HIGH_OCCUPANCY,False,8.5,23.89,23.04,23.14,23.33,24.33,23.07
2026-06-04 15:15:00,679.3,287.1,108.0,18.0,145.9,78.0,27.9,14.4,1.0,HIGH_OCCUPANCY,False,8.5,24.09,23.43,23.5,22.89,24.22,22.74
2026-06-04 15:30:00,665.8,280.9,108.0,18.0,138.4,78.0,28.0,14.4,1.0,HIGH_OCCUPANCY,False,8.5,23.75,23.51,23.63,22.4,23.41,24.14
2026-06-04 15:45:00,670.9,280.5,108.2,18.0,143.6,78.0,28.1,14.4,1.0,HIGH_OCCUPANCY,False,8.5,24.17,23.57,23.98,23.04,23.48,22.97
2026-06-04 16:00:00,679.0,279.0,109.4,18.0,152.1,78.0,28.2,14.4,1.0,HIGH_OCCUPANCY,False,8.5,23.61,23.83,24.04,23.19,23.82,23.19
2026-06-04 16:15:00,679.4,290.8,108.0,18.0,142.0,78.0,28.3,14.4,1.0,HIGH_OCCUPANCY,False,8.5,24.51,23.49,23.21,21.95,23.44,23.08
2026-06-04 16:30:00,681.3,285.3,108.0,18.0,149.3,78.0,28.4,14.4,1.0,HIGH_OCCUPANCY,False,8.5,23.84,23.12,23.02,21.99,23.39,22.84
2026-06-04 16:45:00,695.3,290.8,109.3,18.0,156.4,78.0,28.5,14.4,1.0,HIGH_OCCUPANCY,False,8.5,23.55,23.2,24.21,22.49,23.51,23.38
2026-06-04 17:00:00,683.3,284.8,109.3,18.0,150.8,78.0,28.2,14.4,1.0,HIGH_OCCUPANCY,False,11.0,24.03,23.54,23.86,23.21,23.53,22.82
2026-06-04 17:15:00,670.7,280.4,109.8,18.0,142.3,78.0,27.7,14.4,1.0,HIGH_OCCUPANCY,False,11.0,24.71,23.53,23.04,23.3,24.92,23.3
2026-06-04 17:30:00,638.6,258.6,108.0,18.0,134.3,78.0,27.3,14.4,1.0,HIGH_OCCUPANCY,False,11.0,23.28,23.43,23.4,22.24,23.77,23.11
2026-06-04 17:45:00,628.4,257.7,108.0,18.0,125.5,78.0,26.8,14.4,1.0,HIGH_OCCUPANCY,False,11.0,23.66,23.73,23.46,22.97,24.35,23.17
2026-06-04 18:00:00,613.4,238.4,108.0,18.0,130.3,78.0,26.4,14.4,1.0,HIGH_OCCUPANCY,False,11.0,23.77,23.43,23.83,22.94,23.97,22.38
2026-06-04 18:15:00,602.5,230.8,107.5,17.8,128.8,77.2,26.0,14.4,0.978,HIGH_OCCUPANCY,False,11.0,24.75,23.27,22.97,23.16,23.61,22.96
2026-06-04 18:30:00,559.0,224.7,101.6,17.0,101.5,74.2,25.5,14.4,0.903,HIGH_OCCUPANCY,False,11.0,23.92,23.32,23.04,22.75,24.58,22.53
2026-06-04 18:45:00,540.3,205.1,101.0,16.8,104.3,73.5,25.1,14.4,0.886,HIGH_OCCUPANCY,False,11.0,23.91,22.86,24.1,22.4,23.68,22.58
2026-06-04 19:00:00,539.4,207.7,102.1,16.6,100.9,73.0,24.6,14.4,0.873,HIGH_OCCUPANCY,False,11.0,22.99,22.88,23.35,23.42,24.15,22.48
2026-06-04 19:15:00,515.3,190.2,96.8,16.2,102.1,71.4,24.2,14.4,0.831,HIGH_OCCUPANCY,False,11.0,23.32,23.79,23.29,21.98,23.64,22.89
2026-06-04 19:30:00,500.9,190.1,90.9,15.2,98.7,67.9,23.8,14.4,0.74,HIGH_OCCUPANCY,False,11.0,24.2,23.44,23.36,22.17,23.8,23.0
2026-06-04 19:45:00,473.5,169.5,91.1,15.2,91.9,68.0,23.3,14.4,0.744,HIGH_OCCUPANCY,False,11.0,25.44,23.48,23.64,22.74,23.22,22.5
2026-06-04 20:00:00,442.3,164.3,86.0,14.4,75.3,65.0,22.9,14.4,0.667,HIGH_OCCUPANCY,False,11.0,23.87,23.74,23.73,22.22,23.36,23.27
2026-06-04 20:15:00,421.7,148.2,82.9,13.9,76.7,63.2,22.4,14.4,0.62,HIGH_OCCUPANCY,False,11.0,23.83,23.58,23.7,22.39,23.98,22.72
2026-06-04 20:30:00,402.4,142.6,80.7,13.5,67.3,61.9,22.0,14.4,0.587,HIGH_OCCUPANCY,False,11.0,23.69,22.23,23.01,22.23,23.54,22.55
2026-06-04 20:45:00,380.9,131.3,74.6,12.5,68.2,58.3,21.6,14.4,0.494,HIGH_OCCUPANCY,False,11.0,23.42,23.53,23.94,22.48,22.91,22.53
2026-06-04 21:00:00,229.1,49.2,59.6,10.1,27.9,49.4,18.6,14.4,0.266,HIGH_OCCUPANCY,False,6.5,22.86,23.11,23.03,22.23,23.18,22.41
2026-06-04 21:15:00,234.8,61.9,57.5,9.7,24.6,48.1,18.6,14.4,0.234,HIGH_OCCUPANCY,False,6.5,22.77,23.15,22.75,20.65,23.68,22.11
2026-06-04 21:30:00,238.8,57.7,58.6,9.9,31.0,48.8,18.6,14.4,0.251,HIGH_OCCUPANCY,False,6.5,23.16,23.23,22.86,21.67,22.81,21.84
2026-06-04 21:45:00,243.2,67.5,57.3,9.7,27.7,48.0,18.6,14.4,0.232,HIGH_OCCUPANCY,False,6.5,23.59,22.93,22.3,21.64,23.68,22.73
2026-06-04 22:00:00,263.6,53.1,58.4,9.9,27.0,48.7,18.6,48.0,0.248,HIGH_OCCUPANCY,False,6.5,23.51,23.06,22.55,21.02,23.32,22.04
2026-06-04 22:15:00,276.8,61.6,56.4,9.6,35.1,47.5,18.6,48.0,0.219,HIGH_OCCUPANCY,False,6.5,23.55,23.37,22.31,21.63,22.64,22.32
2026-06-04 22:30:00,261.1,59.8,57.1,9.7,20.0,47.9,18.6,48.0,0.229,HIGH_OCCUPANCY,False,6.5,23.8,22.31,22.15,22.13,24.4,22.82
2026-06-04 22:45:00,274.4,60.5,54.5,9.2,37.1,46.4,18.6,48.0,0.189,HIGH_OCCUPANCY,False,6.5,23.29,22.88,22.17,21.76,23.61,23.03
2026-06-04 23:00:00,287.5,62.1,59.8,9.9,40.4,48.8,18.6,48.0,0.25,HIGH_OCCUPANCY,False,6.5,23.24,23.61,22.31,23.21,23.76,22.77
2026-06-04 23:15:00,275.4,57.4,60.1,10.2,31.5,49.7,18.6,48.0,0.274,HIGH_OCCUPANCY,False,6.5,22.53,23.78,22.66,21.88,22.94,22.85
2026-06-04 23:30:00,270.3,58.7,57.9,9.8,28.9,48.4,18.6,48.0,0.241,HIGH_OCCUPANCY,False,6.5,24.25,24.06,22.81,21.82,23.39,23.13
2026-06-04 23:45:00,279.7,65.8,60.4,10.2,26.8,49.9,18.6,48.0,0.279,HIGH_OCCUPANCY,False,6.5,23.07,23.06,22.04,22.19,24.55,22.94
2026-06-05 00:00:00,237.5,39.5,52.4,8.9,25.7,45.1,17.9,48.0,0.157,NORMAL,False,6.5,22.72,22.93,23.07,21.74,22.84,21.89
2026-06-05 00:15:00,254.0,49.4,56.0,9.5,26.0,47.3,17.9,48.0,0.212,NORMAL,False,6.5,23.94,22.12,23.46,22.22,22.79,22.41
2026-06-05 00:30:00,243.6,48.6,49.3,8.4,28.1,43.3,17.9,48.0,0.111,NORMAL,False,6.5,23.44,21.96,22.52,22.2,23.54,22.28
2026-06-05 00:45:00,234.7,40.2,54.5,9.2,18.5,46.4,17.9,48.0,0.189,NORMAL,False,6.5,23.66,23.6,23.09,21.86,23.6,22.44
2026-06-05 01:00:00,239.9,47.4,51.3,8.7,22.0,44.5,17.9,48.0,0.142,NORMAL,False,6.5,23.29,23.76,22.65,22.17,24.08,22.43
2026-06-05 01:15:00,241.3,47.2,54.5,9.2,18.1,46.4,17.9,48.0,0.19,NORMAL,False,6.5,23.55,22.46,22.81,22.55,23.47,22.78
2026-06-05 01:30:00,241.3,44.8,52.9,9.0,23.3,45.4,17.9,48.0,0.165,NORMAL,False,6.5,22.5,22.74,23.24,21.88,23.4,22.77
2026-06-05 01:45:00,236.9,46.5,53.2,9.0,16.6,45.6,17.9,48.0,0.17,NORMAL,False,6.5,22.84,23.07,22.55,20.91,23.09,23.34
2026-06-05 02:00:00,233.7,39.7,48.9,8.3,27.9,43.0,17.9,48.0,0.104,NORMAL,False,6.5,23.07,23.81,22.53,22.28,23.71,22.77
2026-06-05 02:15:00,234.3,43.9,51.2,8.7,20.0,44.5,17.9,48.0,0.14,NORMAL,False,6.5,23.6,22.63,22.76,21.84,23.46,22.74
2026-06-05 02:30:00,243.1,38.2,55.1,9.3,27.9,46.7,17.9,48.0,0.198,NORMAL,False,6.5,23.76,22.68,23.02,21.37,22.97,23.08
2026-06-05 02:45:00,233.0,40.0,51.4,8.7,22.4,44.6,17.9,48.0,0.142,NORMAL,False,6.5,23.07,23.25,22.96,21.26,23.9,22.6
2026-06-05 03:00:00,249.5,48.1,54.6,9.3,25.1,46.5,17.9,48.0,0.191,NORMAL,False,6.5,24.07,23.42,22.13,21.98,23.98,22.92
2026-06-05 03:15:00,252.3,47.6,51.8,8.8,33.5,44.8,17.9,48.0,0.148,NORMAL,False,6.5,22.87,22.1,22.85,21.77,23.82,21.88
2026-06-05 03:30:00,237.6,42.8,52.1,8.8,23.0,44.9,17.9,48.0,0.152,NORMAL,False,6.5,23.15,23.2,23.7,21.17,23.65,22.15
2026-06-05 03:45:00,244.3,37.9,54.6,9.3,30.2,46.4,17.9,48.0,0.19,NORMAL,False,6.5,24.13,23.28,22.54,22.97,23.34,22.27
2026-06-05 04:00:00,252.9,50.9,53.8,9.1,27.2,46.0,17.9,48.0,0.179,NORMAL,False,6.5,24.42,22.36,23.44,21.75,23.96,21.73
2026-06-05 04:15:00,240.9,49.8,51.8,8.8,19.7,44.8,17.9,48.0,0.149,NORMAL,False,6.5,23.5,22.66,22.39,21.45,22.62,22.98
2026-06-05 04:30:00,249.3,53.1,52.6,8.9,23.5,45.3,17.9,48.0,0.16,NORMAL,False,6.5,23.06,23.21,22.38,21.25,24.07,22.52
2026-06-05 04:45:00,229.4,44.3,50.1,8.5,16.8,43.8,17.9,48.0,0.122,NORMAL,False,6.5,23.76,23.35,23.01,22.24,23.21,22.47
2026-06-05 05:00:00,234.9,42.4,51.4,8.7,21.9,44.5,17.9,48.0,0.142,NORMAL,False,6.5,23.84,23.16,22.0,20.89,24.38,22.5
2026-06-05 05:15:00,241.6,48.4,49.0,8.3,26.8,43.1,17.9,48.0,0.106,NORMAL,False,6.5,23.84,22.84,23.31,21.65,24.25,22.66
2026-06-05 05:30:00,241.4,46.6,53.1,9.0,21.1,45.6,17.9,48.0,0.169,NORMAL,False,6.5,23.38,22.93,23.66,21.25,23.55,22.56
2026-06-05 05:45:00,245.4,47.0,52.5,8.9,25.9,45.2,17.9,48.0,0.159,NORMAL,False,6.5,23.11,22.26,22.7,21.14,22.68,22.62
2026-06-05 06:00:00,205.3,45.3,53.0,9.0,20.1,45.5,17.9,14.4,0.167,NORMAL,False,6.5,22.23,22.37,23.69,21.18,23.86,22.21
2026-06-05 06:15:00,252.1,69.3,56.0,9.5,37.1,47.3,18.5,14.4,0.213,NORMAL,False,6.5,23.32,22.84,22.23,21.89,22.96,22.78
2026-06-05 06:30:00,256.2,71.8,59.4,10.0,32.1,49.3,19.1,14.4,0.263,NORMAL,False,6.5,23.27,22.11,22.15,22.46,23.18,22.23
2026-06-05 06:45:00,284.4,85.5,58.5,9.9,47.5,48.8,19.7,14.4,0.251,NORMAL,False,6.5,23.28,22.63,22.43,21.41,23.84,22.46
2026-06-05 07:00:00,313.0,96.6,63.7,10.8,55.5,51.8,20.3,14.4,0.329,NORMAL,False,6.5,23.26,23.33,23.23,21.82,23.64,22.21
2026-06-05 07:15:00,348.0,113.3,67.9,11.4,65.7,54.3,20.9,14.4,0.393,NORMAL,False,6.5,23.7,23.26,22.99,22.32,24.09,23.07
2026-06-05 07:30:00,366.3,126.0,70.5,11.9,66.2,55.8,21.4,14.4,0.432,NORMAL,False,6.5,23.83,23.27,23.14,21.65,23.98,24.05
2026-06-05 07:45:00,388.2,134.4,72.2,12.1,76.1,56.8,22.0,14.4,0.457,NORMAL,False,6.5,23.3,23.91,22.71,21.81,22.84,22.26
2026-06-05 08:00:00,426.4,152.5,81.6,13.7,79.2,62.4,22.6,14.4,0.601,NORMAL,False,8.5,23.54,22.35,23.67,21.86,24.33,22.54
2026-06-05 08:15:00,451.5,167.0,80.6,13.5,91.0,61.8,23.2,14.4,0.585,NORMAL,False,8.5,23.59,22.93,23.1,21.57,23.87,21.78
2026-06-05 08:30:00,475.5,185.5,82.8,13.9,92.1,63.1,23.8,14.4,0.617,NORMAL,False,8.5,24.04,23.15,23.83,22.7,23.91,23.15
2026-06-05 08:45:00,486.0,196.0,82.5,13.8,92.0,62.9,24.4,14.4,0.614,NORMAL,False,8.5,23.95,23.46,23.78,21.77,23.23,22.91
2026-06-05 09:00:00,539.3,210.2,90.7,14.9,117.4,66.7,25.0,14.4,0.711,NORMAL,False,8.5,22.93,22.74,24.03,23.27,23.11,22.55
2026-06-05 09:15:00,523.2,208.4,88.3,14.8,105.8,66.4,25.2,14.4,0.702,NORMAL,False,8.5,23.6,23.98,23.15,22.7,22.97,22.62
2026-06-05 09:30:00,534.8,209.5,92.1,15.4,109.5,68.6,25.4,14.4,0.759,NORMAL,False,8.5,23.89,23.07,23.04,22.3,23.88,23.22
2026-06-05 09:45:00,557.8,229.6,91.8,15.4,112.6,68.4,25.6,14.4,0.755,NORMAL,False,8.5,23.86,23.43,23.54,22.25,23.46,22.6
2026-06-05 10:00:00,563.3,229.2,92.5,15.5,117.2,68.8,25.8,14.4,0.765,NORMAL,False,8.5,24.01,24.01,23.27,22.9,24.35,22.7
2026-06-05 10:15:00,570.3,234.3,93.2,15.6,117.5,69.3,26.0,14.4,0.776,NORMAL,False,8.5,24.36,23.35,23.55,21.87,23.25,23.8
2026-06-05 10:30:00,591.6,239.6,97.6,16.3,125.5,71.9,26.2,14.4,0.843,NORMAL,False,8.5,24.15,23.54,23.44,22.35,23.67,22.06
2026-06-05 10:45:00,605.8,247.4,105.1,16.6,122.9,73.0,26.5,14.4,0.872,NORMAL,False,8.5,24.09,22.09,23.5,23.92,24.19,22.36
2026-06-05 11:00:00,595.7,251.6,94.3,15.8,123.1,69.9,26.7,14.4,0.793,NORMAL,False,8.5,23.78,23.28,22.52,21.88,23.74,22.53
2026-06-05 11:15:00,621.2,256.3,99.5,16.6,134.6,73.0,26.9,14.4,0.871,NORMAL,False,8.5,23.45,24.08,22.69,22.0,23.97,23.59
2026-06-05 11:30:00,619.2,261.3,99.2,16.6,127.8,72.8,27.1,14.4,0.867,NORMAL,False,8.5,23.53,23.02,22.93,21.9,23.96,22.2
2026-06-05 11:45:00,630.3,261.1,102.0,16.8,134.8,73.8,27.3,14.4,0.892,NORMAL,False,8.5,23.83,23.97,23.73,23.19,23.39,22.8
2026-06-05 12:00:00,600.5,248.6,97.6,16.3,124.9,71.8,26.9,14.4,0.842,NORMAL,False,8.5,23.65,22.64,22.8,21.34,23.22,23.07
2026-06-05 12:15:00,626.6,248.5,101.6,17.0,144.0,74.2,26.9,14.4,0.904,NORMAL,False,8.5,23.77,23.43,23.91,22.92,23.01,22.66
2026-06-05 12:30:00,593.5,249.7,95.8,15.9,120.6,70.3,26.9,14.4,0.802,NORMAL,False,8.5,23.44,22.72,22.71,23.14,24.95,22.5
2026-06-05 12:45:00,612.7,250.6,97.6,16.3,135.1,71.9,26.9,14.4,0.843,NORMAL,False,8.5,23.85,22.93,23.62,22.71,23.91,22.59
2026-06-05 13:00:00,619.5,258.0,98.1,16.4,133.5,72.2,26.9,14.4,0.85,NORMAL,False,8.5,24.46,23.65,22.81,21.8,23.38,22.23
2026-06-05 13:15:00,618.4,255.5,101.2,16.7,130.2,73.4,26.9,14.4,0.883,NORMAL,False,8.5,24.26,23.37,24.16,22.79,23.8,23.51
2026-06-05 13:30:00,608.8,254.8,97.3,16.1,128.1,71.2,26.9,14.4,0.825,NORMAL,False,8.5,24.34,23.87,23.46,23.14,22.76,22.72
2026-06-05 13:45:00,616.3,252.5,102.8,17.2,127.6,74.9,26.9,14.4,0.922,NORMAL,False,8.5,24.07,23.07,23.62,21.6,23.4,23.27
2026-06-05 14:00:00,641.1,265.8,104.0,17.3,136.4,75.6,27.5,14.4,0.939,NORMAL,False,8.5,24.8,23.54,23.4,22.51,23.38,22.28
2026-06-05 14:15:00,646.5,273.3,102.2,16.7,139.3,73.1,27.6,14.4,0.876,NORMAL,False,8.5,23.27,23.37,23.67,23.4,23.43,22.91
2026-06-05 14:30:00,646.1,271.5,103.8,17.3,135.9,75.5,27.7,14.4,0.936,NORMAL,False,8.5,24.51,23.44,23.49,22.44,23.1,22.38
2026-06-05 14:45:00,656.1,278.4,103.6,17.3,139.2,75.4,27.8,14.4,0.933,NORMAL,False,8.5,24.72,22.83,23.76,22.1,23.63,22.43
2026-06-05 15:00:00,679.0,287.0,105.2,17.5,150.8,76.3,27.9,14.4,0.957,NORMAL,False,8.5,24.03,22.96,23.02,22.78,24.23,22.92
2026-06-05 15:15:00,674.7,282.7,104.1,17.2,153.3,75.0,27.9,14.4,0.924,NORMAL,False,8.5,23.95,23.51,23.19,23.19,23.96,22.91
2026-06-05 15:30:00,663.2,283.4,105.1,17.4,138.9,75.9,28.0,14.4,0.945,NORMAL,False,8.5,24.08,24.04,24.12,22.47,23.79,22.88
2026-06-05 15:45:00,658.5,279.1,101.4,16.9,144.4,74.1,28.1,14.4,0.9,NORMAL,False,8.5,23.64,22.79,23.26,22.9,23.69,22.87
2026-06-05 16:00:00,681.3,285.3,110.6,17.7,148.2,76.9,28.2,14.4,0.971,NORMAL,False,8.5,24.46,22.93,23.75,23.76,23.78,22.44
2026-06-05 16:15:00,677.9,287.3,105.1,17.5,149.1,76.3,28.3,14.4,0.955,NORMAL,False,8.5,24.13,22.56,23.17,22.57,23.7,22.5
2026-06-05 16:30:00,691.6,292.9,107.6,17.9,152.8,77.7,28.4,14.4,0.993,NORMAL,False,8.5,24.14,23.5,23.42,22.98,23.99,23.23
2026-06-05 16:45:00,682.6,288.7,106.0,17.7,150.5,76.8,28.5,14.4,0.97,NORMAL,False,8.5,24.29,23.82,23.34,22.35,23.88,23.0
2026-06-05 17:00:00,656.3,281.7,104.5,17.4,134.2,75.9,28.2,14.4,0.947,NORMAL,False,11.0,23.03,23.17,23.56,22.56,24.49,22.18
2026-06-05 17:15:00,656.2,278.8,102.4,16.9,141.8,74.1,27.7,14.4,0.901,NORMAL,False,11.0,23.88,23.02,24.14,23.01,23.81,22.59
2026-06-05 17:30:00,632.1,259.6,102.6,16.5,139.4,72.4,27.3,14.4,0.857,NORMAL,False,11.0,23.17,23.04,23.91,23.67,23.79,22.37
2026-06-05 17:45:00,612.8,251.0,94.4,15.8,140.5,70.0,26.8,14.4,0.794,NORMAL,False,11.0,24.23,23.65,23.67,22.34,24.02,22.82
2026-06-05 18:00:00,592.4,246.0,96.7,15.9,122.7,70.3,26.4,14.4,0.802,NORMAL,False,11.0,24.35,22.03,24.1,23.2,23.76,23.02
2026-06-05 18:15:00,575.8,230.9,94.6,15.8,124.3,70.0,26.0,14.4,0.795,NORMAL,False,11.0,23.55,22.93,24.02,22.94,23.39,22.37
2026-06-05 18:30:00,550.4,219.2,89.1,14.9,120.4,66.8,25.5,14.4,0.714,NORMAL,False,11.0,24.03,23.59,23.31,22.86,23.56,22.61
2026-06-05 18:45:00,527.4,208.8,87.3,14.6,111.5,65.8,25.1,14.4,0.686,NORMAL,False,11.0,24.0,23.17,22.8,22.02,24.4,22.81
2026-06-05 19:00:00,519.5,210.5,86.3,14.4,104.0,65.2,24.6,14.4,0.671,NORMAL,False,11.0,25.53,23.34,23.11,23.01,22.78,22.75
2026-06-05 19:15:00,494.6,193.6,80.8,13.6,106.0,62.0,24.2,14.4,0.589,NORMAL,False,11.0,23.51,23.9,23.39,21.79,23.33,22.4
2026-06-05 19:30:00,471.6,183.1,84.1,14.1,88.3,63.9,23.8,14.4,0.638,NORMAL,False,11.0,23.99,22.53,22.6,22.53,23.02,22.58
2026-06-05 19:45:00,441.9,167.3,77.7,13.0,86.1,60.1,23.3,14.4,0.541,NORMAL,False,11.0,23.6,23.41,23.68,22.45,23.7,22.29
2026-06-05 20:00:00,443.0,170.7,78.3,13.1,83.2,60.4,22.9,14.4,0.55,NORMAL,False,11.0,23.83,22.11,22.77,22.76,23.7,21.96
2026-06-05 20:15:00,411.9,153.2,77.0,12.8,73.0,59.1,22.4,14.4,0.515,NORMAL,False,11.0,23.82,22.97,22.75,23.18,24.16,23.07
2026-06-05 20:30:00,391.3,132.7,75.5,12.7,75.4,58.8,22.0,14.4,0.507,NORMAL,False,11.0,23.19,23.29,22.29,21.09,23.81,22.25
2026-06-05 20:45:00,381.1,130.4,74.9,12.6,68.8,58.4,21.6,14.4,0.498,NORMAL,False,11.0,24.29,23.02,23.1,22.54,24.21,22.48
2026-06-05 21:00:00,243.8,58.5,56.3,9.5,39.1,47.4,18.6,14.4,0.217,NORMAL,False,6.5,23.19,23.0,23.45,22.36,23.8,23.42
2026-06-05 21:15:00,239.1,57.3,56.3,9.5,35.5,47.4,18.6,14.4,0.216,NORMAL,False,6.5,24.9,22.47,22.41,21.97,23.76,23.54
2026-06-05 21:30:00,239.9,60.9,57.5,9.7,30.6,48.2,18.6,14.4,0.235,NORMAL,False,6.5,23.63,22.59,23.49,22.4,23.87,22.67
2026-06-05 21:45:00,240.9,60.9,56.5,9.6,33.5,47.5,18.6,14.4,0.219,NORMAL,False,6.5,23.28,22.64,22.24,21.39,23.68,22.55
2026-06-05 22:00:00,262.0,63.9,54.0,9.2,22.3,46.1,18.6,48.0,0.181,NORMAL,False,6.5,23.95,22.92,22.5,21.96,22.64,22.16
2026-06-05 22:15:00,267.7,57.3,57.4,9.7,28.6,48.1,18.6,48.0,0.234,NORMAL,False,6.5,24.04,22.89,22.93,22.34,23.34,23.0
2026-06-05 22:30:00,275.5,67.4,53.6,9.1,33.0,45.9,18.6,48.0,0.176,NORMAL,False,6.5,23.38,23.63,22.62,21.08,23.01,22.75
2026-06-05 22:45:00,268.4,63.2,54.4,9.2,28.7,46.3,18.6,48.0,0.188,NORMAL,False,6.5,23.61,22.94,22.54,21.25,24.26,21.29
2026-06-05 23:00:00,256.9,53.7,54.4,9.2,26.7,46.3,18.6,48.0,0.188,NORMAL,False,6.5,24.07,22.7,22.39,21.66,23.76,22.34
2026-06-05 23:15:00,277.1,58.2,57.7,9.8,36.5,48.3,18.6,48.0,0.238,NORMAL,False,6.5,23.32,23.3,22.66,21.46,24.41,22.48
2026-06-05 23:30:00,258.5,50.5,53.8,9.1,32.6,46.0,18.6,48.0,0.178,NORMAL,False,6.5,22.92,23.06,22.71,21.84,24.6,22.72
2026-06-05 23:45:00,280.4,56.2,55.3,9.4,46.1,46.8,18.6,48.0,0.201,NORMAL,False,6.5,23.26,23.18,22.73,21.72,23.87,22.29
2026-06-06 00:00:00,234.2,46.9,46.0,7.9,26.1,41.4,17.9,48.0,0.061,LOW_OCCUPANCY,False,6.5,23.12,22.27,22.63,21.11,23.3,23.04
2026-06-06 00:15:00,224.1,45.6,44.0,7.5,20.9,40.2,17.9,48.0,0.03,LOW_OCCUPANCY,False,6.5,23.95,22.41,23.3,22.05,23.8,22.08
2026-06-06 00:30:00,229.0,46.4,47.5,8.1,18.8,42.3,17.9,48.0,0.083,LOW_OCCUPANCY,False,6.5,22.98,22.01,23.16,21.56,23.28,22.24
2026-06-06 00:45:00,218.0,40.9,44.0,7.5,19.5,40.2,17.9,48.0,0.03,LOW_OCCUPANCY,False,6.5,23.24,23.27,22.44,20.96,23.55,21.78
2026-06-06 01:00:00,221.5,42.6,49.1,8.4,12.3,43.2,17.9,48.0,0.108,LOW_OCCUPANCY,False,6.5,22.95,22.81,23.61,21.81,23.7,22.35
2026-06-06 01:15:00,239.6,40.5,49.4,8.4,32.1,43.4,17.9,48.0,0.112,LOW_OCCUPANCY,False,6.5,23.36,22.94,22.57,22.0,22.76,22.24
2026-06-06 01:30:00,238.6,46.3,49.2,8.4,25.6,43.2,17.9,48.0,0.109,LOW_OCCUPANCY,False,6.5,22.03,22.28,22.56,21.39,22.87,23.51
2026-06-06 01:45:00,236.7,45.7,46.1,7.9,29.7,41.4,17.9,48.0,0.062,LOW_OCCUPANCY,False,6.5,23.44,22.83,22.43,21.88,22.7,23.32
2026-06-06 02:00:00,222.9,39.9,45.3,7.7,23.0,41.0,17.9,48.0,0.05,LOW_OCCUPANCY,False,6.5,22.6,22.43,22.69,21.59,23.28,22.01
2026-06-06 02:15:00,221.6,44.8,46.5,7.9,14.8,41.7,17.9,48.0,0.069,LOW_OCCUPANCY,False,6.5,22.74,23.79,22.54,22.22,23.25,22.64
2026-06-06 02:30:00,240.0,46.2,50.3,8.6,25.1,43.9,17.9,48.0,0.125,LOW_OCCUPANCY,False,6.5,23.08,23.41,22.27,21.57,23.1,23.16
2026-06-06 02:45:00,230.4,45.7,50.1,8.5,16.3,43.8,17.9,48.0,0.123,LOW_OCCUPANCY,False,6.5,23.73,23.42,21.94,21.3,23.04,22.9
2026-06-06 03:00:00,232.5,48.4,47.1,8.0,21.1,42.0,17.9,48.0,0.077,LOW_OCCUPANCY,False,6.5,22.35,23.0,21.76,21.86,23.71,23.48
2026-06-06 03:15:00,229.8,45.4,49.1,8.4,17.9,43.2,17.9,48.0,0.107,LOW_OCCUPANCY,False,6.5,22.43,22.55,22.8,20.55,23.51,22.02
2026-06-06 03:30:00,238.0,46.6,48.3,8.2,26.2,42.7,17.9,48.0,0.095,LOW_OCCUPANCY,False,6.5,23.12,23.73,22.62,21.23,23.41,21.86
2026-06-06 03:45:00,241.8,49.3,52.3,8.9,20.2,45.1,17.9,48.0,0.157,LOW_OCCUPANCY,False,6.5,22.88,22.91,22.4,21.79,23.74,22.52
2026-06-06 04:00:00,241.3,42.0,49.4,8.4,32.2,43.4,17.9,48.0,0.112,LOW_OCCUPANCY,False,6.5,23.4,23.03,22.48,22.85,23.13,22.68
2026-06-06 04:15:00,235.7,45.9,49.2,8.4,23.0,43.3,17.9,48.0,0.109,LOW_OCCUPANCY,False,6.5,22.79,23.29,22.76,21.37,23.91,22.73
2026-06-06 04:30:00,240.9,43.7,48.3,8.2,32.0,42.7,17.9,48.0,0.095,LOW_OCCUPANCY,False,6.5,23.23,23.06,22.29,22.46,23.0,22.74
2026-06-06 04:45:00,227.2,46.0,45.7,7.8,20.7,41.2,17.9,48.0,0.055,LOW_OCCUPANCY,False,6.5,22.7,22.53,22.73,20.88,23.28,21.44
2026-06-06 05:00:00,218.1,41.0,44.5,7.6,18.7,40.5,17.9,48.0,0.038,LOW_OCCUPANCY,False,6.5,23.59,22.36,22.94,21.19,24.31,22.89
2026-06-06 05:15:00,236.5,48.2,48.6,8.3,22.5,42.9,17.9,48.0,0.101,LOW_OCCUPANCY,False,6.5,22.99,22.95,23.26,21.25,23.58,23.01
2026-06-06 05:30:00,225.0,40.3,46.9,8.0,22.1,41.9,17.9,48.0,0.074,LOW_OCCUPANCY,False,6.5,22.22,22.49,22.75,21.52,23.56,23.04
2026-06-06 05:45:00,234.4,45.0,47.8,8.2,25.1,42.4,17.9,48.0,0.088,LOW_OCCUPANCY,False,6.5,22.75,23.74,23.06,21.75,24.42,21.78
2026-06-06 06:00:00,194.1,41.1,45.6,7.8,26.1,41.1,17.9,14.4,0.055,LOW_OCCUPANCY,False,6.5,23.22,22.46,22.91,22.09,23.65,21.59
2026-06-06 06:15:00,221.8,56.0,49.2,8.4,32.1,43.2,18.5,14.4,0.108,LOW_OCCUPANCY,False,6.5,21.78,23.65,22.7,21.22,24.03,22.19
2026-06-06 06:30:00,251.9,69.6,54.3,9.2,39.1,46.3,19.1,14.4,0.186,LOW_OCCUPANCY,False,6.5,24.04,23.24,22.95,22.12,22.93,22.88
2026-06-06 06:45:00,278.4,85.8,52.0,8.8,52.8,44.9,19.7,14.4,0.151,LOW_OCCUPANCY,False,6.5,23.43,23.1,21.15,21.77,23.87,22.77
2026-06-06 07:00:00,298.1,103.0,54.7,9.3,49.9,46.5,20.3,14.4,0.193,LOW_OCCUPANCY,False,6.5,23.45,23.58,22.91,21.28,22.34,22.32
2026-06-06 07:15:00,313.8,106.9,57.4,9.7,56.5,48.1,20.9,14.4,0.233,LOW_OCCUPANCY,False,6.5,23.35,23.71,22.63,22.01,23.82,23.32
2026-06-06 07:30:00,354.7,128.8,59.1,10.0,71.8,49.1,21.4,14.4,0.259,LOW_OCCUPANCY,False,6.5,24.08,23.2,22.66,22.19,24.01,22.4
2026-06-06 07:45:00,377.7,137.0,62.8,10.6,79.5,51.3,22.0,14.4,0.316,LOW_OCCUPANCY,False,6.5,23.75,23.12,22.85,22.16,23.54,22.69
2026-06-06 08:00:00,381.8,161.6,58.5,9.9,66.0,48.7,22.6,14.4,0.25,LOW_OCCUPANCY,False,8.5,23.08,23.12,23.8,21.59,23.24,22.3
2026-06-06 08:15:00,423.4,176.1,60.4,10.2,89.1,49.9,23.2,14.4,0.279,LOW_OCCUPANCY,False,8.5,24.7,23.38,22.28,21.81,23.62,23.01
2026-06-06 08:30:00,436.9,177.8,63.0,10.6,95.9,51.4,23.8,14.4,0.318,LOW_OCCUPANCY,False,8.5,23.78,22.75,22.37,21.0,22.81,22.15
2026-06-06 08:45:00,465.5,199.8,63.4,10.7,101.3,51.6,24.4,14.4,0.324,LOW_OCCUPANCY,False,8.5,21.82,22.58,22.65,21.59,24.36,22.29
2026-06-06 09:00:00,496.6,214.0,67.3,11.3,110.6,54.0,25.0,14.4,0.384,LOW_OCCUPANCY,False,8.5,23.04,23.09,22.58,22.05,23.5,22.14
2026-06-06 09:15:00,489.7,208.5,67.1,11.3,109.3,53.8,25.2,14.4,0.381,LOW_OCCUPANCY,False,8.5,23.53,23.07,22.52,21.99,23.3,22.14
2026-06-06 09:30:00,494.4,216.9,69.7,11.7,100.9,55.4,25.4,14.4,0.42,LOW_OCCUPANCY,False,8.5,23.16,24.39,23.45,22.66,24.02,23.55
2026-06-06 09:45:00,506.4,221.2,68.3,11.5,110.8,54.6,25.6,14.4,0.399,LOW_OCCUPANCY,False,8.5,23.76,23.2,23.12,22.64,23.81,23.02
2026-06-06 10:00:00,524.7,224.0,73.0,12.3,117.9,57.3,25.8,14.4,0.47,LOW_OCCUPANCY,False,8.5,23.61,22.83,22.75,21.74,23.29,22.0
2026-06-06 10:15:00,535.3,237.9,69.3,11.7,120.9,55.1,26.0,14.4,0.413,LOW_OCCUPANCY,False,8.5,24.05,23.27,23.13,21.62,23.56,22.8
2026-06-06 10:30:00,552.0,242.3,73.2,12.3,126.1,57.4,26.2,14.4,0.472,LOW_OCCUPANCY,False,8.5,23.57,23.54,22.82,21.16,23.78,23.0
2026-06-06 10:45:00,557.3,242.7,71.0,11.9,134.8,56.1,26.5,14.4,0.439,LOW_OCCUPANCY,False,8.5,23.12,23.41,23.24,21.75,24.19,22.19
2026-06-06 11:00:00,564.3,248.6,74.0,12.4,130.4,57.9,26.7,14.4,0.484,LOW_OCCUPANCY,False,8.5,23.4,23.29,23.16,20.71,23.19,22.62
2026-06-06 11:15:00,572.1,264.0,75.1,12.6,120.5,58.6,26.9,14.4,0.501,LOW_OCCUPANCY,False,8.5,23.44,22.62,23.26,21.94,23.57,22.5
2026-06-06 11:30:00,576.9,259.6,72.7,12.2,133.8,57.1,27.1,14.4,0.465,LOW_OCCUPANCY,False,8.5,23.56,22.75,23.51,22.46,23.62,22.5
2026-06-06 11:45:00,592.5,268.5,73.9,12.4,138.2,57.9,27.3,14.4,0.483,LOW_OCCUPANCY,False,8.5,23.49,23.27,23.46,21.47,23.12,21.77
2026-06-06 12:00:00,570.8,252.8,73.9,12.4,132.6,57.8,26.9,14.4,0.483,LOW_OCCUPANCY,False,8.5,22.86,24.04,22.77,22.16,24.07,22.15
2026-06-06 12:15:00,582.3,249.0,78.5,13.2,139.8,60.6,26.9,14.4,0.553,LOW_OCCUPANCY,False,8.5,23.81,23.97,23.77,22.35,23.17,23.2
2026-06-06 12:30:00,565.5,249.8,73.3,12.3,131.4,57.5,26.9,14.4,0.474,LOW_OCCUPANCY,False,8.5,22.24,22.97,23.4,21.95,24.0,22.22
2026-06-06 12:45:00,565.3,249.7,72.9,12.3,131.8,57.3,26.9,14.4,0.468,LOW_OCCUPANCY,False,8.5,23.39,23.75,22.64,22.22,23.67,21.86
2026-06-06 13:00:00,575.5,251.5,76.8,12.9,133.5,59.6,26.9,14.4,0.527,LOW_OCCUPANCY,False,8.5,23.92,22.3,21.58,22.5,23.61,23.23
2026-06-06 13:15:00,564.8,253.2,74.5,12.5,125.1,58.2,26.9,14.4,0.493,LOW_OCCUPANCY,False,8.5,23.37,22.93,23.1,22.36,23.64,23.13
2026-06-06 13:30:00,577.9,254.8,76.8,12.9,132.6,59.5,26.9,14.4,0.527,LOW_OCCUPANCY,False,8.5,23.33,22.87,23.1,22.17,23.46,22.65
2026-06-06 13:45:00,565.1,260.9,68.2,11.5,128.8,54.5,26.9,14.4,0.397,LOW_OCCUPANCY,False,8.5,24.42,23.05,23.27,21.29,23.38,22.28
2026-06-06 14:00:00,586.3,262.2,76.2,12.8,134.1,59.2,27.5,14.4,0.518,LOW_OCCUPANCY,False,8.5,23.3,22.93,23.0,22.76,22.71,22.0
2026-06-06 14:15:00,593.4,272.7,73.3,12.3,135.5,57.5,27.6,14.4,0.474,LOW_OCCUPANCY,False,8.5,22.76,22.78,22.06,21.56,24.24,22.84
2026-06-06 14:30:00,597.2,274.1,72.1,12.1,140.0,56.8,27.7,14.4,0.456,LOW_OCCUPANCY,False,8.5,22.98,23.12,23.48,22.5,23.95,22.27
2026-06-06 14:45:00,603.6,273.9,75.0,12.6,141.5,58.5,27.8,14.4,0.5,LOW_OCCUPANCY,False,8.5,24.62,22.27,22.98,22.71,22.92,22.33
2026-06-06 15:00:00,615.0,276.7,72.5,12.2,154.4,57.0,27.9,14.4,0.462,LOW_OCCUPANCY,False,8.5,23.85,23.47,23.31,21.62,23.68,22.19
2026-06-06 15:15:00,621.6,283.7,76.1,12.8,147.6,59.1,27.9,14.4,0.516,LOW_OCCUPANCY,False,8.5,23.03,23.25,22.44,21.52,23.13,22.43
2026-06-06 15:30:00,619.8,280.6,77.2,13.0,146.8,59.8,28.0,14.4,0.533,LOW_OCCUPANCY,False,8.5,23.09,22.89,23.28,21.83,23.52,22.88
2026-06-06 15:45:00,623.4,280.6,79.5,13.3,146.3,61.2,28.1,14.4,0.568,LOW_OCCUPANCY,False,8.5,23.6,23.76,23.46,21.45,23.12,22.25
2026-06-06 16:00:00,638.7,286.7,77.8,13.1,158.3,60.2,28.2,14.4,0.543,LOW_OCCUPANCY,False,8.5,24.28,23.32,22.93,21.11,23.7,22.68
2026-06-06 16:15:00,629.1,289.4,79.3,13.3,143.4,61.0,28.3,14.4,0.565,LOW_OCCUPANCY,False,8.5,24.07,22.69,22.92,22.13,23.28,22.92
2026-06-06 16:30:00,640.8,293.3,79.5,13.3,150.8,61.1,28.4,14.4,0.568,LOW_OCCUPANCY,False,8.5,23.73,22.31,23.16,22.32,24.16,22.5
2026-06-06 16:45:00,629.5,294.7,74.7,12.6,146.3,58.3,28.5,14.4,0.496,LOW_OCCUPANCY,False,8.5,22.89,23.71,23.69,22.26,24.4,23.18
2026-06-06 17:00:00,627.6,281.2,79.9,13.4,149.1,61.4,28.2,14.4,0.574,LOW_OCCUPANCY,False,11.0,23.96,22.98,22.86,22.32,22.84,23.02
2026-06-06 17:15:00,607.7,274.6,74.4,12.5,146.1,58.0,27.7,14.4,0.488,LOW_OCCUPANCY,False,11.0,23.45,22.77,23.0,23.03,24.34,22.82
2026-06-06 17:30:00,585.4,255.9,76.2,12.8,139.6,59.2,27.3,14.4,0.519,LOW_OCCUPANCY,False,11.0,23.21,23.12,22.21,22.68,24.69,22.7
2026-06-06 17:45:00,558.4,252.4,71.0,11.9,125.7,56.1,26.8,14.4,0.439,LOW_OCCUPANCY,False,11.0,23.19,23.44,23.15,21.78,23.31,22.69
2026-06-06 18:00:00,547.5,241.3,70.8,11.9,126.7,56.0,26.4,14.4,0.437,LOW_OCCUPANCY,False,11.0,23.69,23.04,22.32,22.52,22.26,22.41
2026-06-06 18:15:00,530.5,227.7,71.4,12.0,122.7,56.3,26.0,14.4,0.445,LOW_OCCUPANCY,False,11.0,24.1,22.78,23.33,22.13,22.78,23.58
2026-06-06 18:30:00,514.7,220.4,69.8,11.7,117.4,55.4,25.5,14.4,0.421,LOW_OCCUPANCY,False,11.0,23.64,22.88,23.42,21.22,23.59,22.34
2026-06-06 18:45:00,498.7,210.0,69.9,11.8,112.1,55.5,25.1,14.4,0.422,LOW_OCCUPANCY,False,11.0,23.34,23.52,23.03,21.56,23.5,22.48
2026-06-06 19:00:00,466.0,197.4,67.0,11.3,97.6,53.8,24.6,14.4,0.378,LOW_OCCUPANCY,False,11.0,22.66,22.29,23.17,21.55,23.76,23.0
2026-06-06 19:15:00,467.3,189.1,68.6,11.5,104.8,54.7,24.2,14.4,0.403,LOW_OCCUPANCY,False,11.0,23.66,22.91,22.52,21.73,23.03,23.06
2026-06-06 19:30:00,437.7,174.3,63.2,10.7,99.8,51.5,23.8,14.4,0.321,LOW_OCCUPANCY,False,11.0,22.86,22.88,21.57,21.83,23.51,23.01
2026-06-06 19:45:00,413.2,165.0,64.4,10.9,83.0,52.2,23.3,14.4,0.339,LOW_OCCUPANCY,False,11.0,24.03,23.08,23.41,21.17,23.96,22.22
2026-06-06 20:00:00,400.1,157.1,61.5,10.4,83.3,50.5,22.9,14.4,0.296,LOW_OCCUPANCY,False,11.0,22.94,23.28,21.95,20.79,24.27,23.04
2026-06-06 20:15:00,386.5,149.8,62.3,10.5,76.0,51.0,22.4,14.4,0.307,LOW_OCCUPANCY,False,11.0,23.58,23.17,23.42,21.5,23.61,22.58
2026-06-06 20:30:00,358.8,142.1,59.2,10.0,62.1,49.1,22.0,14.4,0.26,LOW_OCCUPANCY,False,11.0,23.33,22.55,23.21,21.32,23.47,22.43
2026-06-06 20:45:00,357.7,135.3,59.5,10.1,67.5,49.4,21.6,14.4,0.266,LOW_OCCUPANCY,False,11.0,22.98,23.69,22.58,21.79,24.54,22.44
2026-06-06 21:00:00,229.0,59.1,50.1,8.5,34.6,43.8,18.6,14.4,0.122,LOW_OCCUPANCY,False,6.5,23.18,23.46,22.3,21.15,23.22,22.59
2026-06-06 21:15:00,224.1,54.6,51.8,8.8,31.0,44.8,18.6,14.4,0.149,LOW_OCCUPANCY,False,6.5,22.69,22.68,21.96,22.69,23.7,22.78
2026-06-06 21:30:00,238.3,66.4,50.3,8.6,36.2,43.9,18.6,14.4,0.125,LOW_OCCUPANCY,False,6.5,23.02,23.58,23.81,21.18,23.03,22.1
2026-06-06 21:45:00,222.5,59.2,49.0,8.3,29.8,43.1,18.6,14.4,0.106,LOW_OCCUPANCY,False,6.5,23.15,22.62,23.07,21.44,23.4,22.84
2026-06-06 22:00:00,262.0,62.6,49.3,8.4,31.9,43.3,18.6,48.0,0.11,LOW_OCCUPANCY,False,6.5,23.53,23.86,22.93,22.03,23.43,22.18
2026-06-06 22:15:00,255.0,61.1,46.4,7.9,31.4,41.6,18.6,48.0,0.067,LOW_OCCUPANCY,False,6.5,22.92,22.98,22.33,22.32,23.76,23.21
2026-06-06 22:30:00,254.2,61.8,47.4,8.1,28.1,42.2,18.6,48.0,0.082,LOW_OCCUPANCY,False,6.5,23.1,23.03,21.91,21.33,23.36,22.73
2026-06-06 22:45:00,262.7,66.3,50.2,8.5,27.2,43.8,18.6,48.0,0.124,LOW_OCCUPANCY,False,6.5,23.06,21.6,22.41,22.19,22.7,22.59
2026-06-06 23:00:00,251.8,56.5,49.3,8.4,27.8,43.3,18.6,48.0,0.11,LOW_OCCUPANCY,False,6.5,22.48,23.85,22.59,21.66,24.21,22.86
2026-06-06 23:15:00,253.1,56.4,50.2,8.5,27.5,43.9,18.6,48.0,0.125,LOW_OCCUPANCY,False,6.5,22.84,21.98,22.62,20.91,24.35,22.63
2026-06-06 23:30:00,258.4,56.2,45.5,7.8,41.3,41.1,18.6,48.0,0.053,LOW_OCCUPANCY,False,6.5,22.51,23.52,23.68,21.93,23.47,22.3
2026-06-06 23:45:00,272.6,59.8,48.9,8.3,46.0,43.1,18.6,48.0,0.104,LOW_OCCUPANCY,False,6.5,24.18,23.73,21.75,21.29,23.2,22.49
2026-06-07 00:00:00,239.7,47.0,49.8,8.5,24.9,43.6,17.9,48.0,0.118,NORMAL,False,6.5,23.26,23.34,22.64,21.7,23.01,22.59
2026-06-07 00:15:00,240.3,46.0,53.0,9.0,20.9,45.5,17.9,48.0,0.167,NORMAL,False,6.5,23.91,23.52,22.74,21.11,23.25,22.44
2026-06-07 00:30:00,233.0,39.7,50.0,8.5,25.1,43.8,17.9,48.0,0.122,NORMAL,False,6.5,22.55,22.21,22.53,20.91,23.04,22.34
2026-06-07 00:45:00,248.9,48.5,53.4,9.1,26.3,45.7,17.9,48.0,0.172,NORMAL,False,6.5,22.93,22.83,22.98,21.35,23.16,23.15
2026-06-07 01:00:00,243.7,43.9,53.7,9.1,25.1,45.9,17.9,48.0,0.178,NORMAL,False,6.5,22.22,23.73,22.91,22.22,23.75,22.58
2026-06-07 01:15:00,236.8,41.5,51.3,8.7,24.9,44.5,17.9,48.0,0.141,NORMAL,False,6.5,23.6,22.25,22.4,22.69,23.23,22.42
2026-06-07 01:30:00,254.0,45.6,50.4,8.6,39.5,44.0,17.9,48.0,0.128,NORMAL,False,6.5,23.06,23.46,22.3,22.05,23.95,23.07
2026-06-07 01:45:00,240.3,48.1,54.0,9.2,17.0,46.1,17.9,48.0,0.182,NORMAL,False,6.5,23.38,22.62,22.67,22.43,24.41,23.29
2026-06-07 02:00:00,238.6,47.1,52.9,9.0,18.3,45.4,17.9,48.0,0.165,NORMAL,False,6.5,22.58,22.31,22.82,21.96,24.0,22.8
2026-06-07 02:15:00,239.8,42.5,51.7,8.8,26.2,44.7,17.9,48.0,0.147,NORMAL,False,6.5,22.42,22.04,23.05,21.3,23.98,23.1
2026-06-07 02:30:00,234.0,46.5,50.6,8.6,18.3,44.1,17.9,48.0,0.13,NORMAL,False,6.5,22.23,23.1,22.42,21.44,24.53,21.78
2026-06-07 02:45:00,240.3,46.9,53.7,9.1,18.8,45.9,17.9,48.0,0.177,NORMAL,False,6.5,23.36,23.24,22.24,21.33,24.02,23.44
2026-06-07 03:00:00,238.7,46.6,52.6,8.9,19.4,45.2,17.9,48.0,0.16,NORMAL,False,6.5,24.41,23.1,23.42,21.32,23.53,22.86
2026-06-07 03:15:00,245.9,50.4,50.3,8.6,26.8,43.9,17.9,48.0,0.126,NORMAL,False,6.5,23.64,23.63,23.41,22.55,23.61,22.38
2026-06-07 03:30:00,232.0,50.3,50.0,8.5,13.6,43.7,17.9,48.0,0.121,NORMAL,False,6.5,22.63,23.28,22.56,21.63,24.07,22.92
2026-06-07 03:45:00,244.6,53.1,52.4,8.9,19.2,45.1,17.9,48.0,0.158,NORMAL,False,6.5,23.54,22.28,22.36,21.27,23.56,23.36
2026-06-07 04:00:00,241.3,40.8,52.9,9.0,27.2,45.5,17.9,48.0,0.166,NORMAL,False,6.5,23.48,23.24,22.9,21.85,24.39,23.1
2026-06-07 04:15:00,239.2,44.7,53.7,9.1,19.9,45.9,17.9,48.0,0.177,NORMAL,False,6.5,23.37,23.62,22.81,21.81,23.61,21.54
2026-06-07 04:30:00,232.3,41.7,49.6,8.4,23.2,43.5,17.9,48.0,0.114,NORMAL,False,6.5,23.85,23.29,22.62,21.35,23.68,23.03
2026-06-07 04:45:00,248.8,52.7,53.6,9.1,21.6,45.9,17.9,48.0,0.176,NORMAL,False,6.5,22.24,23.02,22.5,21.64,23.3,22.62
2026-06-07 05:00:00,241.7,46.2,52.5,8.9,22.9,45.2,17.9,48.0,0.159,NORMAL,False,6.5,24.19,22.77,23.6,21.69,24.44,22.92
2026-06-07 05:15:00,239.1,49.9,50.7,8.6,19.9,44.1,17.9,48.0,0.131,NORMAL,False,6.5,23.2,23.49,22.65,21.5,23.41,23.04
2026-06-07 05:30:00,244.4,43.9,50.6,8.6,31.3,44.1,17.9,48.0,0.13,NORMAL,False,6.5,23.35,23.8,23.23,21.03,23.41,22.07
2026-06-07 05:45:00,233.7,37.9,49.1,8.4,29.2,43.2,17.9,48.0,0.107,NORMAL,False,6.5,22.32,22.62,22.77,21.94,23.75,23.12
2026-06-07 06:00:00,199.8,45.1,51.3,8.7,17.8,44.5,17.9,14.4,0.141,NORMAL,False,6.5,23.53,22.38,22.67,21.79,24.12,21.75
2026-06-07 06:15:00,241.9,61.2,55.9,9.5,35.1,47.2,18.5,14.4,0.211,NORMAL,False,6.5,23.64,23.71,22.49,22.22,24.24,21.74
2026-06-07 06:30:00,252.8,70.0,57.4,9.7,34.0,48.1,19.1,14.4,0.234,NORMAL,False,6.5,22.68,23.54,22.18,21.69,23.55,22.93
2026-06-07 06:45:00,279.6,82.5,61.2,10.3,41.2,50.3,19.7,14.4,0.29,NORMAL,False,6.5,23.85,24.23,22.09,22.01,23.04,23.1
2026-06-07 07:00:00,316.7,99.8,62.8,10.6,57.5,51.3,20.3,14.4,0.316,NORMAL,False,6.5,23.34,23.26,23.12,21.88,22.93,22.96
2026-06-07 07:15:00,339.3,120.8,65.6,11.1,53.6,53.0,20.9,14.4,0.358,NORMAL,False,6.5,22.63,23.09,23.58,22.01,23.51,22.17
2026-06-07 07:30:00,358.1,126.9,68.6,11.6,60.6,54.7,21.4,14.4,0.403,NORMAL,False,6.5,23.77,22.19,23.62,22.3,24.07,22.9
2026-06-07 07:45:00,389.3,140.1,72.8,12.2,70.6,57.2,22.0,14.4,0.467,NORMAL,False,6.5,23.07,23.38,23.46,22.8,23.83,23.1
2026-06-07 08:00:00,421.2,151.1,77.0,12.9,83.4,59.7,22.6,14.4,0.531,NORMAL,False,8.5,23.44,23.29,22.61,21.7,23.98,23.1
2026-06-07 08:15:00,437.5,164.8,78.1,13.1,83.6,60.3,23.2,14.4,0.547,NORMAL,False,8.5,23.66,23.87,23.56,22.55,24.62,22.31
2026-06-07 08:30:00,478.7,184.9,81.6,13.7,97.9,62.4,23.8,14.4,0.601,NORMAL,False,8.5,22.54,23.08,22.95,22.61,23.86,22.38
2026-06-07 08:45:00,489.5,194.2,83.7,14.0,95.3,63.6,24.4,14.4,0.631,NORMAL,False,8.5,23.51,22.08,22.71,21.89,23.73,22.22
2026-06-07 09:00:00,526.5,208.4,88.5,14.8,108.9,66.5,25.0,14.4,0.705,NORMAL,False,8.5,24.06,23.41,23.35,21.58,23.4,22.51
2026-06-07 09:15:00,534.1,214.4,92.1,15.4,104.0,68.6,25.2,14.4,0.759,NORMAL,False,8.5,24.32,22.73,23.75,22.73,23.32,23.15
2026-06-07 09:30:00,550.6,220.7,91.3,15.3,115.5,68.1,25.4,14.4,0.747,NORMAL,False,8.5,24.0,23.11,23.38,22.04,24.03,22.7
2026-06-07 09:45:00,548.7,227.4,89.2,14.9,110.2,66.9,25.6,14.4,0.715,NORMAL,False,8.5,23.41,22.11,23.64,21.75,23.78,22.9
2026-06-07 10:00:00,568.0,229.4,92.5,15.5,121.6,68.8,25.8,14.4,0.765,NORMAL,False,8.5,24.75,24.09,23.91,22.59,23.23,23.09
2026-06-07 10:15:00,592.5,241.5,92.4,15.5,133.9,68.8,26.0,14.4,0.764,NORMAL,False,8.5,23.83,23.31,23.54,22.66,23.44,22.06
2026-06-07 10:30:00,593.0,240.8,96.6,16.0,128.3,70.7,26.2,14.4,0.813,NORMAL,False,8.5,23.31,22.86,23.73,23.15,23.14,22.68
2026-06-07 10:45:00,595.9,241.6,95.4,15.9,131.7,70.4,26.5,14.4,0.806,NORMAL,False,8.5,23.19,23.55,24.03,22.43,23.94,22.5
2026-06-07 11:00:00,608.5,253.1,97.8,16.3,128.2,72.0,26.7,14.4,0.845,NORMAL,False,8.5,24.26,24.0,22.99,22.24,23.83,22.47
2026-06-07 11:15:00,606.9,254.2,96.1,16.1,128.2,71.0,26.9,14.4,0.82,NORMAL,False,8.5,24.02,23.33,23.95,22.68,23.98,22.91
2026-06-07 11:30:00,620.6,255.0,101.1,16.7,133.3,73.1,27.1,14.4,0.875,NORMAL,False,8.5,23.88,24.11,24.22,22.87,23.95,22.72
2026-06-07 11:45:00,635.7,268.1,100.6,16.8,135.0,73.6,27.3,14.4,0.886,NORMAL,False,8.5,24.18,23.5,24.02,22.22,23.42,23.49
2026-06-07 12:00:00,609.8,248.3,102.6,16.3,129.3,72.0,26.9,14.4,0.847,NORMAL,False,8.5,23.96,23.27,23.75,23.78,23.85,23.09
2026-06-07 12:15:00,615.7,243.9,103.7,16.8,136.4,73.6,26.9,14.4,0.887,NORMAL,False,8.5,24.27,21.07,23.9,23.52,22.77,23.53
2026-06-07 12:30:00,611.2,247.6,98.7,16.4,135.2,72.1,26.9,14.4,0.85,NORMAL,False,8.5,22.84,23.48,24.1,22.7,24.05,22.55
2026-06-07 12:45:00,615.2,256.6,101.6,16.9,124.6,74.2,26.9,14.4,0.902,NORMAL,False,8.5,24.65,22.28,22.83,22.16,22.97,22.79
2026-06-07 13:00:00,619.9,255.7,99.6,16.6,133.6,73.1,26.9,14.4,0.873,NORMAL,False,8.5,24.35,22.99,23.46,21.57,23.6,22.77
2026-06-07 13:15:00,615.7,252.4,98.8,16.5,134.4,72.4,26.9,14.4,0.857,NORMAL,False,8.5,23.9,23.4,24.03,22.48,23.92,22.66
2026-06-07 13:30:00,615.4,256.5,97.0,16.2,132.9,71.5,26.9,14.4,0.833,NORMAL,False,8.5,24.19,23.26,23.35,22.34,23.5,21.93
2026-06-07 13:45:00,630.6,261.1,99.8,16.7,138.6,73.1,26.9,14.4,0.875,NORMAL,False,8.5,23.78,24.21,23.36,22.11,23.27,21.9
2026-06-07 14:00:00,656.0,278.8,102.6,17.1,140.7,74.8,27.5,14.4,0.918,NORMAL,False,8.5,23.65,24.18,23.43,22.47,24.49,23.1
2026-06-07 14:15:00,644.4,268.0,102.0,16.9,141.7,73.9,27.6,14.4,0.895,NORMAL,False,8.5,23.77,22.34,23.43,23.15,24.07,22.78
2026-06-07 14:30:00,658.3,284.3,104.7,17.4,134.0,75.8,27.7,14.4,0.944,NORMAL,False,8.5,24.35,23.37,23.23,23.07,22.22,22.97
2026-06-07 14:45:00,671.3,276.1,102.9,17.1,158.5,74.6,27.8,14.4,0.913,NORMAL,False,8.5,24.09,23.04,24.11,22.83,23.85,23.17
2026-06-07 15:00:00,668.1,278.1,104.6,17.3,150.5,75.3,27.9,14.4,0.931,NORMAL,False,8.5,24.22,22.42,23.35,23.19,23.11,21.7
2026-06-07 15:15:00,672.2,283.1,103.7,17.3,150.3,75.4,27.9,14.4,0.935,NORMAL,False,8.5,23.95,22.35,23.85,22.95,22.89,23.35
2026-06-07 15:30:00,671.1,281.5,105.7,17.5,147.6,76.3,28.0,14.4,0.958,NORMAL,False,8.5,24.48,23.55,24.08,21.74,23.04,22.42
2026-06-07 15:45:00,656.4,285.3,105.1,17.5,129.7,76.3,28.1,14.4,0.956,NORMAL,False,8.5,24.71,23.86,23.21,22.77,23.36,22.69
2026-06-07 16:00:00,690.4,292.6,112.0,18.0,147.2,78.0,28.2,14.4,1.0,NORMAL,False,8.5,24.48,23.0,24.66,22.53,23.87,22.56
2026-06-07 16:15:00,682.0,288.5,106.9,17.6,149.7,76.6,28.3,14.4,0.964,NORMAL,False,8.5,24.76,23.58,23.63,23.21,25.06,22.95
2026-06-07 16:30:00,696.4,297.1,108.0,18.0,152.5,78.0,28.4,14.4,1.0,NORMAL,False,8.5,23.9,23.16,22.93,22.11,23.54,22.77
2026-06-07 16:45:00,682.7,288.0,105.6,17.4,152.8,75.9,28.5,14.4,0.946,NORMAL,False,8.5,23.77,23.97,24.2,22.65,23.56,23.35
2026-06-07 17:00:00,681.7,289.5,108.0,18.0,145.7,78.0,28.2,14.4,1.0,NORMAL,False,11.0,24.3,22.91,23.91,22.46,23.1,23.15
2026-06-07 17:15:00,658.4,277.0,101.7,17.0,146.3,74.3,27.7,14.4,0.904,NORMAL,False,11.0,23.6,23.2,23.3,22.08,24.72,23.0
2026-06-07 17:30:00,631.0,259.1,101.7,17.0,137.3,74.3,27.3,14.4,0.904,NORMAL,False,11.0,23.88,23.41,23.45,22.8,23.94,22.58
2026-06-07 17:45:00,613.4,249.6,102.1,16.3,132.3,71.8,26.8,14.4,0.841,NORMAL,False,11.0,23.06,23.51,23.99,23.77,23.56,22.48
2026-06-07 18:00:00,584.9,238.0,96.0,16.0,123.0,70.9,26.4,14.4,0.819,NORMAL,False,11.0,23.58,23.16,22.49,22.95,23.36,22.73
2026-06-07 18:15:00,574.7,235.7,93.6,15.5,120.4,69.0,26.0,14.4,0.77,NORMAL,False,11.0,23.92,23.47,24.14,22.79,24.21,23.45
2026-06-07 18:30:00,561.8,223.0,93.1,15.6,121.0,69.2,25.5,14.4,0.774,NORMAL,False,11.0,24.47,23.56,22.7,22.01,23.59,23.12
2026-06-07 18:45:00,542.6,211.7,91.4,15.3,116.6,68.2,25.1,14.4,0.749,NORMAL,False,11.0,24.5,23.83,22.88,22.64,23.42,21.9
2026-06-07 19:00:00,519.4,206.9,90.8,14.6,102.1,65.9,24.6,14.4,0.689,NORMAL,False,11.0,24.84,23.3,24.55,22.42,23.72,22.07
2026-06-07 19:15:00,501.1,195.3,83.0,13.9,107.1,63.2,24.2,14.4,0.621,NORMAL,False,11.0,24.39,23.77,23.81,22.06,23.66,22.66
2026-06-07 19:30:00,478.6,186.6,82.7,13.9,94.1,63.1,23.8,14.4,0.617,NORMAL,False,11.0,24.73,23.63,23.12,22.66,24.54,23.68
2026-06-07 19:45:00,451.6,170.9,79.3,13.3,89.3,61.0,23.3,14.4,0.565,NORMAL,False,11.0,23.97,24.01,23.4,22.41,23.7,22.51
2026-06-07 20:00:00,441.9,162.1,80.9,13.6,86.2,62.0,22.9,14.4,0.589,NORMAL,False,11.0,23.59,23.2,22.77,22.57,24.36,23.49
2026-06-07 20:15:00,419.3,150.0,74.9,12.6,86.5,58.4,22.4,14.4,0.499,NORMAL,False,11.0,23.86,23.31,23.13,22.17,23.88,22.5
2026-06-07 20:30:00,404.9,141.3,78.3,13.1,75.3,60.5,22.0,14.4,0.55,NORMAL,False,11.0,23.06,22.54,22.68,22.11,24.11,22.96
2026-06-07 20:45:00,373.7,131.3,69.3,11.7,70.4,55.1,21.6,14.4,0.414,NORMAL,False,11.0,23.37,23.11,22.2,21.42,23.06,23.01
2026-06-07 21:00:00,230.6,56.4,51.6,8.8,36.2,44.6,18.6,14.4,0.145,NORMAL,False,6.5,22.43,23.38,21.28,22.29,22.63,22.97
2026-06-07 21:15:00,246.7,56.4,61.6,10.4,34.9,50.6,18.6,14.4,0.296,NORMAL,False,6.5,22.22,23.44,21.95,22.07,23.49,22.65
2026-06-07 21:30:00,231.2,64.9,52.3,8.9,27.0,45.1,18.6,14.4,0.157,NORMAL,False,6.5,23.81,22.84,21.99,22.49,23.51,23.5
2026-06-07 21:45:00,240.3,65.2,55.0,9.3,31.0,46.7,18.6,14.4,0.197,NORMAL,False,6.5,23.3,23.82,22.96,21.83,23.46,22.53
2026-06-07 22:00:00,258.0,62.8,54.4,9.2,18.6,46.3,18.6,48.0,0.188,NORMAL,False,6.5,22.94,22.78,22.02,21.35,24.31,22.45
2026-06-07 22:15:00,270.3,61.0,56.3,9.5,29.4,47.5,18.6,48.0,0.217,NORMAL,False,6.5,23.18,22.82,22.85,21.51,22.5,23.03
2026-06-07 22:30:00,269.7,59.8,53.3,9.0,35.3,45.7,18.6,48.0,0.171,NORMAL,False,6.5,22.47,23.16,23.51,21.81,22.86,22.66
2026-06-07 22:45:00,268.0,53.4,56.4,9.6,34.5,47.5,18.6,48.0,0.218,NORMAL,False,6.5,21.77,23.34,22.26,21.05,23.47,22.77
2026-06-07 23:00:00,270.4,59.3,56.7,9.6,30.5,47.7,18.6,48.0,0.223,NORMAL,False,6.5,23.29,22.63,22.28,22.28,22.81,23.1
2026-06-07 23:15:00,255.4,63.4,51.8,8.8,20.0,44.8,18.6,48.0,0.149,NORMAL,False,6.5,23.11,23.35,22.01,21.93,23.59,22.22
2026-06-07 23:30:00,268.3,62.2,55.9,9.5,27.0,47.2,18.6,48.0,0.21,NORMAL,False,6.5,24.06,23.78,22.95,21.6,23.25,22.41
2026-06-07 23:45:00,272.4,63.5,56.7,9.6,28.3,47.7,18.6,48.0,0.223,NORMAL,False,6.5,24.33,23.04,22.1,21.09,23.96,22.54
2026-06-08 00:00:00,273.2,67.8,53.5,9.1,31.0,45.8,17.9,48.0,0.175,HIGH_PRODUCTION,False,6.5,23.13,22.69,22.51,21.11,24.55,22.5
2026-06-08 00:15:00,275.1,71.8,49.8,8.5,35.5,43.6,17.9,48.0,0.118,HIGH_PRODUCTION,False,6.5,23.03,23.59,22.38,21.21,23.61,22.79
2026-06-08 00:30:00,274.2,66.4,53.2,9.0,34.1,45.6,17.9,48.0,0.169,HIGH_PRODUCTION,False,6.5,23.56,22.47,22.22,21.16,22.88,22.95
2026-06-08 00:45:00,257.4,66.7,46.8,8.0,28.2,41.8,17.9,48.0,0.072,HIGH_PRODUCTION,False,6.5,24.11,22.57,23.61,20.86,23.12,21.42
2026-06-08 01:00:00,259.9,60.1,49.8,8.5,32.0,43.6,17.9,48.0,0.118,HIGH_PRODUCTION,False,6.5,22.46,23.42,23.0,22.55,23.19,22.64
2026-06-08 01:15:00,263.8,64.0,50.9,8.7,30.2,44.2,17.9,48.0,0.134,HIGH_PRODUCTION,False,6.5,23.39,23.55,23.16,21.24,24.04,22.52
2026-06-08 01:30:00,264.3,62.4,50.8,8.6,32.3,44.2,17.9,48.0,0.133,HIGH_PRODUCTION,False,6.5,24.03,23.19,22.75,21.53,24.76,23.19
2026-06-08 01:45:00,265.6,63.3,51.5,8.8,31.5,44.6,17.9,48.0,0.144,HIGH_PRODUCTION,False,6.5,23.25,22.69,22.89,22.4,22.89,21.98
2026-06-08 02:00:00,285.8,67.2,55.9,9.5,40.1,47.2,17.9,48.0,0.21,HIGH_PRODUCTION,False,6.5,23.75,23.54,22.62,21.61,22.84,22.95
2026-06-08 02:15:00,255.1,61.0,51.5,8.8,23.3,44.6,17.9,48.0,0.144,HIGH_PRODUCTION,False,6.5,23.1,23.13,23.12,20.94,23.91,22.53
2026-06-08 02:30:00,265.6,63.4,51.6,8.8,31.1,44.7,17.9,48.0,0.146,HIGH_PRODUCTION,False,6.5,23.9,23.88,22.85,22.66,23.52,23.02
2026-06-08 02:45:00,285.6,72.3,50.6,8.6,44.2,44.1,17.9,48.0,0.13,HIGH_PRODUCTION,False,6.5,22.13,23.68,22.33,21.25,22.95,22.44
2026-06-08 03:00:00,270.8,63.3,48.6,8.3,41.8,42.9,17.9,48.0,0.1,HIGH_PRODUCTION,False,6.5,22.94,22.51,23.11,21.76,23.21,22.57
2026-06-08 03:15:00,265.1,64.0,53.0,9.0,27.7,45.5,17.9,48.0,0.166,HIGH_PRODUCTION,False,6.5,23.53,21.72,22.67,22.74,24.21,21.63
2026-06-08 03:30:00,270.1,68.6,55.3,9.4,24.0,46.9,17.9,48.0,0.201,HIGH_PRODUCTION,False,6.5,23.36,22.68,22.76,20.44,23.02,22.58
2026-06-08 03:45:00,272.7,64.6,51.1,8.7,38.0,44.4,17.9,48.0,0.139,HIGH_PRODUCTION,False,6.5,23.67,22.32,22.78,21.7,24.4,22.43
2026-06-08 04:00:00,273.8,65.8,49.3,8.4,41.2,43.3,17.9,48.0,0.11,HIGH_PRODUCTION,False,6.5,23.02,22.81,22.56,22.06,23.81,22.16
2026-06-08 04:15:00,268.6,69.4,50.3,8.6,30.6,43.9,17.9,48.0,0.125,HIGH_PRODUCTION,False,6.5,23.22,22.94,22.62,20.83,24.24,22.15
2026-06-08 04:30:00,270.2,62.6,50.7,8.6,38.2,44.1,17.9,48.0,0.131,HIGH_PRODUCTION,False,6.5,23.76,23.54,22.76,22.04,23.4,22.54
2026-06-08 04:45:00,272.4,65.1,50.5,8.6,38.2,44.0,17.9,48.0,0.129,HIGH_PRODUCTION,False,6.5,23.9,22.88,22.67,22.03,23.55,22.39
2026-06-08 05:00:00,266.3,64.3,50.6,8.6,32.9,44.1,17.9,48.0,0.13,HIGH_PRODUCTION,False,6.5,23.09,23.04,23.09,21.61,24.44,22.46
2026-06-08 05:15:00,278.4,71.5,49.3,8.4,40.0,43.3,17.9,48.0,0.111,HIGH_PRODUCTION,False,6.5,22.61,22.77,23.2,21.62,23.29,23.15
2026-06-08 05:30:00,266.3,63.0,50.2,8.5,34.8,43.9,17.9,48.0,0.124,HIGH_PRODUCTION,False,6.5,22.9,23.94,22.77,21.52,23.9,23.04
2026-06-08 05:45:00,269.1,64.0,53.7,9.1,30.5,45.9,17.9,48.0,0.178,HIGH_PRODUCTION,False,6.5,22.63,23.06,22.16,21.22,23.27,22.79
2026-06-08 06:00:00,231.6,57.1,52.0,8.8,36.4,44.9,17.9,14.4,0.152,HIGH_PRODUCTION,False,6.5,22.61,23.26,23.25,21.64,23.44,22.73
2026-06-08 06:15:00,298.9,87.4,61.1,10.3,56.9,50.3,18.5,14.4,0.289,HIGH_PRODUCTION,False,6.5,23.29,23.03,23.22,22.67,24.07,21.51
2026-06-08 06:30:00,305.1,101.7,59.2,10.0,51.6,49.2,19.1,14.4,0.26,HIGH_PRODUCTION,False,6.5,22.74,23.22,22.17,22.43,23.1,22.62
2026-06-08 06:45:00,351.5,129.0,63.9,10.8,61.8,52.0,19.7,14.4,0.332,HIGH_PRODUCTION,False,6.5,23.45,22.82,22.33,20.96,22.97,22.66
2026-06-08 07:00:00,391.8,143.6,67.1,11.3,81.2,53.8,20.3,14.4,0.38,HIGH_PRODUCTION,False,6.5,23.1,23.0,22.42,22.45,24.66,21.73
2026-06-08 07:15:00,409.6,164.7,64.2,10.8,82.6,52.1,20.9,14.4,0.336,HIGH_PRODUCTION,False,6.5,23.69,23.71,22.94,22.18,24.48,23.57
2026-06-08 07:30:00,460.1,195.1,68.2,11.5,94.9,54.5,21.4,14.4,0.397,HIGH_PRODUCTION,False,6.5,23.97,22.43,22.85,22.03,23.37,22.76
2026-06-08 07:45:00,472.6,198.3,72.2,12.1,96.6,56.9,22.0,14.4,0.458,HIGH_PRODUCTION,False,6.5,24.06,23.26,23.77,22.13,23.51,21.75
2026-06-08 08:00:00,519.1,221.5,76.9,12.9,111.2,59.6,22.6,14.4,0.528,HIGH_PRODUCTION,False,8.5,22.95,23.79,23.15,22.01,23.24,22.97
2026-06-08 08:15:00,571.6,253.0,81.5,13.7,123.5,62.3,23.2,14.4,0.598,HIGH_PRODUCTION,False,8.5,23.9,23.06,23.54,22.22,23.87,22.27
2026-06-08 08:30:00,609.7,272.0,85.2,14.3,135.4,64.5,23.8,14.4,0.655,HIGH_PRODUCTION,False,8.5,23.69,23.6,23.65,22.86,23.28,23.23
2026-06-08 08:45:00,648.4,287.1,86.1,14.3,157.6,64.6,24.4,14.4,0.655,HIGH_PRODUCTION,False,8.5,23.52,23.02,24.14,21.78,23.23,23.5
2026-06-08 09:00:00,666.7,304.3,87.3,14.6,155.4,65.8,25.0,14.4,0.686,HIGH_PRODUCTION,False,8.5,23.89,22.88,23.4,21.44,24.05,22.87
2026-06-08 09:15:00,682.7,309.6,89.7,14.7,163.2,65.9,25.2,14.4,0.69,HIGH_PRODUCTION,False,8.5,24.19,22.62,23.58,23.37,24.45,21.95
2026-06-08 09:30:00,688.3,313.9,92.2,15.1,159.7,67.5,25.4,14.4,0.731,HIGH_PRODUCTION,False,8.5,23.18,23.41,23.37,23.33,23.59,23.3
2026-06-08 09:45:00,709.4,324.5,92.9,15.5,167.3,69.1,25.6,14.4,0.772,HIGH_PRODUCTION,False,8.5,24.47,22.75,23.44,21.74,23.64,23.15
2026-06-08 10:00:00,721.8,329.4,90.4,15.1,179.1,67.6,25.8,14.4,0.733,HIGH_PRODUCTION,False,8.5,23.56,24.1,23.42,21.88,23.56,21.92
2026-06-08 10:15:00,742.9,340.6,93.4,15.6,183.5,69.4,26.0,14.4,0.779,HIGH_PRODUCTION,False,8.5,24.88,23.19,23.42,22.76,22.4,22.84
2026-06-08 10:30:00,760.5,354.2,96.7,16.2,181.5,71.3,26.2,14.4,0.829,HIGH_PRODUCTION,False,8.5,23.43,23.87,23.36,22.04,23.85,22.65
2026-06-08 10:45:00,768.8,360.2,97.5,16.1,183.1,71.1,26.5,14.4,0.823,HIGH_PRODUCTION,False,8.5,24.44,23.79,23.88,23.2,24.05,22.83
2026-06-08 11:00:00,775.3,363.8,97.1,16.2,185.7,71.5,26.7,14.4,0.834,HIGH_PRODUCTION,False,8.5,24.86,24.06,23.5,22.27,24.48,23.15
2026-06-08 11:15:00,799.9,374.9,98.8,16.5,195.9,72.5,26.9,14.4,0.86,HIGH_PRODUCTION,False,8.5,24.02,22.93,23.6,22.66,23.57,23.21
2026-06-08 11:30:00,810.3,382.8,98.7,16.5,198.3,72.5,27.1,14.4,0.858,HIGH_PRODUCTION,False,8.5,24.41,23.3,22.91,22.87,23.83,24.05
2026-06-08 11:45:00,812.4,382.1,100.8,16.8,197.3,73.7,27.3,14.4,0.891,HIGH_PRODUCTION,False,8.5,24.15,22.77,22.7,22.13,23.74,21.71
2026-06-08 12:00:00,786.2,369.6,99.9,16.3,187.2,71.9,26.9,14.4,0.844,HIGH_PRODUCTION,False,8.5,23.68,23.08,24.37,22.84,23.47,22.72
2026-06-08 12:15:00,790.2,369.6,96.6,16.1,195.4,71.3,26.9,14.4,0.827,HIGH_PRODUCTION,False,8.5,24.5,23.04,22.94,22.47,23.81,21.76
2026-06-08 12:30:00,798.6,373.6,106.2,16.5,188.2,72.7,26.9,14.4,0.864,HIGH_PRODUCTION,False,8.5,25.15,23.88,24.26,23.94,24.14,22.84
2026-06-08 12:45:00,774.1,362.0,98.3,16.4,183.8,72.3,26.9,14.4,0.853,HIGH_PRODUCTION,False,8.5,23.7,23.45,23.2,22.18,23.96,22.69
2026-06-08 13:00:00,788.3,372.2,95.9,16.0,192.1,70.8,26.9,14.4,0.816,HIGH_PRODUCTION,False,8.5,23.54,23.45,23.59,23.01,24.12,23.28
2026-06-08 13:15:00,806.2,374.4,101.5,16.7,198.9,73.4,26.9,14.4,0.883,HIGH_PRODUCTION,False,8.5,24.52,23.45,24.2,21.39,23.62,22.61
2026-06-08 13:30:00,789.7,372.3,95.2,15.9,194.4,70.5,26.9,14.4,0.806,HIGH_PRODUCTION,False,8.5,24.67,22.66,22.9,22.35,23.58,21.96
2026-06-08 13:45:00,789.4,369.8,102.6,16.7,185.6,73.4,26.9,14.4,0.882,HIGH_PRODUCTION,False,8.5,23.84,23.24,23.54,23.4,22.35,22.29
2026-06-08 14:00:00,826.5,390.8,100.9,16.8,202.2,73.8,27.5,14.4,0.892,HIGH_PRODUCTION,False,8.5,24.01,22.94,23.6,22.88,23.65,22.54
2026-06-08 14:15:00,820.6,392.9,99.4,16.4,197.6,72.3,27.6,14.4,0.854,HIGH_PRODUCTION,False,8.5,24.26,23.03,24.16,22.82,24.34,22.25
2026-06-08 14:30:00,821.1,390.3,100.9,16.8,197.3,73.8,27.7,14.4,0.892,HIGH_PRODUCTION,False,8.5,24.7,24.01,23.0,22.34,23.73,23.06
2026-06-08 14:45:00,850.4,403.6,103.7,17.3,208.2,75.5,27.8,14.4,0.935,HIGH_PRODUCTION,False,8.5,23.15,23.06,23.7,22.83,23.71,22.6
2026-06-08 15:00:00,846.3,401.0,104.6,17.0,207.1,74.4,27.9,14.4,0.907,HIGH_PRODUCTION,False,8.5,24.11,23.46,24.45,22.98,24.38,22.47
2026-06-08 15:15:00,850.4,408.9,103.7,17.2,203.0,75.2,27.9,14.4,0.929,HIGH_PRODUCTION,False,8.5,23.61,23.91,24.06,22.46,24.1,22.89
2026-06-08 15:30:00,867.8,409.2,103.8,17.3,219.7,75.5,28.0,14.4,0.936,HIGH_PRODUCTION,False,8.5,24.09,23.59,23.31,21.37,23.24,22.75
2026-06-08 15:45:00,875.8,417.5,106.9,17.6,214.7,76.6,28.1,14.4,0.964,HIGH_PRODUCTION,False,8.5,24.2,23.27,24.21,22.36,23.72,22.24
2026-06-08 16:00:00,864.0,413.3,103.5,17.3,212.0,75.4,28.2,14.4,0.932,HIGH_PRODUCTION,False,8.5,24.06,23.53,23.49,22.35,23.45,22.95
2026-06-08 16:15:00,871.8,419.8,102.7,17.1,214.6,74.9,28.3,14.4,0.92,HIGH_PRODUCTION,False,8.5,24.14,23.19,23.44,22.7,24.15,23.13
2026-06-08 16:30:00,876.2,413.9,104.7,17.5,221.4,76.0,28.4,14.4,0.95,HIGH_PRODUCTION,False,8.5,23.62,22.99,23.65,22.25,23.83,22.3
2026-06-08 16:45:00,881.6,427.7,107.3,17.6,209.7,76.4,28.5,14.4,0.959,HIGH_PRODUCTION,False,8.5,23.73,22.74,23.86,23.34,23.59,22.68
2026-06-08 17:00:00,876.0,416.5,108.0,18.0,212.9,78.0,28.2,14.4,1.0,HIGH_PRODUCTION,False,11.0,25.42,21.95,23.65,22.34,23.67,22.59
2026-06-08 17:15:00,834.7,397.7,100.6,16.8,203.8,73.6,27.7,14.4,0.888,HIGH_PRODUCTION,False,11.0,23.98,23.52,22.97,21.74,24.76,22.45
2026-06-08 17:30:00,812.4,376.5,101.2,16.9,202.2,74.0,27.3,14.4,0.898,HIGH_PRODUCTION,False,11.0,24.96,23.56,22.82,21.89,23.57,22.64
2026-06-08 17:45:00,775.0,366.4,95.7,16.0,184.9,70.8,26.8,14.4,0.814,HIGH_PRODUCTION,False,11.0,24.72,24.15,23.35,22.7,23.13,23.06
2026-06-08 18:00:00,759.5,359.9,95.1,15.9,177.5,70.3,26.4,14.4,0.804,HIGH_PRODUCTION,False,11.0,23.73,23.08,23.94,22.07,24.61,22.08
2026-06-08 18:15:00,729.9,339.2,94.4,15.6,171.0,69.3,26.0,14.4,0.778,HIGH_PRODUCTION,False,11.0,23.69,23.06,23.83,23.18,24.33,22.53
2026-06-08 18:30:00,703.1,328.0,89.1,14.9,164.2,66.8,25.5,14.4,0.714,HIGH_PRODUCTION,False,11.0,23.28,23.0,23.48,21.4,23.69,23.47
2026-06-08 18:45:00,676.2,312.3,86.1,14.4,158.9,65.0,25.1,14.4,0.667,HIGH_PRODUCTION,False,11.0,24.03,22.04,23.86,22.19,24.62,21.84
2026-06-08 19:00:00,639.9,289.6,87.0,14.4,144.9,64.9,24.6,14.4,0.665,HIGH_PRODUCTION,False,11.0,23.11,23.5,23.64,23.19,24.2,22.4
2026-06-08 19:15:00,626.8,278.6,87.2,14.6,142.1,65.7,24.2,14.4,0.685,HIGH_PRODUCTION,False,11.0,23.43,23.95,23.58,22.49,23.55,23.04
2026-06-08 19:30:00,602.8,258.9,83.4,14.0,144.9,63.5,23.8,14.4,0.627,HIGH_PRODUCTION,False,11.0,23.68,22.79,23.55,22.22,23.93,22.46
2026-06-08 19:45:00,582.1,256.3,82.8,13.9,128.3,63.1,23.3,14.4,0.618,HIGH_PRODUCTION,False,11.0,24.18,22.99,23.09,22.93,23.51,22.37
2026-06-08 20:00:00,550.4,238.1,82.4,13.6,117.0,62.0,22.9,14.4,0.591,HIGH_PRODUCTION,False,11.0,23.01,23.44,24.24,22.22,23.55,22.09
2026-06-08 20:15:00,507.9,217.4,75.0,12.6,107.6,58.5,22.4,14.4,0.5,HIGH_PRODUCTION,False,11.0,22.98,23.93,23.68,22.08,23.07,23.42
2026-06-08 20:30:00,479.4,201.0,69.4,11.7,105.7,55.2,22.0,14.4,0.416,HIGH_PRODUCTION,False,11.0,23.18,22.4,22.69,22.37,23.44,22.8
2026-06-08 20:45:00,470.3,188.5,74.5,12.5,100.7,58.2,21.6,14.4,0.492,HIGH_PRODUCTION,False,11.0,23.42,23.34,22.31,22.85,23.41,23.17
2026-06-08 21:00:00,277.0,85.2,56.5,9.6,45.2,47.6,18.6,14.4,0.22,HIGH_PRODUCTION,False,6.5,23.04,23.61,22.38,22.15,23.37,22.74
2026-06-08 21:15:00,267.0,86.5,53.1,9.0,39.9,45.5,18.6,14.4,0.168,HIGH_PRODUCTION,False,6.5,23.33,23.07,22.43,21.67,23.62,22.24
2026-06-08 21:30:00,277.7,81.5,59.8,10.1,43.8,49.5,18.6,14.4,0.27,HIGH_PRODUCTION,False,6.5,23.85,23.22,23.41,20.83,22.3,22.38
2026-06-08 21:45:00,282.0,92.5,55.6,9.4,44.4,47.0,18.6,14.4,0.206,HIGH_PRODUCTION,False,6.5,23.71,22.49,22.95,21.75,23.74,22.3
2026-06-08 22:00:00,290.1,76.4,58.7,9.9,29.6,48.9,18.6,48.0,0.253,HIGH_PRODUCTION,False,6.5,22.91,23.45,22.77,21.64,23.89,22.43
2026-06-08 22:15:00,318.5,83.0,57.7,9.8,53.2,48.3,18.6,48.0,0.238,HIGH_PRODUCTION,False,6.5,23.9,24.02,22.78,21.14,23.36,22.58
2026-06-08 22:30:00,316.6,88.9,59.6,10.1,42.0,49.4,18.6,48.0,0.267,HIGH_PRODUCTION,False,6.5,23.56,23.07,22.17,22.59,23.62,22.44
2026-06-08 22:45:00,309.3,82.2,55.5,9.4,48.7,47.0,18.6,48.0,0.204,HIGH_PRODUCTION,False,6.5,22.52,23.6,22.69,22.32,23.46,22.49
2026-06-08 23:00:00,304.2,85.5,53.5,9.1,43.8,45.8,18.6,48.0,0.174,HIGH_PRODUCTION,False,6.5,22.97,23.05,22.77,20.86,23.44,22.95
2026-06-08 23:15:00,309.6,81.5,55.5,9.4,49.7,47.0,18.6,48.0,0.205,HIGH_PRODUCTION,False,6.5,23.18,22.55,22.73,22.24,23.04,22.37
2026-06-08 23:30:00,311.3,92.4,55.0,9.3,41.3,46.7,18.6,48.0,0.197,HIGH_PRODUCTION,False,6.5,22.81,23.11,22.13,21.22,22.83,22.03
2026-06-08 23:45:00,311.0,89.5,56.1,9.5,42.0,47.3,18.6,48.0,0.214,HIGH_PRODUCTION,False,6.5,22.84,23.44,22.24,21.78,23.59,23.73
2026-06-09 00:00:00,243.9,39.8,53.3,9.0,30.3,45.7,17.9,48.0,0.171,NORMAL,False,6.5,24.27,22.24,22.28,21.59,23.34,22.38
2026-06-09 00:15:00,232.8,42.0,49.1,8.4,24.3,43.2,17.9,48.0,0.107,NORMAL,False,6.5,23.03,23.56,22.61,21.14,22.86,22.42
2026-06-09 00:30:00,231.7,42.8,49.1,8.4,22.3,43.2,17.9,48.0,0.108,NORMAL,False,6.5,23.54,23.09,22.72,22.35,23.31,22.17
2026-06-09 00:45:00,251.0,52.8,51.7,8.8,27.0,44.7,17.9,48.0,0.147,NORMAL,False,6.5,22.76,22.03,22.4,21.86,23.61,23.14
2026-06-09 01:00:00,242.7,44.8,54.6,9.3,21.6,46.5,17.9,48.0,0.191,NORMAL,False,6.5,23.61,23.91,23.66,22.21,23.91,22.45
2026-06-09 01:15:00,249.2,50.8,53.1,9.0,24.8,45.6,17.9,48.0,0.169,NORMAL,False,6.5,22.84,22.96,21.52,22.56,23.44,22.78
2026-06-09 01:30:00,250.8,43.8,54.8,9.3,30.5,46.5,17.9,48.0,0.193,NORMAL,False,6.5,22.61,24.26,23.28,21.84,24.27,21.97
2026-06-09 01:45:00,225.4,43.2,48.2,8.2,17.1,42.7,17.9,48.0,0.094,NORMAL,False,6.5,23.39,23.29,23.6,20.82,24.33,22.25
2026-06-09 02:00:00,235.9,46.3,49.7,8.5,21.9,43.6,17.9,48.0,0.117,NORMAL,False,6.5,23.34,22.48,23.01,21.31,22.93,22.27
2026-06-09 02:15:00,229.6,39.2,52.0,8.8,18.8,44.9,17.9,48.0,0.151,NORMAL,False,6.5,23.53,23.59,22.53,21.16,23.58,22.78
2026-06-09 02:30:00,229.3,44.3,50.5,8.6,16.0,44.0,17.9,48.0,0.128,NORMAL,False,6.5,23.05,22.66,23.01,20.85,22.75,22.37
2026-06-09 02:45:00,234.9,41.8,50.7,8.6,23.7,44.1,17.9,48.0,0.132,NORMAL,False,6.5,22.96,22.84,22.73,21.33,24.28,22.78
2026-06-09 03:00:00,239.6,45.8,52.1,8.9,21.9,45.0,17.9,48.0,0.154,NORMAL,False,6.5,23.79,22.75,23.07,21.71,24.29,23.19
2026-06-09 03:15:00,239.6,47.2,52.9,9.0,19.1,45.4,17.9,48.0,0.165,NORMAL,False,6.5,23.11,23.89,22.74,21.5,23.32,21.94
2026-06-09 03:30:00,247.0,45.6,54.1,9.2,26.1,46.1,17.9,48.0,0.183,NORMAL,False,6.5,22.57,23.12,23.29,20.64,24.56,22.34
2026-06-09 03:45:00,236.8,48.6,53.3,9.1,14.2,45.7,17.9,48.0,0.172,NORMAL,False,6.5,23.34,23.55,22.97,22.59,23.81,23.53
2026-06-09 04:00:00,255.7,44.0,57.1,9.7,31.1,47.9,17.9,48.0,0.228,NORMAL,False,6.5,22.99,23.82,22.79,22.3,23.22,22.88
2026-06-09 04:15:00,240.0,43.5,52.8,9.0,23.5,45.4,17.9,48.0,0.163,NORMAL,False,6.5,23.66,21.97,22.65,21.9,23.66,23.03
2026-06-09 04:30:00,247.3,49.2,54.2,9.2,22.6,46.2,17.9,48.0,0.185,NORMAL,False,6.5,22.08,23.35,22.56,21.27,23.72,23.17
2026-06-09 04:45:00,230.2,40.8,53.6,9.1,14.8,45.9,17.9,48.0,0.176,NORMAL,False,6.5,23.65,23.01,22.36,21.39,23.97,22.53
2026-06-09 05:00:00,250.3,46.5,53.5,9.1,29.4,45.8,17.9,48.0,0.175,NORMAL,False,6.5,22.94,23.22,23.33,21.06,23.53,22.47
2026-06-09 05:15:00,240.3,47.3,49.3,8.4,26.1,43.3,17.9,48.0,0.11,NORMAL,False,6.5,23.42,23.55,22.54,21.56,23.74,22.71
2026-06-09 05:30:00,229.9,40.4,50.0,8.5,21.4,43.7,17.9,48.0,0.121,NORMAL,False,6.5,23.64,23.62,22.74,20.9,23.48,22.63
2026-06-09 05:45:00,229.3,43.4,49.1,8.4,19.2,43.2,17.9,48.0,0.108,NORMAL,False,6.5,23.43,23.12,21.81,21.8,23.5,22.79
2026-06-09 06:00:00,209.6,55.0,50.4,8.6,19.4,43.9,17.9,14.4,0.127,NORMAL,False,6.5,22.88,23.05,22.73,21.56,23.33,22.36
2026-06-09 06:15:00,227.9,57.9,53.8,9.1,28.2,46.0,18.5,14.4,0.179,NORMAL,False,6.5,24.86,23.26,22.02,22.14,23.1,23.01
2026-06-09 06:30:00,274.8,73.0,61.1,10.3,46.5,50.3,19.1,14.4,0.29,NORMAL,False,6.5,23.63,23.57,23.07,21.63,23.89,23.19
2026-06-09 06:45:00,289.4,84.6,62.7,10.6,46.3,51.2,19.7,14.4,0.313,NORMAL,False,6.5,23.48,23.22,22.94,21.25,23.55,22.7
2026-06-09 07:00:00,311.2,99.7,64.0,10.8,50.0,52.0,20.3,14.4,0.334,NORMAL,False,6.5,23.79,23.43,22.98,21.22,24.5,22.53
2026-06-09 07:15:00,339.1,113.0,66.1,11.1,60.5,53.2,20.9,14.4,0.365,NORMAL,False,6.5,24.21,23.8,23.16,21.88,23.92,22.65
2026-06-09 07:30:00,360.2,125.2,69.2,11.6,63.2,55.1,21.4,14.4,0.412,NORMAL,False,6.5,23.62,23.23,23.3,21.68,23.98,22.17
2026-06-09 07:45:00,389.8,137.2,71.0,11.9,77.1,56.1,22.0,14.4,0.439,NORMAL,False,6.5,24.03,22.65,22.68,22.65,23.35,22.54
2026-06-09 08:00:00,422.7,158.1,77.8,13.1,76.6,60.1,22.6,14.4,0.542,NORMAL,False,8.5,24.02,23.43,23.19,21.89,23.26,23.31
2026-06-09 08:15:00,438.9,162.5,79.2,13.3,85.3,61.0,23.2,14.4,0.564,NORMAL,False,8.5,23.53,22.61,23.27,21.97,23.19,21.93
2026-06-09 08:30:00,467.5,183.0,82.0,13.7,88.0,62.6,23.8,14.4,0.606,NORMAL,False,8.5,23.29,23.51,23.19,22.52,23.59,22.29
2026-06-09 08:45:00,509.6,197.8,86.2,14.4,107.2,65.1,24.4,14.4,0.67,NORMAL,False,8.5,23.34,23.66,23.14,22.84,23.14,22.36
2026-06-09 09:00:00,517.9,200.6,91.5,15.3,102.9,68.2,25.0,14.4,0.75,NORMAL,False,8.5,23.92,24.14,23.26,22.95,23.25,22.94
2026-06-09 09:15:00,534.1,211.1,90.2,15.1,110.6,67.5,25.2,14.4,0.731,NORMAL,False,8.5,23.22,23.43,23.83,22.13,23.23,22.48
2026-06-09 09:30:00,557.8,224.7,91.1,15.2,119.3,67.7,25.4,14.4,0.736,NORMAL,False,8.5,23.73,24.06,23.02,23.08,23.2,22.76
2026-06-09 09:45:00,560.5,227.3,90.7,15.2,119.6,67.8,25.6,14.4,0.737,NORMAL,False,8.5,24.16,23.43,23.11,22.69,24.65,22.96
2026-06-09 10:00:00,563.5,234.6,92.4,15.0,114.1,67.2,25.8,14.4,0.723,NORMAL,False,8.5,24.1,22.71,23.07,23.45,23.59,22.35
2026-06-09 10:15:00,577.0,232.6,92.8,15.5,126.7,69.0,26.0,14.4,0.77,NORMAL,False,8.5,24.55,23.25,22.64,22.7,23.53,23.5
2026-06-09 10:30:00,590.9,239.0,98.3,16.4,124.2,72.3,26.2,14.4,0.853,NORMAL,False,8.5,23.6,23.16,23.72,22.1,23.89,22.64
2026-06-09 10:45:00,587.7,246.3,96.0,16.0,117.5,70.9,26.5,14.4,0.819,NORMAL,False,8.5,24.06,22.95,23.2,22.42,23.72,22.53
2026-06-09 11:00:00,598.0,249.9,97.3,16.0,123.1,70.6,26.7,14.4,0.811,NORMAL,False,8.5,23.83,22.82,24.29,22.48,23.83,22.5
2026-06-09 11:15:00,626.3,260.3,97.8,16.3,138.7,72.0,26.9,14.4,0.845,NORMAL,False,8.5,23.55,23.11,22.23,21.95,24.49,23.17
2026-06-09 11:30:00,634.7,267.9,101.4,16.8,133.5,73.6,27.1,14.4,0.887,NORMAL,False,8.5,23.84,22.75,24.14,22.6,25.01,22.58
2026-06-09 11:45:00,638.2,264.2,102.9,17.2,137.2,75.0,27.3,14.4,0.923,NORMAL,False,8.5,24.96,22.77,23.37,22.09,23.16,23.11
2026-06-09 12:00:00,605.6,254.6,99.2,16.6,121.1,72.8,26.9,14.4,0.867,NORMAL,False,8.5,23.11,23.9,23.37,22.81,24.07,23.45
2026-06-09 12:15:00,610.6,252.7,98.2,16.4,129.7,72.2,26.9,14.4,0.852,NORMAL,False,8.5,24.12,22.74,23.6,22.34,23.08,23.09
2026-06-09 12:30:00,619.1,257.6,97.2,16.2,135.2,71.6,26.9,14.4,0.836,NORMAL,False,8.5,24.62,23.23,23.54,22.28,23.98,23.43
2026-06-09 12:45:00,610.1,249.6,99.3,16.6,130.5,72.9,26.9,14.4,0.868,NORMAL,False,8.5,23.35,22.82,23.44,22.18,23.23,21.82
2026-06-09 13:00:00,608.6,255.8,98.3,16.4,124.7,72.1,26.9,14.4,0.848,NORMAL,False,8.5,23.62,23.29,23.3,23.06,23.67,23.1
2026-06-09 13:15:00,621.2,257.3,97.9,16.4,136.3,72.0,26.9,14.4,0.847,NORMAL,False,8.5,23.4,23.2,23.14,22.71,23.08,22.76
2026-06-09 13:30:00,603.1,253.9,98.2,16.1,122.3,71.3,26.9,14.4,0.827,NORMAL,False,8.5,24.0,23.34,24.27,21.75,23.29,24.15
2026-06-09 13:45:00,599.0,248.0,96.9,16.2,125.1,71.5,26.9,14.4,0.833,NORMAL,False,8.5,22.61,23.37,23.9,22.04,23.51,23.21
2026-06-09 14:00:00,644.9,270.8,100.9,16.8,140.5,73.8,27.5,14.4,0.893,NORMAL,False,8.5,23.7,23.12,22.94,22.68,23.69,23.04
2026-06-09 14:15:00,652.6,277.8,99.3,16.5,144.3,72.7,27.6,14.4,0.863,NORMAL,False,8.5,24.28,23.09,23.45,23.06,23.4,23.43
2026-06-09 14:30:00,649.1,272.3,100.3,16.7,144.2,73.5,27.7,14.4,0.884,NORMAL,False,8.5,22.97,23.8,23.62,22.19,24.35,22.33
2026-06-09 14:45:00,637.9,266.7,101.7,16.8,137.1,73.6,27.8,14.4,0.887,NORMAL,False,8.5,24.01,23.81,23.67,23.19,24.33,22.77
2026-06-09 15:00:00,665.8,277.8,106.9,17.5,145.4,76.0,27.9,14.4,0.95,NORMAL,False,8.5,23.36,23.12,23.81,23.37,23.5,22.46
2026-06-09 15:15:00,667.3,280.6,103.3,17.2,148.6,75.2,27.9,14.4,0.929,NORMAL,False,8.5,24.64,22.88,23.67,22.84,23.58,23.2
2026-06-09 15:30:00,658.2,282.7,105.9,17.4,133.8,75.9,28.0,14.4,0.946,NORMAL,False,8.5,24.32,22.97,23.32,23.25,24.1,22.27
2026-06-09 15:45:00,675.8,285.9,103.3,17.2,151.5,75.2,28.1,14.4,0.929,NORMAL,False,8.5,24.6,23.22,23.67,21.11,23.58,22.95
2026-06-09 16:00:00,678.9,292.0,104.5,17.4,146.4,75.9,28.2,14.4,0.947,NORMAL,False,8.5,24.05,22.62,23.53,22.01,22.86,22.24
2026-06-09 16:15:00,677.7,288.9,106.6,17.6,145.2,76.7,28.3,14.4,0.967,NORMAL,False,8.5,23.9,22.39,24.13,21.57,23.51,22.76
2026-06-09 16:30:00,682.3,290.6,102.6,17.0,154.6,74.5,28.4,14.4,0.912,NORMAL,False,8.5,23.69,22.9,23.21,23.08,23.17,22.92
2026-06-09 16:45:00,690.3,293.7,106.0,17.7,153.2,76.8,28.5,14.4,0.969,NORMAL,False,8.5,24.56,23.2,23.88,21.91,22.47,22.98
2026-06-09 17:00:00,661.1,282.4,103.7,17.3,139.8,75.4,28.2,14.4,0.934,NORMAL,False,11.0,24.87,23.05,23.83,22.92,24.64,22.62
2026-06-09 17:15:00,659.7,270.8,112.8,17.6,139.9,76.5,27.7,14.4,0.962,NORMAL,False,11.0,24.37,23.52,25.21,22.82,23.14,22.69
2026-06-09 17:30:00,636.8,266.3,101.4,16.6,138.0,72.9,27.3,14.4,0.869,NORMAL,False,11.0,23.75,22.56,24.34,22.69,23.65,23.14
2026-06-09 17:45:00,615.3,252.2,99.3,16.6,133.2,72.8,26.8,14.4,0.867,NORMAL,False,11.0,24.11,23.6,23.92,22.62,23.65,23.53
2026-06-09 18:00:00,601.6,244.8,96.4,16.1,132.3,71.2,26.4,14.4,0.825,NORMAL,False,11.0,23.69,22.84,23.31,22.24,23.02,22.42
2026-06-09 18:15:00,574.1,233.0,94.5,15.8,120.5,70.0,26.0,14.4,0.795,NORMAL,False,11.0,22.65,23.56,23.17,22.68,23.73,22.64
2026-06-09 18:30:00,559.1,221.3,93.7,15.7,118.9,69.6,25.5,14.4,0.784,NORMAL,False,11.0,23.93,23.78,23.91,22.77,22.84,23.29
2026-06-09 18:45:00,522.5,212.6,86.9,14.5,103.4,65.5,25.1,14.4,0.68,NORMAL,False,11.0,23.22,24.19,22.84,22.89,23.76,22.49
2026-06-09 19:00:00,509.7,202.5,86.5,14.5,101.9,65.3,24.6,14.4,0.675,NORMAL,False,11.0,23.27,23.0,23.77,22.44,22.96,23.13
2026-06-09 19:15:00,498.5,196.9,87.1,14.4,96.7,64.9,24.2,14.4,0.663,NORMAL,False,11.0,23.71,22.62,24.22,22.29,23.66,22.5
2026-06-09 19:30:00,465.1,180.8,79.0,13.2,93.1,60.8,23.8,14.4,0.56,NORMAL,False,11.0,23.33,23.83,23.59,22.04,24.35,23.04
2026-06-09 19:45:00,448.4,175.7,80.4,13.5,79.4,61.7,23.3,14.4,0.582,NORMAL,False,11.0,23.28,23.18,23.35,21.35,23.58,22.52
2026-06-09 20:00:00,430.3,162.2,76.9,12.9,81.5,59.5,22.9,14.4,0.526,NORMAL,False,11.0,23.39,23.64,23.11,23.03,23.99,22.45
2026-06-09 20:15:00,405.2,150.4,76.9,12.9,68.6,59.6,22.4,14.4,0.529,NORMAL,False,11.0,22.97,22.75,23.36,22.75,22.56,23.35
2026-06-09 20:30:00,380.3,139.0,67.0,11.3,72.8,53.8,22.0,14.4,0.379,NORMAL,False,11.0,22.69,23.1,22.92,22.27,23.34,22.06
2026-06-09 20:45:00,368.9,129.8,71.1,12.0,63.9,56.2,21.6,14.4,0.441,NORMAL,False,11.0,23.13,23.58,22.72,21.59,23.36,23.17
2026-06-09 21:00:00,232.4,54.9,57.0,9.7,30.0,47.9,18.6,14.4,0.228,NORMAL,False,6.5,24.34,23.17,23.39,22.29,23.27,22.58
2026-06-09 21:15:00,222.6,57.0,54.0,9.2,23.4,46.1,18.6,14.4,0.181,NORMAL,False,6.5,23.02,22.68,22.57,21.98,23.49,21.62
2026-06-09 21:30:00,243.2,63.0,55.7,9.4,35.1,47.1,18.6,14.4,0.207,NORMAL,False,6.5,23.5,23.19,22.36,21.87,23.33,21.99
2026-06-09 21:45:00,227.4,50.3,57.1,9.7,29.5,47.9,18.6,14.4,0.228,NORMAL,False,6.5,22.97,23.66,22.53,22.1,23.31,22.46
2026-06-09 22:00:00,280.8,64.1,55.4,9.4,38.4,46.9,18.6,48.0,0.203,NORMAL,False,6.5,23.04,23.94,22.16,21.46,23.11,22.28
2026-06-09 22:15:00,262.1,54.8,53.8,9.1,31.9,46.0,18.6,48.0,0.179,NORMAL,False,6.5,22.85,22.48,23.37,22.28,23.5,21.86
2026-06-09 22:30:00,265.0,55.7,56.3,9.5,29.5,47.4,18.6,48.0,0.216,NORMAL,False,6.5,22.23,22.9,23.57,21.65,24.31,22.89
2026-06-09 22:45:00,271.2,59.9,54.9,9.3,33.8,46.6,18.6,48.0,0.196,NORMAL,False,6.5,22.76,22.57,23.49,21.25,24.1,22.34
2026-06-09 23:00:00,262.8,62.5,54.0,9.2,24.5,46.1,18.6,48.0,0.182,NORMAL,False,6.5,23.5,22.03,22.94,20.48,23.44,22.98
2026-06-09 23:15:00,268.1,62.1,52.9,9.0,32.1,45.4,18.6,48.0,0.165,NORMAL,False,6.5,22.85,23.14,21.68,21.69,23.71,22.41
2026-06-09 23:30:00,269.7,59.8,54.1,9.2,33.8,46.2,18.6,48.0,0.184,NORMAL,False,6.5,22.25,23.12,22.24,21.43,23.79,23.26
2026-06-09 23:45:00,258.0,59.6,52.3,8.9,25.5,45.1,18.6,48.0,0.157,NORMAL,False,6.5,23.31,23.02,23.3,21.42,23.43,23.08
2026-06-10 00:00:00,259.2,44.1,74.1,9.6,17.7,47.8,17.9,48.0,0.227,HOT,False,6.5,25.23,25.54,25.45,24.41,25.97,24.98
2026-06-10 00:15:00,257.6,44.4,69.2,9.5,21.2,47.4,17.9,48.0,0.215,HOT,False,6.5,25.65,25.86,25.09,24.08,25.84,24.29
2026-06-10 00:30:00,263.2,48.9,70.5,9.2,22.5,46.2,17.9,48.0,0.185,HOT,False,6.5,25.12,25.27,24.77,24.94,25.62,25.34
2026-06-10 00:45:00,243.2,46.9,60.2,8.4,18.6,43.2,17.9,48.0,0.109,HOT,False,6.5,24.95,25.96,24.5,24.33,26.09,25.22
2026-06-10 01:00:00,250.8,50.6,58.8,8.5,23.3,43.7,17.9,48.0,0.121,HOT,False,6.5,26.0,25.22,23.77,24.47,25.52,25.27
2026-06-10 01:15:00,257.0,49.6,65.2,9.1,21.1,46.0,17.9,48.0,0.18,HOT,False,6.5,25.79,26.35,24.68,24.21,26.39,24.96
2026-06-10 01:30:00,278.5,50.0,81.2,9.5,24.6,47.3,17.9,48.0,0.212,HOT,False,6.5,26.82,25.7,25.53,24.85,25.47,24.41
2026-06-10 01:45:00,254.5,47.3,62.7,8.7,25.2,44.6,17.9,48.0,0.143,HOT,False,6.5,25.68,24.35,25.08,23.8,26.5,25.54
2026-06-10 02:00:00,256.1,42.0,72.6,8.3,24.1,43.1,17.9,48.0,0.105,HOT,False,6.5,25.92,25.85,25.75,25.19,25.19,24.84
2026-06-10 02:15:00,242.4,40.1,59.7,8.8,23.0,44.9,17.9,48.0,0.15,HOT,False,6.5,25.56,26.06,24.63,23.66,25.53,24.86
2026-06-10 02:30:00,254.0,42.7,68.7,8.8,23.2,44.7,17.9,48.0,0.145,HOT,False,6.5,25.28,25.98,25.14,24.71,25.95,25.03
2026-06-10 02:45:00,264.4,45.2,67.7,9.1,30.9,45.7,17.9,48.0,0.171,HOT,False,6.5,25.5,25.81,24.8,24.59,25.76,25.48
2026-06-10 03:00:00,237.3,43.1,55.0,8.4,21.3,43.5,17.9,48.0,0.115,HOT,False,6.5,24.9,25.23,24.45,23.45,26.35,25.03
2026-06-10 03:15:00,255.0,42.9,66.0,8.6,27.5,44.2,17.9,48.0,0.132,HOT,False,6.5,26.48,25.17,24.5,24.56,25.93,26.06
2026-06-10 03:30:00,254.9,34.9,72.6,9.2,26.2,46.1,17.9,48.0,0.182,HOT,False,6.5,25.46,25.18,25.59,24.51,25.35,24.49
2026-06-10 03:45:00,261.8,47.3,60.7,8.7,34.6,44.5,17.9,48.0,0.142,HOT,False,6.5,25.59,24.7,24.62,23.93,25.71,25.1
2026-06-10 04:00:00,236.3,41.9,61.3,8.8,13.5,44.8,17.9,48.0,0.149,HOT,False,6.5,26.24,25.13,24.34,24.0,25.25,25.05
2026-06-10 04:15:00,260.8,42.8,70.8,9.4,25.0,46.9,17.9,48.0,0.202,HOT,False,6.5,25.47,24.74,25.69,23.88,26.61,24.69
2026-06-10 04:30:00,257.8,39.2,71.9,9.0,26.2,45.5,17.9,48.0,0.168,HOT,False,6.5,26.09,25.51,25.47,24.57,26.15,24.98
2026-06-10 04:45:00,244.8,43.4,66.8,8.8,14.9,44.9,17.9,48.0,0.151,HOT,False,6.5,25.47,26.18,24.47,25.0,26.03,25.2
2026-06-10 05:00:00,249.0,40.6,58.6,8.8,30.4,44.7,17.9,48.0,0.146,HOT,False,6.5,25.84,25.88,25.08,23.08,25.27,26.07
2026-06-10 05:15:00,254.8,43.9,66.1,8.5,26.5,43.8,17.9,48.0,0.122,HOT,False,6.5,25.56,25.85,24.74,24.94,26.07,25.27
2026-06-10 05:30:00,261.4,45.9,70.3,9.3,23.3,46.7,17.9,48.0,0.197,HOT,False,6.5,25.67,26.42,24.93,24.62,26.3,24.52
2026-06-10 05:45:00,247.4,45.6,63.5,8.5,20.0,43.9,17.9,48.0,0.124,HOT,False,6.5,25.83,25.61,25.11,24.11,25.99,24.85
2026-06-10 06:00:00,238.0,46.0,77.1,9.7,24.9,48.0,17.9,14.4,0.23,HOT,False,6.5,25.07,25.28,25.02,25.3,25.41,25.28
2026-06-10 06:15:00,240.7,58.0,70.1,9.7,21.9,48.1,18.5,14.4,0.233,HOT,False,6.5,26.39,25.34,25.38,23.35,26.12,24.67
2026-06-10 06:30:00,282.9,77.1,68.2,9.9,45.3,48.9,19.1,14.4,0.254,HOT,False,6.5,24.96,25.65,24.69,23.88,26.65,25.37
2026-06-10 06:45:00,312.0,90.0,79.4,10.1,49.1,49.3,19.7,14.4,0.264,HOT,False,6.5,26.57,24.85,25.69,24.07,25.61,25.39
2026-06-10 07:00:00,326.2,93.5,83.9,10.9,51.0,52.3,20.3,14.4,0.34,HOT,False,6.5,25.97,25.87,25.56,24.68,26.2,25.52
2026-06-10 07:15:00,350.9,111.7,80.4,10.8,60.6,52.2,20.9,14.4,0.338,HOT,False,6.5,26.04,26.42,25.17,24.47,26.48,24.07
2026-06-10 07:30:00,378.2,129.7,85.3,10.9,64.3,52.2,21.4,14.4,0.338,HOT,False,6.5,25.42,26.15,25.91,24.59,26.54,25.21
2026-06-10 07:45:00,429.1,146.4,100.8,12.3,75.7,57.5,22.0,14.4,0.474,HOT,False,6.5,25.75,26.27,26.33,25.26,25.94,24.67
2026-06-10 08:00:00,435.4,157.8,95.0,12.9,73.2,59.5,22.6,14.4,0.527,HOT,False,8.5,25.82,25.87,25.09,24.95,26.85,25.97
2026-06-10 08:15:00,471.4,165.8,111.3,13.3,82.2,61.2,23.2,14.4,0.568,HOT,False,8.5,27.25,25.24,25.65,25.39,26.48,26.41
2026-06-10 08:30:00,506.5,180.9,108.8,14.2,100.4,64.2,23.8,14.4,0.645,HOT,False,8.5,25.68,25.6,25.74,25.29,26.5,25.42
2026-06-10 08:45:00,545.2,196.2,115.2,15.6,110.3,69.2,24.4,14.4,0.775,HOT,False,8.5,26.78,25.78,25.28,24.61,26.13,24.97
2026-06-10 09:00:00,551.7,214.1,119.0,15.2,96.4,67.8,25.0,14.4,0.737,HOT,False,8.5,26.31,25.12,26.55,24.86,25.36,25.58
2026-06-10 09:15:00,550.2,217.2,107.2,14.7,105.5,66.0,25.2,14.4,0.692,HOT,False,8.5,26.28,26.07,25.57,24.41,26.57,24.97
2026-06-10 09:30:00,569.5,213.9,115.1,14.7,119.9,66.0,25.4,14.4,0.693,HOT,False,8.5,26.71,25.83,26.29,24.57,25.81,25.89
2026-06-10 09:45:00,592.3,227.6,119.7,15.7,119.5,69.8,25.6,14.4,0.79,HOT,False,8.5,26.88,25.39,25.54,24.84,25.59,24.76
2026-06-10 10:00:00,593.0,233.9,123.7,15.1,112.4,67.7,25.8,14.4,0.735,HOT,False,8.5,26.72,25.95,26.64,25.17,26.75,25.46
2026-06-10 10:15:00,606.9,232.1,122.4,15.6,126.9,69.4,26.0,14.4,0.78,HOT,False,8.5,26.42,25.61,26.16,25.25,26.43,25.15
2026-06-10 10:30:00,605.8,246.3,114.0,16.0,118.2,70.6,26.2,14.4,0.81,HOT,False,8.5,25.96,25.65,25.1,24.99,26.14,24.96
2026-06-10 10:45:00,621.5,242.3,127.5,16.2,123.0,71.7,26.5,14.4,0.838,HOT,False,8.5,27.6,26.29,25.99,24.44,25.57,25.05
2026-06-10 11:00:00,633.1,257.3,117.1,16.1,130.3,71.1,26.7,14.4,0.824,HOT,False,8.5,26.44,25.99,25.37,24.65,26.17,25.15
2026-06-10 11:15:00,636.3,257.6,118.5,15.9,132.8,70.3,26.9,14.4,0.802,HOT,False,8.5,26.67,26.01,25.9,24.36,27.12,24.71
2026-06-10 11:30:00,651.0,254.8,135.2,16.8,129.2,73.5,27.1,14.4,0.885,HOT,False,8.5,27.42,26.05,25.78,25.61,25.95,25.35
2026-06-10 11:45:00,658.4,260.5,128.7,16.8,137.3,73.5,27.3,14.4,0.885,HOT,False,8.5,26.75,24.91,26.31,24.65,26.91,25.09
2026-06-10 12:00:00,639.5,256.6,128.1,16.1,126.3,71.1,26.9,14.4,0.823,HOT,False,8.5,27.12,25.75,25.91,25.28,25.74,24.6
2026-06-10 12:15:00,635.9,258.6,119.4,16.0,129.6,70.9,26.9,14.4,0.817,HOT,False,8.5,26.9,26.01,25.35,24.67,25.79,26.13
2026-06-10 12:30:00,642.3,255.3,125.4,16.6,130.9,72.8,26.9,14.4,0.867,HOT,False,8.5,25.86,25.42,26.09,25.27,26.21,25.38
2026-06-10 12:45:00,650.3,256.6,125.2,16.3,139.1,71.8,26.9,14.4,0.841,HOT,False,8.5,26.3,25.87,26.21,25.11,25.66,24.75
2026-06-10 13:00:00,638.6,254.3,125.2,16.4,129.1,72.3,26.9,14.4,0.855,HOT,False,8.5,26.32,25.87,25.46,25.68,26.35,24.92
2026-06-10 13:15:00,641.4,248.8,127.8,16.8,133.0,73.7,26.9,14.4,0.889,HOT,False,8.5,26.47,25.84,26.35,24.7,26.36,25.4
2026-06-10 13:30:00,652.1,257.7,130.5,16.4,134.2,72.1,26.9,14.4,0.849,HOT,False,8.5,26.58,25.77,26.15,25.69,25.66,25.08
2026-06-10 13:45:00,659.5,257.8,137.3,16.5,133.8,72.7,26.9,14.4,0.864,HOT,False,8.5,27.91,26.07,26.6,24.88,25.76,25.1
2026-06-10 14:00:00,674.7,273.0,131.9,17.1,136.2,74.6,27.5,14.4,0.912,HOT,False,8.5,26.49,25.59,26.0,25.46,26.69,24.77
2026-06-10 14:15:00,675.3,271.7,130.4,17.1,139.2,74.9,27.6,14.4,0.921,HOT,False,8.5,26.51,26.56,25.9,25.19,26.58,24.84
2026-06-10 14:30:00,671.8,276.1,128.3,16.9,134.5,74.0,27.7,14.4,0.898,HOT,False,8.5,26.36,26.33,25.78,25.36,26.43,24.57
2026-06-10 14:45:00,681.8,273.6,128.2,17.3,144.9,75.6,27.8,14.4,0.939,HOT,False,8.5,26.37,25.79,25.48,25.19,26.75,24.88
2026-06-10 15:00:00,690.2,280.7,133.3,17.4,140.8,75.7,27.9,14.4,0.941,HOT,False,8.5,25.41,26.79,26.39,25.48,26.21,24.35
2026-06-10 15:15:00,711.4,289.0,133.8,17.5,152.8,76.0,27.9,14.4,0.95,HOT,False,8.5,26.53,25.9,25.75,25.57,25.69,26.41
2026-06-10 15:30:00,690.3,281.9,131.5,17.8,139.6,77.2,28.0,14.4,0.978,HOT,False,8.5,26.63,26.38,26.13,24.4,27.05,25.86
2026-06-10 15:45:00,689.7,285.0,124.7,17.2,145.1,75.2,28.1,14.4,0.929,HOT,False,8.5,25.7,26.25,25.31,25.26,25.86,24.57
2026-06-10 16:00:00,686.7,286.4,119.2,17.8,143.6,77.2,28.2,14.4,0.978,HOT,False,8.5,26.04,25.41,24.98,24.08,27.19,26.34
2026-06-10 16:15:00,706.9,289.2,137.6,17.5,143.9,76.1,28.3,14.4,0.951,HOT,False,8.5,27.08,25.53,26.26,25.13,26.0,25.02
2026-06-10 16:30:00,715.0,288.1,139.1,17.8,150.0,77.2,28.4,14.4,0.98,HOT,False,8.5,26.44,25.86,26.87,25.09,26.75,24.4
2026-06-10 16:45:00,726.7,292.7,136.4,18.0,158.7,78.0,28.5,14.4,1.0,HOT,False,8.5,25.72,25.75,26.93,24.81,26.19,25.47
2026-06-10 17:00:00,700.6,283.5,136.5,17.6,143.9,76.6,28.2,14.4,0.963,HOT,False,11.0,27.32,25.61,25.79,25.04,25.71,25.53
2026-06-10 17:15:00,686.8,275.4,131.1,17.3,145.6,75.3,27.7,14.4,0.931,HOT,False,11.0,26.04,26.16,25.88,25.7,26.08,25.6
2026-06-10 17:30:00,659.8,260.7,127.3,16.8,139.9,73.5,27.3,14.4,0.885,HOT,False,11.0,25.73,26.27,26.02,25.46,26.61,24.88
2026-06-10 17:45:00,652.9,255.0,131.6,16.2,137.2,71.7,26.8,14.4,0.838,HOT,False,11.0,26.97,25.66,26.52,25.22,26.4,25.06
2026-06-10 18:00:00,623.6,244.6,129.2,16.0,122.4,70.6,26.4,14.4,0.811,HOT,False,11.0,26.74,25.77,26.04,25.83,26.84,25.28
2026-06-10 18:15:00,600.3,229.5,118.5,15.5,127.3,69.1,26.0,14.4,0.773,HOT,False,11.0,26.58,26.16,26.3,24.37,26.72,25.19
2026-06-10 18:30:00,604.4,231.2,127.3,15.7,120.6,69.7,25.5,14.4,0.788,HOT,False,11.0,26.58,26.09,26.33,25.64,26.6,24.57
2026-06-10 18:45:00,550.4,208.3,109.9,14.7,111.9,66.1,25.1,14.4,0.694,HOT,False,11.0,25.82,25.96,25.69,25.0,26.58,24.93
2026-06-10 19:00:00,531.1,197.8,110.5,14.3,104.7,64.7,24.6,14.4,0.659,HOT,False,11.0,26.36,25.03,25.66,25.15,26.5,24.8
2026-06-10 19:15:00,535.3,193.0,115.2,14.3,109.5,64.6,24.2,14.4,0.657,HOT,False,11.0,26.49,25.44,25.94,25.54,26.3,24.38
2026-06-10 19:30:00,494.7,187.0,101.7,13.3,93.4,61.1,23.8,14.4,0.568,HOT,False,11.0,26.2,25.56,25.73,24.78,26.74,25.21
2026-06-10 19:45:00,475.3,169.9,106.1,13.3,87.4,60.9,23.3,14.4,0.561,HOT,False,11.0,25.84,24.76,25.81,25.7,26.4,25.51
2026-06-10 20:00:00,454.0,155.5,109.2,13.3,77.7,61.1,22.9,14.4,0.567,HOT,False,11.0,27.18,26.41,26.08,24.7,26.27,24.79
2026-06-10 20:15:00,426.3,149.7,93.5,12.6,74.9,58.7,22.4,14.4,0.505,HOT,False,11.0,25.96,24.92,25.59,24.45,25.56,24.97
2026-06-10 20:30:00,411.1,137.0,94.2,12.6,72.6,58.4,22.0,14.4,0.497,HOT,False,11.0,25.14,24.66,25.6,24.64,26.35,24.88
2026-06-10 20:45:00,406.8,132.9,99.8,11.7,71.0,55.4,21.6,14.4,0.421,HOT,False,11.0,26.78,25.46,25.48,25.74,26.03,25.4
2026-06-10 21:00:00,256.0,61.2,70.0,9.5,35.3,47.1,18.6,14.4,0.209,HOT,False,6.5,25.85,25.61,24.96,24.41,27.08,25.67
2026-06-10 21:15:00,258.4,60.4,70.1,9.1,40.1,45.8,18.6,14.4,0.174,HOT,False,6.5,25.58,26.03,25.95,23.82,25.81,26.14
2026-06-10 21:30:00,261.0,63.7,77.5,9.4,30.4,47.0,18.6,14.4,0.206,HOT,False,6.5,25.87,25.41,25.72,24.93,25.54,24.89
2026-06-10 21:45:00,249.6,60.5,69.6,9.2,31.2,46.2,18.6,14.4,0.185,HOT,False,6.5,26.23,26.11,25.0,24.33,25.45,24.61
2026-06-10 22:00:00,268.1,61.7,63.2,9.0,22.0,45.7,18.6,48.0,0.171,HOT,False,6.5,25.35,25.02,25.43,23.22,25.55,24.12
2026-06-10 22:15:00,288.5,59.5,69.0,9.4,37.1,46.8,18.6,48.0,0.201,HOT,False,6.5,26.56,26.4,24.34,24.39,25.57,24.46
2026-06-10 22:30:00,275.7,59.2,62.6,9.6,30.3,47.5,18.6,48.0,0.218,HOT,False,6.5,25.4,25.92,24.14,23.89,25.65,25.1
2026-06-10 22:45:00,280.2,57.8,69.3,9.3,30.7,46.6,18.6,48.0,0.195,HOT,False,6.5,25.74,25.83,25.31,24.09,26.26,25.47
2026-06-10 23:00:00,278.8,58.0,67.8,9.7,28.5,48.2,18.6,48.0,0.235,HOT,False,6.5,25.23,26.47,24.61,24.11,25.6,26.16
2026-06-10 23:15:00,285.3,64.2,61.4,9.2,37.5,46.4,18.6,48.0,0.189,HOT,False,6.5,25.77,25.39,25.16,22.46,26.09,25.07
2026-06-10 23:30:00,291.0,65.6,71.1,9.3,31.9,46.6,18.6,48.0,0.194,HOT,False,6.5,26.14,25.01,25.62,23.95,25.47,24.97
2026-06-10 23:45:00,285.7,61.0,72.4,9.8,27.3,48.6,18.6,48.0,0.245,HOT,False,6.5,25.42,26.1,24.97,24.41,26.18,25.4
2026-06-11 00:00:00,242.7,47.2,53.6,9.1,21.0,45.9,17.9,48.0,0.176,EQUIPMENT_FAILURE,False,6.5,24.08,22.76,21.79,21.96,23.39,22.49
2026-06-11 00:15:00,226.5,40.5,51.4,8.7,15.4,44.5,17.9,48.0,0.142,EQUIPMENT_FAILURE,False,6.5,23.12,23.78,22.69,21.05,22.94,22.61
2026-06-11 00:30:00,230.3,34.6,53.2,9.0,22.0,45.6,17.9,48.0,0.169,EQUIPMENT_FAILURE,False,6.5,23.55,22.87,22.85,21.8,23.85,22.85
2026-06-11 00:45:00,240.1,44.5,52.9,9.0,22.3,45.5,17.9,48.0,0.166,EQUIPMENT_FAILURE,False,6.5,22.99,23.07,23.07,21.74,24.3,23.11
2026-06-11 01:00:00,241.1,44.9,46.3,7.9,34.7,41.5,17.9,48.0,0.064,EQUIPMENT_FAILURE,False,6.5,22.91,22.34,22.69,21.65,23.87,23.22
2026-06-11 01:15:00,237.7,44.4,52.4,8.9,21.0,45.1,17.9,48.0,0.157,EQUIPMENT_FAILURE,False,6.5,22.53,22.77,22.5,21.98,23.07,22.4
2026-06-11 01:30:00,237.7,40.1,53.5,9.1,23.3,45.8,17.9,48.0,0.174,EQUIPMENT_FAILURE,False,6.5,23.53,23.64,22.54,22.31,22.87,21.86
2026-06-11 01:45:00,235.7,39.6,54.3,9.2,20.4,46.3,17.9,48.0,0.186,EQUIPMENT_FAILURE,False,6.5,22.92,22.82,22.62,22.01,23.32,22.29
2026-06-11 02:00:00,236.6,45.2,54.2,9.2,15.8,46.2,17.9,48.0,0.185,EQUIPMENT_FAILURE,False,6.5,23.27,22.69,23.34,21.43,24.27,23.26
2026-06-11 02:15:00,243.0,46.3,56.4,9.6,17.3,47.5,17.9,48.0,0.219,EQUIPMENT_FAILURE,False,6.5,23.46,22.9,23.24,22.11,24.22,22.23
2026-06-11 02:30:00,245.2,51.0,53.2,9.0,20.5,45.6,17.9,48.0,0.17,EQUIPMENT_FAILURE,False,6.5,23.19,23.19,22.63,21.58,23.12,22.95
2026-06-11 02:45:00,249.1,50.6,53.0,9.0,25.1,45.5,17.9,48.0,0.167,EQUIPMENT_FAILURE,False,6.5,23.42,23.05,21.94,21.05,23.16,21.48
2026-06-11 03:00:00,238.0,43.1,51.8,8.8,23.5,44.8,17.9,48.0,0.149,EQUIPMENT_FAILURE,False,6.5,22.08,22.13,22.68,22.66,23.2,22.98
2026-06-11 03:15:00,251.0,50.6,54.3,9.2,24.6,46.3,17.9,48.0,0.186,EQUIPMENT_FAILURE,False,6.5,23.05,22.71,23.43,21.75,24.1,22.21
2026-06-11 03:30:00,226.9,39.0,52.8,9.0,14.9,45.4,17.9,48.0,0.163,EQUIPMENT_FAILURE,False,6.5,23.26,22.8,22.69,21.47,24.03,22.45
2026-06-11 03:45:00,220.8,45.6,48.5,8.3,9.7,42.8,17.9,48.0,0.098,EQUIPMENT_FAILURE,False,6.5,23.43,22.45,22.77,21.69,23.5,22.75
2026-06-11 04:00:00,249.8,51.1,51.3,8.7,28.3,44.5,17.9,48.0,0.14,EQUIPMENT_FAILURE,False,6.5,23.38,23.86,23.51,20.99,23.37,21.76
2026-06-11 04:15:00,248.1,48.1,52.6,8.9,27.3,45.3,17.9,48.0,0.161,EQUIPMENT_FAILURE,False,6.5,23.28,23.74,23.3,22.27,23.78,22.37
2026-06-11 04:30:00,238.4,46.9,51.5,8.8,20.6,44.6,17.9,48.0,0.144,EQUIPMENT_FAILURE,False,6.5,23.0,23.61,23.51,21.3,23.41,22.72
2026-06-11 04:45:00,238.1,44.3,55.6,9.4,15.8,47.1,17.9,48.0,0.207,EQUIPMENT_FAILURE,False,6.5,23.46,23.33,23.63,21.52,23.52,21.94
2026-06-11 05:00:00,236.2,47.8,53.4,9.1,14.3,45.7,17.9,48.0,0.172,EQUIPMENT_FAILURE,False,6.5,23.42,22.91,22.66,22.09,22.98,22.65
2026-06-11 05:15:00,240.6,45.5,53.3,9.0,21.2,45.7,17.9,48.0,0.171,EQUIPMENT_FAILURE,False,6.5,22.37,22.99,22.12,22.42,22.97,21.73
2026-06-11 05:30:00,238.2,49.4,48.9,8.3,22.5,43.1,17.9,48.0,0.105,EQUIPMENT_FAILURE,False,6.5,23.39,22.04,22.11,21.34,23.93,23.18
2026-06-11 05:45:00,232.0,52.7,47.1,8.0,16.2,42.0,17.9,48.0,0.077,EQUIPMENT_FAILURE,False,6.5,23.29,23.76,23.21,21.82,22.93,22.26
2026-06-11 06:00:00,207.8,40.4,49.6,8.4,33.5,43.5,17.9,14.4,0.116,EQUIPMENT_FAILURE,False,6.5,23.61,22.82,22.05,22.4,23.77,22.34
2026-06-11 06:15:00,228.0,51.2,54.9,9.3,33.1,46.6,18.5,14.4,0.195,EQUIPMENT_FAILURE,False,6.5,23.93,23.51,22.47,21.48,24.28,23.29
2026-06-11 06:30:00,253.9,72.2,57.7,9.8,32.4,48.3,19.1,14.4,0.238,EQUIPMENT_FAILURE,False,6.5,22.77,23.2,22.11,21.55,23.17,22.32
2026-06-11 06:45:00,294.7,85.5,64.1,10.8,48.2,52.1,19.7,14.4,0.335,EQUIPMENT_FAILURE,False,6.5,23.65,24.0,22.82,21.63,24.48,22.31
2026-06-11 07:00:00,315.9,96.5,61.5,10.4,62.2,50.6,20.3,14.4,0.296,EQUIPMENT_FAILURE,False,6.5,23.71,23.38,23.49,22.3,24.24,22.53
2026-06-11 07:15:00,323.2,111.8,64.0,10.8,49.4,52.0,20.9,14.4,0.333,EQUIPMENT_FAILURE,False,6.5,22.69,23.38,23.71,21.99,24.1,21.6
2026-06-11 07:30:00,370.4,129.7,71.6,12.0,64.8,56.5,21.4,14.4,0.448,EQUIPMENT_FAILURE,False,6.5,22.76,22.5,23.3,22.57,23.56,22.92
2026-06-11 07:45:00,387.2,141.2,70.9,11.9,70.6,56.1,22.0,14.4,0.438,EQUIPMENT_FAILURE,False,6.5,23.81,23.44,23.47,22.18,23.05,22.98
2026-06-11 08:00:00,415.1,159.2,75.5,12.7,71.9,58.8,22.6,14.4,0.508,EQUIPMENT_FAILURE,False,8.5,23.26,23.6,22.4,21.61,23.49,23.46
2026-06-11 08:15:00,456.8,165.3,81.8,13.7,95.9,62.5,23.2,14.4,0.603,EQUIPMENT_FAILURE,False,8.5,24.4,22.59,21.96,22.19,24.24,23.48
2026-06-11 08:30:00,471.9,186.0,77.7,13.0,96.8,60.1,23.8,14.4,0.541,EQUIPMENT_FAILURE,False,8.5,23.47,22.95,23.73,22.8,24.14,21.99
2026-06-11 08:45:00,486.5,195.9,81.9,13.7,93.6,62.6,24.4,14.4,0.604,EQUIPMENT_FAILURE,False,8.5,22.69,23.7,23.13,21.58,23.58,22.86
2026-06-11 09:00:00,528.0,204.7,91.9,15.4,108.1,68.5,25.0,14.4,0.757,EQUIPMENT_FAILURE,False,8.5,24.41,23.06,23.26,22.59,23.16,22.89
2026-06-11 09:15:00,535.6,216.8,87.0,14.6,112.1,65.6,25.2,14.4,0.682,EQUIPMENT_FAILURE,False,8.5,23.26,24.03,23.35,22.42,22.7,22.41
2026-06-11 09:30:00,538.4,215.6,86.1,14.4,117.4,65.1,25.4,14.4,0.669,EQUIPMENT_FAILURE,False,8.5,23.91,23.38,23.94,21.97,22.58,22.2
2026-06-11 09:45:00,553.1,230.7,86.1,14.4,116.8,65.1,25.6,14.4,0.668,EQUIPMENT_FAILURE,False,8.5,23.58,23.91,23.31,22.75,22.88,21.9
2026-06-11 10:00:00,551.3,227.5,92.9,15.5,106.2,69.0,25.8,14.4,0.77,EQUIPMENT_FAILURE,False,8.5,23.36,23.28,22.85,23.02,25.09,22.97
2026-06-11 10:15:00,568.6,233.4,90.4,15.1,121.8,67.6,26.0,14.4,0.733,EQUIPMENT_FAILURE,False,8.5,24.66,22.71,23.19,22.71,24.46,22.62
2026-06-11 10:30:00,584.6,235.7,96.6,15.6,126.6,69.5,26.2,14.4,0.781,EQUIPMENT_FAILURE,False,8.5,23.65,23.44,23.53,23.5,23.95,23.31
2026-06-11 10:45:00,608.5,248.1,98.4,15.8,135.4,70.0,26.5,14.4,0.795,EQUIPMENT_FAILURE,False,8.5,24.15,23.58,23.48,23.66,24.45,23.33
2026-06-11 11:00:00,598.4,247.9,94.2,15.7,129.7,69.8,26.7,14.4,0.79,EQUIPMENT_FAILURE,False,8.5,24.63,22.74,23.17,22.73,24.35,22.16
2026-06-11 11:15:00,612.6,251.2,97.7,16.3,134.1,71.9,26.9,14.4,0.844,EQUIPMENT_FAILURE,False,8.5,24.44,24.97,23.72,22.15,23.11,22.59
2026-06-11 11:30:00,633.2,265.1,100.1,16.7,136.5,73.3,27.1,14.4,0.88,EQUIPMENT_FAILURE,False,8.5,23.82,24.26,23.19,22.5,24.08,23.21
2026-06-11 11:45:00,630.2,268.3,104.8,17.1,123.7,74.7,27.3,14.4,0.915,EQUIPMENT_FAILURE,False,8.5,23.77,23.73,24.05,23.35,22.94,22.32
2026-06-11 12:00:00,609.9,252.3,99.1,16.5,128.1,72.7,26.9,14.4,0.865,EQUIPMENT_FAILURE,False,8.5,24.57,22.97,23.32,22.0,23.5,22.51
2026-06-11 12:15:00,599.0,248.2,97.6,16.3,123.9,71.8,26.9,14.4,0.842,EQUIPMENT_FAILURE,False,8.5,23.87,24.19,23.31,22.68,23.46,22.46
2026-06-11 12:30:00,612.5,259.3,95.7,16.0,129.5,70.7,26.9,14.4,0.814,EQUIPMENT_FAILURE,False,8.5,24.07,23.78,22.58,22.2,23.06,22.61
2026-06-11 12:45:00,609.7,257.1,98.0,16.4,124.9,72.1,26.9,14.4,0.849,EQUIPMENT_FAILURE,False,8.5,24.75,23.48,23.14,22.6,23.34,22.96
2026-06-11 13:00:00,605.2,251.5,98.4,16.4,125.1,72.4,26.9,14.4,0.855,EQUIPMENT_FAILURE,False,8.5,23.97,23.53,23.94,22.77,23.6,23.22
2026-06-11 13:15:00,601.5,250.9,91.8,15.3,133.8,68.4,26.9,14.4,0.754,EQUIPMENT_FAILURE,False,8.5,23.87,22.82,23.6,21.42,23.4,22.96
2026-06-11 13:30:00,610.2,257.5,97.0,16.2,126.6,71.5,26.9,14.4,0.833,EQUIPMENT_FAILURE,False,8.5,23.98,23.55,23.98,22.55,23.34,22.52
2026-06-11 13:45:00,608.7,247.8,97.7,16.3,133.6,71.9,26.9,14.4,0.845,EQUIPMENT_FAILURE,False,8.5,23.82,23.2,23.01,21.59,24.01,23.24
2026-06-11 14:00:00,641.5,269.3,103.5,17.3,134.1,75.4,27.5,14.4,0.932,EQUIPMENT_FAILURE,False,8.5,24.42,23.07,23.15,22.66,23.9,22.83
2026-06-11 14:15:00,654.4,269.1,105.3,17.1,146.1,74.9,27.6,14.4,0.919,EQUIPMENT_FAILURE,False,8.5,24.34,23.38,23.66,23.44,23.46,23.42
2026-06-11 14:30:00,654.3,277.7,104.7,17.5,136.3,76.1,27.7,14.4,0.95,EQUIPMENT_FAILURE,False,8.5,23.99,24.12,23.87,22.2,23.6,23.35
2026-06-11 14:45:00,663.3,274.5,107.1,17.1,147.6,74.7,27.8,14.4,0.916,EQUIPMENT_FAILURE,False,8.5,24.2,23.02,24.78,22.72,23.74,23.37
2026-06-11 15:00:00,651.8,275.5,101.9,16.7,142.3,73.2,27.9,14.4,0.877,EQUIPMENT_FAILURE,False,8.5,23.83,23.79,24.34,22.17,23.32,23.05
2026-06-11 15:15:00,669.0,274.4,105.3,17.6,152.9,76.4,27.9,14.4,0.96,EQUIPMENT_FAILURE,False,8.5,23.88,22.31,23.0,22.66,22.86,22.64
2026-06-11 15:30:00,668.3,280.9,108.0,18.0,141.0,78.0,28.0,14.4,1.0,EQUIPMENT_FAILURE,False,8.5,23.67,23.43,23.22,22.55,24.7,22.57
2026-06-11 15:45:00,679.9,278.4,106.7,17.8,157.2,77.3,28.1,14.4,0.981,EQUIPMENT_FAILURE,False,8.5,22.55,23.07,23.65,22.35,24.23,23.4
2026-06-11 16:00:00,665.2,282.3,102.1,17.0,146.6,74.5,28.2,14.4,0.911,EQUIPMENT_FAILURE,False,8.5,24.74,23.35,23.34,22.39,23.76,22.88
2026-06-11 16:15:00,673.0,295.9,103.8,17.3,137.7,75.5,28.3,14.4,0.937,EQUIPMENT_FAILURE,False,8.5,23.52,22.87,23.05,22.41,24.0,22.84
2026-06-11 16:30:00,677.7,292.5,107.0,17.8,140.4,77.2,28.4,14.4,0.981,EQUIPMENT_FAILURE,False,8.5,24.18,23.7,24.04,22.59,23.88,22.42
2026-06-11 16:45:00,691.4,296.9,107.8,18.0,148.0,77.9,28.5,14.4,0.997,EQUIPMENT_FAILURE,False,8.5,24.18,23.06,23.58,22.62,24.45,24.42
2026-06-11 17:00:00,675.2,282.1,105.9,17.7,150.1,76.8,28.2,14.4,0.969,EQUIPMENT_FAILURE,False,11.0,24.5,22.83,23.03,22.63,24.19,21.98
2026-06-11 17:15:00,653.1,270.1,107.2,17.1,141.7,74.8,27.7,14.4,0.917,EQUIPMENT_FAILURE,False,11.0,24.81,22.57,24.78,21.83,22.76,22.75
2026-06-11 17:30:00,620.3,260.5,100.0,16.7,128.2,73.3,27.3,14.4,0.879,EQUIPMENT_FAILURE,False,11.0,23.96,22.84,23.77,22.4,24.32,22.67
2026-06-11 17:45:00,606.9,253.9,97.6,16.3,126.1,71.8,26.8,14.4,0.842,EQUIPMENT_FAILURE,False,11.0,23.38,22.58,23.77,21.62,24.46,22.83
2026-06-11 18:00:00,596.8,245.1,97.1,16.2,125.9,71.6,26.4,14.4,0.835,EQUIPMENT_FAILURE,False,11.0,24.0,22.91,23.6,21.66,22.93,22.19
2026-06-11 18:15:00,574.1,230.9,95.4,15.9,120.8,70.6,26.0,14.4,0.81,EQUIPMENT_FAILURE,False,11.0,23.51,23.53,23.41,22.0,23.94,22.71
2026-06-11 18:30:00,554.9,222.2,90.8,15.2,119.0,67.9,25.5,14.4,0.74,EQUIPMENT_FAILURE,False,11.0,23.81,23.02,22.74,22.43,23.32,22.21
2026-06-11 18:45:00,525.0,207.2,89.2,14.9,107.4,66.9,25.1,14.4,0.715,EQUIPMENT_FAILURE,False,11.0,23.59,22.93,23.68,21.16,24.11,21.78
2026-06-11 19:00:00,517.6,199.2,90.8,15.2,105.4,67.9,24.6,14.4,0.74,EQUIPMENT_FAILURE,False,11.0,24.73,23.58,23.57,21.46,23.8,22.45
2026-06-11 19:15:00,487.2,187.7,83.3,14.0,100.1,63.4,24.2,14.4,0.626,EQUIPMENT_FAILURE,False,11.0,24.19,22.22,23.29,21.81,23.48,22.84
2026-06-11 19:30:00,477.2,179.4,81.6,13.7,101.9,62.4,23.8,14.4,0.6,EQUIPMENT_FAILURE,False,11.0,23.39,22.94,23.14,21.84,23.68,22.54
2026-06-11 19:45:00,452.8,173.1,80.6,13.5,86.1,61.8,23.3,14.4,0.584,EQUIPMENT_FAILURE,False,11.0,23.51,23.25,22.69,21.98,23.52,22.05
2026-06-11 20:00:00,433.0,166.6,76.8,12.9,79.9,59.5,22.9,14.4,0.527,EQUIPMENT_FAILURE,False,11.0,23.35,24.64,22.8,21.1,22.86,23.04
2026-06-11 20:15:00,413.1,148.2,77.7,13.0,77.1,60.1,22.4,14.4,0.541,EQUIPMENT_FAILURE,False,11.0,24.02,23.07,23.02,22.24,24.1,22.86
2026-06-11 20:30:00,403.2,143.5,76.9,12.9,74.0,59.6,22.0,14.4,0.528,EQUIPMENT_FAILURE,False,11.0,23.76,23.59,23.4,22.27,23.71,23.11
2026-06-11 20:45:00,368.9,126.9,71.3,11.7,68.0,55.1,21.6,14.4,0.414,EQUIPMENT_FAILURE,False,11.0,23.69,23.09,22.84,23.34,22.85,23.1
2026-06-11 21:00:00,240.2,62.6,60.3,10.2,24.4,49.8,18.6,14.4,0.277,EQUIPMENT_FAILURE,False,6.5,22.85,22.72,22.82,21.41,24.03,22.32
2026-06-11 21:15:00,219.1,57.7,51.6,8.8,23.4,44.7,18.6,14.4,0.146,EQUIPMENT_FAILURE,False,6.5,23.06,22.26,23.43,20.91,23.02,22.75
2026-06-11 21:30:00,240.0,58.7,59.2,10.0,29.9,49.2,18.6,14.4,0.261,EQUIPMENT_FAILURE,False,6.5,22.81,22.98,22.71,22.17,23.81,22.16
2026-06-11 21:45:00,229.6,56.5,56.7,9.6,26.1,47.7,18.6,14.4,0.222,EQUIPMENT_FAILURE,False,6.5,22.68,24.08,22.39,21.76,22.99,21.92
2026-06-11 22:00:00,267.8,60.9,54.4,9.2,30.5,46.3,18.6,48.0,0.188,EQUIPMENT_FAILURE,False,6.5,22.74,23.4,22.33,21.28,23.36,23.05
2026-06-11 22:15:00,256.2,56.7,52.4,8.9,26.6,45.1,18.6,48.0,0.157,EQUIPMENT_FAILURE,False,6.5,22.62,22.41,23.34,21.95,23.12,22.26
2026-06-11 22:30:00,271.2,62.4,56.1,9.5,29.3,47.3,18.6,48.0,0.214,EQUIPMENT_FAILURE,False,6.5,23.11,24.1,23.38,22.41,23.9,22.35
2026-06-11 22:45:00,266.8,59.3,58.4,9.9,24.0,48.7,18.6,48.0,0.249,EQUIPMENT_FAILURE,False,6.5,23.5,23.21,22.86,22.67,22.86,23.49
2026-06-11 23:00:00,258.7,58.9,53.7,9.1,24.5,45.9,18.6,48.0,0.177,EQUIPMENT_FAILURE,False,6.5,22.39,23.38,22.19,21.8,24.12,22.22
2026-06-11 23:15:00,268.5,58.3,54.4,9.2,33.7,46.3,18.6,48.0,0.188,EQUIPMENT_FAILURE,False,6.5,24.51,23.45,22.59,21.42,23.54,22.62
2026-06-11 23:30:00,257.6,60.4,53.3,9.1,22.6,45.7,18.6,48.0,0.171,EQUIPMENT_FAILURE,False,6.5,22.73,23.24,22.12,22.07,23.54,21.64
2026-06-11 23:45:00,275.6,55.1,56.6,9.6,40.1,47.6,18.6,48.0,0.221,EQUIPMENT_FAILURE,False,6.5,23.14,23.99,23.3,21.23,22.56,22.19
2026-06-12 00:00:00,243.6,40.8,51.9,8.8,31.4,44.8,17.9,48.0,0.15,NORMAL,False,6.5,23.65,22.9,22.59,21.66,24.1,22.7
2026-06-12 00:15:00,234.6,42.7,51.3,8.7,21.4,44.5,17.9,48.0,0.141,NORMAL,False,6.5,22.94,21.63,22.99,21.72,23.59,22.34
2026-06-12 00:30:00,237.1,39.6,52.8,9.0,24.4,45.4,17.9,48.0,0.164,NORMAL,False,6.5,23.52,22.93,23.17,21.66,23.3,22.65
2026-06-12 00:45:00,245.8,54.4,48.8,8.3,25.3,43.0,17.9,48.0,0.104,NORMAL,False,6.5,22.61,22.02,22.54,22.43,23.47,22.85
2026-06-12 01:00:00,226.4,38.4,50.4,8.6,19.2,44.0,17.9,48.0,0.127,NORMAL,False,6.5,22.84,23.04,22.34,21.37,24.03,23.05
2026-06-12 01:15:00,234.8,42.3,51.0,8.7,22.5,44.3,17.9,48.0,0.136,NORMAL,False,6.5,23.46,23.61,24.01,21.43,23.33,22.84
2026-06-12 01:30:00,226.8,44.0,51.1,8.7,12.8,44.4,17.9,48.0,0.138,NORMAL,False,6.5,21.85,23.1,22.57,22.3,23.54,21.91
2026-06-12 01:45:00,242.7,48.8,49.5,8.4,26.6,43.4,17.9,48.0,0.114,NORMAL,False,6.5,23.45,22.91,23.1,20.65,23.41,22.3
2026-06-12 02:00:00,238.8,39.0,53.2,9.0,26.1,45.6,17.9,48.0,0.169,NORMAL,False,6.5,23.97,22.87,23.37,21.18,23.01,22.93
2026-06-12 02:15:00,241.8,46.9,52.1,8.9,23.1,45.0,17.9,48.0,0.153,NORMAL,False,6.5,23.72,23.02,22.71,21.94,23.21,22.19
2026-06-12 02:30:00,245.1,47.6,51.1,8.7,27.4,44.4,17.9,48.0,0.138,NORMAL,False,6.5,23.12,23.84,22.44,21.43,22.69,22.52
2026-06-12 02:45:00,238.1,39.7,52.1,8.9,26.6,45.0,17.9,48.0,0.153,NORMAL,False,6.5,23.66,23.41,23.24,22.18,24.33,22.46
2026-06-12 03:00:00,240.9,46.2,53.4,9.1,20.5,45.8,17.9,48.0,0.173,NORMAL,False,6.5,23.99,23.69,23.68,22.02,23.67,21.86
2026-06-12 03:15:00,254.6,49.8,52.3,8.9,32.6,45.1,17.9,48.0,0.156,NORMAL,False,6.5,23.21,23.28,22.64,22.16,22.19,22.64
2026-06-12 03:30:00,234.7,42.9,53.3,9.1,17.7,45.7,17.9,48.0,0.172,NORMAL,False,6.5,24.05,23.14,22.71,21.97,23.55,22.16
2026-06-12 03:45:00,241.2,39.8,52.9,9.0,28.0,45.5,17.9,48.0,0.166,NORMAL,False,6.5,23.2,22.87,22.42,21.95,23.94,21.98
2026-06-12 04:00:00,223.3,35.7,49.2,8.4,20.9,43.2,17.9,48.0,0.109,NORMAL,False,6.5,23.4,23.84,23.44,22.0,23.89,23.66
2026-06-12 04:15:00,241.9,42.8,53.6,9.1,24.6,45.8,17.9,48.0,0.175,NORMAL,False,6.5,23.04,23.67,22.69,21.78,23.42,22.29
2026-06-12 04:30:00,255.0,56.6,50.4,8.6,29.6,43.9,17.9,48.0,0.127,NORMAL,False,6.5,23.63,23.36,23.2,21.09,22.69,22.54
2026-06-12 04:45:00,243.6,45.1,50.8,8.6,29.0,44.2,17.9,48.0,0.133,NORMAL,False,6.5,23.37,23.4,21.98,22.34,23.46,22.49
2026-06-12 05:00:00,244.4,49.2,50.4,8.6,26.4,44.0,17.9,48.0,0.127,NORMAL,False,6.5,22.3,23.2,21.63,21.5,24.13,22.83
2026-06-12 05:15:00,253.0,42.9,56.7,9.6,30.3,47.7,17.9,48.0,0.222,NORMAL,False,6.5,22.97,23.27,22.55,22.25,23.54,23.43
2026-06-12 05:30:00,232.0,43.7,53.1,9.0,14.8,45.5,17.9,48.0,0.168,NORMAL,False,6.5,23.19,23.32,22.83,21.88,23.45,22.2
2026-06-12 05:45:00,244.8,46.8,53.6,9.1,23.5,45.8,17.9,48.0,0.175,NORMAL,False,6.5,22.59,22.94,23.03,22.13,22.67,22.51
2026-06-12 06:00:00,209.4,49.9,54.6,9.3,16.9,46.4,17.9,14.4,0.19,NORMAL,False,6.5,22.82,22.03,23.13,21.46,22.68,22.48
2026-06-12 06:15:00,249.8,70.1,59.6,10.1,27.9,49.4,18.5,14.4,0.266,NORMAL,False,6.5,22.9,23.12,22.21,21.84,23.51,21.84
2026-06-12 06:30:00,253.3,76.1,57.0,9.6,29.3,47.8,19.1,14.4,0.227,NORMAL,False,6.5,23.76,23.98,23.34,21.17,23.68,21.63
2026-06-12 06:45:00,287.2,81.3,59.4,10.0,53.1,49.3,19.7,14.4,0.263,NORMAL,False,6.5,23.31,23.3,22.69,22.58,23.94,22.9
2026-06-12 07:00:00,319.4,104.4,62.4,10.5,56.3,51.1,20.3,14.4,0.309,NORMAL,False,6.5,24.24,24.1,23.13,22.39,22.05,22.5
2026-06-12 07:15:00,336.4,111.9,64.6,10.9,61.4,52.4,20.9,14.4,0.343,NORMAL,False,6.5,23.26,21.83,23.12,20.97,24.17,23.19
2026-06-12 07:30:00,366.4,126.7,69.6,11.7,67.2,55.3,21.4,14.4,0.418,NORMAL,False,6.5,23.62,22.55,23.31,21.18,22.71,22.56
2026-06-12 07:45:00,396.6,143.0,71.8,12.1,76.7,56.6,22.0,14.4,0.451,NORMAL,False,6.5,24.48,23.22,23.16,22.14,24.14,22.92
2026-06-12 08:00:00,408.8,150.0,72.5,12.2,80.0,57.0,22.6,14.4,0.462,NORMAL,False,8.5,22.66,23.1,22.96,22.34,23.65,22.93
2026-06-12 08:15:00,434.9,169.7,76.5,12.8,79.0,59.4,23.2,14.4,0.522,NORMAL,False,8.5,23.82,22.22,23.3,21.39,23.46,23.1
2026-06-12 08:30:00,469.9,182.5,80.8,13.6,92.9,61.9,23.8,14.4,0.588,NORMAL,False,8.5,22.96,22.33,23.26,22.49,23.9,22.98
2026-06-12 08:45:00,490.6,190.9,83.1,13.9,100.8,63.3,24.4,14.4,0.622,NORMAL,False,8.5,23.53,22.53,22.82,22.29,23.63,24.22
2026-06-12 09:00:00,513.3,204.4,85.4,14.3,105.2,64.6,25.0,14.4,0.657,NORMAL,False,8.5,23.59,23.02,23.71,22.06,23.6,22.48
2026-06-12 09:15:00,536.5,212.2,88.5,14.8,114.8,66.5,25.2,14.4,0.705,NORMAL,False,8.5,23.88,23.49,23.23,22.22,22.85,22.98
2026-06-12 09:30:00,555.9,222.3,93.0,15.5,116.2,69.1,25.4,14.4,0.773,NORMAL,False,8.5,23.83,22.72,23.42,22.6,23.57,22.45
2026-06-12 09:45:00,558.0,225.3,90.8,15.2,118.8,67.8,25.6,14.4,0.74,NORMAL,False,8.5,23.06,23.45,23.0,22.49,23.8,21.78
2026-06-12 10:00:00,573.0,230.9,94.3,15.7,122.2,69.6,25.8,14.4,0.786,NORMAL,False,8.5,24.0,22.25,24.08,22.65,23.13,22.34
2026-06-12 10:15:00,583.5,243.2,92.7,15.5,122.6,69.0,26.0,14.4,0.769,NORMAL,False,8.5,24.34,22.33,22.9,21.39,23.28,23.48
2026-06-12 10:30:00,580.3,237.0,93.5,15.6,124.1,69.5,26.2,14.4,0.781,NORMAL,False,8.5,23.83,23.47,22.66,22.15,24.45,22.21
2026-06-12 10:45:00,602.4,251.1,99.3,16.1,123.8,71.2,26.5,14.4,0.825,NORMAL,False,8.5,23.68,23.29,23.79,23.47,23.68,22.73
2026-06-12 11:00:00,599.1,254.9,94.4,15.8,123.0,70.0,26.7,14.4,0.794,NORMAL,False,8.5,24.08,23.78,23.63,22.4,23.01,22.71
2026-06-12 11:15:00,608.5,248.4,97.6,16.3,133.1,71.9,26.9,14.4,0.843,NORMAL,False,8.5,23.82,22.9,23.64,22.73,23.97,22.26
2026-06-12 11:30:00,627.0,263.0,101.3,16.4,132.6,72.2,27.1,14.4,0.851,NORMAL,False,8.5,24.94,24.2,24.52,22.05,24.04,23.19
2026-06-12 11:45:00,640.4,265.9,102.8,17.2,137.8,74.9,27.3,14.4,0.922,NORMAL,False,8.5,24.11,23.34,22.84,22.93,23.65,23.01
2026-06-12 12:00:00,611.8,250.9,98.0,16.4,133.2,72.1,26.9,14.4,0.849,NORMAL,False,8.5,24.41,23.16,22.79,22.8,23.35,22.09
2026-06-12 12:15:00,623.2,258.2,98.5,16.3,136.9,72.0,26.9,14.4,0.847,NORMAL,False,8.5,22.95,23.06,24.1,22.29,23.67,23.28
2026-06-12 12:30:00,611.1,253.9,96.5,15.5,135.0,68.9,26.9,14.4,0.767,NORMAL,False,8.5,24.79,23.55,24.65,22.03,22.85,22.73
2026-06-12 12:45:00,628.9,260.0,100.2,16.7,137.2,73.4,26.9,14.4,0.882,NORMAL,False,8.5,24.02,23.14,23.82,22.43,23.59,23.28
2026-06-12 13:00:00,603.5,250.8,97.8,16.3,125.3,72.0,26.9,14.4,0.845,NORMAL,False,8.5,22.94,23.18,23.13,22.45,23.42,22.74
2026-06-12 13:15:00,629.0,257.9,100.9,16.8,138.6,73.6,26.9,14.4,0.887,NORMAL,False,8.5,23.58,23.27,24.04,23.02,24.16,22.92
2026-06-12 13:30:00,622.1,255.3,98.9,16.5,137.4,72.6,26.9,14.4,0.863,NORMAL,False,8.5,23.12,22.99,23.88,22.22,24.57,22.73
2026-06-12 13:45:00,612.0,260.9,97.7,16.3,123.9,71.9,26.9,14.4,0.845,NORMAL,False,8.5,24.1,23.7,22.78,22.37,24.17,22.79
2026-06-12 14:00:00,636.1,267.2,98.1,16.4,140.4,72.1,27.5,14.4,0.849,NORMAL,False,8.5,24.4,23.69,23.42,22.72,24.13,22.35
2026-06-12 14:15:00,653.2,277.0,103.6,17.3,137.8,75.4,27.6,14.4,0.934,NORMAL,False,8.5,23.54,23.18,23.5,22.83,23.78,22.51
2026-06-12 14:30:00,655.2,282.4,101.7,17.0,137.8,74.3,27.7,14.4,0.905,NORMAL,False,8.5,23.29,22.91,23.84,22.75,24.07,23.05
2026-06-12 14:45:00,662.6,278.0,99.5,16.6,153.3,73.0,27.8,14.4,0.871,NORMAL,False,8.5,23.52,22.91,23.06,22.59,24.39,23.53
2026-06-12 15:00:00,651.5,277.2,102.5,17.1,137.7,74.7,27.9,14.4,0.916,NORMAL,False,8.5,23.28,23.8,22.68,22.22,24.03,22.72
2026-06-12 15:15:00,660.6,281.4,103.6,17.3,140.7,75.4,27.9,14.4,0.933,NORMAL,False,8.5,24.62,23.29,23.2,22.0,23.38,22.98
2026-06-12 15:30:00,672.7,291.4,99.7,16.6,149.4,73.1,28.0,14.4,0.874,NORMAL,False,8.5,24.26,22.81,23.89,22.17,23.27,22.84
2026-06-12 15:45:00,673.8,285.6,104.7,17.5,147.4,76.1,28.1,14.4,0.951,NORMAL,False,8.5,24.32,22.41,23.08,21.39,24.65,23.55
2026-06-12 16:00:00,660.5,285.7,101.8,17.0,139.0,74.4,28.2,14.4,0.907,NORMAL,False,8.5,23.98,24.17,23.65,22.31,22.89,23.46
2026-06-12 16:15:00,678.1,292.2,103.5,17.3,147.0,75.4,28.3,14.4,0.932,NORMAL,False,8.5,23.48,23.21,23.72,22.37,24.17,22.82
2026-06-12 16:30:00,679.8,282.4,108.0,18.0,150.6,78.0,28.4,14.4,1.0,NORMAL,False,8.5,23.92,22.85,23.19,22.59,22.94,22.95
2026-06-12 16:45:00,679.5,288.5,108.2,17.3,147.3,75.4,28.5,14.4,0.933,NORMAL,False,8.5,23.93,23.58,24.77,22.08,23.7,22.42
2026-06-12 17:00:00,670.9,288.2,106.3,17.7,139.1,77.0,28.2,14.4,0.975,NORMAL,False,11.0,23.93,24.42,23.88,22.16,23.61,22.39
2026-06-12 17:15:00,648.2,277.9,102.2,16.7,136.2,73.1,27.7,14.4,0.875,NORMAL,False,11.0,23.75,23.6,24.17,23.24,24.03,22.72
2026-06-12 17:30:00,630.8,267.7,96.5,16.1,137.6,71.2,27.3,14.4,0.826,NORMAL,False,11.0,24.21,22.74,23.46,22.55,23.87,23.22
2026-06-12 17:45:00,618.4,251.2,101.9,16.2,136.4,71.5,26.8,14.4,0.834,NORMAL,False,11.0,24.05,22.95,23.4,23.81,23.84,22.98
2026-06-12 18:00:00,595.4,247.3,98.1,16.2,121.4,71.6,26.4,14.4,0.835,NORMAL,False,11.0,24.39,23.36,24.02,23.14,23.89,22.69
2026-06-12 18:15:00,568.7,233.6,91.9,15.4,118.9,68.5,26.0,14.4,0.757,NORMAL,False,11.0,23.88,22.36,23.82,21.93,23.49,22.62
2026-06-12 18:30:00,552.6,221.2,91.0,15.2,117.4,67.9,25.5,14.4,0.742,NORMAL,False,11.0,23.86,23.0,23.0,22.93,22.67,22.62
2026-06-12 18:45:00,525.1,216.4,85.9,14.4,103.9,65.0,25.1,14.4,0.666,NORMAL,False,11.0,23.55,23.15,23.83,22.46,23.11,22.46
2026-06-12 19:00:00,522.7,204.6,90.4,14.5,109.0,65.2,24.6,14.4,0.673,NORMAL,False,11.0,23.8,23.01,24.66,22.1,23.93,22.32
2026-06-12 19:15:00,493.5,199.2,83.1,13.9,95.3,63.3,24.2,14.4,0.623,NORMAL,False,11.0,23.72,22.74,22.68,22.77,23.41,21.48
2026-06-12 19:30:00,474.5,183.3,81.5,13.7,95.5,62.4,23.8,14.4,0.599,NORMAL,False,11.0,24.54,23.11,23.14,21.6,22.86,22.6
2026-06-12 19:45:00,446.7,167.8,78.8,13.2,88.4,60.7,23.3,14.4,0.557,NORMAL,False,11.0,23.68,22.25,23.4,22.25,24.65,22.67
2026-06-12 20:00:00,435.5,161.6,76.8,12.9,87.4,59.6,22.9,14.4,0.528,NORMAL,False,11.0,23.85,23.17,22.5,21.32,23.79,23.35
2026-06-12 20:15:00,412.9,149.1,77.2,13.0,77.0,59.8,22.4,14.4,0.534,NORMAL,False,11.0,23.77,22.75,23.24,22.74,23.92,23.03
2026-06-12 20:30:00,390.8,143.3,72.7,12.2,69.0,57.1,22.0,14.4,0.465,NORMAL,False,11.0,23.53,23.72,21.88,22.07,23.6,21.95
2026-06-12 20:45:00,370.3,133.5,70.0,11.8,63.6,55.5,21.6,14.4,0.424,NORMAL,False,11.0,24.43,23.63,23.3,22.2,23.54,23.63
2026-06-12 21:00:00,229.2,61.8,52.4,8.9,28.0,45.2,18.6,14.4,0.158,NORMAL,False,6.5,23.47,23.02,21.98,21.9,23.41,22.81
2026-06-12 21:15:00,241.0,67.1,56.5,9.6,27.3,47.5,18.6,14.4,0.219,NORMAL,False,6.5,23.01,22.85,22.5,22.33,23.43,23.25
2026-06-12 21:30:00,232.2,60.6,49.4,8.4,37.4,43.4,18.6,14.4,0.112,NORMAL,False,6.5,23.66,22.86,22.2,21.34,23.33,23.18
2026-06-12 21:45:00,240.7,60.7,56.2,9.5,33.9,47.4,18.6,14.4,0.215,NORMAL,False,6.5,23.1,22.87,23.04,22.17,24.06,22.43
2026-06-12 22:00:00,263.4,57.6,54.4,9.2,29.2,46.4,18.6,48.0,0.188,NORMAL,False,6.5,22.66,22.65,22.61,22.06,24.19,21.88
2026-06-12 22:15:00,276.3,59.0,56.8,9.6,36.6,47.7,18.6,48.0,0.224,NORMAL,False,6.5,23.0,22.85,22.06,22.01,23.49,22.24
2026-06-12 22:30:00,268.2,58.6,53.2,9.0,35.2,45.6,18.6,48.0,0.17,NORMAL,False,6.5,22.78,23.68,22.74,22.04,23.75,22.53
2026-06-12 22:45:00,279.0,63.3,57.5,9.7,33.7,48.2,18.6,48.0,0.235,NORMAL,False,6.5,23.82,22.48,23.43,21.6,23.19,22.49
2026-06-12 23:00:00,266.8,54.5,54.7,9.3,35.2,46.5,18.6,48.0,0.192,NORMAL,False,6.5,23.65,23.13,22.44,21.38,23.76,22.52
2026-06-12 23:15:00,275.1,67.1,54.2,9.2,31.7,46.2,18.6,48.0,0.186,NORMAL,False,6.5,24.02,22.35,22.63,21.37,23.07,22.31
2026-06-12 23:30:00,270.9,59.6,53.6,9.1,36.1,45.9,18.6,48.0,0.176,NORMAL,False,6.5,22.3,22.19,22.44,21.39,23.44,21.42
2026-06-12 23:45:00,274.1,60.2,58.4,9.9,30.4,48.7,18.6,48.0,0.249,NORMAL,False,6.5,22.35,22.67,22.37,21.87,22.96,23.42
2026-06-13 00:00:00,249.2,47.5,55.1,9.3,24.6,46.7,17.9,48.0,0.198,MULTIPLE_OPTOUTS,False,6.5,23.23,23.26,22.36,21.05,23.25,23.65
2026-06-13 00:15:00,231.2,43.2,50.0,8.5,19.9,43.7,17.9,48.0,0.121,MULTIPLE_OPTOUTS,False,6.5,23.6,22.36,21.86,21.37,24.51,23.49
2026-06-13 00:30:00,233.9,42.2,48.7,8.3,25.9,42.9,17.9,48.0,0.101,MULTIPLE_OPTOUTS,False,6.5,23.16,23.11,23.02,22.08,23.43,22.81
2026-06-13 00:45:00,229.7,43.9,50.9,8.7,16.0,44.3,17.9,48.0,0.135,MULTIPLE_OPTOUTS,False,6.5,23.39,23.23,22.7,22.06,22.76,22.01
2026-06-13 01:00:00,242.5,45.5,51.1,8.7,26.9,44.4,17.9,48.0,0.138,MULTIPLE_OPTOUTS,False,6.5,22.98,23.7,22.74,22.18,23.69,22.27
2026-06-13 01:15:00,243.1,47.4,54.3,9.2,20.1,46.2,17.9,48.0,0.186,MULTIPLE_OPTOUTS,False,6.5,23.16,22.23,21.86,21.56,22.39,23.45
2026-06-13 01:30:00,245.9,49.8,49.7,8.5,28.5,43.6,17.9,48.0,0.117,MULTIPLE_OPTOUTS,False,6.5,23.65,22.48,22.13,21.26,23.59,22.85
2026-06-13 01:45:00,233.6,41.2,51.9,8.8,20.9,44.9,17.9,48.0,0.15,MULTIPLE_OPTOUTS,False,6.5,23.69,22.71,21.77,21.34,23.14,22.23
2026-06-13 02:00:00,242.6,42.1,53.1,9.0,26.8,45.6,17.9,48.0,0.169,MULTIPLE_OPTOUTS,False,6.5,24.06,22.19,22.06,21.31,23.93,22.45
2026-06-13 02:15:00,248.0,48.7,53.8,9.1,24.5,46.0,17.9,48.0,0.179,MULTIPLE_OPTOUTS,False,6.5,23.21,22.65,22.85,21.6,23.43,22.3
2026-06-13 02:30:00,248.1,46.2,54.0,9.2,26.7,46.1,17.9,48.0,0.181,MULTIPLE_OPTOUTS,False,6.5,23.89,23.28,22.46,22.24,23.79,23.86
2026-06-13 02:45:00,237.3,43.1,52.5,8.9,21.6,45.2,17.9,48.0,0.159,MULTIPLE_OPTOUTS,False,6.5,23.14,22.92,22.84,21.95,24.12,22.7
2026-06-13 03:00:00,227.2,41.8,49.3,8.4,18.4,43.3,17.9,48.0,0.11,MULTIPLE_OPTOUTS,False,6.5,23.96,22.76,23.12,21.77,23.68,22.47
2026-06-13 03:15:00,240.2,40.4,55.3,9.4,22.3,46.9,17.9,48.0,0.202,MULTIPLE_OPTOUTS,False,6.5,23.3,23.62,23.43,21.54,23.77,22.58
2026-06-13 03:30:00,237.6,44.0,53.1,9.0,20.0,45.5,17.9,48.0,0.168,MULTIPLE_OPTOUTS,False,6.5,22.95,22.89,22.61,22.76,22.63,22.8
2026-06-13 03:45:00,239.1,42.8,51.3,8.7,25.7,44.5,17.9,48.0,0.142,MULTIPLE_OPTOUTS,False,6.5,23.5,23.4,22.76,22.22,24.18,22.95
2026-06-13 04:00:00,246.4,49.2,52.9,9.0,24.0,45.4,17.9,48.0,0.165,MULTIPLE_OPTOUTS,False,6.5,22.79,22.26,21.69,21.73,23.7,21.96
2026-06-13 04:15:00,239.8,45.4,54.6,9.3,18.2,46.4,17.9,48.0,0.19,MULTIPLE_OPTOUTS,False,6.5,23.41,22.52,22.96,22.06,23.28,21.84
2026-06-13 04:30:00,241.0,44.4,54.1,9.2,21.2,46.2,17.9,48.0,0.184,MULTIPLE_OPTOUTS,False,6.5,23.02,23.92,21.66,21.79,24.27,22.11
2026-06-13 04:45:00,245.1,49.1,50.5,8.6,26.9,44.0,17.9,48.0,0.129,MULTIPLE_OPTOUTS,False,6.5,23.28,22.39,22.6,21.91,23.43,22.04
2026-06-13 05:00:00,237.0,41.3,49.8,8.5,27.8,43.6,17.9,48.0,0.119,MULTIPLE_OPTOUTS,False,6.5,22.5,22.56,22.92,21.78,23.93,22.37
2026-06-13 05:15:00,225.7,35.7,50.8,8.6,20.5,44.2,17.9,48.0,0.133,MULTIPLE_OPTOUTS,False,6.5,23.25,22.27,22.38,22.16,23.18,22.95
2026-06-13 05:30:00,232.3,45.6,51.6,8.8,15.8,44.6,17.9,48.0,0.145,MULTIPLE_OPTOUTS,False,6.5,24.05,22.46,23.01,22.2,23.18,22.36
2026-06-13 05:45:00,243.6,42.8,51.0,8.7,30.9,44.3,17.9,48.0,0.136,MULTIPLE_OPTOUTS,False,6.5,23.8,23.3,22.59,21.72,23.83,22.93
2026-06-13 06:00:00,219.1,47.0,54.5,9.2,29.7,46.4,17.9,14.4,0.189,MULTIPLE_OPTOUTS,False,6.5,23.57,22.64,22.22,21.56,23.59,21.67
2026-06-13 06:15:00,233.6,63.1,56.1,9.5,24.7,47.3,18.5,14.4,0.213,MULTIPLE_OPTOUTS,False,6.5,22.92,22.67,22.91,21.68,23.79,22.86
2026-06-13 06:30:00,258.7,72.1,58.4,9.9,36.2,48.7,19.1,14.4,0.248,MULTIPLE_OPTOUTS,False,6.5,23.12,23.03,23.23,22.28,24.27,22.79
2026-06-13 06:45:00,288.0,92.4,57.5,9.7,46.0,48.2,19.7,14.4,0.235,MULTIPLE_OPTOUTS,False,6.5,23.95,22.91,23.04,22.12,22.95,22.11
2026-06-13 07:00:00,304.5,99.4,62.9,10.6,45.7,51.3,20.3,14.4,0.316,MULTIPLE_OPTOUTS,False,6.5,23.32,23.64,23.35,21.15,24.41,23.08
2026-06-13 07:15:00,351.7,109.7,72.5,11.6,67.6,55.0,20.9,14.4,0.411,MULTIPLE_OPTOUTS,False,6.5,23.73,22.39,22.88,23.56,23.63,22.25
2026-06-13 07:30:00,376.7,133.0,71.7,12.1,67.5,56.6,21.4,14.4,0.45,MULTIPLE_OPTOUTS,False,6.5,24.24,23.26,23.67,21.62,23.72,22.78
2026-06-13 07:45:00,401.5,144.6,71.8,12.1,80.0,56.6,22.0,14.4,0.452,MULTIPLE_OPTOUTS,False,6.5,23.57,22.3,21.88,22.46,23.45,22.5
2026-06-13 08:00:00,409.3,145.2,77.2,13.0,77.2,59.8,22.6,14.4,0.533,MULTIPLE_OPTOUTS,False,8.5,24.6,23.41,23.29,22.26,23.02,23.14
2026-06-13 08:15:00,446.0,163.6,79.8,13.3,90.7,61.0,23.2,14.4,0.563,MULTIPLE_OPTOUTS,False,8.5,23.28,22.94,24.1,22.73,23.33,22.43
2026-06-13 08:30:00,480.7,190.4,81.7,13.7,94.3,62.4,23.8,14.4,0.601,MULTIPLE_OPTOUTS,False,8.5,22.74,23.23,23.44,22.7,23.64,22.49
2026-06-13 08:45:00,504.8,201.3,86.6,14.5,98.3,65.4,24.4,14.4,0.676,MULTIPLE_OPTOUTS,False,8.5,23.54,23.55,22.58,22.08,23.1,22.4
2026-06-13 09:00:00,533.8,217.4,89.6,15.0,105.3,67.1,25.0,14.4,0.722,MULTIPLE_OPTOUTS,False,8.5,24.62,23.2,23.86,22.63,23.77,23.09
2026-06-13 09:15:00,535.4,217.2,87.4,14.6,110.7,65.8,25.2,14.4,0.688,MULTIPLE_OPTOUTS,False,8.5,23.32,23.7,23.89,22.06,22.64,22.37
2026-06-13 09:30:00,544.4,221.8,90.8,15.2,109.0,67.8,25.4,14.4,0.739,MULTIPLE_OPTOUTS,False,8.5,23.62,23.73,23.56,22.68,23.8,22.98
2026-06-13 09:45:00,557.7,225.8,92.2,15.4,115.6,68.7,25.6,14.4,0.761,MULTIPLE_OPTOUTS,False,8.5,24.31,23.81,23.62,21.93,23.32,22.51
2026-06-13 10:00:00,559.0,226.1,90.4,15.1,119.6,67.6,25.8,14.4,0.733,MULTIPLE_OPTOUTS,False,8.5,23.31,22.17,21.82,22.31,24.88,23.62
2026-06-13 10:15:00,569.5,233.7,90.8,15.2,121.6,67.8,26.0,14.4,0.739,MULTIPLE_OPTOUTS,False,8.5,23.23,22.62,23.27,22.3,23.85,23.05
2026-06-13 10:30:00,585.0,235.0,92.6,15.5,132.3,68.9,26.2,14.4,0.767,MULTIPLE_OPTOUTS,False,8.5,23.25,22.48,23.75,22.25,22.79,22.7
2026-06-13 10:45:00,588.0,246.4,94.8,15.8,119.9,70.2,26.5,14.4,0.799,MULTIPLE_OPTOUTS,False,8.5,24.3,23.78,22.98,22.5,24.02,22.8
2026-06-13 11:00:00,617.1,252.8,98.1,16.4,136.6,72.1,26.7,14.4,0.85,MULTIPLE_OPTOUTS,False,8.5,23.78,23.43,23.98,22.85,23.93,23.08
2026-06-13 11:15:00,612.2,250.2,98.0,16.4,134.3,72.1,26.9,14.4,0.849,MULTIPLE_OPTOUTS,False,8.5,24.1,23.72,23.27,21.85,24.0,22.65
2026-06-13 11:30:00,633.5,260.4,102.0,17.0,138.1,74.5,27.1,14.4,0.91,MULTIPLE_OPTOUTS,False,8.5,23.28,23.78,22.32,22.39,24.69,22.61
2026-06-13 11:45:00,632.2,260.9,99.5,16.2,142.6,71.4,27.3,14.4,0.832,MULTIPLE_OPTOUTS,False,8.5,24.03,23.28,24.43,21.88,23.56,22.29
2026-06-13 12:00:00,609.5,253.6,98.2,16.4,128.0,72.2,26.9,14.4,0.851,MULTIPLE_OPTOUTS,False,8.5,23.74,23.0,23.24,22.28,23.12,22.63
2026-06-13 12:15:00,609.8,251.3,102.0,16.4,126.5,72.3,26.9,14.4,0.855,MULTIPLE_OPTOUTS,False,8.5,24.15,22.98,23.45,23.6,24.82,22.23
2026-06-13 12:30:00,624.6,252.6,103.6,16.7,137.0,73.4,26.9,14.4,0.882,MULTIPLE_OPTOUTS,False,8.5,23.86,23.38,24.56,22.55,24.12,23.02
2026-06-13 12:45:00,600.8,245.3,96.4,16.1,130.6,71.2,26.9,14.4,0.825,MULTIPLE_OPTOUTS,False,8.5,24.66,22.95,23.25,21.95,23.29,22.53
2026-06-13 13:00:00,606.0,251.7,97.1,16.2,128.2,71.6,26.9,14.4,0.835,MULTIPLE_OPTOUTS,False,8.5,24.4,23.46,23.15,22.27,23.63,23.49
2026-06-13 13:15:00,609.9,254.7,96.6,16.0,130.4,70.8,26.9,14.4,0.816,MULTIPLE_OPTOUTS,False,8.5,23.24,23.4,23.58,23.12,24.27,23.94
2026-06-13 13:30:00,607.3,255.6,95.5,16.0,128.3,70.6,26.9,14.4,0.811,MULTIPLE_OPTOUTS,False,8.5,24.32,23.3,23.8,21.9,23.92,22.85
2026-06-13 13:45:00,610.1,252.9,100.5,16.8,125.2,73.5,26.9,14.4,0.886,MULTIPLE_OPTOUTS,False,8.5,25.09,22.71,23.92,21.12,24.1,21.83
2026-06-13 14:00:00,636.0,265.3,101.0,16.9,137.1,73.8,27.5,14.4,0.894,MULTIPLE_OPTOUTS,False,8.5,24.49,22.34,23.39,22.32,24.56,22.98
2026-06-13 14:15:00,657.4,269.3,104.9,17.5,147.5,76.2,27.6,14.4,0.953,MULTIPLE_OPTOUTS,False,8.5,24.5,22.83,23.51,22.53,23.52,21.93
2026-06-13 14:30:00,653.5,273.0,105.7,16.9,141.6,74.2,27.7,14.4,0.902,MULTIPLE_OPTOUTS,False,8.5,24.03,23.34,24.69,22.59,24.32,22.47
2026-06-13 14:45:00,657.6,280.4,101.2,16.9,143.0,74.0,27.8,14.4,0.897,MULTIPLE_OPTOUTS,False,8.5,23.97,23.71,23.18,22.58,24.12,22.36
2026-06-13 15:00:00,656.2,273.2,105.7,17.2,143.0,74.9,27.9,14.4,0.922,MULTIPLE_OPTOUTS,False,8.5,23.1,23.09,23.79,23.48,24.06,23.34
2026-06-13 15:15:00,678.0,287.1,106.2,17.7,147.8,76.8,27.9,14.4,0.97,MULTIPLE_OPTOUTS,False,8.5,23.72,23.77,24.03,22.8,23.63,22.3
2026-06-13 15:30:00,662.9,276.1,104.7,17.5,146.1,76.1,28.0,14.4,0.95,MULTIPLE_OPTOUTS,False,8.5,23.93,23.3,23.72,22.84,24.15,22.39
2026-06-13 15:45:00,669.2,283.1,104.4,16.9,148.5,73.9,28.1,14.4,0.894,MULTIPLE_OPTOUTS,False,8.5,23.91,23.01,23.82,23.56,22.8,23.91
2026-06-13 16:00:00,675.0,285.1,102.1,17.0,153.6,74.5,28.2,14.4,0.911,MULTIPLE_OPTOUTS,False,8.5,24.59,23.29,23.56,21.62,23.81,23.2
2026-06-13 16:15:00,671.3,277.5,107.6,17.9,147.9,77.8,28.3,14.4,0.994,MULTIPLE_OPTOUTS,False,8.5,23.87,24.1,23.72,22.72,23.85,22.83
2026-06-13 16:30:00,682.6,297.8,103.3,17.2,146.4,75.1,28.4,14.4,0.926,MULTIPLE_OPTOUTS,False,8.5,24.92,24.07,24.04,22.49,23.27,22.45
2026-06-13 16:45:00,673.3,283.7,104.6,16.9,151.0,74.2,28.5,14.4,0.903,MULTIPLE_OPTOUTS,False,8.5,24.6,24.02,24.41,23.1,24.37,22.8
2026-06-13 17:00:00,676.6,285.0,105.9,17.7,148.7,76.8,28.2,14.4,0.969,MULTIPLE_OPTOUTS,False,11.0,24.09,23.2,23.18,22.16,24.71,23.73
2026-06-13 17:15:00,666.3,281.3,100.5,16.8,152.1,73.6,27.7,14.4,0.886,MULTIPLE_OPTOUTS,False,11.0,24.38,24.15,22.8,22.8,24.04,23.03
2026-06-13 17:30:00,626.2,260.9,99.7,16.6,134.3,73.1,27.3,14.4,0.874,MULTIPLE_OPTOUTS,False,11.0,24.39,23.3,23.23,22.68,24.1,22.87
2026-06-13 17:45:00,616.6,260.3,97.0,16.2,130.4,71.5,26.8,14.4,0.833,MULTIPLE_OPTOUTS,False,11.0,23.58,23.41,23.71,22.99,23.32,22.46
2026-06-13 18:00:00,605.4,251.5,96.2,16.0,130.2,70.7,26.4,14.4,0.813,MULTIPLE_OPTOUTS,False,11.0,23.89,23.81,24.06,23.03,23.76,22.31
2026-06-13 18:15:00,589.0,236.6,94.1,15.5,133.7,68.8,26.0,14.4,0.764,MULTIPLE_OPTOUTS,False,11.0,24.63,22.96,24.12,23.16,23.27,23.02
2026-06-13 18:30:00,556.1,224.4,89.6,15.0,120.1,67.1,25.5,14.4,0.721,MULTIPLE_OPTOUTS,False,11.0,24.58,23.23,22.75,22.31,23.72,22.19
2026-06-13 18:45:00,525.0,207.2,89.3,14.9,107.1,66.9,25.1,14.4,0.717,MULTIPLE_OPTOUTS,False,11.0,23.59,23.14,23.36,22.47,24.27,22.85
2026-06-13 19:00:00,510.6,204.2,88.1,14.5,99.2,65.5,24.6,14.4,0.68,MULTIPLE_OPTOUTS,False,11.0,24.38,23.85,24.2,22.38,24.09,21.98
2026-06-13 19:15:00,506.0,200.6,84.2,14.1,104.6,63.9,24.2,14.4,0.639,MULTIPLE_OPTOUTS,False,11.0,25.28,23.34,22.83,22.47,23.43,22.21
2026-06-13 19:30:00,476.1,182.6,82.8,13.9,95.7,63.0,23.8,14.4,0.617,MULTIPLE_OPTOUTS,False,11.0,23.54,23.03,24.01,22.39,22.14,23.9
2026-06-13 19:45:00,449.9,169.0,81.9,13.7,85.0,62.6,23.3,14.4,0.604,MULTIPLE_OPTOUTS,False,11.0,23.96,23.55,23.01,21.61,23.82,23.4
2026-06-13 20:00:00,438.6,162.2,79.9,13.4,84.4,61.4,22.9,14.4,0.574,MULTIPLE_OPTOUTS,False,11.0,23.46,22.97,23.0,22.16,22.89,22.4
2026-06-13 20:15:00,422.7,153.3,77.5,13.0,82.1,60.0,22.4,14.4,0.538,MULTIPLE_OPTOUTS,False,11.0,24.57,23.92,23.6,22.07,23.35,22.67
2026-06-13 20:30:00,387.5,137.2,74.2,12.5,69.3,58.0,22.0,14.4,0.487,MULTIPLE_OPTOUTS,False,11.0,23.52,23.54,23.72,22.53,23.63,22.23
2026-06-13 20:45:00,368.1,129.1,71.2,12.0,63.7,56.2,21.6,14.4,0.442,MULTIPLE_OPTOUTS,False,11.0,23.79,22.43,22.78,22.15,23.18,22.85
2026-06-13 21:00:00,227.3,53.9,55.3,9.4,28.9,46.9,18.6,14.4,0.202,MULTIPLE_OPTOUTS,False,6.5,23.44,22.64,22.62,21.98,23.18,21.73
2026-06-13 21:15:00,228.5,58.5,52.6,8.9,30.2,45.3,18.6,14.4,0.16,MULTIPLE_OPTOUTS,False,6.5,23.02,23.88,22.0,21.55,24.61,22.75
2026-06-13 21:30:00,230.4,58.1,56.1,9.5,26.5,47.3,18.6,14.4,0.213,MULTIPLE_OPTOUTS,False,6.5,24.1,22.8,22.38,21.07,23.62,21.86
2026-06-13 21:45:00,252.6,68.8,57.3,9.7,35.7,48.1,18.6,14.4,0.232,MULTIPLE_OPTOUTS,False,6.5,23.02,23.27,21.98,21.84,22.97,22.36
2026-06-13 22:00:00,269.8,61.0,54.9,9.3,31.3,46.6,18.6,48.0,0.196,MULTIPLE_OPTOUTS,False,6.5,24.83,22.6,23.32,20.97,23.44,21.88
2026-06-13 22:15:00,271.2,60.2,54.6,9.3,34.2,46.4,18.6,48.0,0.191,MULTIPLE_OPTOUTS,False,6.5,23.77,22.77,22.89,22.14,22.82,22.18
2026-06-13 22:30:00,276.2,59.6,58.0,9.8,33.8,48.5,18.6,48.0,0.243,MULTIPLE_OPTOUTS,False,6.5,23.18,22.91,22.35,21.96,23.42,22.44
2026-06-13 22:45:00,262.4,58.2,54.1,9.2,28.2,46.1,18.6,48.0,0.183,MULTIPLE_OPTOUTS,False,6.5,22.83,23.27,21.21,21.42,22.98,23.16
2026-06-13 23:00:00,264.4,55.4,55.1,9.3,31.3,46.7,18.6,48.0,0.199,MULTIPLE_OPTOUTS,False,6.5,22.94,22.86,22.79,21.53,23.34,22.05
2026-06-13 23:15:00,277.2,68.7,55.8,9.5,29.5,47.2,18.6,48.0,0.209,MULTIPLE_OPTOUTS,False,6.5,22.54,23.44,23.13,22.24,23.71,22.88
2026-06-13 23:30:00,263.7,64.9,53.1,9.0,24.6,45.6,18.6,48.0,0.169,MULTIPLE_OPTOUTS,False,6.5,22.44,23.93,23.59,21.24,23.19,22.39
2026-06-13 23:45:00,259.3,56.6,51.3,8.7,31.5,44.5,18.6,48.0,0.141,MULTIPLE_OPTOUTS,False,6.5,24.25,23.2,22.9,21.57,23.78,21.79
2026-06-14 00:00:00,230.9,45.6,47.4,8.1,21.7,42.2,17.9,48.0,0.082,NORMAL,False,6.5,22.95,22.84,22.45,21.32,23.03,21.61
2026-06-14 00:15:00,231.2,45.3,49.2,8.4,19.2,43.2,17.9,48.0,0.109,NORMAL,False,6.5,23.16,22.89,22.4,20.55,23.87,21.92
2026-06-14 00:30:00,236.0,43.7,51.1,8.7,22.1,44.4,17.9,48.0,0.138,NORMAL,False,6.5,23.74,23.31,23.23,21.83,23.74,21.65
2026-06-14 00:45:00,229.1,38.2,54.3,9.2,15.2,46.3,17.9,48.0,0.187,NORMAL,False,6.5,22.97,23.19,22.84,22.3,23.49,22.97
2026-06-14 01:00:00,246.1,50.8,47.4,8.1,31.7,42.2,17.9,48.0,0.081,NORMAL,False,6.5,23.49,23.36,23.05,21.26,23.24,22.46
2026-06-14 01:15:00,236.2,44.3,53.5,9.1,17.7,45.8,17.9,48.0,0.174,NORMAL,False,6.5,23.37,23.72,22.58,21.51,23.49,22.06
2026-06-14 01:30:00,247.4,42.5,53.9,9.2,29.8,46.0,17.9,48.0,0.181,NORMAL,False,6.5,23.49,23.77,21.9,22.67,22.77,21.96
2026-06-14 01:45:00,228.9,46.6,52.3,8.9,10.0,45.1,17.9,48.0,0.157,NORMAL,False,6.5,23.07,22.65,22.0,22.25,23.95,23.22
2026-06-14 02:00:00,234.3,47.0,49.4,8.4,20.1,43.4,17.9,48.0,0.113,NORMAL,False,6.5,23.37,22.85,22.36,21.08,24.01,22.76
2026-06-14 02:15:00,226.9,37.8,52.2,8.9,17.0,45.1,17.9,48.0,0.155,NORMAL,False,6.5,22.52,22.98,21.42,20.9,23.39,23.73
2026-06-14 02:30:00,241.5,42.4,52.3,8.9,26.9,45.1,17.9,48.0,0.157,NORMAL,False,6.5,24.07,23.15,23.04,21.52,23.29,22.59
2026-06-14 02:45:00,234.7,44.2,48.7,8.3,24.6,43.0,17.9,48.0,0.102,NORMAL,False,6.5,23.57,23.05,22.51,20.8,23.04,23.13
2026-06-14 03:00:00,238.0,43.6,50.2,8.5,25.9,43.8,17.9,48.0,0.124,NORMAL,False,6.5,23.13,22.35,22.7,21.83,23.7,22.09
2026-06-14 03:15:00,239.3,47.8,51.5,8.8,20.7,44.6,17.9,48.0,0.144,NORMAL,False,6.5,23.03,23.99,22.2,22.21,22.97,22.87
2026-06-14 03:30:00,228.8,44.1,49.5,8.4,17.5,43.4,17.9,48.0,0.113,NORMAL,False,6.5,22.15,22.73,22.9,21.1,23.58,21.8
2026-06-14 03:45:00,227.0,43.6,51.7,8.8,12.2,44.8,17.9,48.0,0.148,NORMAL,False,6.5,22.93,22.45,22.35,21.21,22.89,23.09
2026-06-14 04:00:00,232.5,46.8,50.7,8.6,16.4,44.1,17.9,48.0,0.131,NORMAL,False,6.5,23.61,22.66,23.41,21.23,23.79,23.06
2026-06-14 04:15:00,229.7,42.6,50.0,8.5,18.9,43.7,17.9,48.0,0.122,NORMAL,False,6.5,23.73,22.63,23.13,21.43,23.61,21.84
2026-06-14 04:30:00,244.3,49.3,52.3,8.9,22.7,45.1,17.9,48.0,0.157,NORMAL,False,6.5,23.23,23.28,22.44,21.22,23.64,22.03
2026-06-14 04:45:00,233.6,38.3,51.3,8.7,25.0,44.5,17.9,48.0,0.14,NORMAL,False,6.5,23.4,23.0,21.84,21.14,24.07,22.58
2026-06-14 05:00:00,246.9,51.3,50.8,8.6,26.0,44.2,17.9,48.0,0.133,NORMAL,False,6.5,22.72,22.47,23.16,20.68,23.12,22.6
2026-06-14 05:15:00,238.2,42.9,50.2,8.5,26.7,43.9,17.9,48.0,0.125,NORMAL,False,6.5,23.91,22.36,22.78,21.89,23.1,22.89
2026-06-14 05:30:00,236.8,44.5,48.3,8.2,27.2,42.7,17.9,48.0,0.095,NORMAL,False,6.5,23.28,22.82,23.19,21.59,24.15,22.78
2026-06-14 05:45:00,241.7,47.8,53.5,9.1,19.6,45.8,17.9,48.0,0.174,NORMAL,False,6.5,23.44,21.91,22.22,22.4,22.92,22.99
2026-06-14 06:00:00,195.1,44.0,47.9,8.2,20.1,42.5,17.9,14.4,0.09,NORMAL,False,6.5,22.82,24.07,22.18,21.21,23.03,23.13
2026-06-14 06:15:00,225.1,51.6,57.7,9.8,24.8,48.3,18.5,14.4,0.238,NORMAL,False,6.5,23.58,22.61,22.17,22.36,23.58,21.8
2026-06-14 06:30:00,257.2,71.8,55.5,9.4,40.0,47.0,19.1,14.4,0.204,NORMAL,False,6.5,22.22,22.51,22.29,21.51,24.41,22.43
2026-06-14 06:45:00,284.4,87.7,61.8,10.2,40.6,49.9,19.7,14.4,0.28,NORMAL,False,6.5,23.54,23.22,22.9,23.22,24.04,22.04
2026-06-14 07:00:00,317.0,101.5,64.9,10.9,52.5,52.5,20.3,14.4,0.347,NORMAL,False,6.5,22.73,22.55,23.09,22.41,23.86,23.03
2026-06-14 07:15:00,340.9,114.1,66.0,11.1,61.2,53.2,20.9,14.4,0.364,NORMAL,False,6.5,23.84,23.62,22.91,21.88,24.4,22.6
2026-06-14 07:30:00,370.7,130.4,69.9,11.8,67.4,55.5,21.4,14.4,0.422,NORMAL,False,6.5,23.1,23.32,22.99,22.93,24.02,22.33
2026-06-14 07:45:00,406.0,142.9,75.7,12.7,79.4,58.9,22.0,14.4,0.51,NORMAL,False,6.5,23.35,23.25,23.06,22.14,23.21,22.94
2026-06-14 08:00:00,419.2,156.5,76.1,12.8,77.7,59.1,22.6,14.4,0.516,NORMAL,False,8.5,23.41,23.55,22.72,22.66,24.2,23.28
2026-06-14 08:15:00,442.2,169.1,79.3,13.3,81.7,61.1,23.2,14.4,0.566,NORMAL,False,8.5,23.87,22.89,23.85,22.47,23.22,23.61
2026-06-14 08:30:00,474.8,183.8,80.5,13.5,97.0,61.8,23.8,14.4,0.583,NORMAL,False,8.5,24.44,24.09,23.7,22.86,24.28,22.95
2026-06-14 08:45:00,494.0,193.7,86.9,14.5,94.8,65.4,24.4,14.4,0.676,NORMAL,False,8.5,23.44,23.57,24.04,22.21,23.55,22.94
2026-06-14 09:00:00,524.8,205.3,90.6,15.1,106.8,67.6,25.0,14.4,0.734,NORMAL,False,8.5,23.66,23.23,23.08,23.02,24.15,22.6
2026-06-14 09:15:00,547.6,211.1,90.4,15.1,123.9,67.6,25.2,14.4,0.734,NORMAL,False,8.5,23.97,23.27,23.49,22.76,23.7,22.95
2026-06-14 09:30:00,539.1,221.8,89.8,15.0,105.4,67.3,25.4,14.4,0.725,NORMAL,False,8.5,23.97,23.5,23.16,22.37,23.72,22.26
2026-06-14 09:45:00,572.4,229.8,95.0,15.9,121.4,70.3,25.6,14.4,0.803,NORMAL,False,8.5,24.36,23.56,22.59,22.07,24.44,24.82
2026-06-14 10:00:00,568.1,229.8,93.6,15.7,119.3,69.5,25.8,14.4,0.782,NORMAL,False,8.5,23.52,23.73,22.89,21.83,23.1,23.22
2026-06-14 10:15:00,581.3,237.3,93.7,15.7,124.7,69.5,26.0,14.4,0.783,NORMAL,False,8.5,23.38,22.9,23.13,21.74,23.48,22.19
2026-06-14 10:30:00,580.0,241.2,92.2,15.4,121.8,68.7,26.2,14.4,0.761,NORMAL,False,8.5,23.77,24.16,22.92,22.63,23.78,23.27
2026-06-14 10:45:00,593.7,243.8,96.6,16.0,125.5,70.9,26.5,14.4,0.819,NORMAL,False,8.5,24.02,23.2,22.82,23.1,24.28,22.22
2026-06-14 11:00:00,603.7,253.4,94.7,15.8,128.5,70.1,26.7,14.4,0.799,NORMAL,False,8.5,23.02,22.9,23.28,21.74,23.83,23.32
2026-06-14 11:15:00,609.0,250.8,97.0,15.8,134.2,70.0,26.9,14.4,0.795,NORMAL,False,8.5,24.31,23.31,23.67,23.42,23.33,21.3
2026-06-14 11:30:00,618.2,257.5,99.3,16.6,130.5,72.8,27.1,14.4,0.867,NORMAL,False,8.5,23.43,22.55,23.36,21.92,24.02,22.55
2026-06-14 11:45:00,643.8,263.4,100.8,16.8,147.2,73.8,27.3,14.4,0.891,NORMAL,False,8.5,24.09,23.37,23.66,22.53,23.25,22.4
2026-06-14 12:00:00,622.3,258.3,95.5,15.9,140.8,70.6,26.9,14.4,0.81,NORMAL,False,8.5,23.76,23.29,23.32,23.01,23.59,22.63
2026-06-14 12:15:00,620.2,255.8,100.9,16.8,131.5,73.8,26.9,14.4,0.892,NORMAL,False,8.5,24.0,23.24,23.59,22.64,23.34,23.24
2026-06-14 12:30:00,619.8,257.3,95.6,16.0,139.0,70.7,26.9,14.4,0.812,NORMAL,False,8.5,24.01,22.3,23.18,22.19,23.89,23.68
2026-06-14 12:45:00,616.5,255.9,99.4,16.6,130.5,72.9,26.9,14.4,0.869,NORMAL,False,8.5,24.61,24.19,23.18,22.14,24.1,22.76
2026-06-14 13:00:00,612.8,252.3,96.9,16.2,134.6,71.5,26.9,14.4,0.832,NORMAL,False,8.5,24.81,22.7,23.84,22.76,22.96,22.33
2026-06-14 13:15:00,624.4,252.4,101.4,16.3,141.3,71.7,26.9,14.4,0.839,NORMAL,False,8.5,23.96,22.52,24.67,22.54,24.0,22.48
2026-06-14 13:30:00,596.2,244.7,94.3,15.8,130.2,69.9,26.9,14.4,0.792,NORMAL,False,8.5,24.09,22.63,23.25,22.13,23.24,22.76
2026-06-14 13:45:00,631.9,260.2,97.9,16.4,144.1,72.0,26.9,14.4,0.847,NORMAL,False,8.5,23.34,24.01,23.22,22.4,23.46,22.71
2026-06-14 14:00:00,641.1,271.4,105.2,17.2,130.4,75.0,27.5,14.4,0.922,NORMAL,False,8.5,24.65,24.13,23.73,23.39,24.17,22.85
2026-06-14 14:15:00,645.0,272.7,102.4,17.1,136.0,74.7,27.6,14.4,0.915,NORMAL,False,8.5,23.33,22.46,23.69,22.04,23.77,22.84
2026-06-14 14:30:00,648.8,270.8,104.1,17.4,138.8,75.7,27.7,14.4,0.94,NORMAL,False,8.5,24.08,23.5,23.03,22.54,24.33,23.27
2026-06-14 14:45:00,656.5,275.1,100.8,16.8,147.9,73.7,27.8,14.4,0.89,NORMAL,False,8.5,23.74,22.57,23.5,22.88,23.37,22.72
2026-06-14 15:00:00,669.0,283.1,101.9,17.0,150.3,74.4,27.9,14.4,0.908,NORMAL,False,8.5,23.8,22.85,23.02,22.85,23.7,22.8
2026-06-14 15:15:00,655.3,282.1,100.3,16.7,140.3,73.5,27.9,14.4,0.884,NORMAL,False,8.5,24.38,23.38,23.33,22.72,22.9,23.5
2026-06-14 15:30:00,663.5,281.9,102.9,17.2,144.2,75.0,28.0,14.4,0.922,NORMAL,False,8.5,23.26,23.12,23.37,21.94,24.17,23.42
2026-06-14 15:45:00,665.8,284.8,105.3,17.6,139.1,76.4,28.1,14.4,0.96,NORMAL,False,8.5,24.14,22.75,23.33,22.5,23.91,22.79
2026-06-14 16:00:00,672.1,285.7,106.2,17.7,142.8,77.0,28.2,14.4,0.973,NORMAL,False,8.5,24.17,24.57,23.47,22.83,25.21,22.89
2026-06-14 16:15:00,676.3,286.9,108.0,18.0,142.7,78.0,28.3,14.4,1.0,NORMAL,False,8.5,23.62,23.51,23.46,22.61,23.09,23.47
2026-06-14 16:30:00,685.3,289.6,108.7,18.0,148.2,78.0,28.4,14.4,1.0,NORMAL,False,8.5,23.95,23.47,24.12,22.94,22.7,23.15
2026-06-14 16:45:00,690.2,288.7,106.0,17.7,158.1,76.8,28.5,14.4,0.97,NORMAL,False,8.5,23.36,23.39,22.98,22.52,23.87,23.33
2026-06-14 17:00:00,669.1,282.3,106.6,17.8,142.7,77.2,28.2,14.4,0.978,NORMAL,False,11.0,23.96,22.74,22.95,22.81,23.42,23.39
2026-06-14 17:15:00,649.6,267.9,103.5,17.2,143.9,75.0,27.7,14.4,0.923,NORMAL,False,11.0,23.76,23.28,24.1,22.67,23.84,22.88
2026-06-14 17:30:00,635.0,263.1,101.0,16.8,138.9,73.6,27.3,14.4,0.886,NORMAL,False,11.0,24.51,23.57,23.46,23.08,23.62,22.89
2026-06-14 17:45:00,612.1,252.8,98.8,16.2,131.5,71.6,26.8,14.4,0.836,NORMAL,False,11.0,24.83,24.26,23.94,23.27,22.98,22.04
2026-06-14 18:00:00,593.0,240.4,99.1,15.9,126.3,70.5,26.4,14.4,0.807,NORMAL,False,11.0,23.15,23.82,24.54,23.11,24.28,22.86
2026-06-14 18:15:00,579.3,231.4,98.5,16.3,121.0,71.8,26.0,14.4,0.841,NORMAL,False,11.0,23.83,23.02,24.06,23.1,23.33,22.62
2026-06-14 18:30:00,560.7,225.4,96.9,15.6,113.6,69.3,25.5,14.4,0.777,NORMAL,False,11.0,23.53,23.78,23.48,23.6,23.89,22.68
2026-06-14 18:45:00,527.8,213.8,85.3,14.3,110.4,64.6,25.1,14.4,0.656,NORMAL,False,11.0,23.67,23.07,22.49,22.25,22.66,22.52
2026-06-14 19:00:00,511.3,203.5,85.7,14.4,103.8,64.8,24.6,14.4,0.663,NORMAL,False,11.0,23.75,22.81,23.3,22.32,23.25,22.83
2026-06-14 19:15:00,495.9,189.9,89.1,14.9,96.6,66.8,24.2,14.4,0.713,NORMAL,False,11.0,23.79,23.07,23.14,21.87,24.06,22.37
2026-06-14 19:30:00,480.5,184.0,80.1,13.4,103.4,61.5,23.8,14.4,0.577,NORMAL,False,11.0,22.82,22.94,23.63,22.29,24.45,23.05
2026-06-14 19:45:00,451.4,168.3,79.6,13.3,91.3,61.2,23.3,14.4,0.569,NORMAL,False,11.0,23.71,23.16,23.95,22.18,23.35,22.96
2026-06-14 20:00:00,431.4,161.9,78.3,13.1,80.3,60.4,22.9,14.4,0.55,NORMAL,False,11.0,23.57,23.45,22.42,22.24,23.43,24.1
2026-06-14 20:15:00,408.3,151.0,72.5,12.2,78.8,57.0,22.4,14.4,0.462,NORMAL,False,11.0,24.21,22.96,22.66,22.22,23.96,22.96
2026-06-14 20:30:00,387.1,143.6,73.4,12.3,63.7,57.6,22.0,14.4,0.476,NORMAL,False,11.0,23.74,23.36,23.62,22.1,23.23,22.57
2026-06-14 20:45:00,360.7,131.5,67.1,11.3,60.9,53.9,21.6,14.4,0.381,NORMAL,False,11.0,23.92,23.87,22.32,22.01,23.41,22.48
2026-06-14 21:00:00,232.0,61.1,53.0,9.0,30.4,45.5,18.6,14.4,0.167,NORMAL,False,6.5,23.05,22.98,22.14,22.09,23.34,22.34
2026-06-14 21:15:00,235.2,60.7,56.9,9.6,27.2,47.8,18.6,14.4,0.225,NORMAL,False,6.5,22.8,22.37,22.62,21.8,22.95,21.87
2026-06-14 21:30:00,214.0,49.4,52.3,8.9,25.3,45.1,18.6,14.4,0.156,NORMAL,False,6.5,23.67,22.73,23.26,21.7,23.69,22.44
2026-06-14 21:45:00,243.2,63.0,55.0,9.3,36.3,46.7,18.6,14.4,0.196,NORMAL,False,6.5,23.42,22.16,22.71,21.17,23.68,22.55
2026-06-14 22:00:00,277.0,63.0,57.1,9.5,33.4,47.3,18.6,48.0,0.214,NORMAL,False,6.5,23.69,22.89,24.17,21.15,23.3,23.01
2026-06-14 22:15:00,271.9,57.7,56.5,9.6,33.9,47.6,18.6,48.0,0.22,NORMAL,False,6.5,22.22,23.86,22.66,22.39,22.55,22.69
2026-06-14 22:30:00,264.2,60.6,55.8,9.5,24.6,47.2,18.6,48.0,0.21,NORMAL,False,6.5,23.43,22.53,22.72,21.66,23.81,23.06
2026-06-14 22:45:00,266.1,58.2,55.4,9.4,29.7,46.9,18.6,48.0,0.203,NORMAL,False,6.5,24.55,23.88,21.26,21.78,24.03,22.47
2026-06-14 23:00:00,265.8,57.8,56.3,9.5,28.1,47.4,18.6,48.0,0.217,NORMAL,False,6.5,22.69,23.66,22.73,21.29,24.13,21.79
2026-06-14 23:15:00,282.9,65.6,59.4,10.1,31.9,49.3,18.6,48.0,0.264,NORMAL,False,6.5,22.97,22.0,22.53,22.04,23.97,23.72
2026-06-14 23:30:00,268.5,59.1,53.4,9.1,34.7,45.8,18.6,48.0,0.173,NORMAL,False,6.5,24.02,22.87,22.38,21.5,22.93,22.32
2026-06-14 23:45:00,276.1,61.6,54.4,9.2,38.0,46.3,18.6,48.0,0.188,NORMAL,False,6.5,22.59,22.25,22.83,21.76,23.28,22.32
2026-06-15 00:00:00,394.7,45.7,207.2,8.6,23.4,43.9,17.9,48.0,0.127,EXTREME_HEAT,False,6.5,32.2,32.52,31.26,30.64,32.52,30.88
2026-06-15 00:15:00,408.9,46.8,220.9,9.0,20.8,45.5,17.9,48.0,0.167,EXTREME_HEAT,False,6.5,31.61,32.05,32.39,31.74,33.19,30.96
2026-06-15 00:30:00,395.1,45.9,204.0,8.9,25.3,45.2,17.9,48.0,0.159,EXTREME_HEAT,False,6.5,31.8,31.19,31.52,31.05,32.69,31.75
2026-06-15 00:45:00,400.9,44.1,215.3,9.0,21.1,45.5,17.9,48.0,0.166,EXTREME_HEAT,False,6.5,32.06,32.09,32.57,30.77,32.57,31.6
2026-06-15 01:00:00,390.0,37.0,206.9,8.9,26.2,45.1,17.9,48.0,0.156,EXTREME_HEAT,False,6.5,31.93,31.97,31.29,30.74,32.84,31.44
2026-06-15 01:15:00,393.9,45.7,207.2,8.9,21.2,45.0,17.9,48.0,0.154,EXTREME_HEAT,False,6.5,31.69,32.43,30.99,31.21,32.52,30.41
2026-06-15 01:30:00,379.8,42.1,201.4,8.6,17.6,44.2,17.9,48.0,0.133,EXTREME_HEAT,False,6.5,31.79,31.98,31.42,29.73,33.18,31.42
2026-06-15 01:45:00,390.9,45.0,200.7,9.1,24.4,45.8,17.9,48.0,0.173,EXTREME_HEAT,False,6.5,31.56,32.12,31.42,30.45,32.0,31.24
2026-06-15 02:00:00,386.0,46.0,201.1,8.6,20.5,43.9,17.9,48.0,0.126,EXTREME_HEAT,False,6.5,32.11,32.48,30.82,30.65,32.06,31.01
2026-06-15 02:15:00,398.7,51.0,203.6,8.4,26.3,43.4,17.9,48.0,0.113,EXTREME_HEAT,False,6.5,32.8,32.49,30.67,29.9,32.83,31.39
2026-06-15 02:30:00,411.9,48.2,209.2,8.9,34.5,45.2,17.9,48.0,0.159,EXTREME_HEAT,False,6.5,31.68,32.29,31.05,31.34,32.76,31.14
2026-06-15 02:45:00,389.9,52.2,204.2,8.7,14.3,44.6,17.9,48.0,0.143,EXTREME_HEAT,False,6.5,32.45,31.83,31.71,29.92,32.54,31.56
2026-06-15 03:00:00,385.1,42.5,205.2,8.7,18.3,44.5,17.9,48.0,0.142,EXTREME_HEAT,False,6.5,32.81,31.92,31.58,30.25,32.08,30.63
2026-06-15 03:15:00,395.8,45.3,202.1,8.9,28.6,45.0,17.9,48.0,0.154,EXTREME_HEAT,False,6.5,31.79,31.81,31.46,30.66,32.28,31.02
2026-06-15 03:30:00,382.0,42.0,199.0,8.9,21.2,45.0,17.9,48.0,0.154,EXTREME_HEAT,False,6.5,31.88,31.98,30.66,30.61,32.35,31.08
2026-06-15 03:45:00,403.7,45.4,211.3,9.1,25.9,46.0,17.9,48.0,0.18,EXTREME_HEAT,False,6.5,32.76,31.59,31.46,30.47,32.96,31.63
2026-06-15 04:00:00,399.2,48.8,211.6,8.6,20.1,44.2,17.9,48.0,0.132,EXTREME_HEAT,False,6.5,32.84,32.04,31.23,30.54,33.16,31.33
2026-06-15 04:15:00,393.0,42.8,206.8,8.6,25.0,44.0,17.9,48.0,0.127,EXTREME_HEAT,False,6.5,32.48,31.6,32.06,30.83,32.1,31.5
2026-06-15 04:30:00,404.5,46.3,214.0,9.4,21.8,47.1,17.9,48.0,0.207,EXTREME_HEAT,False,6.5,32.06,32.33,31.76,30.76,32.48,31.13
2026-06-15 04:45:00,393.7,41.5,209.6,8.5,24.3,43.8,17.9,48.0,0.123,EXTREME_HEAT,False,6.5,32.65,32.09,31.53,31.32,31.62,32.17
2026-06-15 05:00:00,397.6,51.9,214.2,8.6,12.7,44.2,17.9,48.0,0.132,EXTREME_HEAT,False,6.5,31.7,32.7,32.59,30.55,32.71,31.57
2026-06-15 05:15:00,396.1,49.8,202.9,8.9,23.2,45.3,17.9,48.0,0.161,EXTREME_HEAT,False,6.5,31.83,30.87,31.51,31.62,32.22,31.94
2026-06-15 05:30:00,400.4,53.8,205.7,8.9,21.1,45.0,17.9,48.0,0.154,EXTREME_HEAT,False,6.5,31.33,31.69,32.14,30.71,32.73,31.61
2026-06-15 05:45:00,411.3,49.9,214.3,9.3,25.1,46.7,17.9,48.0,0.198,EXTREME_HEAT,False,6.5,32.3,32.91,31.13,30.83,32.36,31.63
2026-06-15 06:00:00,365.9,49.8,206.8,9.2,21.4,46.3,17.9,14.4,0.187,EXTREME_HEAT,False,6.5,31.89,31.64,31.73,30.7,32.46,31.08
2026-06-15 06:15:00,404.7,59.8,219.1,9.8,34.9,48.3,18.5,14.4,0.239,EXTREME_HEAT,False,6.5,32.29,32.4,32.07,30.37,32.76,32.54
2026-06-15 06:30:00,420.9,71.8,220.9,10.0,35.5,49.2,19.1,14.4,0.262,EXTREME_HEAT,False,6.5,32.47,32.17,32.09,31.2,31.9,31.7
2026-06-15 06:45:00,443.3,86.9,212.9,10.7,46.9,51.7,19.7,14.4,0.326,EXTREME_HEAT,False,6.5,32.03,31.4,32.29,30.18,31.63,32.05
2026-06-15 07:00:00,462.8,100.7,212.8,10.7,52.4,51.5,20.3,14.4,0.32,EXTREME_HEAT,False,6.5,31.69,31.5,31.75,30.25,32.75,31.36
2026-06-15 07:15:00,505.6,114.3,228.7,11.4,61.6,54.2,20.9,14.4,0.391,EXTREME_HEAT,False,6.5,32.72,31.95,32.06,31.09,31.4,31.94
2026-06-15 07:30:00,508.8,125.0,221.3,11.4,61.2,54.1,21.4,14.4,0.386,EXTREME_HEAT,False,6.5,32.31,31.57,32.34,30.26,32.15,31.88
2026-06-15 07:45:00,566.3,141.9,246.7,12.6,70.3,58.4,22.0,14.4,0.498,EXTREME_HEAT,False,6.5,33.07,32.51,32.52,30.98,32.55,31.33
2026-06-15 08:00:00,593.1,157.9,250.7,12.6,76.2,58.6,22.6,14.4,0.504,EXTREME_HEAT,False,8.5,32.9,32.74,32.3,32.0,32.3,30.73
2026-06-15 08:15:00,606.2,173.7,230.6,13.2,90.6,60.6,23.2,14.4,0.554,EXTREME_HEAT,False,8.5,31.78,31.72,31.41,30.95,32.47,31.71
2026-06-15 08:30:00,642.7,181.8,248.4,13.2,100.2,60.8,23.8,14.4,0.56,EXTREME_HEAT,False,8.5,32.98,32.22,32.12,31.16,32.77,31.32
2026-06-15 08:45:00,654.7,196.1,239.8,14.0,102.3,63.7,24.4,14.4,0.633,EXTREME_HEAT,False,8.5,32.24,32.16,31.69,30.4,32.52,32.41
2026-06-15 09:00:00,696.7,211.3,253.7,14.1,114.5,63.8,25.0,14.4,0.636,EXTREME_HEAT,False,8.5,32.98,32.24,31.93,31.35,32.78,31.16
2026-06-15 09:15:00,702.6,216.0,257.2,14.9,108.3,66.7,25.2,14.4,0.71,EXTREME_HEAT,False,8.5,32.42,32.12,32.78,30.74,33.0,31.37
2026-06-15 09:30:00,715.8,214.9,269.4,14.9,109.9,66.9,25.4,14.4,0.716,EXTREME_HEAT,False,8.5,33.62,31.51,32.6,32.23,33.06,31.05
2026-06-15 09:45:00,711.6,221.3,255.1,15.4,111.4,68.4,25.6,14.4,0.755,EXTREME_HEAT,False,8.5,33.02,31.59,31.97,31.0,32.64,32.72
2026-06-15 10:00:00,742.7,240.7,257.5,15.1,121.6,67.6,25.8,14.4,0.733,EXTREME_HEAT,False,8.5,33.2,32.2,31.93,31.2,32.32,31.87
2026-06-15 10:15:00,748.8,235.1,263.0,15.6,125.3,69.4,26.0,14.4,0.781,EXTREME_HEAT,False,8.5,32.6,31.56,32.8,31.78,32.5,32.34
2026-06-15 10:30:00,756.7,235.7,266.0,15.9,127.9,70.5,26.2,14.4,0.809,EXTREME_HEAT,False,8.5,32.88,31.77,32.4,31.89,32.49,31.96
2026-06-15 10:45:00,766.8,253.5,261.9,16.1,123.2,71.2,26.5,14.4,0.826,EXTREME_HEAT,False,8.5,32.39,32.14,32.96,30.86,32.21,31.71
2026-06-15 11:00:00,782.5,249.9,269.5,16.4,133.7,72.1,26.7,14.4,0.848,EXTREME_HEAT,False,8.5,33.15,31.96,32.6,31.29,32.58,30.92
2026-06-15 11:15:00,790.5,253.9,274.2,16.4,132.5,72.2,26.9,14.4,0.852,EXTREME_HEAT,False,8.5,33.57,32.55,32.49,31.21,32.51,31.02
2026-06-15 11:30:00,804.2,262.2,275.2,17.1,133.4,74.8,27.1,14.4,0.918,EXTREME_HEAT,False,8.5,33.37,31.84,31.88,31.5,33.18,31.67
2026-06-15 11:45:00,811.0,264.0,275.8,17.0,138.2,74.3,27.3,14.4,0.905,EXTREME_HEAT,False,8.5,32.29,33.07,32.03,31.98,32.64,31.71
2026-06-15 12:00:00,803.8,256.7,287.6,16.5,129.0,72.7,26.9,14.4,0.864,EXTREME_HEAT,False,8.5,33.57,32.96,32.7,32.39,32.81,32.3
2026-06-15 12:15:00,800.2,261.7,278.2,16.4,130.3,72.4,26.9,14.4,0.855,EXTREME_HEAT,False,8.5,33.28,32.24,32.73,31.96,32.74,30.28
2026-06-15 12:30:00,787.5,263.1,260.0,16.1,135.9,71.2,26.9,14.4,0.825,EXTREME_HEAT,False,8.5,32.43,32.08,32.21,31.12,32.41,32.01
2026-06-15 12:45:00,795.7,259.4,272.8,16.7,132.1,73.5,26.9,14.4,0.884,EXTREME_HEAT,False,8.5,32.87,32.32,32.77,31.23,32.55,32.19
2026-06-15 13:00:00,781.9,256.7,264.2,16.0,133.0,70.8,26.9,14.4,0.814,EXTREME_HEAT,False,8.5,32.83,31.52,32.51,31.6,32.61,31.87
2026-06-15 13:15:00,795.0,254.2,275.3,16.0,137.5,70.7,26.9,14.4,0.814,EXTREME_HEAT,False,8.5,32.85,32.45,33.27,31.34,33.02,32.18
2026-06-15 13:30:00,815.1,260.4,293.0,16.8,130.1,73.6,26.9,14.4,0.886,EXTREME_HEAT,False,8.5,33.75,32.5,33.74,31.26,33.83,32.15
2026-06-15 13:45:00,799.9,254.1,268.4,16.7,146.4,73.1,26.9,14.4,0.875,EXTREME_HEAT,False,8.5,33.76,31.72,32.47,30.48,32.67,31.35
2026-06-15 14:00:00,815.4,264.6,281.0,17.5,134.3,76.1,27.5,14.4,0.952,EXTREME_HEAT,False,8.5,32.42,32.56,33.04,31.47,32.87,31.92
2026-06-15 14:15:00,825.5,278.5,276.4,17.0,137.1,74.6,27.6,14.4,0.912,EXTREME_HEAT,False,8.5,33.14,31.92,32.2,31.55,33.22,31.74
2026-06-15 14:30:00,831.1,274.4,278.3,17.1,144.3,74.8,27.7,14.4,0.919,EXTREME_HEAT,False,8.5,32.93,32.57,32.21,32.57,31.93,32.63
2026-06-15 14:45:00,841.8,277.5,287.6,17.6,140.4,76.4,27.8,14.4,0.96,EXTREME_HEAT,False,8.5,33.58,31.92,32.95,32.59,32.34,32.85
2026-06-15 15:00:00,816.1,277.1,265.3,16.9,140.5,74.1,27.9,14.4,0.9,EXTREME_HEAT,False,8.5,32.97,31.29,32.37,31.45,32.23,32.14
2026-06-15 15:15:00,839.6,278.8,278.6,17.2,147.6,75.0,27.9,14.4,0.924,EXTREME_HEAT,False,8.5,33.29,32.31,32.26,31.67,32.75,31.21
2026-06-15 15:30:00,840.3,282.7,277.1,17.5,144.3,76.3,28.0,14.4,0.957,EXTREME_HEAT,False,8.5,33.03,32.63,32.16,31.17,32.66,32.54
2026-06-15 15:45:00,865.1,280.8,286.4,17.9,159.7,77.7,28.1,14.4,0.993,EXTREME_HEAT,False,8.5,33.05,33.42,32.44,31.19,32.71,31.67
2026-06-15 16:00:00,855.8,285.0,279.5,17.6,154.5,76.6,28.2,14.4,0.963,EXTREME_HEAT,False,8.5,33.39,32.06,32.37,32.17,31.95,31.22
2026-06-15 16:15:00,856.8,291.7,284.3,17.4,144.7,76.0,28.3,14.4,0.949,EXTREME_HEAT,False,8.5,33.35,32.3,33.29,30.85,33.15,31.69
2026-06-15 16:30:00,841.0,288.7,274.7,17.6,140.4,76.7,28.4,14.4,0.967,EXTREME_HEAT,False,8.5,33.11,31.79,32.02,31.37,32.86,31.41
2026-06-15 16:45:00,874.9,300.3,285.9,17.6,151.7,76.5,28.5,14.4,0.962,EXTREME_HEAT,False,8.5,33.67,32.64,32.61,31.78,32.37,32.6
2026-06-15 17:00:00,847.5,281.6,284.6,18.0,142.8,78.0,28.2,14.4,1.0,EXTREME_HEAT,False,11.0,32.86,31.67,32.35,31.59,33.96,31.66
2026-06-15 17:15:00,841.2,274.9,279.3,17.5,151.3,76.0,27.7,14.4,0.95,EXTREME_HEAT,False,11.0,33.64,32.04,31.7,31.08,33.65,32.13
2026-06-15 17:30:00,807.7,257.5,273.5,17.4,142.0,75.7,27.3,14.4,0.94,EXTREME_HEAT,False,11.0,33.11,32.27,32.34,31.49,32.04,31.04
2026-06-15 17:45:00,785.0,259.7,271.3,15.8,126.7,70.2,26.8,14.4,0.8,EXTREME_HEAT,False,11.0,33.94,31.87,33.33,31.28,31.96,32.38
2026-06-15 18:00:00,758.4,246.6,260.0,15.9,124.9,70.3,26.4,14.4,0.803,EXTREME_HEAT,False,11.0,32.51,32.18,32.52,31.29,31.83,31.45
2026-06-15 18:15:00,739.7,234.4,263.5,15.5,116.9,69.0,26.0,14.4,0.768,EXTREME_HEAT,False,11.0,32.46,31.93,33.13,30.85,33.09,31.75
2026-06-15 18:30:00,728.5,215.5,269.3,15.1,121.1,67.6,25.5,14.4,0.733,EXTREME_HEAT,False,11.0,32.88,31.96,32.55,31.61,33.81,31.86
2026-06-15 18:45:00,720.2,215.5,268.4,14.8,115.5,66.4,25.1,14.4,0.703,EXTREME_HEAT,False,11.0,33.85,32.95,32.09,31.7,32.41,31.71
2026-06-15 19:00:00,684.3,202.2,256.5,14.8,105.4,66.4,24.6,14.4,0.702,EXTREME_HEAT,False,11.0,32.88,33.45,32.16,30.54,32.0,32.45
2026-06-15 19:15:00,648.9,190.5,250.5,13.9,92.0,63.3,24.2,14.4,0.624,EXTREME_HEAT,False,11.0,32.52,31.79,32.48,31.2,32.9,31.86
2026-06-15 19:30:00,641.5,176.6,261.6,13.2,91.0,60.8,23.8,14.4,0.56,EXTREME_HEAT,False,11.0,34.19,32.91,32.84,30.83,32.67,31.26
2026-06-15 19:45:00,628.2,173.2,250.0,13.8,90.6,62.9,23.3,14.4,0.612,EXTREME_HEAT,False,11.0,33.15,31.7,32.08,31.61,32.4,31.72
2026-06-15 20:00:00,583.8,155.7,232.7,13.1,84.7,60.3,22.9,14.4,0.545,EXTREME_HEAT,False,11.0,32.33,31.89,31.59,30.37,32.61,32.07
2026-06-15 20:15:00,578.0,147.9,239.4,12.9,81.4,59.5,22.4,14.4,0.527,EXTREME_HEAT,False,11.0,31.71,32.02,32.96,31.41,31.72,31.99
2026-06-15 20:30:00,552.7,142.6,231.7,12.0,73.5,56.5,22.0,14.4,0.448,EXTREME_HEAT,False,11.0,32.51,31.87,32.04,30.75,32.52,31.05
2026-06-15 20:45:00,539.4,129.1,236.4,11.4,72.5,54.0,21.6,14.4,0.386,EXTREME_HEAT,False,11.0,32.96,32.03,32.04,31.35,32.78,32.2
2026-06-15 21:00:00,397.2,59.8,220.9,9.4,27.2,46.9,18.6,14.4,0.204,EXTREME_HEAT,False,6.5,32.5,32.26,32.36,31.11,32.34,31.24
2026-06-15 21:15:00,379.8,59.8,209.0,9.0,23.5,45.6,18.6,14.4,0.168,EXTREME_HEAT,False,6.5,31.14,31.28,32.69,30.37,33.5,31.75
2026-06-15 21:30:00,411.6,65.1,218.2,9.4,39.2,46.8,18.6,14.4,0.2,EXTREME_HEAT,False,6.5,33.19,32.84,31.88,30.17,32.08,31.13
2026-06-15 21:45:00,390.4,57.5,216.1,9.4,27.4,47.0,18.6,14.4,0.206,EXTREME_HEAT,False,6.5,32.1,32.84,31.26,30.77,32.79,31.13
2026-06-15 22:00:00,438.1,59.6,220.6,9.8,33.1,48.5,18.6,48.0,0.243,EXTREME_HEAT,False,6.5,33.25,32.13,31.66,30.49,32.57,31.3
2026-06-15 22:15:00,431.1,66.3,211.0,9.2,31.7,46.3,18.6,48.0,0.188,EXTREME_HEAT,False,6.5,32.13,31.96,31.57,30.5,32.94,30.67
2026-06-15 22:30:00,423.7,57.7,208.3,9.6,34.0,47.5,18.6,48.0,0.218,EXTREME_HEAT,False,6.5,32.62,31.71,31.3,30.25,32.44,31.92
2026-06-15 22:45:00,415.5,56.0,204.1,8.6,36.3,44.0,18.6,48.0,0.129,EXTREME_HEAT,False,6.5,31.96,32.62,31.57,30.24,32.21,30.02
2026-06-15 23:00:00,413.9,57.5,203.7,9.2,30.9,46.1,18.6,48.0,0.183,EXTREME_HEAT,False,6.5,31.99,30.89,30.9,31.31,32.86,30.91
2026-06-15 23:15:00,420.4,60.2,209.6,9.0,29.7,45.4,18.6,48.0,0.164,EXTREME_HEAT,False,6.5,31.19,31.97,31.98,30.99,32.99,30.77
2026-06-15 23:30:00,419.1,61.9,205.8,9.3,28.8,46.7,18.6,48.0,0.197,EXTREME_HEAT,False,6.5,32.13,31.73,30.23,31.32,32.72,30.82
2026-06-15 23:45:00,425.1,59.4,209.1,9.2,34.5,46.3,18.6,48.0,0.187,EXTREME_HEAT,False,6.5,31.84,32.32,31.33,30.18,33.12,31.47
2026-06-16 00:00:00,241.7,47.2,50.6,8.6,25.3,44.1,17.9,48.0,0.13,NORMAL,False,6.5,22.92,23.19,21.89,21.77,23.16,22.97
2026-06-16 00:15:00,233.9,46.5,48.7,8.3,21.5,43.0,17.9,48.0,0.102,NORMAL,False,6.5,23.07,22.44,22.6,20.46,22.76,23.13
2026-06-16 00:30:00,229.2,39.4,50.1,8.5,21.4,43.8,17.9,48.0,0.123,NORMAL,False,6.5,22.61,23.14,22.48,22.42,23.44,22.57
2026-06-16 00:45:00,248.3,47.5,52.3,8.9,28.7,45.1,17.9,48.0,0.155,NORMAL,False,6.5,23.0,22.8,22.85,22.44,23.62,23.12
2026-06-16 01:00:00,239.8,42.7,50.7,8.6,27.7,44.1,17.9,48.0,0.132,NORMAL,False,6.5,23.05,22.94,22.93,22.05,23.6,22.98
2026-06-16 01:15:00,240.3,39.7,53.9,9.1,25.6,46.0,17.9,48.0,0.18,NORMAL,False,6.5,23.56,23.12,23.07,21.27,23.65,22.7
2026-06-16 01:30:00,233.9,47.3,49.4,8.4,19.4,43.4,17.9,48.0,0.113,NORMAL,False,6.5,22.92,23.05,22.27,21.68,23.57,22.12
2026-06-16 01:45:00,249.0,48.4,56.4,9.6,21.2,47.5,17.9,48.0,0.219,NORMAL,False,6.5,23.21,22.48,22.27,22.34,23.36,21.88
2026-06-16 02:00:00,260.0,54.0,53.2,9.0,32.2,45.6,17.9,48.0,0.17,NORMAL,False,6.5,23.67,23.19,23.9,20.84,23.14,22.42
2026-06-16 02:15:00,247.6,44.6,54.5,9.2,27.1,46.4,17.9,48.0,0.189,NORMAL,False,6.5,22.83,22.72,22.31,21.33,24.3,22.43
2026-06-16 02:30:00,233.7,45.9,48.6,8.3,22.2,42.9,17.9,48.0,0.1,NORMAL,False,6.5,23.15,22.48,22.47,21.33,23.21,22.64
2026-06-16 02:45:00,248.2,52.5,52.6,8.9,22.9,45.3,17.9,48.0,0.161,NORMAL,False,6.5,22.76,23.39,22.59,21.45,23.15,22.43
2026-06-16 03:00:00,236.1,50.6,49.6,8.4,18.0,43.5,17.9,48.0,0.116,NORMAL,False,6.5,23.6,22.8,22.78,21.34,24.18,22.24
2026-06-16 03:15:00,224.5,38.9,51.3,8.7,15.1,44.5,17.9,48.0,0.141,NORMAL,False,6.5,23.87,23.13,23.81,21.53,23.67,23.49
2026-06-16 03:30:00,245.2,46.5,50.3,8.6,30.0,43.9,17.9,48.0,0.126,NORMAL,False,6.5,23.56,22.23,22.95,21.91,24.55,23.06
2026-06-16 03:45:00,240.9,44.1,53.0,9.0,23.4,45.5,17.9,48.0,0.166,NORMAL,False,6.5,22.97,22.48,22.41,21.68,23.64,21.48
2026-06-16 04:00:00,252.1,48.5,53.0,9.0,30.2,45.5,17.9,48.0,0.166,NORMAL,False,6.5,24.01,23.14,22.24,20.79,23.89,22.12
2026-06-16 04:15:00,238.5,47.1,48.8,8.3,25.3,43.0,17.9,48.0,0.104,NORMAL,False,6.5,23.4,23.68,23.13,20.58,23.1,21.89
2026-06-16 04:30:00,230.6,44.9,46.6,7.9,23.5,41.7,17.9,48.0,0.069,NORMAL,False,6.5,22.93,23.42,22.66,21.66,23.34,21.99
2026-06-16 04:45:00,244.9,45.5,53.1,9.0,25.7,45.6,17.9,48.0,0.168,NORMAL,False,6.5,23.55,23.09,23.25,21.51,22.83,22.79
2026-06-16 05:00:00,241.3,54.0,49.4,8.4,20.2,43.4,17.9,48.0,0.112,NORMAL,False,6.5,24.03,23.39,22.49,21.17,24.07,21.98
2026-06-16 05:15:00,247.7,49.4,55.3,9.4,20.8,46.9,17.9,48.0,0.202,NORMAL,False,6.5,23.15,23.85,22.37,21.75,23.96,22.89
2026-06-16 05:30:00,235.6,41.8,52.1,8.8,21.9,44.9,17.9,48.0,0.153,NORMAL,False,6.5,23.81,22.69,22.97,21.57,23.65,22.59
2026-06-16 05:45:00,243.1,52.9,52.2,8.9,18.2,45.0,17.9,48.0,0.154,NORMAL,False,6.5,23.13,23.83,23.19,21.83,23.16,22.13
2026-06-16 06:00:00,211.8,50.3,52.1,8.9,23.2,45.0,17.9,14.4,0.153,NORMAL,False,6.5,23.36,22.89,22.18,21.29,23.27,22.19
2026-06-16 06:15:00,230.8,58.7,53.9,9.1,30.1,46.0,18.5,14.4,0.18,NORMAL,False,6.5,23.27,23.39,22.54,22.17,22.92,23.14
2026-06-16 06:30:00,251.7,68.9,56.6,9.6,35.5,47.6,19.1,14.4,0.221,NORMAL,False,6.5,22.65,22.23,22.38,22.06,23.09,21.79
2026-06-16 06:45:00,285.7,89.0,60.3,10.2,42.3,49.8,19.7,14.4,0.277,NORMAL,False,6.5,23.27,23.6,23.46,22.84,22.77,22.16
2026-06-16 07:00:00,307.4,98.8,65.7,11.1,44.1,53.0,20.3,14.4,0.359,NORMAL,False,6.5,23.53,23.9,23.45,22.46,23.4,22.56
2026-06-16 07:15:00,338.9,108.6,69.9,11.8,57.8,55.5,20.9,14.4,0.423,NORMAL,False,6.5,23.88,22.95,23.66,21.69,22.71,23.13
2026-06-16 07:30:00,369.1,121.5,70.5,11.9,73.7,55.8,21.4,14.4,0.431,NORMAL,False,6.5,23.71,23.55,23.31,22.29,23.23,22.78
2026-06-16 07:45:00,387.1,142.2,70.3,11.8,70.7,55.7,22.0,14.4,0.429,NORMAL,False,6.5,23.34,22.47,22.65,22.02,23.36,23.2
2026-06-16 08:00:00,419.2,150.8,75.8,12.7,83.8,59.0,22.6,14.4,0.513,NORMAL,False,8.5,24.23,23.61,22.55,21.77,23.89,22.83
2026-06-16 08:15:00,437.2,167.9,77.4,13.0,81.5,59.9,23.2,14.4,0.536,NORMAL,False,8.5,24.29,23.43,22.58,21.88,23.39,22.74
2026-06-16 08:30:00,484.8,192.7,79.4,13.3,100.2,61.1,23.8,14.4,0.567,NORMAL,False,8.5,23.95,23.31,23.23,22.32,23.36,22.76
2026-06-16 08:45:00,497.0,191.6,84.6,14.2,103.6,64.2,24.4,14.4,0.646,NORMAL,False,8.5,23.51,21.76,23.81,22.67,23.42,21.98
2026-06-16 09:00:00,520.1,205.1,88.0,14.7,106.7,66.2,25.0,14.4,0.697,NORMAL,False,8.5,24.18,23.25,23.82,22.52,24.12,21.66
2026-06-16 09:15:00,548.7,226.8,91.4,15.3,107.4,68.2,25.2,14.4,0.749,NORMAL,False,8.5,24.84,23.14,23.09,21.42,24.16,22.45
2026-06-16 09:30:00,560.1,223.3,94.6,15.8,116.6,70.1,25.4,14.4,0.796,NORMAL,False,8.5,24.33,22.72,23.57,22.84,23.63,23.16
2026-06-16 09:45:00,549.4,219.8,91.5,15.3,114.6,68.2,25.6,14.4,0.75,NORMAL,False,8.5,23.31,23.19,23.49,21.46,23.81,22.68
2026-06-16 10:00:00,560.6,227.4,92.0,15.4,117.2,68.5,25.8,14.4,0.757,NORMAL,False,8.5,24.87,23.34,23.93,22.35,22.79,23.06
2026-06-16 10:15:00,559.5,230.2,92.8,15.3,112.4,68.3,26.0,14.4,0.752,NORMAL,False,8.5,23.94,23.76,23.87,23.2,24.59,21.7
2026-06-16 10:30:00,593.7,240.0,96.1,16.0,130.0,70.9,26.2,14.4,0.819,NORMAL,False,8.5,23.64,23.0,23.37,22.67,23.0,22.12
2026-06-16 10:45:00,584.6,239.2,95.8,16.0,121.8,70.8,26.5,14.4,0.816,NORMAL,False,8.5,23.58,22.17,23.96,22.11,23.17,21.89
2026-06-16 11:00:00,603.2,250.7,100.1,16.1,124.0,71.2,26.7,14.4,0.826,NORMAL,False,8.5,23.39,23.34,23.37,23.6,22.9,22.83
2026-06-16 11:15:00,622.7,258.6,99.6,16.4,134.5,72.3,26.9,14.4,0.853,NORMAL,False,8.5,24.41,23.3,24.22,21.43,23.33,23.49
2026-06-16 11:30:00,622.5,251.2,102.4,17.0,136.2,74.2,27.1,14.4,0.904,NORMAL,False,8.5,23.13,23.67,24.12,22.26,25.09,22.87
2026-06-16 11:45:00,635.3,264.4,100.6,16.5,139.5,72.6,27.3,14.4,0.862,NORMAL,False,8.5,24.62,23.53,23.24,23.29,24.23,22.34
2026-06-16 12:00:00,600.6,251.0,97.4,16.3,122.9,71.7,26.9,14.4,0.839,NORMAL,False,8.5,23.84,23.27,22.97,21.39,23.87,21.76
2026-06-16 12:15:00,612.8,254.8,94.8,15.8,135.9,70.2,26.9,14.4,0.801,NORMAL,False,8.5,24.17,23.13,23.33,21.8,23.41,22.93
2026-06-16 12:30:00,630.4,255.3,100.0,16.7,143.9,73.3,26.9,14.4,0.879,NORMAL,False,8.5,23.93,22.34,23.18,22.51,23.38,22.24
2026-06-16 12:45:00,610.5,253.3,97.9,16.2,130.2,71.6,26.9,14.4,0.835,NORMAL,False,8.5,24.0,22.59,24.12,22.94,24.15,23.43
2026-06-16 13:00:00,615.0,248.0,101.5,16.9,133.1,74.2,26.9,14.4,0.901,NORMAL,False,8.5,24.4,22.16,23.81,22.29,24.22,22.97
2026-06-16 13:15:00,630.6,264.0,100.2,16.4,136.3,72.4,26.9,14.4,0.856,NORMAL,False,8.5,24.21,23.54,24.28,22.73,23.77,23.33
2026-06-16 13:30:00,611.1,254.5,102.2,16.4,124.3,72.4,26.9,14.4,0.856,NORMAL,False,8.5,24.24,23.38,23.54,23.61,23.38,23.33
2026-06-16 13:45:00,621.5,261.3,97.7,16.3,132.9,71.9,26.9,14.4,0.844,NORMAL,False,8.5,23.74,23.54,23.56,22.0,24.49,23.3
2026-06-16 14:00:00,640.7,268.2,101.3,16.9,138.3,74.1,27.5,14.4,0.899,NORMAL,False,8.5,24.43,22.98,23.64,22.49,23.04,22.83
2026-06-16 14:15:00,651.1,271.2,102.6,17.1,143.5,74.8,27.6,14.4,0.918,NORMAL,False,8.5,24.74,22.85,23.43,22.22,23.36,22.48
2026-06-16 14:30:00,654.4,273.4,103.4,17.2,143.4,75.0,27.7,14.4,0.923,NORMAL,False,8.5,23.58,23.92,24.08,22.16,24.39,22.94
2026-06-16 14:45:00,660.9,279.1,102.7,17.1,145.0,74.8,27.8,14.4,0.919,NORMAL,False,8.5,24.38,23.37,23.43,21.59,24.04,22.59
2026-06-16 15:00:00,650.7,276.7,102.5,17.1,137.4,74.7,27.9,14.4,0.916,NORMAL,False,8.5,24.61,23.38,23.68,22.53,24.62,22.42
2026-06-16 15:15:00,657.1,281.8,105.0,17.5,134.1,76.3,27.9,14.4,0.955,NORMAL,False,8.5,23.86,23.05,23.39,22.68,23.16,21.66
2026-06-16 15:30:00,662.2,272.5,107.6,17.6,145.3,76.7,28.0,14.4,0.966,NORMAL,False,8.5,24.94,23.21,24.31,22.65,24.59,22.56
2026-06-16 15:45:00,681.0,281.9,108.9,18.0,151.7,77.9,28.1,14.4,0.998,NORMAL,False,8.5,24.46,23.04,23.86,23.18,23.76,24.11
2026-06-16 16:00:00,682.8,288.6,107.5,17.7,149.2,77.1,28.2,14.4,0.976,NORMAL,False,8.5,23.82,23.08,24.18,22.74,23.96,21.97
2026-06-16 16:15:00,677.4,291.6,105.2,17.5,144.0,76.4,28.3,14.4,0.958,NORMAL,False,8.5,24.33,23.08,23.35,22.53,23.56,23.88
2026-06-16 16:30:00,690.2,290.8,108.9,18.0,151.7,78.0,28.4,14.4,1.0,NORMAL,False,8.5,23.98,23.31,24.15,21.72,23.68,22.51
2026-06-16 16:45:00,684.5,292.7,106.1,17.7,148.3,76.9,28.5,14.4,0.971,NORMAL,False,8.5,24.1,23.82,23.82,22.69,23.87,23.71
2026-06-16 17:00:00,665.8,281.3,100.9,16.8,150.3,73.8,28.2,14.4,0.893,NORMAL,False,11.0,23.35,23.03,23.52,22.29,23.94,22.48
2026-06-16 17:15:00,650.5,271.6,105.1,17.5,137.8,76.3,27.7,14.4,0.957,NORMAL,False,11.0,23.59,23.41,22.7,21.91,23.49,23.35
2026-06-16 17:30:00,644.3,266.1,103.5,16.7,142.8,73.4,27.3,14.4,0.882,NORMAL,False,11.0,24.08,22.87,24.55,22.43,23.82,22.56
2026-06-16 17:45:00,627.5,257.8,101.5,16.9,136.0,74.0,26.8,14.4,0.897,NORMAL,False,11.0,23.7,23.82,23.85,23.06,23.72,22.68
2026-06-16 18:00:00,594.9,247.0,98.7,16.5,119.4,72.5,26.4,14.4,0.859,NORMAL,False,11.0,24.13,23.2,22.3,21.73,23.56,22.21
2026-06-16 18:15:00,574.2,236.8,92.4,15.4,120.4,68.8,26.0,14.4,0.763,NORMAL,False,11.0,23.68,23.83,23.11,22.64,23.83,23.18
2026-06-16 18:30:00,540.8,219.4,87.7,14.7,113.0,66.0,25.5,14.4,0.693,NORMAL,False,11.0,23.72,23.2,23.47,21.96,24.28,22.71
2026-06-16 18:45:00,536.1,212.1,92.6,15.5,107.5,68.9,25.1,14.4,0.767,NORMAL,False,11.0,24.25,23.75,22.9,22.08,23.39,22.82
2026-06-16 19:00:00,507.9,201.8,85.8,14.4,102.0,64.9,24.6,14.4,0.664,NORMAL,False,11.0,23.4,23.11,23.85,21.54,23.87,23.39
2026-06-16 19:15:00,501.2,192.1,86.1,14.4,104.9,65.1,24.2,14.4,0.668,NORMAL,False,11.0,23.31,23.19,22.78,21.37,23.62,22.07
2026-06-16 19:30:00,481.6,177.7,85.7,14.3,100.9,64.8,23.8,14.4,0.662,NORMAL,False,11.0,23.84,23.71,23.49,22.1,22.74,23.51
2026-06-16 19:45:00,455.4,172.0,82.4,13.6,87.8,61.9,23.3,14.4,0.588,NORMAL,False,11.0,23.22,23.33,24.27,22.97,23.42,22.32
2026-06-16 20:00:00,446.1,166.0,79.9,13.4,88.2,61.4,22.9,14.4,0.573,NORMAL,False,11.0,24.06,22.33,23.42,22.1,23.69,22.8
2026-06-16 20:15:00,409.2,150.8,73.7,12.4,77.7,57.7,22.4,14.4,0.481,NORMAL,False,11.0,23.55,22.92,22.24,22.02,24.57,21.79
2026-06-16 20:30:00,397.9,149.0,73.5,12.4,69.0,57.6,22.0,14.4,0.477,NORMAL,False,11.0,23.09,22.43,22.38,22.74,23.15,22.39
2026-06-16 20:45:00,367.8,127.3,71.3,12.0,64.9,56.3,21.6,14.4,0.445,NORMAL,False,11.0,24.07,23.64,22.37,21.68,23.78,23.6
2026-06-16 21:00:00,235.7,59.0,56.0,9.5,30.9,47.3,18.6,14.4,0.213,NORMAL,False,6.5,23.56,23.4,22.33,21.49,23.67,23.19
2026-06-16 21:15:00,229.4,51.4,53.2,9.0,37.3,45.6,18.6,14.4,0.169,NORMAL,False,6.5,24.13,23.13,23.24,21.72,23.59,21.8
2026-06-16 21:30:00,239.2,62.7,55.4,9.4,32.0,46.9,18.6,14.4,0.202,NORMAL,False,6.5,23.35,22.44,22.29,22.27,24.43,22.25
2026-06-16 21:45:00,235.6,61.2,55.0,9.3,30.5,46.7,18.6,14.4,0.196,NORMAL,False,6.5,24.16,22.83,23.36,21.93,23.55,23.24
2026-06-16 22:00:00,277.5,62.4,57.9,9.8,32.3,48.4,18.6,48.0,0.241,NORMAL,False,6.5,23.91,23.67,20.85,22.01,23.68,22.55
2026-06-16 22:15:00,274.8,64.1,56.5,9.6,30.4,47.6,18.6,48.0,0.22,NORMAL,False,6.5,23.13,23.82,23.15,22.04,23.81,23.14
2026-06-16 22:30:00,271.4,62.5,57.2,9.7,27.5,48.0,18.6,48.0,0.23,NORMAL,False,6.5,23.36,24.03,23.32,21.46,24.73,21.52
2026-06-16 22:45:00,273.8,57.0,58.9,10.0,32.4,49.0,18.6,48.0,0.256,NORMAL,False,6.5,23.43,22.68,22.67,21.45,23.42,22.41
2026-06-16 23:00:00,281.6,66.3,56.0,9.5,36.0,47.3,18.6,48.0,0.212,NORMAL,False,6.5,22.76,22.23,22.91,22.02,23.93,22.84
2026-06-16 23:15:00,279.7,62.8,60.5,10.2,29.6,49.9,18.6,48.0,0.28,NORMAL,False,6.5,24.89,22.21,21.74,21.83,23.84,22.55
2026-06-16 23:30:00,271.3,59.2,53.8,9.1,36.6,46.0,18.6,48.0,0.179,NORMAL,False,6.5,22.94,22.95,23.14,21.47,23.41,22.84
2026-06-16 23:45:00,270.7,57.5,53.4,9.1,38.4,45.7,18.6,48.0,0.172,NORMAL,False,6.5,22.64,23.2,22.91,21.27,24.22,23.51
2026-06-17 00:00:00,246.9,44.6,50.2,8.5,33.8,43.8,17.9,48.0,0.124,MISSING_DATA,False,6.5,23.64,22.56,22.61,21.24,23.43,23.45
2026-06-17 00:15:00,223.5,36.6,51.1,8.7,16.7,44.4,17.9,48.0,0.138,MISSING_DATA,False,6.5,23.91,22.23,22.52,21.4,24.31,22.63
2026-06-17 00:30:00,239.9,46.8,49.9,8.5,25.1,43.7,17.9,48.0,0.12,MISSING_DATA,False,6.5,23.61,23.44,22.49,21.37,23.89,21.97
2026-06-17 00:45:00,243.1,46.3,51.4,8.7,26.3,44.5,17.9,48.0,0.142,MISSING_DATA,False,6.5,23.37,23.09,22.92,21.0,23.85,23.06
2026-06-17 01:00:00,235.6,43.5,51.7,8.8,21.0,44.7,17.9,48.0,0.147,MISSING_DATA,False,6.5,23.62,23.08,22.1,22.09,22.73,22.69
2026-06-17 01:15:00,249.9,47.5,52.2,8.9,30.3,45.1,17.9,48.0,0.155,MISSING_DATA,False,6.5,22.83,23.3,22.71,21.38,24.22,22.65
2026-06-17 01:30:00,235.2,31.2,54.7,9.3,27.6,46.5,17.9,48.0,0.192,MISSING_DATA,False,6.5,23.52,22.91,22.02,21.83,24.1,22.73
2026-06-17 01:45:00,242.0,44.8,53.7,9.1,22.5,45.9,17.9,48.0,0.178,MISSING_DATA,False,6.5,23.06,23.55,23.03,21.37,24.19,21.92
2026-06-17 02:00:00,237.4,45.7,50.3,8.6,23.1,43.9,17.9,48.0,0.125,MISSING_DATA,False,6.5,23.3,23.69,23.27,22.01,22.69,21.87
2026-06-17 02:15:00,231.2,41.2,50.9,8.7,20.2,44.3,17.9,48.0,0.135,MISSING_DATA,False,6.5,24.11,23.09,22.93,22.16,23.57,23.84
2026-06-17 02:30:00,241.8,50.6,50.0,8.5,22.9,43.7,17.9,48.0,0.122,MISSING_DATA,False,6.5,23.93,23.44,22.37,21.21,24.23,22.72
2026-06-17 02:45:00,248.8,49.0,52.9,9.0,26.6,45.4,17.9,48.0,0.165,MISSING_DATA,False,6.5,23.35,22.74,22.63,21.11,23.8,22.93
2026-06-17 03:00:00,236.6,48.1,51.6,8.8,17.5,44.7,17.9,48.0,0.146,MISSING_DATA,False,6.5,23.95,23.49,23.37,22.4,23.48,22.74
2026-06-17 03:15:00,250.6,49.7,49.7,8.5,33.3,43.5,17.9,48.0,0.116,MISSING_DATA,False,6.5,22.49,22.98,22.47,20.92,23.61,22.49
2026-06-17 03:30:00,244.6,44.3,52.8,9.0,27.3,45.4,17.9,48.0,0.164,MISSING_DATA,False,6.5,22.85,23.37,22.7,21.58,23.12,22.32
2026-06-17 03:45:00,225.9,42.2,52.9,9.0,10.4,45.4,17.9,48.0,0.165,MISSING_DATA,False,6.5,24.11,23.39,22.91,21.55,23.03,22.26
2026-06-17 04:00:00,240.7,50.1,49.9,8.5,22.6,43.7,17.9,48.0,0.12,MISSING_DATA,False,6.5,23.94,23.22,22.46,21.84,22.56,22.68
2026-06-17 04:15:00,227.4,44.0,48.4,8.2,18.1,42.8,17.9,48.0,0.097,MISSING_DATA,False,6.5,22.91,23.67,22.75,20.91,24.71,21.9
2026-06-17 04:30:00,239.4,47.0,49.8,8.5,24.5,43.6,17.9,48.0,0.119,MISSING_DATA,False,6.5,22.92,23.35,23.29,21.45,23.03,22.77
2026-06-17 04:45:00,242.0,45.0,52.4,8.9,24.5,45.2,17.9,48.0,0.158,MISSING_DATA,False,6.5,23.13,23.1,22.6,22.23,24.66,22.64
2026-06-17 05:00:00,240.0,46.4,50.6,8.6,24.4,44.1,17.9,48.0,0.13,MISSING_DATA,False,6.5,23.54,23.26,22.45,22.11,23.55,22.05
2026-06-17 05:15:00,243.8,46.2,53.8,9.1,22.8,46.0,17.9,48.0,0.179,MISSING_DATA,False,6.5,23.63,23.0,22.48,21.72,23.74,22.8
2026-06-17 05:30:00,234.3,43.6,53.9,9.1,15.8,46.0,17.9,48.0,0.18,MISSING_DATA,False,6.5,22.88,24.29,23.1,21.15,23.65,22.94
2026-06-17 05:45:00,226.8,43.0,49.8,8.5,15.9,43.6,17.9,48.0,0.119,MISSING_DATA,False,6.5,23.41,22.16,21.92,21.91,23.42,22.19
2026-06-17 06:00:00,209.7,46.5,52.9,9.0,23.6,45.4,17.9,14.4,0.165,MISSING_DATA,False,6.5,22.79,22.78,22.87,21.57,23.2,21.55
2026-06-17 06:15:00,234.4,58.3,53.9,9.1,34.0,46.0,18.5,14.4,0.18,MISSING_DATA,False,6.5,22.7,23.06,22.96,21.77,24.37,22.91
2026-06-17 06:30:00,249.8,71.0,58.0,9.8,28.9,48.5,19.1,14.4,0.243,MISSING_DATA,False,6.5,23.31,23.72,22.34,21.8,24.17,22.73
2026-06-17 06:45:00,267.7,82.5,56.5,9.6,37.5,47.6,19.7,14.4,0.219,MISSING_DATA,False,6.5,24.3,23.22,22.47,21.94,23.09,22.4
2026-06-17 07:00:00,305.3,98.8,59.8,10.1,52.3,49.5,20.3,14.4,0.27,MISSING_DATA,False,6.5,22.53,23.59,22.33,22.09,24.06,22.59
2026-06-17 07:15:00,331.6,115.6,66.2,11.2,50.1,53.3,20.9,14.4,0.367,MISSING_DATA,False,6.5,24.04,24.05,23.66,20.86,23.39,22.61
2026-06-17 07:30:00,356.6,128.5,66.6,11.2,61.0,53.5,21.4,14.4,0.373,MISSING_DATA,False,6.5,24.1,22.83,22.2,21.4,23.81,22.2
2026-06-17 07:45:00,389.0,145.8,69.6,11.7,70.1,55.3,22.0,14.4,0.419,MISSING_DATA,False,6.5,24.21,23.32,22.84,21.74,24.36,22.92
2026-06-17 08:00:00,424.1,157.3,76.2,12.8,81.6,59.2,22.6,14.4,0.518,MISSING_DATA,False,8.5,23.82,22.88,23.07,21.83,23.85,21.99
2026-06-17 08:15:00,442.9,166.4,78.7,13.2,86.3,60.7,23.2,14.4,0.556,MISSING_DATA,False,8.5,23.89,22.98,22.83,22.44,23.96,22.41
2026-06-17 08:30:00,473.0,179.9,81.1,13.6,98.2,62.1,23.8,14.4,0.592,MISSING_DATA,False,8.5,24.47,23.34,23.22,21.74,24.05,22.37
2026-06-17 08:45:00,485.5,184.9,85.9,14.4,96.5,65.0,24.4,14.4,0.666,MISSING_DATA,False,8.5,22.55,23.12,23.36,22.13,23.78,21.79
2026-06-17 09:00:00,531.9,209.6,88.8,14.9,112.7,66.6,25.0,14.4,0.708,MISSING_DATA,False,8.5,22.24,22.79,22.39,22.23,24.69,22.6
2026-06-17 09:15:00,538.9,218.7,89.3,14.9,109.4,67.0,25.2,14.4,0.717,MISSING_DATA,False,8.5,23.75,23.68,23.6,22.51,23.65,22.54
2026-06-17 09:30:00,548.6,220.1,92.8,15.5,111.2,69.0,25.4,14.4,0.77,MISSING_DATA,False,8.5,23.4,23.95,23.66,21.94,23.99,22.41
2026-06-17 09:45:00,561.1,222.3,91.2,15.3,124.2,68.1,25.6,14.4,0.746,MISSING_DATA,False,8.5,24.37,23.48,22.83,21.86,23.86,22.9
2026-06-17 10:00:00,572.4,230.1,94.2,15.7,122.2,69.9,25.8,14.4,0.791,MISSING_DATA,False,8.5,23.64,22.88,23.34,22.28,24.37,23.23
2026-06-17 10:15:00,573.9,233.8,95.3,15.9,117.9,70.5,26.0,14.4,0.808,MISSING_DATA,False,8.5,24.0,23.44,23.77,22.71,23.35,22.4
2026-06-17 10:30:00,569.3,235.7,91.9,15.4,117.2,68.5,26.2,14.4,0.756,MISSING_DATA,False,8.5,24.24,23.4,22.74,22.29,23.63,22.82
2026-06-17 10:45:00,595.0,238.6,96.9,16.2,131.0,71.5,26.5,14.4,0.832,MISSING_DATA,False,8.5,23.23,23.13,23.34,22.44,23.88,23.55
2026-06-17 11:00:00,596.4,248.3,95.8,15.4,127.4,68.6,26.7,14.4,,MISSING_DATA,False,8.5,24.61,22.21,24.63,22.21,24.37,23.27
2026-06-17 11:15:00,609.0,255.4,96.4,16.1,128.5,71.2,26.9,14.4,0.825,MISSING_DATA,False,8.5,24.38,23.04,23.08,22.76,23.3,22.58
2026-06-17 11:30:00,625.7,261.7,98.2,16.4,135.6,72.2,27.1,14.4,0.852,MISSING_DATA,False,8.5,24.79,23.15,23.34,22.43,23.98,22.24
2026-06-17 11:45:00,631.0,270.5,96.8,16.2,134.6,71.4,27.3,14.4,0.83,MISSING_DATA,False,8.5,24.89,23.98,23.1,21.93,23.86,22.04
2026-06-17 12:00:00,613.0,252.8,102.6,16.9,125.4,74.0,26.9,14.4,0.899,MISSING_DATA,False,8.5,23.67,23.21,24.21,22.42,23.91,23.32
2026-06-17 12:15:00,623.7,266.5,95.2,15.9,134.4,70.4,26.9,14.4,0.806,MISSING_DATA,False,8.5,24.26,23.44,24.0,22.33,23.03,21.57
2026-06-17 12:30:00,610.0,250.1,100.8,16.4,129.2,72.3,26.9,14.4,0.854,MISSING_DATA,False,8.5,24.16,22.54,23.13,23.4,24.09,22.37
2026-06-17 12:45:00,621.2,256.6,97.5,16.3,137.8,71.8,26.9,14.4,0.841,MISSING_DATA,False,8.5,25.03,23.16,22.91,22.48,23.88,22.11
2026-06-17 13:00:00,626.9,262.8,98.4,16.4,135.7,72.3,26.9,14.4,0.854,MISSING_DATA,False,8.5,23.63,22.99,22.7,22.46,23.91,22.31
2026-06-17 13:15:00,602.8,254.2,96.0,15.8,125.5,70.1,26.9,14.4,0.796,MISSING_DATA,False,8.5,23.07,22.75,24.24,22.9,24.55,22.74
2026-06-17 13:30:00,626.8,265.8,100.8,16.5,129.9,72.6,26.9,14.4,0.86,MISSING_DATA,False,8.5,23.93,23.14,24.34,22.47,24.42,21.96
2026-06-17 13:45:00,616.7,255.2,99.5,16.6,131.2,73.0,26.9,14.4,0.871,MISSING_DATA,False,8.5,24.48,23.01,23.95,22.98,23.4,22.41
2026-06-17 14:00:00,654.1,274.5,104.2,17.4,140.5,75.7,27.5,14.4,,MISSING_DATA,False,8.5,24.48,23.25,23.93,21.61,23.47,22.93
2026-06-17 14:15:00,649.9,267.6,104.7,17.5,142.1,76.1,27.6,14.4,0.95,MISSING_DATA,False,8.5,24.57,23.04,23.57,22.84,23.56,23.55
2026-06-17 14:30:00,661.0,278.6,103.9,17.3,143.6,75.5,27.7,14.4,0.935,MISSING_DATA,False,8.5,23.97,23.01,23.58,23.03,23.53,22.25
2026-06-17 14:45:00,651.3,274.2,105.9,17.5,135.5,76.1,27.8,14.4,0.95,MISSING_DATA,False,8.5,24.52,24.38,24.2,22.28,24.02,22.51
2026-06-17 15:00:00,657.4,274.7,102.6,17.1,145.9,74.8,27.9,14.4,,MISSING_DATA,False,8.5,24.37,23.24,23.05,21.84,24.83,22.94
2026-06-17 15:15:00,675.5,277.0,114.1,18.0,146.1,78.0,27.9,14.4,0.999,MISSING_DATA,False,8.5,24.51,21.91,25.02,21.77,23.7,22.23
2026-06-17 15:30:00,651.7,279.6,99.9,16.7,139.8,73.2,28.0,14.4,0.878,MISSING_DATA,False,8.5,24.01,23.84,23.13,21.86,23.69,22.59
2026-06-17 15:45:00,678.5,289.9,105.5,17.6,146.4,76.5,28.1,14.4,0.962,MISSING_DATA,False,8.5,24.45,22.76,23.19,22.72,23.31,22.88
2026-06-17 16:00:00,680.8,285.8,102.5,17.1,158.1,74.8,28.2,14.4,0.917,MISSING_DATA,False,8.5,24.3,23.19,23.53,22.84,24.12,22.79
2026-06-17 16:15:00,678.8,287.0,109.3,18.0,144.0,77.8,28.3,14.4,0.996,MISSING_DATA,False,8.5,24.61,23.36,23.19,23.26,23.87,22.51
2026-06-17 16:30:00,679.0,287.0,107.9,18.0,145.4,77.9,28.4,14.4,0.998,MISSING_DATA,False,8.5,24.54,23.39,23.68,22.36,22.73,22.09
2026-06-17 16:45:00,694.8,296.4,109.1,17.8,151.4,77.3,28.5,14.4,0.982,MISSING_DATA,False,8.5,24.58,23.23,24.38,22.29,23.73,22.77
2026-06-17 17:00:00,667.5,282.0,106.1,17.5,143.1,76.2,28.2,14.4,0.954,MISSING_DATA,False,11.0,23.32,22.84,24.19,21.61,24.46,23.04
2026-06-17 17:15:00,668.3,274.4,106.2,17.7,151.0,76.9,27.7,14.4,0.973,MISSING_DATA,False,11.0,24.87,23.23,23.73,22.34,23.86,22.45
2026-06-17 17:30:00,630.0,267.1,100.0,16.7,131.3,73.3,27.3,14.4,0.878,MISSING_DATA,False,11.0,23.53,22.58,23.62,22.17,23.89,21.95
2026-06-17 17:45:00,616.8,253.2,100.9,16.4,133.0,72.1,26.8,14.4,0.848,MISSING_DATA,False,11.0,23.85,24.11,23.6,23.49,24.03,23.47
2026-06-17 18:00:00,590.9,241.4,98.0,16.4,122.2,72.1,26.4,14.4,0.849,MISSING_DATA,False,11.0,24.47,23.52,23.35,22.44,24.32,23.43
2026-06-17 18:15:00,572.0,227.6,91.6,15.3,128.9,68.3,26.0,14.4,0.751,MISSING_DATA,False,11.0,24.32,22.76,23.81,22.67,23.45,23.51
2026-06-17 18:30:00,558.8,232.8,91.7,15.3,110.7,68.4,25.5,14.4,0.753,MISSING_DATA,False,11.0,22.87,24.02,23.89,22.19,23.24,21.94
2026-06-17 18:45:00,526.1,212.9,86.3,14.5,107.7,65.2,25.1,14.4,0.671,MISSING_DATA,False,11.0,23.94,22.38,22.81,22.8,23.93,22.51
2026-06-17 19:00:00,502.6,198.8,86.4,14.5,98.7,65.3,24.6,14.4,0.673,MISSING_DATA,False,11.0,23.43,22.91,23.0,21.94,24.22,23.09
2026-06-17 19:15:00,498.8,196.8,84.0,14.1,101.6,63.8,24.2,14.4,0.636,MISSING_DATA,False,11.0,24.84,22.68,23.18,22.31,23.64,22.46
2026-06-17 19:30:00,477.2,179.2,84.0,14.0,98.2,63.6,23.8,14.4,0.632,MISSING_DATA,False,11.0,24.05,23.64,24.05,22.92,24.85,23.3
2026-06-17 19:45:00,449.7,173.5,81.2,13.6,81.6,62.1,23.3,14.4,0.593,MISSING_DATA,False,11.0,24.67,22.69,23.49,21.87,23.93,22.57
2026-06-17 20:00:00,447.8,162.0,79.9,13.3,94.4,60.9,22.9,14.4,0.561,MISSING_DATA,False,11.0,23.78,23.24,24.15,21.98,23.84,22.72
2026-06-17 20:15:00,403.4,143.7,75.3,12.7,76.2,58.7,22.4,14.4,0.505,MISSING_DATA,False,11.0,23.32,24.09,22.95,21.3,23.28,22.03
2026-06-17 20:30:00,395.6,142.2,72.8,12.2,74.8,57.2,22.0,14.4,0.467,MISSING_DATA,False,11.0,24.15,23.45,23.35,21.61,24.08,23.34
2026-06-17 20:45:00,369.5,128.9,68.2,11.5,70.6,54.5,21.6,14.4,0.396,MISSING_DATA,False,11.0,24.0,24.01,23.14,21.68,23.54,22.41
2026-06-17 21:00:00,253.2,67.2,55.8,9.5,40.8,47.1,18.6,14.4,0.208,MISSING_DATA,False,6.5,23.75,23.25,22.32,21.5,23.28,22.47
2026-06-17 21:15:00,235.4,61.5,56.9,9.6,26.6,47.8,18.6,14.4,0.225,MISSING_DATA,False,6.5,23.33,22.39,22.88,21.38,24.38,21.76
2026-06-17 21:30:00,241.0,64.0,55.2,9.4,32.7,46.8,18.6,14.4,0.2,MISSING_DATA,False,6.5,23.57,23.57,22.71,22.12,23.23,22.68
2026-06-17 21:45:00,234.4,54.2,54.2,9.2,37.8,46.2,18.6,14.4,0.184,MISSING_DATA,False,6.5,23.08,23.56,22.18,21.25,23.86,22.34
2026-06-17 22:00:00,266.0,63.9,53.0,9.0,28.0,45.5,18.6,48.0,0.167,MISSING_DATA,False,6.5,23.1,22.74,22.55,21.26,23.91,22.61
2026-06-17 22:15:00,280.1,62.3,59.4,10.1,32.5,49.3,18.6,48.0,0.264,MISSING_DATA,False,6.5,22.36,22.29,23.69,22.05,23.75,22.79
2026-06-17 22:30:00,267.6,67.1,53.3,9.0,25.9,45.7,18.6,48.0,0.171,MISSING_DATA,False,6.5,23.61,23.38,23.42,22.59,23.72,21.94
2026-06-17 22:45:00,265.6,59.3,55.9,9.5,27.2,47.2,18.6,48.0,0.21,MISSING_DATA,False,6.5,23.12,22.85,23.13,21.87,23.82,22.16
2026-06-17 23:00:00,265.5,59.5,54.8,9.3,28.8,46.6,18.6,48.0,0.194,MISSING_DATA,False,6.5,23.17,23.98,22.6,20.67,24.26,22.78
2026-06-17 23:15:00,257.1,56.4,53.3,9.1,26.0,45.7,18.6,48.0,0.172,MISSING_DATA,False,6.5,24.17,23.08,21.84,21.87,24.15,22.63
2026-06-17 23:30:00,256.3,55.9,53.4,9.1,25.7,45.7,18.6,48.0,0.172,MISSING_DATA,False,6.5,23.97,23.02,21.87,21.9,23.62,22.33
2026-06-17 23:45:00,284.4,64.7,57.4,9.7,38.1,48.1,18.6,48.0,0.233,MISSING_DATA,False,6.5,23.4,23.31,22.9,21.94,23.34,22.47
2026-06-18 00:00:00,241.0,45.2,49.5,8.4,28.5,43.4,17.9,48.0,0.113,NORMAL,False,6.5,23.03,23.45,23.58,22.53,23.14,23.17
2026-06-18 00:15:00,246.3,47.7,53.5,9.1,24.3,45.8,17.9,48.0,0.174,NORMAL,False,6.5,22.58,23.33,23.21,21.7,23.43,21.77
2026-06-18 00:30:00,231.1,45.1,50.1,8.5,17.8,43.8,17.9,48.0,0.122,NORMAL,False,6.5,22.98,23.11,22.37,21.65,22.66,23.21
2026-06-18 00:45:00,228.1,44.0,47.0,8.0,21.2,42.0,17.9,48.0,0.076,NORMAL,False,6.5,23.61,23.3,22.7,22.02,23.95,22.62
2026-06-18 01:00:00,256.2,51.6,52.7,9.0,31.6,45.3,17.9,48.0,0.163,NORMAL,False,6.5,23.89,23.0,23.43,21.88,23.74,23.75
2026-06-18 01:15:00,232.8,46.6,50.3,8.6,17.4,43.9,17.9,48.0,0.126,NORMAL,False,6.5,24.25,23.0,22.54,20.57,23.7,22.0
2026-06-18 01:30:00,241.2,42.5,55.5,9.4,21.0,47.0,17.9,48.0,0.204,NORMAL,False,6.5,23.52,24.2,22.23,22.52,22.66,22.67
2026-06-18 01:45:00,235.2,49.7,50.9,8.7,15.9,44.2,17.9,48.0,0.135,NORMAL,False,6.5,22.7,22.41,22.44,21.72,24.12,22.69
2026-06-18 02:00:00,240.2,46.9,51.0,8.7,23.3,44.3,17.9,48.0,0.137,NORMAL,False,6.5,23.52,23.21,22.23,22.13,23.28,22.15
2026-06-18 02:15:00,236.9,47.1,50.9,8.7,20.2,44.2,17.9,48.0,0.134,NORMAL,False,6.5,22.88,22.51,22.46,22.21,23.66,23.02
2026-06-18 02:30:00,238.9,41.9,48.6,8.3,31.2,42.9,17.9,48.0,0.101,NORMAL,False,6.5,22.66,22.69,22.25,22.11,24.02,23.64
2026-06-18 02:45:00,236.2,35.6,55.1,9.3,23.6,46.7,17.9,48.0,0.198,NORMAL,False,6.5,23.12,23.3,23.36,21.71,23.49,22.25
2026-06-18 03:00:00,231.1,44.7,50.5,8.6,17.3,44.0,17.9,48.0,0.129,NORMAL,False,6.5,22.62,23.25,21.93,22.06,23.78,22.34
2026-06-18 03:15:00,242.4,47.8,53.4,9.1,20.6,45.7,17.9,48.0,0.173,NORMAL,False,6.5,23.3,23.18,22.96,21.39,22.79,23.03
2026-06-18 03:30:00,243.4,50.8,52.7,9.0,19.6,45.3,17.9,48.0,0.162,NORMAL,False,6.5,23.82,23.62,22.41,20.95,22.89,22.39
2026-06-18 03:45:00,241.7,54.9,50.7,8.6,17.4,44.2,17.9,48.0,0.132,NORMAL,False,6.5,22.85,22.77,22.65,21.02,24.08,22.47
2026-06-18 04:00:00,237.3,45.1,55.0,9.3,15.2,46.7,17.9,48.0,0.198,NORMAL,False,6.5,23.93,22.85,22.54,21.28,23.1,22.56
2026-06-18 04:15:00,251.7,44.9,56.4,9.6,27.3,47.5,17.9,48.0,0.219,NORMAL,False,6.5,23.13,23.1,22.45,21.63,23.39,22.56
2026-06-18 04:30:00,239.0,44.4,52.3,8.9,22.3,45.1,17.9,48.0,0.157,NORMAL,False,6.5,23.54,23.04,22.8,21.57,24.05,22.71
2026-06-18 04:45:00,240.3,42.6,51.7,8.8,26.6,44.7,17.9,48.0,0.147,NORMAL,False,6.5,23.19,23.02,22.4,22.06,23.96,23.44
2026-06-18 05:00:00,234.8,43.1,48.1,8.2,26.9,42.6,17.9,48.0,0.093,NORMAL,False,6.5,23.53,22.3,22.12,21.78,23.22,22.15
2026-06-18 05:15:00,235.2,42.6,50.1,8.5,24.4,43.8,17.9,48.0,0.122,NORMAL,False,6.5,23.12,22.85,23.06,22.07,22.62,23.06
2026-06-18 05:30:00,243.8,50.8,50.0,8.5,24.8,43.8,17.9,48.0,0.122,NORMAL,False,6.5,23.33,24.31,22.71,21.42,23.42,21.8
2026-06-18 05:45:00,230.0,41.3,49.8,8.5,20.9,43.6,17.9,48.0,0.119,NORMAL,False,6.5,22.63,23.04,23.11,21.07,24.09,22.49
2026-06-18 06:00:00,217.9,49.0,55.4,9.4,24.9,46.9,17.9,14.4,0.202,NORMAL,False,6.5,22.55,22.69,23.22,21.85,23.17,23.04
2026-06-18 06:15:00,238.1,60.2,53.7,9.1,36.3,45.9,18.5,14.4,0.177,NORMAL,False,6.5,22.98,23.2,22.06,22.38,24.4,22.44
2026-06-18 06:30:00,268.9,79.0,61.8,10.4,33.4,50.7,19.1,14.4,0.3,NORMAL,False,6.5,24.14,22.22,22.7,22.11,23.34,23.48
2026-06-18 06:45:00,274.3,79.8,60.7,10.3,39.4,50.0,19.7,14.4,0.283,NORMAL,False,6.5,22.96,22.99,22.73,22.32,23.14,21.28
2026-06-18 07:00:00,311.9,97.6,62.7,10.6,55.1,51.2,20.3,14.4,0.314,NORMAL,False,6.5,23.47,22.55,22.27,21.41,23.04,22.32
2026-06-18 07:15:00,333.4,113.6,65.1,11.0,55.9,52.6,20.9,14.4,0.349,NORMAL,False,6.5,23.24,22.83,23.32,21.84,24.13,22.03
2026-06-18 07:30:00,357.0,124.4,67.6,11.4,63.6,54.1,21.4,14.4,0.388,NORMAL,False,6.5,23.43,23.98,22.54,21.9,22.96,21.89
2026-06-18 07:45:00,389.2,142.4,72.3,12.2,69.1,56.9,22.0,14.4,0.459,NORMAL,False,6.5,23.44,22.31,22.74,22.3,22.96,22.46
2026-06-18 08:00:00,425.7,152.5,76.8,12.9,86.9,59.5,22.6,14.4,0.527,NORMAL,False,8.5,22.87,23.6,23.32,22.16,24.22,22.49
2026-06-18 08:15:00,453.1,166.5,82.8,13.9,89.3,63.1,23.2,14.4,0.618,NORMAL,False,8.5,23.39,23.13,23.76,22.2,23.98,23.08
2026-06-18 08:30:00,477.4,184.3,82.1,13.8,96.4,62.7,23.8,14.4,0.608,NORMAL,False,8.5,23.12,22.69,22.9,22.69,24.16,23.06
2026-06-18 08:45:00,497.1,202.9,85.7,14.4,90.6,64.8,24.4,14.4,0.662,NORMAL,False,8.5,24.0,23.44,22.59,21.9,23.18,23.25
2026-06-18 09:00:00,535.4,209.6,92.0,15.3,111.1,68.1,25.0,14.4,0.747,NORMAL,False,8.5,23.94,23.73,23.65,23.12,23.83,22.04
2026-06-18 09:15:00,524.4,207.2,88.9,14.9,107.2,66.7,25.2,14.4,0.71,NORMAL,False,8.5,24.18,23.18,23.05,21.81,23.52,22.82
2026-06-18 09:30:00,544.5,220.5,86.4,14.5,118.0,65.3,25.4,14.4,0.673,NORMAL,False,8.5,23.5,23.8,22.72,22.66,25.13,23.43
2026-06-18 09:45:00,551.5,225.6,88.8,14.9,115.6,66.6,25.6,14.4,0.709,NORMAL,False,8.5,23.06,23.23,23.55,22.9,23.43,22.81
2026-06-18 10:00:00,563.3,232.7,92.5,15.5,113.6,68.8,25.8,14.4,0.764,NORMAL,False,8.5,23.49,23.37,23.51,22.2,24.06,23.24
2026-06-18 10:15:00,579.4,239.2,94.4,15.7,120.1,69.7,26.0,14.4,0.786,NORMAL,False,8.5,23.49,23.28,22.99,23.08,24.13,23.31
2026-06-18 10:30:00,584.9,241.0,94.0,15.7,123.9,69.7,26.2,14.4,0.787,NORMAL,False,8.5,24.82,23.15,22.77,22.95,23.81,23.49
2026-06-18 10:45:00,606.1,248.6,98.9,16.5,128.5,72.6,26.5,14.4,0.862,NORMAL,False,8.5,23.27,22.97,23.09,21.44,24.2,22.48
2026-06-18 11:00:00,603.3,245.2,98.2,16.4,130.2,72.2,26.7,14.4,0.852,NORMAL,False,8.5,23.79,22.87,23.57,22.98,23.73,22.4
2026-06-18 11:15:00,623.7,258.0,97.0,16.2,139.7,71.5,26.9,14.4,0.833,NORMAL,False,8.5,23.96,23.13,23.28,22.65,24.03,23.73
2026-06-18 11:30:00,628.2,265.0,97.6,16.3,136.0,71.8,27.1,14.4,0.842,NORMAL,False,8.5,23.21,23.25,23.94,22.86,24.36,21.48
2026-06-18 11:45:00,620.1,264.4,97.2,16.2,128.8,71.6,27.3,14.4,0.837,NORMAL,False,8.5,24.37,23.34,23.7,23.0,23.97,22.01
2026-06-18 12:00:00,618.4,253.2,99.4,16.6,135.0,72.9,26.9,14.4,0.869,NORMAL,False,8.5,24.74,22.64,23.21,22.1,23.53,22.97
2026-06-18 12:15:00,613.7,252.0,103.4,16.7,126.8,73.4,26.9,14.4,0.882,NORMAL,False,8.5,24.61,22.71,24.25,23.29,24.54,22.69
2026-06-18 12:30:00,612.8,252.5,96.7,16.0,135.4,70.9,26.9,14.4,0.817,NORMAL,False,8.5,23.99,23.67,24.13,22.24,23.73,22.69
2026-06-18 12:45:00,614.8,256.0,98.8,16.5,129.6,72.6,26.9,14.4,0.861,NORMAL,False,8.5,24.1,23.44,23.84,22.84,23.34,23.21
2026-06-18 13:00:00,609.5,252.9,99.7,16.5,126.7,72.4,26.9,14.4,0.857,NORMAL,False,8.5,24.2,23.8,23.01,23.19,23.77,22.5
2026-06-18 13:15:00,611.4,258.3,94.7,15.8,131.2,70.1,26.9,14.4,0.798,NORMAL,False,8.5,24.3,24.23,22.65,21.98,24.12,22.72
2026-06-18 13:30:00,603.1,256.8,97.0,16.2,120.5,71.5,26.9,14.4,0.833,NORMAL,False,8.5,23.89,22.06,22.93,22.97,24.35,23.45
2026-06-18 13:45:00,621.4,255.1,97.9,16.2,139.6,71.4,26.9,14.4,0.831,NORMAL,False,8.5,24.66,24.06,24.18,22.38,23.1,22.73
2026-06-18 14:00:00,641.9,275.5,101.9,17.0,131.3,74.4,27.5,14.4,0.907,NORMAL,False,8.5,24.1,23.31,23.79,22.9,23.41,22.24
2026-06-18 14:15:00,653.4,272.3,105.9,17.5,139.5,76.3,27.6,14.4,0.956,NORMAL,False,8.5,23.19,22.99,24.13,22.65,23.13,23.0
2026-06-18 14:30:00,653.1,281.1,105.8,16.9,133.4,73.9,27.7,14.4,0.895,NORMAL,False,8.5,24.06,22.98,24.79,22.45,23.58,22.5
2026-06-18 14:45:00,664.5,282.9,103.4,17.3,143.5,75.3,27.8,14.4,0.931,NORMAL,False,8.5,24.0,22.57,23.21,22.78,23.35,22.91
2026-06-18 15:00:00,648.6,278.0,100.3,16.7,137.9,73.4,27.9,14.4,0.883,NORMAL,False,8.5,23.64,23.12,23.38,22.64,23.92,23.63
2026-06-18 15:15:00,674.0,282.3,105.9,17.7,149.1,76.7,27.9,14.4,0.968,NORMAL,False,8.5,24.79,23.41,23.54,22.97,23.68,21.76
2026-06-18 15:30:00,676.7,282.8,106.9,17.8,149.4,77.3,28.0,14.4,0.983,NORMAL,False,8.5,23.81,23.41,23.8,22.72,23.85,22.81
2026-06-18 15:45:00,676.5,285.9,106.9,17.8,146.0,77.3,28.1,14.4,0.983,NORMAL,False,8.5,23.8,23.21,23.47,22.4,22.99,22.81
2026-06-18 16:00:00,673.5,281.4,104.9,17.5,151.0,76.2,28.2,14.4,0.953,NORMAL,False,8.5,24.35,23.99,23.43,22.06,23.74,23.73
2026-06-18 16:15:00,680.1,286.7,107.7,17.9,147.3,77.8,28.3,14.4,0.995,NORMAL,False,8.5,23.01,23.5,24.0,22.56,23.48,22.5
2026-06-18 16:30:00,678.9,288.4,104.8,17.5,149.3,76.1,28.4,14.4,0.952,NORMAL,False,8.5,23.97,23.88,23.04,21.77,24.39,22.69
2026-06-18 16:45:00,690.0,291.3,106.7,17.8,154.2,77.2,28.5,14.4,0.98,NORMAL,False,8.5,23.91,23.55,23.19,22.52,22.69,23.38
2026-06-18 17:00:00,679.1,282.3,105.6,17.6,154.4,76.6,28.2,14.4,0.964,NORMAL,False,11.0,24.43,23.29,23.85,22.18,23.2,22.74
2026-06-18 17:15:00,637.9,269.1,103.2,17.2,131.2,75.1,27.7,14.4,0.927,NORMAL,False,11.0,23.75,23.14,23.68,22.58,23.91,22.81
2026-06-18 17:30:00,630.7,268.6,100.4,16.6,130.6,72.9,27.3,14.4,0.87,NORMAL,False,11.0,24.32,23.08,24.16,22.52,24.44,23.34
2026-06-18 17:45:00,603.2,246.1,97.9,16.4,129.5,72.0,26.8,14.4,0.847,NORMAL,False,11.0,24.63,23.39,23.79,21.82,24.71,22.36
2026-06-18 18:00:00,583.3,247.2,90.8,15.2,121.5,67.8,26.4,14.4,0.739,NORMAL,False,11.0,23.34,24.5,23.2,21.67,23.73,22.27
2026-06-18 18:15:00,566.7,230.4,93.9,15.7,116.7,69.7,26.0,14.4,0.786,NORMAL,False,11.0,23.37,24.54,23.7,22.37,23.59,22.46
2026-06-18 18:30:00,559.3,227.8,94.4,15.8,111.4,70.0,25.5,14.4,0.794,NORMAL,False,11.0,23.68,22.17,22.87,22.92,23.61,22.67
2026-06-18 18:45:00,531.8,212.2,90.1,15.1,107.6,67.4,25.1,14.4,0.728,NORMAL,False,11.0,23.54,23.51,23.18,22.25,24.13,23.09
2026-06-18 19:00:00,520.2,203.0,89.7,15.0,106.3,67.2,24.6,14.4,0.723,NORMAL,False,11.0,24.16,23.02,23.04,22.88,23.77,22.64
2026-06-18 19:15:00,501.4,196.2,84.2,14.1,104.4,63.9,24.2,14.4,0.639,NORMAL,False,11.0,24.37,23.82,23.53,22.95,23.7,23.04
2026-06-18 19:30:00,474.5,173.9,83.8,14.0,100.8,63.7,23.8,14.4,0.634,NORMAL,False,11.0,24.08,24.17,22.99,22.18,23.58,22.51
2026-06-18 19:45:00,443.1,168.8,77.7,13.0,85.8,60.1,23.3,14.4,0.541,NORMAL,False,11.0,23.73,22.45,23.46,21.76,23.09,22.76
2026-06-18 20:00:00,427.0,157.0,77.8,13.1,81.7,60.2,22.9,14.4,0.543,NORMAL,False,11.0,24.05,22.75,22.66,22.16,23.93,23.39
2026-06-18 20:15:00,425.0,151.9,77.5,13.0,85.7,60.0,22.4,14.4,0.538,NORMAL,False,11.0,24.63,22.66,22.78,22.34,23.37,22.28
2026-06-18 20:30:00,389.6,143.5,70.3,11.8,71.8,55.7,22.0,14.4,0.429,NORMAL,False,11.0,24.26,22.84,23.19,22.81,23.79,22.48
2026-06-18 20:45:00,364.3,124.2,71.7,12.1,63.9,56.6,21.6,14.4,0.45,NORMAL,False,11.0,23.44,23.57,22.34,21.53,22.93,22.61
2026-06-18 21:00:00,237.8,59.8,53.0,9.0,37.5,45.5,18.6,14.4,0.167,NORMAL,False,6.5,23.94,22.55,22.06,21.82,24.39,22.49
2026-06-18 21:15:00,245.8,65.2,56.9,9.6,33.2,47.8,18.6,14.4,0.226,NORMAL,False,6.5,23.48,22.78,23.0,21.09,23.26,23.28
2026-06-18 21:30:00,231.3,61.6,51.4,8.7,32.1,44.5,18.6,14.4,0.142,NORMAL,False,6.5,22.57,22.7,22.58,21.05,23.42,23.43
2026-06-18 21:45:00,239.7,60.6,53.2,9.0,38.3,45.6,18.6,14.4,0.169,NORMAL,False,6.5,22.38,22.44,21.86,21.74,23.74,22.07
2026-06-18 22:00:00,270.9,57.8,59.1,10.0,28.3,49.1,18.6,48.0,0.259,NORMAL,False,6.5,23.7,22.99,23.18,22.49,22.57,23.32
2026-06-18 22:15:00,269.9,58.7,54.5,9.2,34.5,46.4,18.6,48.0,0.189,NORMAL,False,6.5,23.39,22.5,22.58,21.99,23.67,22.75
2026-06-18 22:30:00,267.7,59.6,57.3,9.7,26.4,48.0,18.6,48.0,0.232,NORMAL,False,6.5,23.78,23.28,23.25,22.21,24.91,23.18
2026-06-18 22:45:00,263.3,59.5,54.7,9.3,26.8,46.5,18.6,48.0,0.192,NORMAL,False,6.5,23.06,23.31,22.38,22.33,22.86,21.74
2026-06-18 23:00:00,276.0,64.1,52.7,9.0,38.4,45.3,18.6,48.0,0.162,NORMAL,False,6.5,22.88,22.67,22.7,21.38,23.28,22.55
2026-06-18 23:15:00,270.2,59.1,55.5,9.4,32.7,47.0,18.6,48.0,0.204,NORMAL,False,6.5,23.36,22.97,22.99,21.94,24.22,21.62
2026-06-18 23:30:00,270.1,61.8,55.1,9.4,30.4,46.8,18.6,48.0,0.199,NORMAL,False,6.5,22.77,22.41,23.14,21.36,22.68,22.99
2026-06-18 23:45:00,267.0,58.0,53.4,9.1,34.2,45.7,18.6,48.0,0.173,NORMAL,False,6.5,23.15,23.66,21.9,20.93,23.24,22.54
2026-06-19 00:00:00,241.7,39.6,56.5,9.6,22.5,47.6,17.9,48.0,0.22,HIGH_OCCUPANCY,False,6.5,23.4,23.35,22.9,21.77,22.92,22.05
2026-06-19 00:15:00,246.5,47.4,54.8,9.3,22.4,46.6,17.9,48.0,0.194,HIGH_OCCUPANCY,False,6.5,22.51,23.09,22.3,21.2,23.25,22.0
2026-06-19 00:30:00,248.3,48.1,56.0,9.5,21.6,47.3,17.9,48.0,0.212,HIGH_OCCUPANCY,False,6.5,23.03,22.86,23.69,20.94,24.21,23.39
2026-06-19 00:45:00,245.8,41.9,57.2,9.7,23.1,48.0,17.9,48.0,0.23,HIGH_OCCUPANCY,False,6.5,23.12,22.72,22.58,21.49,23.1,23.12
2026-06-19 01:00:00,240.5,47.0,51.5,8.8,22.6,44.6,17.9,48.0,0.144,HIGH_OCCUPANCY,False,6.5,23.19,22.47,22.08,21.62,24.07,22.76
2026-06-19 01:15:00,233.4,42.8,53.7,9.1,15.9,45.9,17.9,48.0,0.177,HIGH_OCCUPANCY,False,6.5,23.61,22.77,23.13,22.33,23.13,22.21
2026-06-19 01:30:00,237.3,44.4,53.4,9.1,18.7,45.8,17.9,48.0,0.173,HIGH_OCCUPANCY,False,6.5,23.86,22.53,23.37,21.49,24.61,22.21
2026-06-19 01:45:00,237.5,39.7,53.0,9.0,24.4,45.5,17.9,48.0,0.167,HIGH_OCCUPANCY,False,6.5,23.87,23.29,23.21,21.04,23.88,22.06
2026-06-19 02:00:00,250.6,52.5,54.8,9.3,21.4,46.6,17.9,48.0,0.194,HIGH_OCCUPANCY,False,6.5,23.26,23.42,23.17,22.47,22.96,23.31
2026-06-19 02:15:00,237.4,39.7,51.1,8.7,27.6,44.4,17.9,48.0,0.137,HIGH_OCCUPANCY,False,6.5,22.47,22.81,23.67,21.67,23.23,22.2
2026-06-19 02:30:00,242.8,39.5,54.2,9.2,27.8,46.2,17.9,48.0,0.185,HIGH_OCCUPANCY,False,6.5,24.27,23.37,23.14,21.6,23.01,22.12
2026-06-19 02:45:00,242.8,48.6,53.6,9.1,19.7,45.9,17.9,48.0,0.176,HIGH_OCCUPANCY,False,6.5,23.69,23.12,22.56,21.13,23.7,22.44
2026-06-19 03:00:00,248.8,47.8,55.6,9.4,23.1,47.0,17.9,48.0,0.206,HIGH_OCCUPANCY,False,6.5,24.07,23.2,23.14,22.03,24.51,22.75
2026-06-19 03:15:00,235.4,42.9,52.8,9.0,19.3,45.4,17.9,48.0,0.164,HIGH_OCCUPANCY,False,6.5,22.59,23.68,22.19,22.07,23.76,23.01
2026-06-19 03:30:00,239.6,50.0,55.1,9.3,12.4,46.8,17.9,48.0,0.199,HIGH_OCCUPANCY,False,6.5,23.09,22.44,23.71,21.34,23.06,22.44
2026-06-19 03:45:00,247.4,43.8,56.7,9.6,23.7,47.7,17.9,48.0,0.223,HIGH_OCCUPANCY,False,6.5,22.81,23.2,22.43,22.76,23.63,22.21
2026-06-19 04:00:00,247.5,47.7,54.7,9.3,23.4,46.5,17.9,48.0,0.193,HIGH_OCCUPANCY,False,6.5,23.45,23.06,22.04,21.56,23.86,22.22
2026-06-19 04:15:00,245.8,45.2,53.9,9.2,25.5,46.1,17.9,48.0,0.181,HIGH_OCCUPANCY,False,6.5,23.81,22.19,22.38,22.33,24.47,23.7
2026-06-19 04:30:00,243.0,43.7,56.0,9.5,20.6,47.3,17.9,48.0,0.212,HIGH_OCCUPANCY,False,6.5,23.89,23.22,23.22,21.98,23.82,22.1
2026-06-19 04:45:00,234.3,44.0,52.0,8.8,18.7,44.9,17.9,48.0,0.152,HIGH_OCCUPANCY,False,6.5,22.36,22.83,22.55,21.73,23.82,22.64
2026-06-19 05:00:00,249.3,43.9,56.1,9.5,26.5,47.3,17.9,48.0,0.214,HIGH_OCCUPANCY,False,6.5,23.21,22.85,22.66,21.39,23.3,22.28
2026-06-19 05:15:00,245.5,48.3,55.2,9.4,20.0,46.8,17.9,48.0,0.2,HIGH_OCCUPANCY,False,6.5,24.01,23.67,23.72,22.02,23.83,22.32
2026-06-19 05:30:00,247.3,47.1,51.5,8.7,29.5,44.6,17.9,48.0,0.143,HIGH_OCCUPANCY,False,6.5,23.94,22.42,22.89,21.23,24.11,23.17
2026-06-19 05:45:00,239.4,38.4,54.4,9.2,25.2,46.3,17.9,48.0,0.188,HIGH_OCCUPANCY,False,6.5,24.34,23.43,22.27,21.76,23.48,22.43
2026-06-19 06:00:00,201.8,44.3,51.6,8.8,20.1,44.7,17.9,14.4,0.146,HIGH_OCCUPANCY,False,6.5,21.91,22.87,22.3,21.24,21.99,22.12
2026-06-19 06:15:00,241.7,62.7,58.9,10.0,28.2,49.0,18.5,14.4,0.256,HIGH_OCCUPANCY,False,6.5,24.0,23.34,23.32,22.36,23.07,22.8
2026-06-19 06:30:00,263.4,76.6,60.4,10.2,32.8,49.9,19.1,14.4,0.278,HIGH_OCCUPANCY,False,6.5,23.6,22.34,22.29,21.5,23.81,22.69
2026-06-19 06:45:00,292.3,82.1,63.8,10.8,49.7,51.9,19.7,14.4,0.33,HIGH_OCCUPANCY,False,6.5,23.66,22.7,22.59,20.97,23.74,23.37
2026-06-19 07:00:00,314.4,94.3,69.4,11.7,49.2,55.2,20.3,14.4,0.415,HIGH_OCCUPANCY,False,6.5,22.62,22.68,22.52,21.84,23.83,23.55
2026-06-19 07:15:00,354.1,113.8,71.5,12.0,65.1,56.4,20.9,14.4,0.447,HIGH_OCCUPANCY,False,6.5,22.9,23.18,23.04,21.13,23.64,22.03
2026-06-19 07:30:00,374.8,128.4,78.0,13.1,59.3,60.3,21.4,14.4,0.545,HIGH_OCCUPANCY,False,6.5,23.74,22.9,23.19,22.44,23.9,22.61
2026-06-19 07:45:00,406.8,136.4,79.4,13.3,80.2,61.1,22.0,14.4,0.567,HIGH_OCCUPANCY,False,6.5,24.03,23.59,23.23,22.92,23.92,22.55
2026-06-19 08:00:00,440.9,157.6,86.2,14.4,80.6,65.1,22.6,14.4,0.669,HIGH_OCCUPANCY,False,8.5,24.7,24.28,22.66,21.66,22.27,23.16
2026-06-19 08:15:00,466.8,173.5,86.0,14.4,90.3,65.0,23.2,14.4,0.666,HIGH_OCCUPANCY,False,8.5,23.76,23.29,23.69,22.44,24.03,22.64
2026-06-19 08:30:00,489.7,187.5,89.8,15.0,91.9,67.3,23.8,14.4,0.725,HIGH_OCCUPANCY,False,8.5,24.56,23.83,23.6,22.51,24.55,21.9
2026-06-19 08:45:00,524.0,193.7,98.3,16.4,104.6,72.2,24.4,14.4,0.851,HIGH_OCCUPANCY,False,8.5,24.08,22.63,23.27,23.03,23.65,22.44
2026-06-19 09:00:00,549.0,210.8,103.2,17.2,103.3,75.2,25.0,14.4,0.928,HIGH_OCCUPANCY,False,8.5,23.04,24.68,23.71,22.9,23.56,22.78
2026-06-19 09:15:00,545.3,211.2,99.5,16.6,105.4,73.0,25.2,14.4,0.872,HIGH_OCCUPANCY,False,8.5,24.64,22.49,23.77,22.36,23.28,23.75
2026-06-19 09:30:00,569.2,222.6,102.1,17.0,113.1,74.5,25.4,14.4,0.911,HIGH_OCCUPANCY,False,8.5,23.71,23.28,23.67,22.71,23.71,22.42
2026-06-19 09:45:00,578.2,225.0,105.1,17.2,115.9,75.0,25.6,14.4,0.923,HIGH_OCCUPANCY,False,8.5,24.85,23.22,24.15,23.22,24.42,23.12
2026-06-19 10:00:00,576.3,224.5,105.1,17.5,113.0,76.1,25.8,14.4,0.951,HIGH_OCCUPANCY,False,8.5,23.06,23.64,23.76,23.05,23.73,23.12
2026-06-19 10:15:00,599.8,245.2,101.7,17.0,121.2,74.3,26.0,14.4,0.905,HIGH_OCCUPANCY,False,8.5,24.02,22.89,23.13,22.75,23.56,22.05
2026-06-19 10:30:00,607.1,238.3,107.7,17.6,126.1,76.7,26.2,14.4,0.968,HIGH_OCCUPANCY,False,8.5,23.83,23.2,23.57,23.31,23.75,23.72
2026-06-19 10:45:00,625.3,249.4,108.0,18.0,131.1,78.0,26.5,14.4,1.0,HIGH_OCCUPANCY,False,8.5,24.8,23.96,23.56,22.7,22.56,22.7
2026-06-19 11:00:00,628.4,251.2,108.0,18.0,132.2,78.0,26.7,14.4,1.0,HIGH_OCCUPANCY,False,8.5,25.05,23.11,23.34,22.47,23.24,23.11
2026-06-19 11:15:00,639.8,254.0,108.0,18.0,140.6,78.0,26.9,14.4,1.0,HIGH_OCCUPANCY,False,8.5,24.17,22.21,23.89,22.75,23.25,22.75
2026-06-19 11:30:00,638.7,261.3,108.0,18.0,131.9,78.0,27.1,14.4,1.0,HIGH_OCCUPANCY,False,8.5,24.37,22.75,23.42,22.84,23.69,22.8
2026-06-19 11:45:00,647.9,266.9,108.0,18.0,135.3,78.0,27.3,14.4,1.0,HIGH_OCCUPANCY,False,8.5,24.05,23.25,23.88,22.81,24.12,22.96
2026-06-19 12:00:00,629.2,259.7,111.5,18.0,120.7,78.0,26.9,14.4,1.0,HIGH_OCCUPANCY,False,8.5,23.49,22.46,24.58,21.59,24.4,22.39
2026-06-19 12:15:00,630.3,253.6,108.0,18.0,131.4,78.0,26.9,14.4,1.0,HIGH_OCCUPANCY,False,8.5,24.93,23.66,23.53,21.73,23.14,23.49
2026-06-19 12:30:00,633.5,253.3,108.0,18.0,135.0,78.0,26.9,14.4,1.0,HIGH_OCCUPANCY,False,8.5,23.55,23.5,23.49,22.85,23.51,22.01
2026-06-19 12:45:00,630.4,256.2,108.0,18.0,129.0,78.0,26.9,14.4,1.0,HIGH_OCCUPANCY,False,8.5,24.22,23.75,23.6,22.73,23.56,23.28
2026-06-19 13:00:00,640.5,252.8,113.3,18.0,137.1,78.0,26.9,14.4,1.0,HIGH_OCCUPANCY,False,8.5,24.75,22.93,23.74,23.88,24.2,23.61
2026-06-19 13:15:00,634.9,252.8,108.0,18.0,136.9,78.0,26.9,14.4,1.0,HIGH_OCCUPANCY,False,8.5,24.38,24.31,23.56,22.71,23.35,23.24
2026-06-19 13:30:00,633.2,251.6,108.4,18.0,135.9,78.0,26.9,14.4,1.0,HIGH_OCCUPANCY,False,8.5,24.47,22.98,24.07,22.69,23.53,22.61
2026-06-19 13:45:00,620.8,246.7,111.1,18.0,125.8,78.0,26.9,14.4,1.0,HIGH_OCCUPANCY,False,8.5,24.07,23.47,24.51,22.7,23.68,22.94
2026-06-19 14:00:00,659.1,270.3,108.8,18.0,142.1,78.0,27.5,14.4,1.0,HIGH_OCCUPANCY,False,8.5,23.84,22.5,24.13,22.83,23.87,22.45
2026-06-19 14:15:00,661.5,273.1,109.6,18.0,140.7,78.0,27.6,14.4,1.0,HIGH_OCCUPANCY,False,8.5,24.42,22.9,23.75,23.27,24.42,23.46
2026-06-19 14:30:00,663.0,271.3,108.0,18.0,145.7,78.0,27.7,14.4,1.0,HIGH_OCCUPANCY,False,8.5,23.3,22.63,23.62,22.65,24.51,23.46
2026-06-19 14:45:00,671.8,281.2,109.9,18.0,142.5,78.0,27.8,14.4,1.0,HIGH_OCCUPANCY,False,8.5,24.54,23.7,24.32,22.45,24.31,21.86
2026-06-19 15:00:00,675.4,282.3,110.3,18.0,144.6,78.0,27.9,14.4,1.0,HIGH_OCCUPANCY,False,8.5,23.18,23.11,24.38,22.49,24.16,22.82
2026-06-19 15:15:00,675.9,283.3,108.0,18.0,146.3,78.0,27.9,14.4,1.0,HIGH_OCCUPANCY,False,8.5,24.23,24.1,23.95,22.64,24.93,23.38
2026-06-19 15:30:00,658.9,275.8,108.0,18.0,136.7,78.0,28.0,14.4,1.0,HIGH_OCCUPANCY,False,8.5,24.58,22.21,23.9,22.62,23.55,22.7
2026-06-19 15:45:00,675.5,288.2,108.8,18.0,139.9,78.0,28.1,14.4,1.0,HIGH_OCCUPANCY,False,8.5,24.43,22.09,23.41,23.14,23.66,23.42
2026-06-19 16:00:00,687.1,290.2,108.0,18.0,150.3,78.0,28.2,14.4,1.0,HIGH_OCCUPANCY,False,8.5,23.98,22.61,22.97,22.3,23.48,22.94
2026-06-19 16:15:00,677.9,280.5,108.0,18.0,150.7,78.0,28.3,14.4,1.0,HIGH_OCCUPANCY,False,8.5,24.07,23.6,23.63,22.48,24.75,21.63
2026-06-19 16:30:00,674.3,283.6,108.9,18.0,143.0,78.0,28.4,14.4,1.0,HIGH_OCCUPANCY,False,8.5,23.48,22.77,23.24,23.15,24.41,23.62
2026-06-19 16:45:00,690.8,294.1,108.0,18.0,149.9,78.0,28.5,14.4,1.0,HIGH_OCCUPANCY,False,8.5,24.84,23.51,23.74,22.81,23.77,22.24
2026-06-19 17:00:00,676.9,281.5,108.0,18.0,148.9,78.0,28.2,14.4,1.0,HIGH_OCCUPANCY,False,11.0,24.49,23.09,23.81,22.64,24.25,22.91
2026-06-19 17:15:00,669.0,273.6,108.2,18.0,149.2,78.0,27.7,14.4,1.0,HIGH_OCCUPANCY,False,11.0,24.46,23.82,23.39,23.03,22.94,22.74
2026-06-19 17:30:00,647.6,264.7,108.0,18.0,137.2,78.0,27.3,14.4,1.0,HIGH_OCCUPANCY,False,11.0,24.5,22.42,23.52,22.28,25.04,22.47
2026-06-19 17:45:00,639.0,256.4,108.0,18.0,137.4,78.0,26.8,14.4,1.0,HIGH_OCCUPANCY,False,11.0,23.94,23.5,23.74,21.55,23.52,23.31
2026-06-19 18:00:00,612.1,242.0,110.0,17.8,124.1,77.5,26.4,14.4,0.986,HIGH_OCCUPANCY,False,11.0,24.82,23.27,24.48,22.68,22.77,23.22
2026-06-19 18:15:00,592.0,233.1,105.7,17.2,120.3,75.2,26.0,14.4,0.929,HIGH_OCCUPANCY,False,11.0,24.93,23.02,24.4,22.4,23.31,23.44
2026-06-19 18:30:00,574.2,229.0,100.8,16.8,113.8,73.8,25.5,14.4,0.891,HIGH_OCCUPANCY,False,11.0,23.84,23.48,22.92,22.3,23.56,22.8
2026-06-19 18:45:00,556.4,216.5,99.2,16.6,112.0,72.8,25.1,14.4,0.866,HIGH_OCCUPANCY,False,11.0,25.41,23.04,23.44,22.36,23.62,22.8
2026-06-19 19:00:00,532.7,200.4,100.5,16.7,102.9,73.2,24.6,14.4,0.876,HIGH_OCCUPANCY,False,11.0,24.57,23.37,23.74,23.11,23.21,24.01
2026-06-19 19:15:00,525.2,196.2,95.8,15.5,110.4,68.8,24.2,14.4,0.764,HIGH_OCCUPANCY,False,11.0,23.33,23.72,24.55,22.13,23.9,22.84
2026-06-19 19:30:00,506.1,186.5,95.0,15.9,100.2,70.3,23.8,14.4,0.803,HIGH_OCCUPANCY,False,11.0,23.84,23.51,23.78,22.45,23.19,22.34
2026-06-19 19:45:00,464.3,167.0,88.8,14.9,89.2,66.6,23.3,14.4,0.709,HIGH_OCCUPANCY,False,11.0,23.98,23.81,22.5,22.13,24.72,22.86
2026-06-19 20:00:00,449.6,161.2,88.4,14.8,81.6,66.4,22.9,14.4,0.703,HIGH_OCCUPANCY,False,11.0,22.57,23.3,23.16,21.52,23.75,22.64
2026-06-19 20:15:00,425.4,149.4,81.5,13.7,81.7,62.3,22.4,14.4,0.598,HIGH_OCCUPANCY,False,11.0,22.99,22.83,23.65,22.33,23.64,22.16
2026-06-19 20:30:00,410.6,143.9,81.7,13.7,72.5,62.4,22.0,14.4,0.601,HIGH_OCCUPANCY,False,11.0,23.48,21.87,22.88,21.98,23.23,22.47
2026-06-19 20:45:00,394.8,132.0,79.8,13.4,72.4,61.3,21.6,14.4,0.573,HIGH_OCCUPANCY,False,11.0,22.93,23.02,22.22,21.97,23.15,23.31
2026-06-19 21:00:00,238.7,59.2,57.6,9.8,30.8,48.2,18.6,14.4,0.237,HIGH_OCCUPANCY,False,6.5,22.77,22.55,22.92,22.69,23.78,22.38
2026-06-19 21:15:00,249.9,56.6,62.5,10.6,36.2,51.1,18.6,14.4,0.311,HIGH_OCCUPANCY,False,6.5,23.99,23.22,22.93,22.02,23.84,22.39
2026-06-19 21:30:00,235.4,55.6,58.5,9.9,29.6,48.8,18.6,14.4,0.251,HIGH_OCCUPANCY,False,6.5,23.78,23.9,23.06,21.98,25.18,22.68
2026-06-19 21:45:00,236.3,57.1,61.6,10.4,23.7,50.6,18.6,14.4,0.297,HIGH_OCCUPANCY,False,6.5,22.71,22.71,23.41,21.72,23.53,23.13
2026-06-19 22:00:00,263.2,56.7,55.8,9.5,27.7,47.1,18.6,48.0,0.208,HIGH_OCCUPANCY,False,6.5,23.54,23.19,22.4,21.17,23.43,23.12
2026-06-19 22:15:00,270.5,62.8,56.1,9.5,28.1,47.4,18.6,48.0,0.214,HIGH_OCCUPANCY,False,6.5,23.07,23.23,23.81,21.87,23.54,23.0
2026-06-19 22:30:00,286.7,63.1,63.1,10.6,31.8,51.4,18.6,48.0,0.319,HIGH_OCCUPANCY,False,6.5,23.37,23.21,23.16,22.06,24.36,22.3
2026-06-19 22:45:00,280.7,62.9,60.4,10.2,30.6,49.9,18.6,48.0,0.279,HIGH_OCCUPANCY,False,6.5,23.23,22.91,23.2,22.01,23.17,23.26
2026-06-19 23:00:00,277.3,60.8,57.6,9.7,34.5,48.2,18.6,48.0,0.236,HIGH_OCCUPANCY,False,6.5,23.47,23.4,21.99,21.97,23.9,21.39
2026-06-19 23:15:00,277.8,64.7,59.7,10.1,27.4,49.4,18.6,48.0,0.267,HIGH_OCCUPANCY,False,6.5,23.72,22.92,22.3,20.92,24.13,22.93
2026-06-19 23:30:00,269.5,56.5,60.1,10.2,26.4,49.7,18.6,48.0,0.274,HIGH_OCCUPANCY,False,6.5,22.58,22.65,22.89,22.16,24.42,22.46
2026-06-19 23:45:00,268.8,58.0,57.1,9.7,29.5,47.9,18.6,48.0,0.229,HIGH_OCCUPANCY,False,6.5,24.39,23.45,23.33,21.66,23.57,22.92
2026-06-20 00:00:00,234.6,41.7,50.6,8.6,23.8,44.1,17.9,48.0,0.13,OFFLINE,True,6.5,22.93,23.06,22.24,21.8,23.68,22.45
2026-06-20 00:15:00,240.7,42.0,50.9,8.7,29.0,44.3,17.9,48.0,0.135,OFFLINE,True,6.5,23.19,23.59,22.04,22.75,23.5,22.75
2026-06-20 00:30:00,232.6,42.2,51.7,8.8,19.4,44.7,17.9,48.0,0.146,OFFLINE,True,6.5,22.98,22.76,22.54,21.88,23.63,22.52
2026-06-20 00:45:00,230.1,38.0,51.0,8.7,22.2,44.3,17.9,48.0,0.136,OFFLINE,True,6.5,23.39,23.37,23.06,21.66,23.73,22.46
2026-06-20 01:00:00,231.1,38.6,51.2,8.7,22.3,44.4,17.9,48.0,0.139,OFFLINE,True,6.5,22.65,22.76,22.73,21.1,23.19,23.32
2026-06-20 01:15:00,232.9,49.1,49.6,8.4,16.4,43.5,17.9,48.0,0.115,OFFLINE,True,6.5,22.76,22.94,22.14,21.92,24.21,22.96
2026-06-20 01:30:00,237.8,45.4,51.4,8.7,21.8,44.6,17.9,48.0,0.143,OFFLINE,True,6.5,23.4,23.48,23.55,22.21,23.99,23.86
2026-06-20 01:45:00,240.0,49.4,52.3,8.9,18.4,45.1,17.9,48.0,0.155,OFFLINE,True,6.5,22.73,23.08,21.82,21.42,23.49,23.02
2026-06-20 02:00:00,248.5,45.4,56.0,9.5,24.4,47.3,17.9,48.0,0.212,OFFLINE,True,6.5,23.33,23.18,21.95,21.44,24.09,22.65
2026-06-20 02:15:00,240.2,41.1,49.0,8.4,32.6,43.2,17.9,48.0,0.107,OFFLINE,True,6.5,23.08,23.74,23.17,21.57,24.31,21.9
2026-06-20 02:30:00,238.4,40.4,53.0,9.0,24.6,45.5,17.9,48.0,0.167,OFFLINE,True,6.5,23.06,23.02,22.3,21.84,23.65,22.56
2026-06-20 02:45:00,239.6,44.7,50.9,8.6,25.3,44.2,17.9,48.0,0.134,OFFLINE,True,6.5,22.67,23.67,23.75,22.63,23.87,22.41
2026-06-20 03:00:00,248.2,47.4,51.1,8.7,30.8,44.4,17.9,48.0,0.137,OFFLINE,True,6.5,23.82,22.02,22.52,22.07,23.12,22.42
2026-06-20 03:15:00,234.2,43.8,49.3,8.4,23.4,43.3,17.9,48.0,0.111,OFFLINE,True,6.5,22.45,22.56,21.86,20.9,23.05,23.15
2026-06-20 03:30:00,240.0,46.6,50.0,8.5,25.2,43.7,17.9,48.0,0.121,OFFLINE,True,6.5,23.46,23.97,22.2,22.51,23.72,22.54
2026-06-20 03:45:00,245.2,56.5,55.6,9.4,10.7,47.0,17.9,48.0,0.206,OFFLINE,True,6.5,23.51,23.33,22.54,22.17,23.08,22.62
2026-06-20 04:00:00,248.7,43.0,52.4,8.9,33.4,45.1,17.9,48.0,0.157,OFFLINE,True,6.5,23.32,22.93,22.59,21.73,23.42,22.66
2026-06-20 04:15:00,244.3,42.0,51.4,8.7,31.7,44.6,17.9,48.0,0.142,OFFLINE,True,6.5,23.46,22.71,23.14,22.04,23.75,22.03
2026-06-20 04:30:00,236.9,42.8,50.4,8.6,25.3,44.0,17.9,48.0,0.127,OFFLINE,True,6.5,23.47,22.57,23.16,21.31,23.06,22.18
2026-06-20 04:45:00,249.8,46.1,52.0,8.8,32.0,44.9,17.9,48.0,0.152,OFFLINE,True,6.5,22.63,23.03,22.11,22.0,23.96,22.53
2026-06-20 05:00:00,242.7,44.0,51.6,8.8,27.7,44.7,17.9,48.0,0.145,OFFLINE,True,6.5,22.7,23.33,22.11,21.57,23.24,22.19
2026-06-20 05:15:00,235.1,37.3,54.1,9.2,22.4,46.1,17.9,48.0,0.183,OFFLINE,True,6.5,23.68,23.22,22.59,20.54,23.74,21.42
2026-06-20 05:30:00,238.8,47.1,52.4,8.9,19.4,45.2,17.9,48.0,0.158,OFFLINE,True,6.5,22.96,23.82,22.92,21.56,24.24,23.33
2026-06-20 05:45:00,230.2,39.9,50.8,8.6,20.7,44.2,17.9,48.0,0.133,OFFLINE,True,6.5,22.44,23.02,22.14,21.5,23.67,21.55
2026-06-20 06:00:00,205.3,43.8,51.8,8.8,23.8,44.8,17.9,14.4,0.148,OFFLINE,True,6.5,22.93,22.91,22.33,20.95,23.28,22.44
2026-06-20 06:15:00,240.8,59.9,55.8,9.5,35.7,47.1,18.5,14.4,0.208,OFFLINE,True,6.5,23.59,22.75,21.96,22.39,23.76,22.09
2026-06-20 06:30:00,273.3,78.9,61.4,10.4,38.7,50.4,19.1,14.4,0.294,OFFLINE,True,6.5,23.48,23.62,22.25,21.83,23.42,22.76
2026-06-20 06:45:00,281.1,82.3,59.1,10.0,46.5,49.1,19.7,14.4,0.259,OFFLINE,True,6.5,22.68,23.9,23.07,22.04,23.41,22.71
2026-06-20 07:00:00,317.9,100.0,61.7,10.4,60.5,50.6,20.3,14.4,0.298,OFFLINE,True,6.5,23.18,22.77,21.23,21.68,23.14,22.48
2026-06-20 07:15:00,341.7,104.0,67.6,11.4,69.2,54.1,20.9,14.4,0.388,OFFLINE,True,6.5,23.63,23.36,23.4,22.19,23.76,22.97
2026-06-20 07:30:00,373.8,136.4,73.2,12.3,58.7,57.4,21.4,14.4,0.473,OFFLINE,True,6.5,23.68,22.44,23.67,21.72,23.91,22.0
2026-06-20 07:45:00,388.1,137.2,73.2,12.3,71.6,57.4,22.0,14.4,0.473,OFFLINE,True,6.5,22.51,23.12,22.85,22.64,23.43,23.21
2026-06-20 08:00:00,428.8,156.6,75.6,12.7,88.1,58.8,22.6,14.4,0.509,OFFLINE,True,8.5,23.86,23.34,23.47,22.24,23.98,22.2
2026-06-20 08:15:00,436.2,165.8,75.8,12.7,85.2,59.0,23.2,14.4,0.512,OFFLINE,True,8.5,23.86,23.49,23.85,22.48,23.7,22.87
2026-06-20 08:30:00,449.6,178.8,79.5,13.3,78.6,61.2,23.8,14.4,0.568,OFFLINE,True,8.5,24.43,23.4,22.72,22.32,24.25,23.17
2026-06-20 08:45:00,515.6,203.2,86.0,14.4,108.3,65.0,24.4,14.4,0.666,OFFLINE,True,8.5,23.36,23.51,23.77,22.86,24.57,23.32
2026-06-20 09:00:00,527.6,213.9,94.9,15.2,96.3,68.0,25.0,14.4,0.744,OFFLINE,True,8.5,23.87,22.58,24.63,22.42,24.34,22.45
2026-06-20 09:15:00,548.3,224.4,88.5,14.8,114.6,66.5,25.2,14.4,0.704,OFFLINE,True,8.5,23.8,23.44,23.88,21.8,24.04,23.32
2026-06-20 09:30:00,549.3,222.5,89.5,15.0,115.4,67.1,25.4,14.4,0.72,OFFLINE,True,8.5,23.23,24.13,23.73,22.35,22.91,22.25
2026-06-20 09:45:00,557.6,226.4,87.7,14.7,122.9,66.0,25.6,14.4,0.692,OFFLINE,True,8.5,24.15,22.42,24.01,22.43,23.48,23.2
2026-06-20 10:00:00,554.1,226.5,94.4,15.5,108.5,69.0,25.8,14.4,0.769,OFFLINE,True,8.5,23.99,23.09,23.55,23.27,23.48,23.05
2026-06-20 10:15:00,569.8,229.6,94.1,15.7,120.2,69.8,26.0,14.4,0.79,OFFLINE,True,8.5,24.13,23.18,22.7,22.6,23.87,22.29
2026-06-20 10:30:00,586.7,245.4,96.1,16.1,117.6,71.0,26.2,14.4,0.82,OFFLINE,True,8.5,24.19,22.81,23.55,22.93,23.16,22.78
2026-06-20 10:45:00,601.4,244.6,98.4,16.4,128.9,72.2,26.5,14.4,0.851,OFFLINE,True,8.5,24.83,23.14,23.35,23.04,23.66,21.58
2026-06-20 11:00:00,612.2,249.1,98.6,16.4,134.6,72.4,26.7,14.4,0.856,OFFLINE,True,8.5,23.59,23.12,24.02,22.5,22.99,23.38
2026-06-20 11:15:00,616.6,256.0,95.3,15.9,137.6,70.5,26.9,14.4,0.808,OFFLINE,True,8.5,23.91,23.5,23.43,21.88,22.55,23.5
2026-06-20 11:30:00,615.3,254.0,102.8,16.9,126.3,73.9,27.1,14.4,0.895,OFFLINE,True,8.5,24.37,23.11,23.82,23.29,23.81,23.72
2026-06-20 11:45:00,642.3,258.4,106.2,17.1,144.4,74.6,27.3,14.4,0.913,OFFLINE,True,8.5,23.69,24.3,24.26,23.39,24.22,22.31
2026-06-20 12:00:00,622.1,260.7,95.1,15.9,138.7,70.4,26.9,14.4,0.805,OFFLINE,True,8.5,24.76,23.58,23.43,22.69,23.97,22.64
2026-06-20 12:15:00,619.0,258.9,98.4,16.4,131.6,72.3,26.9,14.4,0.855,OFFLINE,True,8.5,23.73,23.91,22.51,22.75,24.13,22.34
2026-06-20 12:30:00,612.6,252.8,97.0,16.2,133.7,71.5,26.9,14.4,0.834,OFFLINE,True,8.5,24.48,22.71,23.93,21.51,23.89,22.77
2026-06-20 12:45:00,614.5,256.0,97.9,16.4,130.9,72.1,26.9,14.4,0.848,OFFLINE,True,8.5,24.54,23.53,23.74,22.66,23.52,22.6
2026-06-20 13:00:00,628.8,261.6,100.5,16.7,135.2,73.5,26.9,14.4,0.883,OFFLINE,True,8.5,24.11,23.45,22.86,23.03,23.47,22.24
2026-06-20 13:15:00,625.4,263.3,100.0,16.7,130.8,73.3,26.9,14.4,0.879,OFFLINE,True,8.5,24.28,23.22,23.42,22.94,24.33,22.73
2026-06-20 13:30:00,613.4,258.4,95.3,15.9,132.0,70.5,26.9,14.4,0.808,OFFLINE,True,8.5,23.11,22.4,23.26,22.35,24.08,22.73
2026-06-20 13:45:00,614.7,254.9,98.1,16.4,131.8,72.2,26.9,14.4,0.85,OFFLINE,True,8.5,23.73,23.97,22.75,22.67,23.66,23.15
2026-06-20 14:00:00,645.6,272.3,104.2,16.8,136.6,73.8,27.5,14.4,0.892,OFFLINE,True,8.5,24.77,23.27,24.56,22.71,23.78,22.69
2026-06-20 14:15:00,663.0,273.7,102.1,17.0,153.6,74.5,27.6,14.4,0.911,OFFLINE,True,8.5,24.1,23.44,23.77,22.79,23.82,23.56
2026-06-20 14:30:00,654.2,275.8,104.2,17.1,140.4,74.7,27.7,14.4,0.915,OFFLINE,True,8.5,24.58,22.91,24.3,22.25,24.0,22.64
2026-06-20 14:45:00,658.5,279.0,101.2,16.9,145.4,74.0,27.8,14.4,0.896,OFFLINE,True,8.5,23.94,24.04,23.81,21.93,24.32,22.32
2026-06-20 15:00:00,663.6,276.9,105.9,17.4,145.3,75.9,27.9,14.4,0.945,OFFLINE,True,8.5,25.06,22.87,23.94,23.26,23.46,22.41
2026-06-20 15:15:00,654.5,278.8,102.1,16.8,140.7,73.7,27.9,14.4,0.891,OFFLINE,True,8.5,24.34,22.56,24.22,22.83,24.72,23.1
2026-06-20 15:30:00,675.2,289.2,108.4,17.4,141.8,75.9,28.0,14.4,0.947,OFFLINE,True,8.5,24.12,23.88,23.17,23.65,24.42,22.68
2026-06-20 15:45:00,676.2,287.8,104.9,17.5,147.3,76.2,28.1,14.4,0.953,OFFLINE,True,8.5,23.51,24.21,22.82,21.92,23.47,23.45
2026-06-20 16:00:00,685.1,289.0,110.0,17.8,148.3,77.4,28.2,14.4,0.984,OFFLINE,True,8.5,24.12,23.51,24.51,22.56,23.41,23.03
2026-06-20 16:15:00,683.8,286.8,107.3,17.9,151.4,77.6,28.3,14.4,0.99,OFFLINE,True,8.5,24.09,23.36,23.88,22.83,24.6,22.98
2026-06-20 16:30:00,689.6,289.9,107.8,18.0,153.3,77.9,28.4,14.4,0.997,OFFLINE,True,8.5,24.58,23.66,22.95,21.45,24.44,23.02
2026-06-20 16:45:00,700.1,296.4,108.0,18.0,156.8,78.0,28.5,14.4,1.0,OFFLINE,True,8.5,24.91,23.78,23.26,22.32,22.61,23.12
2026-06-20 17:00:00,669.2,279.8,106.0,17.7,146.3,76.8,28.2,14.4,0.97,OFFLINE,True,11.0,24.09,23.01,23.25,22.58,23.3,23.67
2026-06-20 17:15:00,655.5,274.1,98.6,16.5,151.7,72.4,27.7,14.4,0.858,OFFLINE,True,11.0,24.18,23.26,23.35,22.06,23.76,22.49
2026-06-20 17:30:00,630.8,265.8,100.5,16.8,132.5,73.6,27.3,14.4,0.886,OFFLINE,True,11.0,24.33,23.03,23.17,22.55,25.02,22.62
2026-06-20 17:45:00,602.3,249.6,93.9,15.5,133.3,68.8,26.8,14.4,0.764,OFFLINE,True,11.0,23.52,24.42,23.71,23.24,23.56,21.55
2026-06-20 18:00:00,587.7,242.3,96.1,16.1,121.5,71.0,26.4,14.4,0.82,OFFLINE,True,11.0,23.98,22.98,23.95,22.23,23.9,22.84
2026-06-20 18:15:00,575.5,237.1,92.5,15.5,121.3,68.8,26.0,14.4,0.765,OFFLINE,True,11.0,24.86,23.79,23.93,22.03,23.01,23.28
2026-06-20 18:30:00,557.7,220.6,90.4,15.1,124.2,67.6,25.5,14.4,0.733,OFFLINE,True,11.0,23.15,23.65,23.97,22.04,23.34,23.34
2026-06-20 18:45:00,530.7,213.6,88.6,14.8,107.7,66.5,25.1,14.4,0.706,OFFLINE,True,11.0,23.65,23.23,23.15,22.91,24.15,23.26
2026-06-20 19:00:00,512.4,203.0,86.5,14.5,104.0,65.3,24.6,14.4,0.675,OFFLINE,True,11.0,23.6,23.94,23.81,22.26,23.24,23.47
2026-06-20 19:15:00,492.0,189.9,87.3,14.6,95.8,65.8,24.2,14.4,0.687,OFFLINE,True,11.0,23.57,23.05,23.21,21.67,23.86,22.32
2026-06-20 19:30:00,476.4,184.3,80.9,13.6,97.6,62.0,23.8,14.4,0.589,OFFLINE,True,11.0,23.29,23.3,23.13,22.23,24.85,22.6
2026-06-20 19:45:00,451.7,163.7,79.6,13.4,96.1,61.2,23.3,14.4,0.57,OFFLINE,True,11.0,23.82,23.18,23.29,21.89,23.42,22.68
2026-06-20 20:00:00,448.0,170.4,81.8,13.7,82.4,62.5,22.9,14.4,0.602,OFFLINE,True,11.0,23.81,23.51,23.76,21.56,24.14,22.47
2026-06-20 20:15:00,413.0,151.9,77.0,12.9,74.6,59.7,22.4,14.4,0.53,OFFLINE,True,11.0,23.55,24.26,22.88,22.72,23.97,22.86
2026-06-20 20:30:00,376.4,130.8,67.8,11.4,75.7,54.3,22.0,14.4,0.391,OFFLINE,True,11.0,24.01,22.87,23.55,22.15,24.22,23.02
2026-06-20 20:45:00,360.8,123.1,70.0,11.8,64.4,55.5,21.6,14.4,0.424,OFFLINE,True,11.0,24.09,23.42,23.31,21.87,23.17,22.41
2026-06-20 21:00:00,224.9,58.7,52.3,8.9,26.9,45.1,18.6,14.4,0.156,OFFLINE,True,6.5,22.47,23.11,22.95,21.67,23.3,22.07
2026-06-20 21:15:00,228.0,63.2,55.1,9.3,20.7,46.7,18.6,14.4,0.198,OFFLINE,True,6.5,22.48,23.41,22.45,21.93,24.0,22.72
2026-06-20 21:30:00,227.4,56.2,54.2,9.2,28.6,46.2,18.6,14.4,0.185,OFFLINE,True,6.5,23.77,23.31,23.65,22.57,23.71,22.43
2026-06-20 21:45:00,239.7,64.1,54.4,9.2,32.7,46.3,18.6,14.4,0.188,OFFLINE,True,6.5,22.93,22.6,22.93,22.57,24.02,22.4
2026-06-20 22:00:00,272.1,61.2,55.1,9.3,33.1,46.8,18.6,48.0,0.199,OFFLINE,True,6.5,23.19,22.96,23.06,21.81,23.2,22.17
2026-06-20 22:15:00,274.3,60.8,54.6,9.3,36.7,46.4,18.6,48.0,0.191,OFFLINE,True,6.5,22.66,23.68,23.25,20.74,24.23,22.45
2026-06-20 22:30:00,270.1,56.7,58.5,9.9,29.7,48.7,18.6,48.0,0.25,OFFLINE,True,6.5,23.8,23.2,22.11,20.79,24.01,23.25
2026-06-20 22:45:00,263.9,62.2,54.1,9.2,25.8,46.1,18.6,48.0,0.183,OFFLINE,True,6.5,22.93,23.59,22.83,21.61,24.88,21.84
2026-06-20 23:00:00,272.3,62.5,54.9,9.3,32.4,46.6,18.6,48.0,0.195,OFFLINE,True,6.5,23.31,23.48,22.6,21.55,23.42,22.02
2026-06-20 23:15:00,273.8,65.4,56.1,9.5,28.9,47.3,18.6,48.0,0.213,OFFLINE,True,6.5,23.22,22.97,23.34,22.27,24.27,22.75
2026-06-20 23:30:00,278.9,66.9,54.8,9.3,34.8,46.6,18.6,48.0,0.194,OFFLINE,True,6.5,23.83,23.48,22.59,21.21,23.46,22.22
2026-06-20 23:45:00,270.7,69.2,53.7,9.1,26.3,45.9,18.6,48.0,0.177,OFFLINE,True,6.5,22.69,22.66,22.43,21.63,24.11,22.07
2026-06-21 00:00:00,217.2,39.8,49.1,8.4,10.8,43.2,17.9,48.0,0.108,NORMAL,False,6.5,23.97,23.69,22.54,21.82,23.74,22.6
2026-06-21 00:15:00,226.6,47.4,50.2,8.5,10.6,43.9,17.9,48.0,0.125,NORMAL,False,6.5,24.06,23.97,22.52,21.17,23.68,22.76
2026-06-21 00:30:00,252.0,46.8,58.2,9.8,22.7,48.5,17.9,48.0,0.245,NORMAL,False,6.5,23.86,22.97,22.43,22.29,23.82,22.62
2026-06-21 00:45:00,237.6,45.1,52.7,9.0,19.6,45.3,17.9,48.0,0.162,NORMAL,False,6.5,23.56,23.22,22.84,22.39,22.75,22.15
2026-06-21 01:00:00,243.0,47.2,51.1,8.7,25.6,44.4,17.9,48.0,0.138,NORMAL,False,6.5,23.81,22.97,21.75,21.45,23.57,22.56
2026-06-21 01:15:00,240.6,48.3,51.6,8.8,21.3,44.7,17.9,48.0,0.146,NORMAL,False,6.5,22.58,22.82,22.36,21.53,23.89,22.75
2026-06-21 01:30:00,248.4,48.0,54.9,9.3,23.7,46.6,17.9,48.0,0.195,NORMAL,False,6.5,23.57,23.11,23.04,21.4,22.5,22.26
2026-06-21 01:45:00,248.7,50.0,51.6,8.8,27.7,44.7,17.9,48.0,0.146,NORMAL,False,6.5,22.75,22.07,23.39,21.57,23.33,22.21
2026-06-21 02:00:00,238.4,48.1,50.0,8.5,22.1,43.7,17.9,48.0,0.121,NORMAL,False,6.5,23.73,22.96,22.34,21.5,23.14,21.88
2026-06-21 02:15:00,236.4,46.5,53.1,9.0,16.3,45.6,17.9,48.0,0.169,NORMAL,False,6.5,23.35,23.32,21.68,21.27,23.84,21.91
2026-06-21 02:30:00,234.9,46.9,51.9,8.8,16.4,44.9,17.9,48.0,0.15,NORMAL,False,6.5,23.99,23.43,21.76,22.1,24.46,23.94
2026-06-21 02:45:00,237.4,41.2,52.8,9.0,23.2,45.4,17.9,48.0,0.163,NORMAL,False,6.5,23.99,22.96,23.22,21.28,23.74,21.3
2026-06-21 03:00:00,243.9,43.6,51.2,8.7,30.0,44.4,17.9,48.0,0.139,NORMAL,False,6.5,22.52,22.79,22.83,21.62,23.57,22.91
2026-06-21 03:15:00,234.0,49.4,49.9,8.5,16.5,43.7,17.9,48.0,0.12,NORMAL,False,6.5,24.11,23.59,22.47,21.5,23.64,22.84
2026-06-21 03:30:00,248.4,50.5,52.8,9.0,24.9,45.4,17.9,48.0,0.163,NORMAL,False,6.5,22.14,22.96,23.42,20.99,22.75,22.66
2026-06-21 03:45:00,243.3,52.3,48.1,8.2,26.2,42.6,17.9,48.0,0.093,NORMAL,False,6.5,22.27,23.08,22.02,21.68,23.63,22.28
2026-06-21 04:00:00,247.1,51.9,54.3,9.2,19.5,46.3,17.9,48.0,0.186,NORMAL,False,6.5,23.68,22.98,22.63,21.57,23.9,22.23
2026-06-21 04:15:00,240.1,45.2,52.3,8.9,22.7,45.1,17.9,48.0,0.156,NORMAL,False,6.5,23.07,22.82,23.77,21.47,23.39,22.21
2026-06-21 04:30:00,229.2,43.0,49.7,8.5,18.7,43.5,17.9,48.0,0.116,NORMAL,False,6.5,22.93,23.34,23.15,21.65,23.56,22.35
2026-06-21 04:45:00,232.0,41.3,48.8,8.3,24.6,43.0,17.9,48.0,0.103,NORMAL,False,6.5,22.77,23.48,22.41,21.45,23.35,23.15
2026-06-21 05:00:00,231.2,45.2,51.8,8.8,14.7,44.8,17.9,48.0,0.148,NORMAL,False,6.5,23.21,23.17,22.71,22.07,23.53,23.42
2026-06-21 05:15:00,244.4,42.7,53.2,9.0,28.1,45.6,17.9,48.0,0.169,NORMAL,False,6.5,23.4,23.07,22.57,20.65,22.58,23.37
2026-06-21 05:30:00,225.5,42.3,48.7,8.3,17.3,43.0,17.9,48.0,0.102,NORMAL,False,6.5,22.6,23.37,22.57,21.89,23.52,22.43
2026-06-21 05:45:00,246.4,47.0,54.7,9.3,23.0,46.5,17.9,48.0,0.192,NORMAL,False,6.5,24.01,22.54,22.18,21.56,23.73,22.47
2026-06-21 06:00:00,203.3,45.1,51.7,8.8,20.7,44.7,17.9,14.4,0.147,NORMAL,False,6.5,24.38,22.78,23.5,22.4,23.8,21.58
2026-06-21 06:15:00,243.1,60.2,55.0,9.3,39.1,46.7,18.5,14.4,0.196,NORMAL,False,6.5,22.7,23.44,23.23,22.32,23.37,22.03
2026-06-21 06:30:00,263.6,74.5,58.1,9.8,39.2,48.5,19.1,14.4,0.244,NORMAL,False,6.5,23.52,22.96,22.54,22.12,23.52,22.77
2026-06-21 06:45:00,297.9,89.9,62.1,10.5,50.5,50.9,19.7,14.4,0.304,NORMAL,False,6.5,22.94,22.63,22.84,21.86,23.33,22.71
2026-06-21 07:00:00,319.2,98.8,66.8,11.3,54.1,53.7,20.3,14.4,0.376,NORMAL,False,6.5,22.79,22.53,22.81,21.99,23.49,22.34
2026-06-21 07:15:00,337.7,117.2,64.4,10.9,57.8,52.2,20.9,14.4,0.339,NORMAL,False,6.5,24.58,23.11,23.43,21.62,23.89,22.65
2026-06-21 07:30:00,364.6,119.2,73.1,12.3,66.8,57.4,21.4,14.4,0.472,NORMAL,False,6.5,22.82,23.62,23.13,21.56,24.62,23.57
2026-06-21 07:45:00,391.7,139.8,74.5,12.5,70.2,58.2,22.0,14.4,0.492,NORMAL,False,6.5,23.81,23.91,23.74,22.22,24.79,23.12
2026-06-21 08:00:00,427.1,159.6,78.6,13.2,78.1,60.6,22.6,14.4,0.554,NORMAL,False,8.5,23.27,22.96,23.04,22.34,23.57,22.01
2026-06-21 08:15:00,470.7,173.1,83.1,13.9,99.6,63.3,23.2,14.4,0.623,NORMAL,False,8.5,23.9,23.82,23.56,22.91,23.97,22.8
2026-06-21 08:30:00,472.9,186.5,81.6,13.7,90.5,62.4,23.8,14.4,0.6,NORMAL,False,8.5,24.12,23.18,23.47,22.24,22.6,22.58
2026-06-21 08:45:00,496.2,197.1,87.0,14.6,93.2,65.6,24.4,14.4,0.682,NORMAL,False,8.5,23.91,23.11,23.77,22.66,23.91,23.21
2026-06-21 09:00:00,519.0,203.7,87.5,14.6,108.0,65.9,25.0,14.4,0.689,NORMAL,False,8.5,22.92,23.54,23.77,22.8,23.95,23.19
2026-06-21 09:15:00,538.2,215.7,86.5,14.5,116.6,65.3,25.2,14.4,0.674,NORMAL,False,8.5,23.63,24.01,23.86,22.64,23.61,22.21
2026-06-21 09:30:00,554.1,223.3,91.2,15.3,116.5,68.1,25.4,14.4,0.746,NORMAL,False,8.5,23.1,23.28,22.44,22.8,23.38,22.11
2026-06-21 09:45:00,560.1,226.1,92.0,15.4,118.1,68.5,25.6,14.4,0.757,NORMAL,False,8.5,25.0,23.54,23.09,22.67,23.58,23.36
2026-06-21 10:00:00,554.0,224.4,89.7,15.0,117.5,67.2,25.8,14.4,0.723,NORMAL,False,8.5,23.9,23.19,22.86,22.26,23.93,22.71
2026-06-21 10:15:00,582.4,236.1,92.8,15.5,128.5,69.0,26.0,14.4,0.769,NORMAL,False,8.5,24.02,23.27,23.22,22.2,23.76,23.21
2026-06-21 10:30:00,592.8,245.6,98.7,16.2,120.1,71.5,26.2,14.4,0.834,NORMAL,False,8.5,24.75,23.93,24.28,21.92,24.07,23.36
2026-06-21 10:45:00,606.3,254.1,97.2,16.2,126.4,71.6,26.5,14.4,0.836,NORMAL,False,8.5,24.04,24.17,22.81,22.12,22.85,22.82
2026-06-21 11:00:00,612.9,253.0,97.2,16.2,133.8,71.6,26.7,14.4,0.836,NORMAL,False,8.5,24.28,23.19,23.69,22.7,23.33,22.7
2026-06-21 11:15:00,616.1,249.9,100.7,16.8,133.8,73.7,26.9,14.4,0.889,NORMAL,False,8.5,24.23,23.44,23.94,22.27,23.45,22.7
2026-06-21 11:30:00,624.0,254.9,101.3,16.9,135.4,74.0,27.1,14.4,0.898,NORMAL,False,8.5,23.72,23.49,23.26,22.07,24.8,22.27
2026-06-21 11:45:00,635.3,268.2,100.8,16.8,134.0,73.8,27.3,14.4,0.891,NORMAL,False,8.5,24.4,24.27,23.18,22.28,24.57,23.24
2026-06-21 12:00:00,612.2,251.8,100.3,16.7,128.6,73.5,26.9,14.4,0.884,NORMAL,False,8.5,24.46,23.36,23.27,22.61,24.59,22.22
2026-06-21 12:15:00,611.9,248.3,97.3,16.2,137.1,71.7,26.9,14.4,0.838,NORMAL,False,8.5,24.0,23.73,23.74,22.54,23.89,23.06
2026-06-21 12:30:00,621.4,261.1,96.5,16.1,135.3,71.2,26.9,14.4,0.825,NORMAL,False,8.5,23.77,23.42,23.45,22.73,23.82,22.6
2026-06-21 12:45:00,615.9,253.7,102.4,16.5,129.5,72.5,26.9,14.4,0.859,NORMAL,False,8.5,24.38,22.91,24.62,21.99,23.81,22.61
2026-06-21 13:00:00,605.8,254.4,96.6,16.1,126.2,71.2,26.9,14.4,0.827,NORMAL,False,8.5,24.59,22.65,23.98,22.82,23.56,23.01
2026-06-21 13:15:00,604.2,248.0,95.9,16.0,132.1,70.9,26.9,14.4,0.817,NORMAL,False,8.5,24.31,23.55,23.6,22.28,23.65,22.58
2026-06-21 13:30:00,611.9,247.4,99.1,16.5,134.8,72.8,26.9,14.4,0.866,NORMAL,False,8.5,24.07,24.14,23.04,22.21,23.83,22.88
2026-06-21 13:45:00,623.9,262.0,98.6,16.5,133.1,72.4,26.9,14.4,0.857,NORMAL,False,8.5,22.97,23.2,23.12,22.3,23.09,22.97
2026-06-21 14:00:00,619.7,263.4,97.1,16.2,129.4,71.6,27.5,14.4,0.835,NORMAL,False,8.5,24.15,23.15,22.95,22.68,24.19,22.42
2026-06-21 14:15:00,645.4,275.3,100.5,16.8,137.3,73.6,27.6,14.4,0.887,NORMAL,False,8.5,23.99,23.01,23.22,22.85,24.0,22.87
2026-06-21 14:30:00,650.6,276.1,100.1,16.7,142.2,73.3,27.7,14.4,0.88,NORMAL,False,8.5,23.8,22.97,22.53,22.28,24.32,23.16
2026-06-21 14:45:00,655.9,274.2,106.9,17.6,138.4,76.6,27.8,14.4,0.963,NORMAL,False,8.5,23.63,22.81,24.22,22.67,23.45,23.07
2026-06-21 15:00:00,663.1,281.9,103.5,16.9,144.4,74.1,27.9,14.4,0.901,NORMAL,False,8.5,24.24,23.37,24.34,22.44,23.62,23.49
2026-06-21 15:15:00,654.4,275.4,100.5,16.8,145.9,73.6,27.9,14.4,0.887,NORMAL,False,8.5,23.66,22.74,23.58,22.31,24.57,21.98
2026-06-21 15:30:00,666.0,281.3,107.0,17.5,141.5,76.3,28.0,14.4,0.956,NORMAL,False,8.5,22.85,22.42,23.51,23.32,24.73,22.58
2026-06-21 15:45:00,662.6,282.4,105.7,17.6,137.7,76.7,28.1,14.4,0.966,NORMAL,False,8.5,24.92,23.92,23.64,22.24,23.79,23.48
2026-06-21 16:00:00,681.5,288.9,104.2,17.4,152.6,75.8,28.2,14.4,0.943,NORMAL,False,8.5,23.99,22.37,23.75,22.88,24.71,22.12
2026-06-21 16:15:00,669.6,286.4,106.4,17.7,139.3,77.0,28.3,14.4,0.976,NORMAL,False,8.5,23.67,22.76,23.72,22.72,23.51,23.44
2026-06-21 16:30:00,680.7,296.2,107.8,17.6,140.0,76.4,28.4,14.4,0.96,NORMAL,False,8.5,24.39,23.46,23.82,23.4,23.23,22.58
2026-06-21 16:45:00,676.0,287.2,106.2,17.7,145.2,76.9,28.5,14.4,0.972,NORMAL,False,8.5,24.78,23.9,24.0,23.01,23.27,23.48
2026-06-21 17:00:00,676.2,287.7,108.7,17.6,143.1,76.5,28.2,14.4,0.962,NORMAL,False,11.0,23.91,23.39,23.87,23.54,24.01,22.48
2026-06-21 17:15:00,655.2,270.1,104.2,17.4,145.6,75.8,27.7,14.4,0.943,NORMAL,False,11.0,24.16,23.48,22.74,21.51,23.03,23.66
2026-06-21 17:30:00,635.6,261.8,101.1,16.5,141.9,72.6,27.3,14.4,0.862,NORMAL,False,11.0,23.91,23.24,24.36,22.83,23.95,23.41
2026-06-21 17:45:00,616.3,255.5,99.7,16.6,130.1,73.1,26.8,14.4,0.874,NORMAL,False,11.0,24.49,23.18,23.33,22.11,23.36,22.3
2026-06-21 18:00:00,593.4,250.5,96.5,16.1,118.3,71.2,26.4,14.4,0.825,NORMAL,False,11.0,24.23,22.72,22.95,22.38,23.36,22.31
2026-06-21 18:15:00,574.9,232.8,97.4,16.3,116.3,71.7,26.0,14.4,0.839,NORMAL,False,11.0,24.15,23.74,23.94,22.82,24.58,22.21
2026-06-21 18:30:00,568.1,230.7,89.6,14.7,127.1,66.0,25.5,14.4,0.693,NORMAL,False,11.0,23.5,24.14,23.24,23.32,24.75,24.21
2026-06-21 18:45:00,530.0,207.3,89.5,15.0,111.8,67.0,25.1,14.4,0.719,NORMAL,False,11.0,23.98,23.36,23.36,22.44,24.09,22.48
2026-06-21 19:00:00,510.5,203.3,85.2,14.3,104.2,64.5,24.6,14.4,0.654,NORMAL,False,11.0,23.49,23.12,23.1,22.84,23.61,23.28
2026-06-21 19:15:00,497.8,190.0,84.6,14.2,106.2,64.2,24.2,14.4,0.645,NORMAL,False,11.0,23.13,23.36,23.7,22.77,23.02,21.93
2026-06-21 19:30:00,472.7,177.7,82.5,13.8,97.7,62.9,23.8,14.4,0.613,NORMAL,False,11.0,23.35,22.46,22.89,21.86,24.15,23.19
2026-06-21 19:45:00,465.1,174.1,81.0,13.6,96.5,62.1,23.3,14.4,0.591,NORMAL,False,11.0,23.12,23.14,23.38,22.29,22.82,22.74
2026-06-21 20:00:00,427.8,162.8,76.2,12.8,79.6,59.2,22.9,14.4,0.517,NORMAL,False,11.0,23.35,23.05,23.27,22.17,23.96,22.09
2026-06-21 20:15:00,411.8,151.6,74.9,12.6,77.4,58.5,22.4,14.4,0.499,NORMAL,False,11.0,24.45,22.45,22.96,21.46,23.73,23.17
2026-06-21 20:30:00,400.8,137.3,75.6,12.7,80.0,58.8,22.0,14.4,0.509,NORMAL,False,11.0,23.78,23.56,23.47,20.67,23.61,22.11
2026-06-21 20:45:00,369.6,129.9,69.9,11.8,66.6,55.5,21.6,14.4,0.423,NORMAL,False,11.0,24.45,22.42,22.47,22.39,23.46,22.78
2026-06-21 21:00:00,243.6,65.9,54.6,9.3,34.5,46.4,18.6,14.4,0.191,NORMAL,False,6.5,23.32,23.38,23.54,21.63,23.36,22.3
2026-06-21 21:15:00,238.2,65.6,51.4,8.7,34.9,44.6,18.6,14.4,0.143,NORMAL,False,6.5,22.2,22.63,22.79,21.65,23.8,22.46
2026-06-21 21:30:00,236.6,59.0,55.4,9.4,33.0,46.9,18.6,14.4,0.202,NORMAL,False,6.5,23.82,22.24,22.7,21.81,23.86,21.7
2026-06-21 21:45:00,239.9,63.2,56.1,9.5,30.8,47.4,18.6,14.4,0.214,NORMAL,False,6.5,23.85,23.45,22.73,22.09,23.46,22.64
2026-06-21 22:00:00,274.6,62.0,55.9,9.5,33.3,47.2,18.6,48.0,0.211,NORMAL,False,6.5,23.73,23.42,23.37,22.92,23.91,22.33
2026-06-21 22:15:00,270.1,59.0,56.4,9.6,31.0,47.5,18.6,48.0,0.218,NORMAL,False,6.5,24.01,22.22,23.52,22.69,23.85,22.86
2026-06-21 22:30:00,284.0,63.3,56.6,9.6,40.3,47.6,18.6,48.0,0.221,NORMAL,False,6.5,23.58,23.43,23.08,22.21,23.96,22.05
2026-06-21 22:45:00,274.3,59.6,55.1,9.4,36.9,46.8,18.6,48.0,0.199,NORMAL,False,6.5,23.99,22.6,22.72,21.42,24.25,23.38
2026-06-21 23:00:00,276.9,58.0,58.5,9.9,35.3,48.7,18.6,48.0,0.25,NORMAL,False,6.5,23.28,23.14,23.17,21.38,23.63,23.65
2026-06-21 23:15:00,264.3,58.8,56.2,9.5,25.8,47.4,18.6,48.0,0.216,NORMAL,False,6.5,23.18,23.18,23.64,22.04,23.92,23.37
2026-06-21 23:30:00,268.1,57.4,58.7,9.9,26.6,48.9,18.6,48.0,0.253,NORMAL,False,6.5,23.37,23.52,22.42,22.0,23.03,22.61
2026-06-21 23:45:00,268.0,56.5,54.6,9.3,34.6,46.4,18.6,48.0,0.191,NORMAL,False,6.5,22.08,22.48,23.12,21.9,23.02,22.83
2026-06-22 00:00:00,247.1,41.2,71.2,8.8,15.3,44.7,17.9,48.0,0.147,HOT,False,6.5,25.51,25.5,26.46,23.8,26.16,25.43
2026-06-22 00:15:00,249.3,38.9,66.8,8.6,24.9,44.1,17.9,48.0,0.132,HOT,False,6.5,26.04,25.37,25.04,24.61,25.64,25.0
2026-06-22 00:30:00,242.8,43.7,62.7,8.9,16.4,45.1,17.9,48.0,0.157,HOT,False,6.5,26.09,24.97,25.09,23.55,25.92,25.79
2026-06-22 00:45:00,247.9,42.9,62.1,8.6,24.4,44.1,17.9,48.0,0.13,HOT,False,6.5,24.85,24.89,25.49,23.43,26.2,25.05
2026-06-22 01:00:00,238.7,34.5,61.5,8.5,24.5,43.8,17.9,48.0,0.122,HOT,False,6.5,26.07,25.19,24.95,23.89,26.38,25.31
2026-06-22 01:15:00,244.1,41.8,62.3,8.3,23.1,42.8,17.9,48.0,0.098,HOT,False,6.5,25.45,25.48,24.94,24.37,26.39,24.64
2026-06-22 01:30:00,237.7,42.8,56.8,8.3,20.9,43.0,17.9,48.0,0.104,HOT,False,6.5,25.39,26.21,24.37,23.95,25.73,26.03
2026-06-22 01:45:00,250.1,43.7,63.9,8.5,24.5,43.6,17.9,48.0,0.119,HOT,False,6.5,25.65,25.67,24.7,24.64,26.17,25.46
2026-06-22 02:00:00,254.0,48.3,66.6,8.8,19.8,44.6,17.9,48.0,0.144,HOT,False,6.5,26.4,25.6,25.18,23.94,25.79,25.16
2026-06-22 02:15:00,240.4,41.4,58.5,8.9,20.8,45.0,17.9,48.0,0.154,HOT,False,6.5,25.78,25.73,24.33,23.72,25.36,25.06
2026-06-22 02:30:00,242.5,36.8,66.9,8.4,21.0,43.5,17.9,48.0,0.114,HOT,False,6.5,25.44,24.97,25.52,24.38,26.11,24.88
2026-06-22 02:45:00,260.6,49.2,68.9,8.6,24.1,44.0,17.9,48.0,0.127,HOT,False,6.5,25.78,25.85,25.31,24.78,25.75,24.73
2026-06-22 03:00:00,257.4,45.1,66.4,8.7,26.6,44.6,17.9,48.0,0.143,HOT,False,6.5,26.59,25.83,25.08,23.83,26.71,25.15
2026-06-22 03:15:00,257.0,40.1,71.2,9.1,24.8,45.9,17.9,48.0,0.176,HOT,False,6.5,25.99,25.99,25.44,24.49,25.69,25.96
2026-06-22 03:30:00,249.1,50.6,64.3,8.4,16.7,43.3,17.9,48.0,0.11,HOT,False,6.5,25.58,25.25,25.2,24.3,25.55,25.02
2026-06-22 03:45:00,250.2,42.4,68.0,8.5,21.5,43.9,17.9,48.0,0.124,HOT,False,6.5,26.08,25.58,25.22,24.66,25.64,24.78
2026-06-22 04:00:00,251.5,38.5,69.4,9.3,21.9,46.4,17.9,48.0,0.19,HOT,False,6.5,24.88,24.96,24.55,24.93,25.75,24.89
2026-06-22 04:15:00,258.7,47.6,62.5,9.1,27.7,45.9,17.9,48.0,0.176,HOT,False,6.5,25.84,25.5,24.43,24.05,26.13,24.56
2026-06-22 04:30:00,261.8,50.2,74.4,8.6,18.4,44.2,17.9,48.0,0.134,HOT,False,6.5,26.02,25.49,25.73,25.18,25.49,25.42
2026-06-22 04:45:00,249.4,41.1,63.0,8.6,26.6,44.2,17.9,48.0,0.133,HOT,False,6.5,25.37,25.47,24.98,24.06,26.46,24.09
2026-06-22 05:00:00,262.4,51.9,71.2,9.0,18.8,45.5,17.9,48.0,0.167,HOT,False,6.5,25.17,25.83,25.86,24.18,25.55,25.49
2026-06-22 05:15:00,250.6,38.1,63.6,8.8,29.2,44.9,17.9,48.0,0.151,HOT,False,6.5,26.23,25.6,24.31,24.4,25.56,24.41
2026-06-22 05:30:00,244.7,42.0,65.4,8.5,19.0,43.9,17.9,48.0,0.125,HOT,False,6.5,25.82,25.83,25.23,24.3,26.23,25.11
2026-06-22 05:45:00,248.1,41.9,70.2,8.8,16.5,44.7,17.9,48.0,0.147,HOT,False,6.5,25.61,25.76,25.73,24.35,25.64,23.95
2026-06-22 06:00:00,227.0,49.3,71.3,8.6,21.5,44.0,17.9,14.4,0.128,HOT,False,6.5,25.77,25.58,26.08,24.4,26.99,25.4
2026-06-22 06:15:00,226.9,52.6,62.3,9.0,24.7,45.4,18.5,14.4,0.164,HOT,False,6.5,25.47,25.54,24.88,23.7,26.26,24.55
2026-06-22 06:30:00,278.7,70.2,76.4,9.7,40.7,48.2,19.1,14.4,0.235,HOT,False,6.5,25.29,25.46,25.58,24.57,25.74,24.42
2026-06-22 06:45:00,317.7,90.3,83.3,10.6,48.1,51.3,19.7,14.4,0.314,HOT,False,6.5,26.05,26.19,26.24,24.14,26.84,24.96
2026-06-22 07:00:00,330.4,103.4,73.3,10.2,59.1,49.7,20.3,14.4,0.274,HOT,False,6.5,25.35,24.97,24.44,24.77,27.12,24.95
2026-06-22 07:15:00,354.2,113.5,89.2,11.4,50.8,54.0,20.9,14.4,0.385,HOT,False,6.5,25.95,25.49,25.73,24.9,26.35,25.33
2026-06-22 07:30:00,380.7,127.2,89.2,12.1,59.8,56.6,21.4,14.4,0.452,HOT,False,6.5,25.4,25.95,25.92,23.97,25.83,26.2
2026-06-22 07:45:00,417.8,144.1,92.6,12.5,73.9,58.3,22.0,14.4,0.495,HOT,False,6.5,25.71,24.69,25.85,24.14,26.31,24.74
2026-06-22 08:00:00,432.9,151.8,96.1,11.9,80.0,56.1,22.6,14.4,0.439,HOT,False,8.5,26.22,25.49,26.24,24.72,26.51,24.78
2026-06-22 08:15:00,468.8,167.9,97.2,13.2,92.5,60.5,23.2,14.4,0.552,HOT,False,8.5,26.83,25.59,25.05,24.25,26.65,25.08
2026-06-22 08:30:00,493.4,183.2,100.7,13.5,96.2,61.7,23.8,14.4,0.581,HOT,False,8.5,25.08,25.25,25.82,24.57,25.39,25.68
2026-06-22 08:45:00,522.5,189.3,113.7,14.4,101.3,65.0,24.4,14.4,0.667,HOT,False,8.5,25.65,25.85,26.25,25.37,26.56,25.46
2026-06-22 09:00:00,530.4,203.3,110.7,14.5,97.5,65.2,25.0,14.4,0.671,HOT,False,8.5,26.95,26.27,25.33,24.78,26.33,25.65
2026-06-22 09:15:00,561.5,217.6,117.2,15.0,105.2,67.0,25.2,14.4,0.718,HOT,False,8.5,25.1,25.79,26.16,25.48,25.9,25.3
2026-06-22 09:30:00,573.8,220.9,118.4,15.4,110.6,68.7,25.4,14.4,0.761,HOT,False,8.5,26.55,25.43,25.98,24.84,26.62,25.05
2026-06-22 09:45:00,571.2,221.9,118.9,15.0,108.2,67.2,25.6,14.4,0.722,HOT,False,8.5,26.45,25.27,26.27,25.16,25.83,25.32
2026-06-22 10:00:00,589.0,236.6,119.6,15.3,109.2,68.2,25.8,14.4,0.749,HOT,False,8.5,26.37,25.99,25.97,25.35,25.73,25.04
2026-06-22 10:15:00,595.4,232.6,116.4,15.5,121.4,69.0,26.0,14.4,0.77,HOT,False,8.5,25.89,25.63,25.71,25.22,26.36,24.58
2026-06-22 10:30:00,609.3,241.9,127.0,16.1,112.6,71.1,26.2,14.4,0.822,HOT,False,8.5,27.7,26.1,25.48,24.94,26.34,24.99
2026-06-22 10:45:00,615.9,245.7,123.2,16.2,118.5,71.5,26.5,14.4,0.833,HOT,False,8.5,26.26,25.7,26.73,24.37,26.39,25.65
2026-06-22 11:00:00,635.7,247.6,124.8,16.6,132.5,73.1,26.7,14.4,0.874,HOT,False,8.5,26.44,25.5,25.89,24.86,25.67,25.34
2026-06-22 11:15:00,647.9,252.2,124.9,16.5,140.2,72.8,26.9,14.4,0.866,HOT,False,8.5,27.35,25.65,25.64,24.3,27.36,25.59
2026-06-22 11:30:00,646.5,254.5,123.3,17.0,135.8,74.4,27.1,14.4,0.907,HOT,False,8.5,25.91,25.4,26.02,24.55,26.22,25.63
2026-06-22 11:45:00,674.4,265.1,133.2,17.1,142.5,74.8,27.3,14.4,0.918,HOT,False,8.5,26.8,25.74,25.77,25.52,25.69,25.4
2026-06-22 12:00:00,634.8,257.1,122.5,16.2,126.2,71.5,26.9,14.4,0.833,HOT,False,8.5,26.25,25.13,26.22,24.79,25.82,24.87
2026-06-22 12:15:00,654.4,260.5,127.2,16.1,138.3,71.0,26.9,14.4,0.82,HOT,False,8.5,26.93,25.66,26.46,24.8,26.25,25.32
2026-06-22 12:30:00,657.9,257.9,133.0,16.8,135.5,73.5,26.9,14.4,0.885,HOT,False,8.5,26.25,25.27,26.44,25.75,26.85,25.27
2026-06-22 12:45:00,639.1,255.6,122.0,16.4,131.5,72.3,26.9,14.4,0.854,HOT,False,8.5,26.62,25.81,25.63,24.68,25.91,24.46
2026-06-22 13:00:00,664.3,260.5,133.3,16.6,139.5,73.0,26.9,14.4,0.873,HOT,False,8.5,27.18,26.42,26.76,24.67,25.55,25.73
2026-06-22 13:15:00,638.7,252.7,128.9,16.5,126.6,72.7,26.9,14.4,0.865,HOT,False,8.5,25.54,25.94,26.32,25.66,26.97,25.71
2026-06-22 13:30:00,624.4,251.3,121.1,16.6,121.4,72.8,26.9,14.4,0.866,HOT,False,8.5,26.14,26.5,25.19,25.32,26.42,25.16
2026-06-22 13:45:00,638.8,246.0,121.5,16.2,142.2,71.5,26.9,14.4,0.834,HOT,False,8.5,26.24,26.31,25.61,25.23,25.6,25.49
2026-06-22 14:00:00,654.6,266.7,121.5,16.9,133.7,73.9,27.5,14.4,0.896,HOT,False,8.5,25.18,25.41,25.64,24.75,26.09,24.94
2026-06-22 14:15:00,681.0,271.1,132.7,17.3,142.5,75.3,27.6,14.4,0.931,HOT,False,8.5,27.22,25.65,26.11,24.55,26.31,25.39
2026-06-22 14:30:00,688.7,278.7,133.0,17.2,142.7,75.0,27.7,14.4,0.923,HOT,False,8.5,26.08,26.37,26.0,25.94,26.49,26.26
2026-06-22 14:45:00,676.4,279.4,126.2,16.9,137.7,74.0,27.8,14.4,0.898,HOT,False,8.5,26.23,26.04,26.15,24.78,26.69,25.29
2026-06-22 15:00:00,699.4,276.8,139.0,17.5,147.4,76.3,27.9,14.4,0.957,HOT,False,8.5,26.9,26.39,26.64,25.11,26.2,26.18
2026-06-22 15:15:00,688.3,281.6,131.5,17.2,140.8,75.0,27.9,14.4,0.922,HOT,False,8.5,25.68,25.16,26.31,25.46,26.48,25.85
2026-06-22 15:30:00,713.7,287.7,137.1,17.5,152.6,76.4,28.0,14.4,0.958,HOT,False,8.5,26.73,25.5,26.39,25.19,25.98,25.2
2026-06-22 15:45:00,709.2,284.2,142.8,17.5,146.1,76.1,28.1,14.4,0.952,HOT,False,8.5,26.67,25.07,27.0,25.66,26.66,24.15
2026-06-22 16:00:00,714.9,291.4,134.5,17.7,151.8,77.0,28.2,14.4,0.974,HOT,False,8.5,26.44,25.68,26.48,24.78,26.01,25.39
2026-06-22 16:15:00,717.2,291.3,138.9,17.9,148.6,77.7,28.3,14.4,0.992,HOT,False,8.5,26.72,26.55,25.32,26.2,27.37,25.53
2026-06-22 16:30:00,715.1,284.0,136.2,17.6,158.1,76.5,28.4,14.4,0.96,HOT,False,8.5,26.35,25.76,26.43,25.36,27.28,25.34
2026-06-22 16:45:00,715.2,294.5,128.2,17.3,156.8,75.5,28.5,14.4,0.937,HOT,False,8.5,26.34,25.92,26.33,24.4,25.91,24.54
2026-06-22 17:00:00,698.1,291.2,126.0,17.1,146.7,74.6,28.2,14.4,0.913,HOT,False,11.0,27.09,26.24,25.77,24.1,25.74,24.98
2026-06-22 17:15:00,694.6,281.7,127.6,16.8,152.9,73.5,27.7,14.4,0.885,HOT,False,11.0,26.64,25.12,26.32,24.57,25.85,25.45
2026-06-22 17:30:00,637.5,256.7,120.7,16.4,129.9,72.2,27.3,14.4,0.85,HOT,False,11.0,26.22,26.01,26.6,23.94,26.3,25.01
2026-06-22 17:45:00,644.6,253.3,127.8,16.2,134.7,71.4,26.8,14.4,0.83,HOT,False,11.0,26.53,26.25,26.17,25.47,26.26,24.9
2026-06-22 18:00:00,626.7,241.1,126.9,16.3,129.7,71.9,26.4,14.4,0.843,HOT,False,11.0,26.44,25.29,26.18,25.25,26.87,24.91
2026-06-22 18:15:00,598.4,233.0,118.8,15.5,122.0,68.9,26.0,14.4,0.766,HOT,False,11.0,26.19,26.36,25.23,25.95,25.92,25.66
2026-06-22 18:30:00,586.3,217.2,121.8,15.1,124.6,67.7,25.5,14.4,0.736,HOT,False,11.0,26.81,25.55,25.6,25.79,26.24,24.88
2026-06-22 18:45:00,561.3,213.7,118.8,14.7,108.6,66.0,25.1,14.4,0.693,HOT,False,11.0,27.36,25.91,25.9,24.92,27.32,24.11
2026-06-22 19:00:00,536.4,205.4,110.5,14.4,101.9,65.1,24.6,14.4,0.669,HOT,False,11.0,26.38,25.57,25.9,24.79,25.54,25.39
2026-06-22 19:15:00,529.9,195.4,118.6,14.7,96.4,66.2,24.2,14.4,0.697,HOT,False,11.0,27.0,26.13,26.25,24.85,26.78,25.99
2026-06-22 19:30:00,483.7,178.1,103.8,13.7,87.3,62.6,23.8,14.4,0.605,HOT,False,11.0,26.51,26.1,25.69,24.44,26.97,24.65
2026-06-22 19:45:00,490.6,180.4,103.7,13.1,95.5,60.2,23.3,14.4,0.544,HOT,False,11.0,26.78,26.3,25.62,24.9,26.16,24.57
2026-06-22 20:00:00,456.5,155.4,96.3,13.1,94.0,60.4,22.9,14.4,0.548,HOT,False,11.0,25.73,25.55,25.31,24.71,26.32,24.99
2026-06-22 20:15:00,436.9,154.6,92.1,12.7,81.8,58.9,22.4,14.4,0.51,HOT,False,11.0,26.34,25.44,24.83,24.57,25.99,25.51
2026-06-22 20:30:00,423.3,137.2,104.9,12.6,73.8,58.4,22.0,14.4,0.498,HOT,False,11.0,27.0,25.84,26.15,24.85,25.2,25.07
2026-06-22 20:45:00,414.3,142.0,97.2,11.6,72.4,55.0,21.6,14.4,0.411,HOT,False,11.0,26.3,26.11,26.09,25.3,25.29,24.52
2026-06-22 21:00:00,253.4,57.7,62.5,9.4,43.8,47.1,18.6,14.4,0.207,HOT,False,6.5,25.76,25.53,24.28,23.86,26.01,24.7
2026-06-22 21:15:00,243.9,54.9,69.8,9.3,30.5,46.5,18.6,14.4,0.192,HOT,False,6.5,25.87,25.68,25.53,23.99,26.68,25.28
2026-06-22 21:30:00,248.2,51.4,73.1,9.3,34.9,46.6,18.6,14.4,0.195,HOT,False,6.5,25.62,25.81,25.55,24.49,26.23,25.1
2026-06-22 21:45:00,259.8,63.8,76.7,9.5,29.5,47.4,18.6,14.4,0.215,HOT,False,6.5,25.27,25.7,25.58,24.84,26.32,25.23
2026-06-22 22:00:00,280.3,56.9,68.7,9.5,31.4,47.3,18.6,48.0,0.212,HOT,False,6.5,25.44,26.12,24.45,24.66,26.07,25.55
2026-06-22 22:15:00,285.7,63.3,66.6,9.4,33.0,46.9,18.6,48.0,0.202,HOT,False,6.5,25.96,25.04,25.56,23.32,25.73,24.28
2026-06-22 22:30:00,296.7,68.3,76.1,9.5,28.8,47.3,18.6,48.0,0.214,HOT,False,6.5,26.49,25.41,25.56,24.29,26.02,25.72
2026-06-22 22:45:00,282.8,57.2,71.8,9.6,29.8,47.8,18.6,48.0,0.225,HOT,False,6.5,25.93,25.73,25.39,24.1,24.28,25.83
2026-06-22 23:00:00,277.6,63.7,67.2,9.3,24.3,46.5,18.6,48.0,0.193,HOT,False,6.5,25.34,25.68,25.21,23.87,26.13,25.04
2026-06-22 23:15:00,270.6,59.2,64.1,9.1,25.9,45.9,18.6,48.0,0.176,HOT,False,6.5,26.07,25.23,24.76,23.92,26.0,25.0
2026-06-22 23:30:00,299.2,63.3,72.9,9.6,39.2,47.7,18.6,48.0,0.223,HOT,False,6.5,26.43,24.61,24.49,24.77,26.85,24.0
2026-06-22 23:45:00,296.3,66.9,69.8,9.1,38.2,45.8,18.6,48.0,0.174,HOT,False,6.5,26.5,25.46,25.37,23.85,26.55,25.47
2026-06-23 00:00:00,242.9,41.3,51.9,8.8,30.1,44.8,17.9,48.0,0.15,NORMAL,False,6.5,24.73,23.72,22.95,21.18,22.78,21.82
2026-06-23 00:15:00,238.4,46.2,52.9,9.0,19.0,45.4,17.9,48.0,0.165,NORMAL,False,6.5,22.89,22.98,22.57,22.1,23.11,22.72
2026-06-23 00:30:00,259.4,48.2,55.0,9.3,34.1,46.7,17.9,48.0,0.198,NORMAL,False,6.5,23.09,22.56,23.16,21.76,23.76,21.97
2026-06-23 00:45:00,235.1,41.1,49.4,8.4,27.0,43.4,17.9,48.0,0.112,NORMAL,False,6.5,23.31,22.64,23.98,22.25,23.67,21.92
2026-06-23 01:00:00,234.7,41.6,49.2,8.4,26.4,43.3,17.9,48.0,0.109,NORMAL,False,6.5,22.47,23.04,22.7,21.82,23.31,22.99
2026-06-23 01:15:00,239.2,44.3,52.3,8.9,22.7,45.1,17.9,48.0,0.156,NORMAL,False,6.5,23.49,23.64,22.46,21.36,22.7,21.54
2026-06-23 01:30:00,229.4,42.5,49.7,8.5,19.2,43.6,17.9,48.0,0.117,NORMAL,False,6.5,22.71,23.8,23.08,21.01,23.31,22.74
2026-06-23 01:45:00,231.1,43.8,51.2,8.7,16.9,44.5,17.9,48.0,0.14,NORMAL,False,6.5,23.71,23.63,22.3,21.9,23.54,22.04
2026-06-23 02:00:00,242.9,44.4,54.2,9.2,23.0,46.2,17.9,48.0,0.185,NORMAL,False,6.5,24.0,22.85,22.4,22.25,24.16,22.0
2026-06-23 02:15:00,237.0,48.7,50.4,8.6,19.5,43.9,17.9,48.0,0.127,NORMAL,False,6.5,23.35,22.69,22.38,21.6,22.79,21.51
2026-06-23 02:30:00,250.1,47.8,56.1,9.5,23.4,47.3,17.9,48.0,0.214,NORMAL,False,6.5,24.24,22.81,23.93,22.23,23.24,21.27
2026-06-23 02:45:00,235.6,38.9,52.8,9.0,23.7,45.4,17.9,48.0,0.163,NORMAL,False,6.5,23.08,22.48,22.48,22.05,23.37,22.37
2026-06-23 03:00:00,229.3,47.3,49.7,8.5,14.3,43.5,17.9,48.0,0.117,NORMAL,False,6.5,23.6,22.67,22.49,22.72,23.38,22.31
2026-06-23 03:15:00,250.2,49.2,54.4,9.2,25.2,46.3,17.9,48.0,0.188,NORMAL,False,6.5,23.72,23.32,21.04,21.6,22.92,23.12
2026-06-23 03:30:00,244.2,50.6,49.5,8.4,26.3,43.4,17.9,48.0,0.114,NORMAL,False,6.5,23.88,22.9,23.54,21.77,23.79,22.3
2026-06-23 03:45:00,241.4,37.6,54.8,9.3,27.3,46.5,17.9,48.0,0.193,NORMAL,False,6.5,23.32,23.03,23.03,22.45,24.07,22.63
2026-06-23 04:00:00,249.6,48.1,49.1,8.4,35.0,43.2,17.9,48.0,0.107,NORMAL,False,6.5,23.15,22.97,21.92,21.81,24.61,22.38
2026-06-23 04:15:00,239.0,41.6,53.6,9.1,22.9,45.9,17.9,48.0,0.176,NORMAL,False,6.5,22.89,23.17,22.95,22.43,24.16,21.17
2026-06-23 04:30:00,235.2,46.4,49.9,8.5,20.9,43.7,17.9,48.0,0.12,NORMAL,False,6.5,21.29,22.67,22.64,21.38,23.04,22.56
2026-06-23 04:45:00,247.4,47.4,54.6,9.3,23.7,46.5,17.9,48.0,0.191,NORMAL,False,6.5,23.26,22.62,22.17,21.62,24.11,22.15
2026-06-23 05:00:00,249.1,47.1,55.8,9.5,23.6,47.2,17.9,48.0,0.21,NORMAL,False,6.5,23.45,22.71,23.12,22.14,23.36,21.98
2026-06-23 05:15:00,239.6,48.8,48.9,8.3,24.6,43.1,17.9,48.0,0.105,NORMAL,False,6.5,23.25,22.71,21.87,21.45,24.17,23.14
2026-06-23 05:30:00,237.8,40.7,53.1,9.0,23.5,45.5,17.9,48.0,0.168,NORMAL,False,6.5,23.25,22.5,22.25,21.4,24.25,23.09
2026-06-23 05:45:00,234.8,40.9,51.1,8.7,23.8,44.4,17.9,48.0,0.138,NORMAL,False,6.5,23.09,22.77,23.37,21.66,23.65,22.65
2026-06-23 06:00:00,205.8,47.7,54.0,9.2,16.4,46.1,17.9,14.4,0.182,NORMAL,False,6.5,23.95,22.48,21.96,21.75,24.11,22.73
2026-06-23 06:15:00,226.7,52.7,53.8,9.1,32.2,46.0,18.5,14.4,0.179,NORMAL,False,6.5,22.12,22.98,21.63,22.38,24.33,22.62
2026-06-23 06:30:00,275.8,81.6,61.6,10.4,38.2,50.6,19.1,14.4,0.297,NORMAL,False,6.5,23.59,23.68,22.61,21.42,23.55,21.63
2026-06-23 06:45:00,285.8,86.5,62.7,10.6,40.6,51.2,19.7,14.4,0.314,NORMAL,False,6.5,23.15,22.32,23.59,21.31,23.77,22.82
2026-06-23 07:00:00,299.7,94.8,63.7,10.8,43.9,51.8,20.3,14.4,0.329,NORMAL,False,6.5,22.92,23.5,23.18,21.88,23.31,23.65
2026-06-23 07:15:00,349.3,122.2,66.9,11.3,60.0,53.7,20.9,14.4,0.377,NORMAL,False,6.5,23.32,23.66,23.28,21.97,23.86,22.85
2026-06-23 07:30:00,372.4,130.1,68.7,11.6,71.4,54.8,21.4,14.4,0.405,NORMAL,False,6.5,23.58,21.81,22.97,22.53,23.92,22.77
2026-06-23 07:45:00,400.4,138.5,75.9,12.7,77.8,59.0,22.0,14.4,0.514,NORMAL,False,6.5,23.84,23.0,21.96,22.61,23.91,22.73
2026-06-23 08:00:00,420.9,152.3,75.6,12.7,84.5,58.8,22.6,14.4,0.509,NORMAL,False,8.5,23.59,23.12,23.34,21.54,23.93,22.29
2026-06-23 08:15:00,454.9,172.8,77.2,13.0,94.7,59.8,23.2,14.4,0.533,NORMAL,False,8.5,24.08,23.21,22.32,22.82,23.81,22.86
2026-06-23 08:30:00,471.3,184.8,82.5,13.8,89.0,63.0,23.8,14.4,0.614,NORMAL,False,8.5,24.05,23.37,23.07,21.45,23.79,23.37
2026-06-23 08:45:00,505.6,195.3,87.3,14.6,103.7,65.8,24.4,14.4,0.687,NORMAL,False,8.5,23.67,22.16,23.83,21.85,24.6,23.28
2026-06-23 09:00:00,532.6,203.3,98.2,15.5,107.1,69.1,25.0,14.4,0.773,NORMAL,False,8.5,24.43,23.35,24.87,22.49,24.02,22.26
2026-06-23 09:15:00,530.6,213.4,89.4,15.0,106.3,67.0,25.2,14.4,0.718,NORMAL,False,8.5,24.03,22.51,23.69,21.95,24.02,23.18
2026-06-23 09:30:00,556.4,219.6,94.5,15.6,117.5,69.4,25.4,14.4,0.78,NORMAL,False,8.5,24.37,23.31,24.17,22.48,23.42,22.23
2026-06-23 09:45:00,566.1,219.9,94.3,15.8,126.3,69.9,25.6,14.4,0.792,NORMAL,False,8.5,23.96,23.84,23.34,22.06,23.08,22.48
2026-06-23 10:00:00,581.3,239.8,93.5,15.6,122.8,69.4,25.8,14.4,0.78,NORMAL,False,8.5,23.89,24.09,22.78,22.37,24.73,22.66
2026-06-23 10:15:00,588.7,235.0,96.3,16.1,129.9,71.1,26.0,14.4,0.823,NORMAL,False,8.5,24.65,23.25,23.24,22.43,23.25,22.71
2026-06-23 10:30:00,580.4,234.1,96.0,16.0,122.8,70.9,26.2,14.4,0.818,NORMAL,False,8.5,25.16,22.17,22.87,22.3,24.49,22.69
2026-06-23 10:45:00,586.1,241.6,93.5,15.6,125.0,69.4,26.5,14.4,0.781,NORMAL,False,8.5,23.24,24.23,23.26,22.52,23.69,22.61
2026-06-23 11:00:00,609.8,250.7,97.7,16.3,132.0,71.9,26.7,14.4,0.843,NORMAL,False,8.5,24.72,23.73,22.9,23.01,23.99,22.44
2026-06-23 11:15:00,617.0,257.6,101.3,16.4,128.2,72.2,26.9,14.4,0.851,NORMAL,False,8.5,24.26,22.82,24.52,21.56,24.04,22.94
2026-06-23 11:30:00,641.8,264.2,101.5,16.9,143.5,74.2,27.1,14.4,0.902,NORMAL,False,8.5,24.03,22.68,23.03,22.64,22.97,23.67
2026-06-23 11:45:00,636.5,264.2,103.7,17.3,134.1,75.5,27.3,14.4,0.935,NORMAL,False,8.5,23.95,22.85,22.28,22.42,24.66,22.37
2026-06-23 12:00:00,617.6,261.8,100.5,16.5,124.9,72.6,26.9,14.4,0.861,NORMAL,False,8.5,24.68,22.49,22.86,23.28,24.12,22.63
2026-06-23 12:15:00,629.0,260.0,99.9,16.7,137.9,73.2,26.9,14.4,0.878,NORMAL,False,8.5,24.02,23.57,22.36,22.42,24.13,22.73
2026-06-23 12:30:00,606.4,253.0,96.2,16.1,128.8,71.0,26.9,14.4,0.821,NORMAL,False,8.5,24.4,22.75,23.51,22.81,23.33,23.14
2026-06-23 12:45:00,608.9,253.4,99.9,16.6,124.7,73.0,26.9,14.4,0.871,NORMAL,False,8.5,23.63,22.82,24.07,22.6,23.03,23.19
2026-06-23 13:00:00,619.9,258.7,93.1,15.6,142.0,69.2,26.9,14.4,0.775,NORMAL,False,8.5,24.38,22.8,22.81,22.75,24.14,22.34
2026-06-23 13:15:00,609.1,251.9,100.8,16.8,124.6,73.7,26.9,14.4,0.89,NORMAL,False,8.5,24.66,23.42,23.35,22.54,23.99,22.14
2026-06-23 13:30:00,615.2,258.7,98.6,16.5,127.8,72.4,26.9,14.4,0.857,NORMAL,False,8.5,24.07,22.93,23.94,22.01,23.41,23.15
2026-06-23 13:45:00,613.1,250.7,98.6,16.5,133.7,72.4,26.9,14.4,0.857,NORMAL,False,8.5,23.64,23.16,23.6,22.81,23.92,22.89
2026-06-23 14:00:00,639.6,265.0,102.9,17.1,138.0,74.7,27.5,14.4,0.917,NORMAL,False,8.5,24.44,22.92,24.06,21.94,23.56,22.64
2026-06-23 14:15:00,656.2,272.9,106.0,17.1,143.6,74.6,27.6,14.4,0.913,NORMAL,False,8.5,23.18,23.08,22.72,23.62,23.88,22.84
2026-06-23 14:30:00,654.1,269.0,105.7,17.4,144.2,75.8,27.7,14.4,0.943,NORMAL,False,8.5,23.35,23.94,24.25,22.6,23.72,21.23
2026-06-23 14:45:00,652.5,271.6,109.7,17.5,135.2,76.3,27.8,14.4,0.956,NORMAL,False,8.5,24.51,23.25,24.61,23.15,23.59,23.88
2026-06-23 15:00:00,641.1,268.8,102.3,17.1,136.1,74.6,27.9,14.4,0.914,NORMAL,False,8.5,23.72,23.09,24.0,22.58,23.77,22.8
2026-06-23 15:15:00,678.3,286.8,104.7,17.2,152.3,74.9,27.9,14.4,0.922,NORMAL,False,8.5,23.68,23.16,24.31,22.57,23.12,22.38
2026-06-23 15:30:00,661.0,279.4,105.2,17.5,140.0,76.4,28.0,14.4,0.958,NORMAL,False,8.5,23.37,23.44,23.84,22.66,23.5,22.61
2026-06-23 15:45:00,679.3,287.3,107.2,17.9,146.9,77.5,28.1,14.4,0.988,NORMAL,False,8.5,24.63,23.15,23.86,22.88,24.97,23.23
2026-06-23 16:00:00,671.6,282.3,104.1,17.4,149.6,75.7,28.2,14.4,0.94,NORMAL,False,8.5,24.82,23.61,23.21,22.86,24.2,21.73
2026-06-23 16:15:00,664.1,286.5,101.5,16.9,142.3,74.2,28.3,14.4,0.902,NORMAL,False,8.5,23.2,23.14,23.83,22.85,24.56,22.81
2026-06-23 16:30:00,683.2,295.5,105.0,17.5,146.2,76.2,28.4,14.4,0.955,NORMAL,False,8.5,24.5,23.66,23.78,22.92,24.42,22.82
2026-06-23 16:45:00,695.9,297.0,106.1,17.7,155.4,76.9,28.5,14.4,0.971,NORMAL,False,8.5,23.92,23.69,23.16,22.5,22.86,23.09
2026-06-23 17:00:00,674.5,285.3,106.4,17.7,145.6,77.0,28.2,14.4,0.974,NORMAL,False,11.0,24.59,23.64,23.98,23.01,23.46,22.69
2026-06-23 17:15:00,655.8,276.5,99.3,16.6,148.4,72.9,27.7,14.4,0.869,NORMAL,False,11.0,23.42,23.38,24.0,22.55,25.14,22.3
2026-06-23 17:30:00,632.7,265.7,104.9,17.1,128.9,74.6,27.3,14.4,0.913,NORMAL,False,11.0,24.42,23.81,23.62,23.43,24.42,22.35
2026-06-23 17:45:00,619.9,250.1,100.9,16.8,137.0,73.8,26.8,14.4,0.893,NORMAL,False,11.0,24.18,23.94,23.52,21.64,25.09,22.83
2026-06-23 18:00:00,595.1,243.2,99.7,16.6,121.7,73.1,26.4,14.4,0.874,NORMAL,False,11.0,23.95,23.21,23.67,21.99,23.42,23.65
2026-06-23 18:15:00,586.8,238.7,96.4,15.5,127.1,68.8,26.0,14.4,0.765,NORMAL,False,11.0,24.45,22.24,23.54,23.65,24.74,23.02
2026-06-23 18:30:00,553.4,223.2,90.8,15.2,116.4,67.9,25.5,14.4,0.74,NORMAL,False,11.0,24.35,24.12,22.76,22.68,23.9,22.77
2026-06-23 18:45:00,535.6,210.0,89.4,15.0,114.7,67.0,25.1,14.4,0.719,NORMAL,False,11.0,24.42,23.45,23.27,21.94,23.48,22.85
2026-06-23 19:00:00,520.1,205.3,87.4,14.6,107.9,65.8,24.6,14.4,0.688,NORMAL,False,11.0,24.4,22.89,22.91,22.89,23.77,22.61
2026-06-23 19:15:00,483.9,184.3,82.2,13.7,102.6,62.5,24.2,14.4,0.603,NORMAL,False,11.0,24.42,22.98,24.07,21.56,23.84,22.59
2026-06-23 19:30:00,470.5,180.3,78.2,13.1,100.3,60.4,23.8,14.4,0.549,NORMAL,False,11.0,23.51,23.72,22.89,21.71,24.06,22.54
2026-06-23 19:45:00,451.2,175.1,77.6,13.0,87.9,59.9,23.3,14.4,0.537,NORMAL,False,11.0,23.41,23.59,22.53,23.03,23.55,23.1
2026-06-23 20:00:00,431.0,162.7,76.5,12.8,82.3,59.4,22.9,14.4,0.523,NORMAL,False,11.0,23.61,23.51,22.63,21.53,24.4,22.29
2026-06-23 20:15:00,418.0,148.9,74.9,12.6,86.3,58.4,22.4,14.4,0.498,NORMAL,False,11.0,24.31,23.11,22.92,21.96,23.4,22.31
2026-06-23 20:30:00,400.9,144.7,74.3,12.5,74.8,58.1,22.0,14.4,0.49,NORMAL,False,11.0,23.42,23.64,22.29,22.78,24.29,23.77
2026-06-23 20:45:00,381.1,131.3,73.2,12.3,70.9,57.5,21.6,14.4,0.473,NORMAL,False,11.0,23.25,22.94,23.04,22.75,23.21,22.16
2026-06-23 21:00:00,237.6,60.1,53.8,9.1,35.7,46.0,18.6,14.4,0.179,NORMAL,False,6.5,23.55,23.74,23.31,21.89,23.51,23.42
2026-06-23 21:15:00,253.1,68.8,59.1,10.0,33.2,49.1,18.6,14.4,0.259,NORMAL,False,6.5,23.73,22.58,22.19,21.66,23.93,22.8
2026-06-23 21:30:00,232.5,58.3,54.6,9.3,31.0,46.4,18.6,14.4,0.19,NORMAL,False,6.5,22.66,23.65,22.73,20.98,23.57,22.06
2026-06-23 21:45:00,235.5,62.3,53.4,9.1,32.0,45.7,18.6,14.4,0.173,NORMAL,False,6.5,22.96,22.68,22.35,21.2,23.31,22.1
2026-06-23 22:00:00,267.8,59.9,57.6,9.7,25.9,48.2,18.6,48.0,0.236,NORMAL,False,6.5,24.23,23.41,23.01,22.15,23.8,22.6
2026-06-23 22:15:00,272.9,67.7,56.9,9.6,24.3,47.8,18.6,48.0,0.225,NORMAL,False,6.5,23.25,23.79,23.23,21.46,24.19,21.29
2026-06-23 22:30:00,262.7,51.8,56.2,9.5,31.2,47.4,18.6,48.0,0.215,NORMAL,False,6.5,23.47,23.63,22.59,20.69,23.4,22.45
2026-06-23 22:45:00,257.7,53.5,53.1,9.0,30.0,45.5,18.6,48.0,0.168,NORMAL,False,6.5,23.53,22.93,23.68,21.57,23.77,22.44
2026-06-23 23:00:00,262.0,58.9,56.7,9.6,22.6,47.7,18.6,48.0,0.223,NORMAL,False,6.5,23.57,22.92,22.04,22.09,23.78,22.99
2026-06-23 23:15:00,267.7,57.4,56.3,9.5,30.5,47.4,18.6,48.0,0.216,NORMAL,False,6.5,23.25,23.76,22.77,21.74,23.77,22.27
2026-06-23 23:30:00,273.4,70.0,53.4,9.1,28.7,45.7,18.6,48.0,0.172,NORMAL,False,6.5,23.09,24.02,23.23,21.86,24.33,22.14
2026-06-23 23:45:00,274.4,56.0,59.2,10.0,33.5,49.1,18.6,48.0,0.26,NORMAL,False,6.5,24.31,22.2,23.55,21.67,23.29,22.84
2026-06-24 00:00:00,223.1,41.6,45.6,7.8,21.1,41.1,17.9,48.0,0.054,LOW_OCCUPANCY,False,6.5,23.15,23.68,22.76,21.39,23.79,21.81
2026-06-24 00:15:00,235.8,46.7,49.0,8.3,22.7,43.1,17.9,48.0,0.106,LOW_OCCUPANCY,False,6.5,23.33,23.3,22.61,21.23,24.28,22.18
2026-06-24 00:30:00,240.2,56.3,48.6,8.3,18.3,42.9,17.9,48.0,0.099,LOW_OCCUPANCY,False,6.5,22.82,23.56,23.31,22.11,23.61,22.31
2026-06-24 00:45:00,251.0,55.7,49.2,8.4,28.6,43.2,17.9,48.0,0.109,LOW_OCCUPANCY,False,6.5,23.3,23.0,22.72,21.38,23.75,22.69
2026-06-24 01:00:00,232.1,48.4,48.5,8.3,18.3,42.8,17.9,48.0,0.098,LOW_OCCUPANCY,False,6.5,23.41,23.95,22.13,21.53,22.58,22.81
2026-06-24 01:15:00,242.9,48.1,50.3,8.6,26.1,43.9,17.9,48.0,0.126,LOW_OCCUPANCY,False,6.5,22.79,22.87,22.71,22.45,23.11,22.68
2026-06-24 01:30:00,233.1,42.5,48.6,8.3,24.9,42.9,17.9,48.0,0.101,LOW_OCCUPANCY,False,6.5,23.5,22.75,23.46,21.57,23.41,23.2
2026-06-24 01:45:00,229.7,45.5,46.0,7.9,23.0,41.4,17.9,48.0,0.061,LOW_OCCUPANCY,False,6.5,24.33,24.17,22.52,21.83,23.52,22.34
2026-06-24 02:00:00,235.8,47.1,44.4,7.6,30.2,40.4,17.9,48.0,0.037,LOW_OCCUPANCY,False,6.5,23.18,22.99,22.7,21.51,23.33,22.95
2026-06-24 02:15:00,224.6,41.5,48.4,8.3,17.7,42.8,17.9,48.0,0.097,LOW_OCCUPANCY,False,6.5,23.02,23.34,21.63,22.67,23.67,23.62
2026-06-24 02:30:00,221.2,39.9,48.2,8.2,16.4,42.6,17.9,48.0,0.093,LOW_OCCUPANCY,False,6.5,23.29,23.2,22.71,21.3,22.79,22.67
2026-06-24 02:45:00,234.0,55.0,46.7,8.0,16.6,41.8,17.9,48.0,0.071,LOW_OCCUPANCY,False,6.5,23.3,24.02,23.07,22.3,23.85,22.7
2026-06-24 03:00:00,241.4,48.2,46.6,8.0,30.9,41.7,17.9,48.0,0.07,LOW_OCCUPANCY,False,6.5,22.92,23.47,22.09,21.97,23.81,22.93
2026-06-24 03:15:00,239.8,47.1,47.3,8.1,29.1,42.2,17.9,48.0,0.081,LOW_OCCUPANCY,False,6.5,23.36,22.66,22.11,22.48,23.12,22.84
2026-06-24 03:30:00,220.0,44.5,44.2,7.6,17.6,40.3,17.9,48.0,0.033,LOW_OCCUPANCY,False,6.5,23.48,22.98,22.24,21.41,24.03,22.88
2026-06-24 03:45:00,217.8,40.8,45.3,7.7,17.1,41.0,17.9,48.0,0.05,LOW_OCCUPANCY,False,6.5,23.44,22.38,22.5,22.9,23.74,22.89
2026-06-24 04:00:00,239.6,41.8,51.5,8.3,28.9,43.1,17.9,48.0,0.106,LOW_OCCUPANCY,False,6.5,22.99,23.62,22.7,23.41,23.3,22.73
2026-06-24 04:15:00,241.2,52.7,48.5,8.3,22.9,42.8,17.9,48.0,0.099,LOW_OCCUPANCY,False,6.5,22.69,22.92,23.35,22.29,22.87,22.35
2026-06-24 04:30:00,236.0,48.3,48.0,8.2,23.1,42.5,17.9,48.0,0.091,LOW_OCCUPANCY,False,6.5,23.67,22.41,22.19,21.5,24.18,23.09
2026-06-24 04:45:00,249.1,50.6,49.9,8.5,30.6,43.7,17.9,48.0,0.119,LOW_OCCUPANCY,False,6.5,23.12,23.37,23.15,22.54,23.56,22.4
2026-06-24 05:00:00,227.3,40.8,46.6,7.9,24.4,41.7,17.9,48.0,0.069,LOW_OCCUPANCY,False,6.5,22.58,23.68,21.81,20.79,23.44,22.57
2026-06-24 05:15:00,244.0,46.8,48.0,8.2,32.5,42.5,17.9,48.0,0.09,LOW_OCCUPANCY,False,6.5,22.87,24.04,22.82,22.17,22.8,21.79
2026-06-24 05:30:00,213.7,39.7,45.4,7.8,13.8,41.0,17.9,48.0,0.052,LOW_OCCUPANCY,False,6.5,23.13,22.4,22.2,21.66,23.27,21.86
2026-06-24 05:45:00,229.7,44.4,48.4,8.2,20.0,42.8,17.9,48.0,0.097,LOW_OCCUPANCY,False,6.5,23.41,23.33,22.16,22.12,23.88,22.53
2026-06-24 06:00:00,199.1,41.7,47.8,8.2,26.7,42.4,17.9,14.4,0.088,LOW_OCCUPANCY,False,6.5,23.91,23.6,22.48,21.88,22.98,22.89
2026-06-24 06:15:00,232.1,60.7,55.0,9.3,27.5,46.7,18.5,14.4,0.197,LOW_OCCUPANCY,False,6.5,22.95,24.52,22.98,21.36,23.16,23.74
2026-06-24 06:30:00,243.5,72.2,50.4,8.6,35.0,43.9,19.1,14.4,0.127,LOW_OCCUPANCY,False,6.5,23.37,23.03,22.83,22.54,22.97,22.86
2026-06-24 06:45:00,285.2,94.0,54.6,9.3,46.9,46.4,19.7,14.4,0.19,LOW_OCCUPANCY,False,6.5,22.5,21.87,22.84,21.66,22.88,21.7
2026-06-24 07:00:00,303.7,101.7,54.1,9.2,57.9,46.2,20.3,14.4,0.184,LOW_OCCUPANCY,False,6.5,24.32,23.57,23.61,21.13,22.95,22.86
2026-06-24 07:15:00,308.1,112.6,52.5,8.9,53.6,45.2,20.9,14.4,0.16,LOW_OCCUPANCY,False,6.5,23.54,23.54,23.16,21.49,23.81,22.16
2026-06-24 07:30:00,334.4,128.8,55.9,9.5,57.1,47.2,21.4,14.4,0.211,LOW_OCCUPANCY,False,6.5,23.13,22.82,22.37,21.1,24.54,22.31
2026-06-24 07:45:00,372.4,140.8,61.8,10.4,72.3,50.7,22.0,14.4,0.3,LOW_OCCUPANCY,False,6.5,23.44,22.87,22.64,22.29,22.11,22.18
2026-06-24 08:00:00,413.1,158.0,65.7,11.1,88.3,53.0,22.6,14.4,0.359,LOW_OCCUPANCY,False,8.5,23.26,23.6,23.84,22.27,23.27,21.97
2026-06-24 08:15:00,426.0,167.8,63.5,10.7,94.7,51.7,23.2,14.4,0.326,LOW_OCCUPANCY,False,8.5,24.01,24.39,23.31,21.34,23.62,23.28
2026-06-24 08:30:00,434.7,177.6,63.9,10.8,92.3,52.0,23.8,14.4,0.333,LOW_OCCUPANCY,False,8.5,23.57,22.92,22.98,22.01,22.8,22.38
2026-06-24 08:45:00,466.2,195.7,64.2,10.8,104.6,52.1,24.4,14.4,0.336,LOW_OCCUPANCY,False,8.5,23.91,23.61,23.18,21.27,23.55,21.93
2026-06-24 09:00:00,493.9,207.9,69.4,11.7,110.4,55.2,25.0,14.4,0.415,LOW_OCCUPANCY,False,8.5,23.73,23.75,23.13,21.88,24.06,23.08
2026-06-24 09:15:00,502.8,213.3,67.4,11.4,117.1,54.0,25.2,14.4,0.385,LOW_OCCUPANCY,False,8.5,22.46,23.34,22.32,22.13,22.85,22.26
2026-06-24 09:30:00,515.2,229.9,67.6,11.4,112.5,54.1,25.4,14.4,0.387,LOW_OCCUPANCY,False,8.5,22.93,23.3,22.86,22.36,23.11,22.72
2026-06-24 09:45:00,517.7,219.7,69.6,11.7,121.3,55.3,25.6,14.4,0.418,LOW_OCCUPANCY,False,8.5,22.67,22.7,23.23,21.84,23.93,22.84
2026-06-24 10:00:00,530.3,232.6,67.4,11.4,124.8,54.0,25.8,14.4,0.384,LOW_OCCUPANCY,False,8.5,23.08,23.23,23.74,21.46,23.69,22.69
2026-06-24 10:15:00,526.3,229.2,69.6,11.7,120.0,55.3,26.0,14.4,0.419,LOW_OCCUPANCY,False,8.5,24.01,23.79,23.89,22.25,23.7,22.39
2026-06-24 10:30:00,548.6,242.5,71.3,12.0,126.0,56.3,26.2,14.4,0.443,LOW_OCCUPANCY,False,8.5,23.48,23.43,22.3,21.94,24.63,23.13
2026-06-24 10:45:00,569.2,253.7,70.9,11.9,135.7,56.1,26.5,14.4,0.438,LOW_OCCUPANCY,False,8.5,22.65,23.36,21.8,21.86,23.63,22.41
2026-06-24 11:00:00,563.4,247.6,74.3,12.5,129.9,58.1,26.7,14.4,0.489,LOW_OCCUPANCY,False,8.5,23.12,24.11,23.4,21.62,23.66,23.13
2026-06-24 11:15:00,560.2,249.4,73.5,12.4,126.1,57.6,26.9,14.4,0.477,LOW_OCCUPANCY,False,8.5,23.02,23.01,22.56,22.51,23.19,22.79
2026-06-24 11:30:00,575.9,262.1,71.1,12.0,133.0,56.2,27.1,14.4,0.441,LOW_OCCUPANCY,False,8.5,23.38,23.22,23.21,21.14,23.55,22.26
2026-06-24 11:45:00,575.7,261.9,73.9,12.4,127.9,57.9,27.3,14.4,0.483,LOW_OCCUPANCY,False,8.5,23.21,24.01,22.44,21.88,23.7,22.52
2026-06-24 12:00:00,562.3,251.1,72.5,12.0,129.0,56.4,26.9,14.4,0.447,LOW_OCCUPANCY,False,8.5,23.06,23.97,24.17,22.01,22.93,23.0
2026-06-24 12:15:00,557.5,255.5,71.6,12.0,120.6,56.5,26.9,14.4,0.449,LOW_OCCUPANCY,False,8.5,23.29,22.96,22.38,21.69,24.14,22.62
2026-06-24 12:30:00,581.2,258.2,74.7,12.6,136.1,58.3,26.9,14.4,0.496,LOW_OCCUPANCY,False,8.5,23.25,23.71,23.17,21.81,22.81,23.74
2026-06-24 12:45:00,570.7,255.4,76.5,12.8,125.4,59.4,26.9,14.4,0.522,LOW_OCCUPANCY,False,8.5,23.74,23.83,22.89,22.5,23.34,22.4
2026-06-24 13:00:00,579.9,260.8,73.5,12.4,134.4,57.6,26.9,14.4,0.477,LOW_OCCUPANCY,False,8.5,23.42,22.15,22.84,21.9,24.07,22.79
2026-06-24 13:15:00,565.3,256.8,71.8,12.1,126.7,56.6,26.9,14.4,0.451,LOW_OCCUPANCY,False,8.5,23.51,22.96,23.29,22.07,23.32,22.64
2026-06-24 13:30:00,574.3,258.7,73.5,12.4,130.8,57.6,26.9,14.4,0.477,LOW_OCCUPANCY,False,8.5,22.78,23.7,23.34,22.89,23.08,23.21
2026-06-24 13:45:00,571.8,255.6,72.1,12.1,133.9,56.8,26.9,14.4,0.456,LOW_OCCUPANCY,False,8.5,23.0,22.46,22.67,21.42,24.43,21.89
2026-06-24 14:00:00,600.6,278.4,75.4,12.7,133.5,58.7,27.5,14.4,0.506,LOW_OCCUPANCY,False,8.5,23.83,23.62,22.88,22.15,23.5,23.3
2026-06-24 14:15:00,603.7,277.9,70.9,11.9,144.9,56.1,27.6,14.4,0.438,LOW_OCCUPANCY,False,8.5,23.81,23.67,24.0,22.39,24.33,23.46
2026-06-24 14:30:00,604.4,277.2,72.6,12.2,143.1,57.1,27.7,14.4,0.464,LOW_OCCUPANCY,False,8.5,23.55,23.29,23.01,22.04,24.42,22.26
2026-06-24 14:45:00,605.5,277.7,73.7,12.4,141.7,57.7,27.8,14.4,0.48,LOW_OCCUPANCY,False,8.5,23.04,22.29,23.32,22.04,23.23,21.71
2026-06-24 15:00:00,613.0,282.2,74.2,12.5,143.8,58.0,27.9,14.4,0.488,LOW_OCCUPANCY,False,8.5,23.1,23.03,23.32,21.92,23.05,22.62
2026-06-24 15:15:00,616.7,280.3,76.0,12.8,146.1,59.1,27.9,14.4,0.515,LOW_OCCUPANCY,False,8.5,23.46,22.71,22.66,21.29,24.25,22.89
2026-06-24 15:30:00,633.4,287.5,79.1,12.9,151.9,59.6,28.0,14.4,0.527,LOW_OCCUPANCY,False,8.5,23.27,23.0,22.9,23.39,24.17,22.74
2026-06-24 15:45:00,613.9,288.2,73.6,12.4,139.5,57.7,28.1,14.4,0.479,LOW_OCCUPANCY,False,8.5,23.46,23.14,23.38,21.96,23.59,22.41
2026-06-24 16:00:00,628.9,291.4,75.8,12.7,147.4,58.9,28.2,14.4,0.512,LOW_OCCUPANCY,False,8.5,22.69,22.64,23.27,22.28,23.5,23.22
2026-06-24 16:15:00,628.9,284.8,77.6,13.0,150.9,59.9,28.3,14.4,0.536,LOW_OCCUPANCY,False,8.5,23.42,23.47,22.55,23.04,24.23,22.06
2026-06-24 16:30:00,636.2,284.6,76.4,12.8,160.3,59.3,28.4,14.4,0.522,LOW_OCCUPANCY,False,8.5,23.9,22.98,23.89,22.13,24.87,22.96
2026-06-24 16:45:00,649.9,293.6,79.5,13.3,159.4,61.2,28.5,14.4,0.568,LOW_OCCUPANCY,False,8.5,23.87,23.49,22.59,21.28,23.65,23.36
2026-06-24 17:00:00,619.9,275.4,79.1,13.3,148.7,60.9,28.2,14.4,0.562,LOW_OCCUPANCY,False,11.0,23.68,23.76,23.94,22.13,23.56,22.74
2026-06-24 17:15:00,612.1,272.2,76.7,12.9,148.7,59.5,27.7,14.4,0.525,LOW_OCCUPANCY,False,11.0,23.7,23.33,23.11,21.13,24.49,22.47
2026-06-24 17:30:00,586.8,260.4,75.9,12.8,137.0,59.0,27.3,14.4,0.514,LOW_OCCUPANCY,False,11.0,23.75,23.54,22.54,22.08,24.3,22.32
2026-06-24 17:45:00,565.4,245.3,72.9,12.3,136.4,57.3,26.8,14.4,0.469,LOW_OCCUPANCY,False,11.0,23.89,22.45,21.79,22.52,23.1,22.34
2026-06-24 18:00:00,551.8,242.7,72.2,12.1,127.2,56.8,26.4,14.4,0.457,LOW_OCCUPANCY,False,11.0,23.7,23.29,22.02,21.56,23.41,22.26
2026-06-24 18:15:00,539.1,233.5,72.2,12.1,124.0,56.9,26.0,14.4,0.458,LOW_OCCUPANCY,False,11.0,22.81,23.13,23.41,21.59,23.54,22.87
2026-06-24 18:30:00,516.0,228.2,69.2,11.6,112.0,55.1,25.5,14.4,0.412,LOW_OCCUPANCY,False,11.0,23.34,22.54,23.12,22.04,23.13,22.91
2026-06-24 18:45:00,488.1,211.3,66.3,11.2,106.5,53.4,25.1,14.4,0.368,LOW_OCCUPANCY,False,11.0,23.06,22.27,23.94,21.72,23.18,22.05
2026-06-24 19:00:00,482.7,203.0,69.3,11.7,104.4,55.2,24.6,14.4,0.414,LOW_OCCUPANCY,False,11.0,22.87,22.36,23.27,21.94,23.51,22.9
2026-06-24 19:15:00,453.3,191.5,62.5,10.5,99.1,51.1,24.2,14.4,0.31,LOW_OCCUPANCY,False,11.0,22.54,22.74,22.33,22.01,22.69,22.37
2026-06-24 19:30:00,441.4,181.8,64.8,10.9,93.3,52.5,23.8,14.4,0.345,LOW_OCCUPANCY,False,11.0,23.25,22.77,23.54,21.75,24.31,22.44
2026-06-24 19:45:00,419.7,166.8,63.2,10.7,89.7,51.5,23.3,14.4,0.321,LOW_OCCUPANCY,False,11.0,23.18,23.14,23.65,22.41,24.12,21.93
2026-06-24 20:00:00,409.6,159.2,63.0,10.6,88.1,51.4,22.9,14.4,0.319,LOW_OCCUPANCY,False,11.0,23.12,22.75,23.58,22.23,24.12,22.37
2026-06-24 20:15:00,381.2,148.1,59.7,10.1,76.9,49.5,22.4,14.4,0.269,LOW_OCCUPANCY,False,11.0,23.02,22.62,22.57,22.26,22.83,22.9
2026-06-24 20:30:00,363.5,140.1,58.7,9.9,69.4,48.9,22.0,14.4,0.253,LOW_OCCUPANCY,False,11.0,23.19,22.93,22.58,21.52,24.24,22.59
2026-06-24 20:45:00,350.3,128.0,57.0,9.6,71.9,47.8,21.6,14.4,0.227,LOW_OCCUPANCY,False,11.0,22.95,23.45,22.4,20.65,23.6,22.43
2026-06-24 21:00:00,205.0,57.5,44.0,7.5,22.9,40.2,18.6,14.4,0.03,LOW_OCCUPANCY,False,6.5,23.82,23.54,22.22,21.31,23.76,22.77
2026-06-24 21:15:00,228.6,58.6,53.4,9.1,28.7,45.8,18.6,14.4,0.173,LOW_OCCUPANCY,False,6.5,23.69,23.13,22.8,22.02,23.92,21.51
2026-06-24 21:30:00,229.4,66.5,48.9,8.3,29.6,43.1,18.6,14.4,0.105,LOW_OCCUPANCY,False,6.5,23.51,22.14,21.95,21.29,23.61,22.95
2026-06-24 21:45:00,228.9,61.4,50.9,8.7,30.7,44.3,18.6,14.4,0.135,LOW_OCCUPANCY,False,6.5,23.52,23.31,22.65,21.46,23.01,21.97
2026-06-24 22:00:00,257.6,60.8,48.4,8.3,30.7,42.8,18.6,48.0,0.098,LOW_OCCUPANCY,False,6.5,23.45,22.93,22.16,21.48,23.94,22.02
2026-06-24 22:15:00,259.4,57.7,47.8,8.1,36.8,42.4,18.6,48.0,0.087,LOW_OCCUPANCY,False,6.5,22.96,22.24,22.66,20.92,24.06,22.48
2026-06-24 22:30:00,252.6,60.3,47.2,8.1,28.4,42.1,18.6,48.0,0.079,LOW_OCCUPANCY,False,6.5,22.72,22.11,23.25,22.53,22.69,22.12
2026-06-24 22:45:00,249.4,53.1,49.2,8.4,29.0,43.3,18.6,48.0,0.109,LOW_OCCUPANCY,False,6.5,23.07,23.24,22.15,21.73,22.97,22.33
2026-06-24 23:00:00,256.6,58.7,48.1,8.2,32.4,42.6,18.6,48.0,0.093,LOW_OCCUPANCY,False,6.5,23.58,23.0,22.67,21.6,22.46,21.53
2026-06-24 23:15:00,258.9,59.8,48.8,8.3,32.4,43.0,18.6,48.0,0.103,LOW_OCCUPANCY,False,6.5,22.69,22.91,22.46,22.01,23.89,22.25
2026-06-24 23:30:00,263.8,60.6,50.1,8.5,34.2,43.8,18.6,48.0,0.123,LOW_OCCUPANCY,False,6.5,23.97,23.02,23.23,21.07,23.22,21.47
2026-06-24 23:45:00,251.4,62.4,44.2,7.6,30.4,40.3,18.6,48.0,0.033,LOW_OCCUPANCY,False,6.5,23.13,23.31,22.81,20.94,23.9,22.51
2026-06-25 00:00:00,250.9,47.7,52.7,8.9,30.4,45.3,17.9,48.0,0.161,NORMAL,False,6.5,23.75,22.95,22.84,22.32,23.48,21.99
2026-06-25 00:15:00,251.1,40.7,54.5,9.2,34.5,46.4,17.9,48.0,0.189,NORMAL,False,6.5,23.58,21.88,22.41,21.43,23.58,23.4
2026-06-25 00:30:00,230.3,40.9,51.1,8.7,19.3,44.4,17.9,48.0,0.139,NORMAL,False,6.5,22.78,23.46,23.13,21.99,23.16,22.79
2026-06-25 00:45:00,242.5,42.3,51.7,8.8,29.0,44.7,17.9,48.0,0.147,NORMAL,False,6.5,22.77,23.57,22.39,21.57,23.1,23.06
2026-06-25 01:00:00,235.7,45.2,54.0,9.2,15.3,46.1,17.9,48.0,0.182,NORMAL,False,6.5,23.0,23.07,22.48,21.99,23.46,22.35
2026-06-25 01:15:00,247.7,43.4,51.7,8.8,33.1,44.8,17.9,48.0,0.148,NORMAL,False,6.5,23.5,23.11,23.15,21.49,23.31,21.99
2026-06-25 01:30:00,232.6,41.2,52.4,8.9,19.0,45.2,17.9,48.0,0.158,NORMAL,False,6.5,22.9,22.54,21.89,21.27,23.93,22.33
2026-06-25 01:45:00,234.2,38.0,53.2,9.0,22.5,45.6,17.9,48.0,0.169,NORMAL,False,6.5,23.16,22.74,22.55,22.81,24.16,23.29
2026-06-25 02:00:00,241.1,47.9,50.6,8.6,24.0,44.1,17.9,48.0,0.131,NORMAL,False,6.5,23.43,23.57,22.82,21.22,23.21,22.85
2026-06-25 02:15:00,235.9,44.7,52.2,8.9,19.3,45.0,17.9,48.0,0.154,NORMAL,False,6.5,23.21,23.18,23.04,22.0,23.56,22.52
2026-06-25 02:30:00,238.0,48.4,50.3,8.6,20.9,43.9,17.9,48.0,0.126,NORMAL,False,6.5,23.42,22.68,23.06,21.63,23.95,22.86
2026-06-25 02:45:00,241.9,47.4,52.7,9.0,21.6,45.3,17.9,48.0,0.162,NORMAL,False,6.5,23.56,22.27,23.55,22.83,24.02,22.95
2026-06-25 03:00:00,237.9,44.1,51.7,8.8,22.7,44.7,17.9,48.0,0.147,NORMAL,False,6.5,23.66,22.56,22.15,21.48,23.87,22.11
2026-06-25 03:15:00,229.5,42.5,49.9,8.5,19.0,43.7,17.9,48.0,0.12,NORMAL,False,6.5,21.92,22.52,22.77,21.89,23.78,22.84
2026-06-25 03:30:00,249.5,53.1,52.6,8.9,23.5,45.3,17.9,48.0,0.161,NORMAL,False,6.5,23.09,23.5,22.88,22.34,23.32,23.08
2026-06-25 03:45:00,247.1,46.6,52.9,9.0,27.3,45.4,17.9,48.0,0.165,NORMAL,False,6.5,22.73,23.5,23.26,21.45,23.84,22.69
2026-06-25 04:00:00,250.0,47.3,52.9,9.0,29.4,45.5,17.9,48.0,0.166,NORMAL,False,6.5,23.13,23.47,23.25,21.42,23.55,21.67
2026-06-25 04:15:00,238.2,41.4,51.4,8.7,26.2,44.5,17.9,48.0,0.142,NORMAL,False,6.5,23.24,22.93,22.48,21.79,23.15,22.43
2026-06-25 04:30:00,241.8,42.2,52.4,8.9,27.3,45.1,17.9,48.0,0.157,NORMAL,False,6.5,22.97,23.07,22.58,22.26,23.33,22.86
2026-06-25 04:45:00,233.5,42.6,54.0,9.2,15.8,46.1,17.9,48.0,0.181,NORMAL,False,6.5,23.76,23.79,22.86,22.34,24.37,21.99
2026-06-25 05:00:00,236.5,38.2,54.0,9.2,23.0,46.1,17.9,48.0,0.182,NORMAL,False,6.5,22.46,22.16,22.17,20.85,23.69,22.01
2026-06-25 05:15:00,246.8,53.6,51.9,8.8,21.7,44.9,17.9,48.0,0.151,NORMAL,False,6.5,22.25,22.69,22.64,21.5,23.38,23.13
2026-06-25 05:30:00,240.8,43.0,49.3,8.4,31.0,43.3,17.9,48.0,0.11,NORMAL,False,6.5,23.02,23.13,22.61,21.94,24.64,21.68
2026-06-25 05:45:00,246.1,42.2,50.9,8.7,34.2,44.2,17.9,48.0,0.134,NORMAL,False,6.5,23.56,23.36,23.28,22.62,23.71,21.67
2026-06-25 06:00:00,188.0,41.7,49.1,8.4,13.3,43.2,17.9,14.4,0.108,NORMAL,False,6.5,23.38,21.78,21.95,22.07,23.55,22.34
2026-06-25 06:15:00,231.9,58.9,56.3,9.5,26.8,47.4,18.5,14.4,0.217,NORMAL,False,6.5,23.12,22.3,22.78,22.05,23.46,22.62
2026-06-25 06:30:00,254.7,69.7,58.1,9.8,35.1,48.5,19.1,14.4,0.243,NORMAL,False,6.5,23.66,23.59,23.19,21.45,23.89,22.81
2026-06-25 06:45:00,287.1,87.8,62.3,10.5,41.4,51.0,19.7,14.4,0.308,NORMAL,False,6.5,24.06,22.19,23.69,22.45,23.69,22.47
2026-06-25 07:00:00,308.0,96.7,64.0,10.7,50.1,51.8,20.3,14.4,0.328,NORMAL,False,6.5,22.66,22.23,24.06,21.93,23.7,22.58
2026-06-25 07:15:00,338.7,113.1,67.2,11.3,57.9,53.9,20.9,14.4,0.382,NORMAL,False,6.5,23.36,22.74,23.2,22.05,23.81,22.97
2026-06-25 07:30:00,364.9,126.9,73.0,12.3,59.6,57.3,21.4,14.4,0.469,NORMAL,False,6.5,23.09,22.2,23.34,21.75,23.1,23.08
2026-06-25 07:45:00,406.8,141.2,76.9,12.9,79.7,59.6,22.0,14.4,0.529,NORMAL,False,6.5,22.83,23.12,22.19,22.27,23.34,23.07
2026-06-25 08:00:00,428.4,161.2,75.2,12.6,83.6,58.6,22.6,14.4,0.504,NORMAL,False,8.5,22.8,23.27,22.98,21.19,23.12,22.28
2026-06-25 08:15:00,447.2,168.6,78.4,13.2,88.9,60.5,23.2,14.4,0.552,NORMAL,False,8.5,23.9,22.15,22.88,22.36,23.75,22.4
2026-06-25 08:30:00,463.5,179.8,82.7,13.8,86.3,62.7,23.8,14.4,0.608,NORMAL,False,8.5,24.16,23.34,23.49,23.09,24.1,23.55
2026-06-25 08:45:00,501.0,195.6,84.9,14.2,103.2,64.3,24.4,14.4,0.65,NORMAL,False,8.5,23.67,23.92,22.71,22.24,23.9,22.75
2026-06-25 09:00:00,544.6,215.4,91.2,15.1,115.9,67.6,25.0,14.4,0.732,NORMAL,False,8.5,24.65,23.24,22.97,23.15,23.18,23.62
2026-06-25 09:15:00,532.5,214.3,90.7,15.2,105.0,67.8,25.2,14.4,0.737,NORMAL,False,8.5,22.83,22.7,23.54,22.05,23.56,23.03
2026-06-25 09:30:00,545.6,225.3,92.2,15.4,104.3,68.6,25.4,14.4,0.76,NORMAL,False,8.5,24.17,23.1,23.77,22.46,24.39,22.8
2026-06-25 09:45:00,556.7,227.4,92.4,15.4,112.6,68.8,25.6,14.4,0.764,NORMAL,False,8.5,23.72,22.8,24.0,22.86,22.73,23.09
2026-06-25 10:00:00,562.8,231.0,90.9,15.2,117.6,67.9,25.8,14.4,0.742,NORMAL,False,8.5,23.09,23.05,23.3,22.79,23.86,22.19
2026-06-25 10:15:00,562.1,229.5,91.8,15.4,116.5,68.5,26.0,14.4,0.755,NORMAL,False,8.5,23.11,23.54,23.63,22.68,23.36,22.81
2026-06-25 10:30:00,587.4,240.6,94.9,15.9,125.2,70.2,26.2,14.4,0.801,NORMAL,False,8.5,24.09,22.43,22.93,22.28,24.22,22.33
2026-06-25 10:45:00,590.8,249.4,96.5,15.9,117.5,70.6,26.5,14.4,0.809,NORMAL,False,8.5,24.11,22.57,23.14,23.19,24.5,23.16
2026-06-25 11:00:00,595.5,249.9,95.1,15.9,123.2,70.4,26.7,14.4,0.805,NORMAL,False,8.5,23.81,24.45,23.31,22.84,23.93,22.92
2026-06-25 11:15:00,605.1,259.5,92.8,15.5,127.2,69.0,26.9,14.4,0.769,NORMAL,False,8.5,24.56,22.92,22.49,22.64,23.94,23.11
2026-06-25 11:30:00,629.5,262.8,97.5,16.3,139.6,71.8,27.1,14.4,0.84,NORMAL,False,8.5,23.85,23.66,22.46,22.57,24.22,23.2
2026-06-25 11:45:00,620.1,261.3,95.6,15.8,135.4,70.2,27.3,14.4,0.801,NORMAL,False,8.5,24.77,23.41,24.13,21.87,22.86,23.63
2026-06-25 12:00:00,616.3,247.7,99.1,16.6,138.8,72.8,26.9,14.4,0.866,NORMAL,False,8.5,24.43,23.8,23.65,22.01,24.11,23.12
2026-06-25 12:15:00,609.2,254.7,93.2,15.6,135.3,69.2,26.9,14.4,0.775,NORMAL,False,8.5,24.45,22.92,23.78,22.69,23.71,22.96
2026-06-25 12:30:00,618.8,258.5,102.4,17.1,124.8,74.7,26.9,14.4,0.916,NORMAL,False,8.5,23.43,21.68,23.39,22.36,23.59,22.31
2026-06-25 12:45:00,621.2,256.9,99.1,16.5,134.8,72.7,26.9,14.4,0.864,NORMAL,False,8.5,24.36,23.42,23.78,23.01,23.79,22.59
2026-06-25 13:00:00,617.8,252.1,99.9,16.7,134.7,73.2,26.9,14.4,0.877,NORMAL,False,8.5,23.2,23.17,23.02,22.83,24.13,22.63
2026-06-25 13:15:00,609.0,253.1,98.0,16.3,128.4,72.0,26.9,14.4,0.846,NORMAL,False,8.5,24.73,24.14,24.02,22.63,24.67,22.87
2026-06-25 13:30:00,613.3,254.9,96.7,16.2,133.0,71.3,26.9,14.4,0.829,NORMAL,False,8.5,23.99,23.48,22.79,22.27,23.86,23.07
2026-06-25 13:45:00,619.1,261.0,95.6,16.0,134.5,70.7,26.9,14.4,0.813,NORMAL,False,8.5,23.52,23.21,23.73,22.59,23.32,22.63
2026-06-25 14:00:00,639.2,268.5,101.1,16.9,136.9,73.9,27.5,14.4,0.895,NORMAL,False,8.5,23.56,22.91,23.58,22.71,24.05,22.96
2026-06-25 14:15:00,660.7,277.9,105.9,17.7,140.5,76.8,27.6,14.4,0.968,NORMAL,False,8.5,23.88,22.64,22.84,22.49,24.26,22.5
2026-06-25 14:30:00,650.7,276.4,104.5,17.4,134.5,75.9,27.7,14.4,0.947,NORMAL,False,8.5,23.76,22.91,23.68,22.88,23.69,22.93
2026-06-25 14:45:00,652.6,271.7,102.0,17.0,145.1,74.5,27.8,14.4,0.91,NORMAL,False,8.5,23.83,23.04,23.8,22.34,22.77,22.65
2026-06-25 15:00:00,657.7,277.4,104.8,17.5,139.8,76.1,27.9,14.4,0.951,NORMAL,False,8.5,23.05,22.9,23.82,21.94,24.18,23.31
2026-06-25 15:15:00,659.7,279.5,101.6,16.5,147.1,72.7,27.9,14.4,0.864,NORMAL,False,8.5,24.44,24.26,24.43,22.44,23.21,23.18
2026-06-25 15:30:00,662.4,280.6,105.7,17.5,140.2,76.0,28.0,14.4,0.949,NORMAL,False,8.5,24.19,23.8,24.17,22.38,23.32,21.54
2026-06-25 15:45:00,673.8,287.0,105.7,17.6,144.7,76.4,28.1,14.4,0.959,NORMAL,False,8.5,23.98,23.17,24.06,22.85,23.73,23.63
2026-06-25 16:00:00,690.7,292.2,104.7,17.4,158.1,75.7,28.2,14.4,0.942,NORMAL,False,8.5,24.52,23.38,23.07,23.08,24.41,23.37
2026-06-25 16:15:00,674.5,280.4,108.0,18.0,147.4,78.0,28.3,14.4,1.0,NORMAL,False,8.5,24.37,23.2,22.79,22.71,24.06,22.82
2026-06-25 16:30:00,688.2,290.7,108.5,17.8,150.9,77.5,28.4,14.4,0.986,NORMAL,False,8.5,23.67,23.38,23.9,23.24,24.65,22.61
2026-06-25 16:45:00,679.5,282.9,107.5,17.9,150.6,77.7,28.5,14.4,0.993,NORMAL,False,8.5,24.46,24.01,22.53,22.9,24.04,22.68
2026-06-25 17:00:00,672.7,284.1,103.3,17.2,150.3,75.2,28.2,14.4,0.929,NORMAL,False,11.0,24.95,23.47,23.22,21.59,24.07,23.13
2026-06-25 17:15:00,638.8,269.6,101.7,17.0,134.1,74.3,27.7,14.4,0.905,NORMAL,False,11.0,24.62,23.77,22.77,21.89,24.79,23.24
2026-06-25 17:30:00,626.1,262.5,100.6,16.8,130.9,73.6,27.3,14.4,0.887,NORMAL,False,11.0,23.49,23.11,23.54,22.52,24.33,23.68
2026-06-25 17:45:00,613.6,254.1,98.7,16.5,130.7,72.5,26.8,14.4,0.859,NORMAL,False,11.0,24.85,23.06,23.96,22.11,23.77,22.18
2026-06-25 18:00:00,601.7,243.1,96.8,16.2,133.4,71.4,26.4,14.4,0.831,NORMAL,False,11.0,24.89,23.05,22.5,22.4,23.9,22.85
2026-06-25 18:15:00,572.3,233.3,93.6,15.6,119.9,69.5,26.0,14.4,0.782,NORMAL,False,11.0,23.89,22.85,22.57,22.6,23.86,22.2
2026-06-25 18:30:00,555.2,226.8,89.9,15.0,116.3,67.3,25.5,14.4,0.725,NORMAL,False,11.0,23.47,23.42,23.26,22.07,23.29,22.65
2026-06-25 18:45:00,530.1,213.5,88.3,14.8,107.5,66.4,25.1,14.4,0.702,NORMAL,False,11.0,24.0,23.89,23.59,22.47,24.03,22.63
2026-06-25 19:00:00,496.7,199.7,83.5,14.0,96.9,63.5,24.6,14.4,0.628,NORMAL,False,11.0,23.93,23.36,23.11,22.77,23.33,21.8
2026-06-25 19:15:00,487.5,196.1,85.0,14.2,89.2,64.4,24.2,14.4,0.651,NORMAL,False,11.0,23.4,23.69,23.76,21.82,23.29,22.96
2026-06-25 19:30:00,476.1,179.8,87.0,13.8,94.3,63.0,23.8,14.4,0.615,NORMAL,False,11.0,22.64,22.91,23.78,23.74,23.56,22.06
2026-06-25 19:45:00,443.4,169.9,78.4,13.2,83.6,60.5,23.3,14.4,0.552,NORMAL,False,11.0,23.2,22.95,23.36,22.08,23.22,22.33
2026-06-25 20:00:00,424.4,159.8,76.1,12.8,79.4,59.1,22.9,14.4,0.516,NORMAL,False,11.0,23.94,23.04,22.24,22.63,23.86,21.96
2026-06-25 20:15:00,412.5,147.9,76.5,12.9,78.9,59.4,22.4,14.4,0.523,NORMAL,False,11.0,23.44,23.12,23.03,21.39,24.36,22.99
2026-06-25 20:30:00,396.3,131.8,78.2,12.6,78.9,58.4,22.0,14.4,0.498,NORMAL,False,11.0,23.63,23.93,24.56,22.03,23.36,22.15
2026-06-25 20:45:00,363.0,127.7,70.0,11.8,62.1,55.5,21.6,14.4,0.424,NORMAL,False,11.0,23.95,23.67,22.47,21.54,24.5,22.59
2026-06-25 21:00:00,244.7,71.1,54.9,9.3,29.8,46.6,18.6,14.4,0.196,NORMAL,False,6.5,23.99,23.4,22.83,22.53,24.26,22.73
2026-06-25 21:15:00,237.2,61.9,57.4,9.7,27.1,48.1,18.6,14.4,0.233,NORMAL,False,6.5,23.08,23.52,22.66,22.01,24.76,23.05
2026-06-25 21:30:00,239.4,60.6,55.6,9.4,33.8,47.0,18.6,14.4,0.206,NORMAL,False,6.5,22.74,23.51,23.18,21.66,24.39,23.32
2026-06-25 21:45:00,237.3,64.1,54.0,9.2,31.0,46.1,18.6,14.4,0.182,NORMAL,False,6.5,23.08,22.52,22.48,21.67,22.72,22.84
2026-06-25 22:00:00,259.4,63.3,49.9,8.5,27.5,43.6,18.6,48.0,0.119,NORMAL,False,6.5,23.02,22.34,22.34,22.37,22.32,22.13
2026-06-25 22:15:00,265.4,67.6,53.7,9.1,22.6,45.9,18.6,48.0,0.177,NORMAL,False,6.5,24.23,23.24,23.18,21.96,23.63,23.19
2026-06-25 22:30:00,268.3,65.5,55.1,9.3,25.0,46.8,18.6,48.0,0.199,NORMAL,False,6.5,23.22,22.85,23.23,21.87,24.52,23.11
2026-06-25 22:45:00,268.2,59.4,53.6,9.1,33.6,45.9,18.6,48.0,0.176,NORMAL,False,6.5,22.85,23.71,22.23,21.24,22.99,23.93
2026-06-25 23:00:00,273.6,66.1,52.9,9.0,33.5,45.5,18.6,48.0,0.166,NORMAL,False,6.5,23.68,22.16,22.21,21.33,23.66,22.15
2026-06-25 23:15:00,260.1,57.1,53.8,9.1,27.4,46.0,18.6,48.0,0.179,NORMAL,False,6.5,23.71,22.86,22.42,22.16,22.33,22.92
2026-06-25 23:30:00,286.5,66.1,59.1,10.0,35.7,49.1,18.6,48.0,0.259,NORMAL,False,6.5,23.04,23.56,22.95,22.0,23.45,22.43
2026-06-25 23:45:00,276.7,63.0,54.2,9.2,37.5,46.2,18.6,48.0,0.185,NORMAL,False,6.5,22.7,22.76,23.21,22.31,23.83,21.75
2026-06-26 00:00:00,280.8,72.5,52.2,8.9,36.2,45.1,17.9,48.0,0.155,HIGH_PRODUCTION,False,6.5,24.18,22.39,23.03,21.18,24.08,22.85
2026-06-26 00:15:00,269.5,65.4,51.1,8.7,34.0,44.4,17.9,48.0,0.138,HIGH_PRODUCTION,False,6.5,22.92,22.92,22.41,22.34,24.18,21.79
2026-06-26 00:30:00,265.9,62.2,50.4,8.6,34.9,43.9,17.9,48.0,0.127,HIGH_PRODUCTION,False,6.5,23.37,23.77,23.1,22.33,23.18,22.56
2026-06-26 00:45:00,277.5,71.3,52.6,8.9,33.6,45.2,17.9,48.0,0.16,HIGH_PRODUCTION,False,6.5,23.67,23.7,23.04,21.26,22.87,22.81
2026-06-26 01:00:00,263.8,67.3,48.9,8.3,30.3,43.1,17.9,48.0,0.104,HIGH_PRODUCTION,False,6.5,24.17,23.28,22.71,21.04,23.54,22.87
2026-06-26 01:15:00,266.2,63.3,51.8,8.8,31.6,44.8,17.9,48.0,0.148,HIGH_PRODUCTION,False,6.5,22.87,23.88,23.13,21.42,22.96,22.68
2026-06-26 01:30:00,262.4,59.1,49.7,8.5,35.7,43.5,17.9,48.0,0.116,HIGH_PRODUCTION,False,6.5,22.63,23.12,22.51,22.89,23.83,21.96
2026-06-26 01:45:00,265.6,61.0,51.1,8.7,34.5,44.4,17.9,48.0,0.138,HIGH_PRODUCTION,False,6.5,23.83,23.18,21.67,21.16,23.2,22.76
2026-06-26 02:00:00,268.9,64.5,49.3,8.4,37.6,43.3,17.9,48.0,0.11,HIGH_PRODUCTION,False,6.5,23.13,23.22,23.36,21.75,23.12,23.28
2026-06-26 02:15:00,265.6,66.7,50.7,8.6,29.6,44.1,17.9,48.0,0.132,HIGH_PRODUCTION,False,6.5,23.2,22.64,22.82,22.06,23.29,22.26
2026-06-26 02:30:00,257.5,60.8,48.9,8.3,30.5,43.1,17.9,48.0,0.104,HIGH_PRODUCTION,False,6.5,23.3,22.98,22.56,21.89,23.86,22.45
2026-06-26 02:45:00,274.4,68.8,53.1,9.0,32.1,45.5,17.9,48.0,0.168,HIGH_PRODUCTION,False,6.5,23.27,22.78,22.31,22.01,23.44,22.93
2026-06-26 03:00:00,275.0,65.7,53.8,9.1,34.5,46.0,17.9,48.0,0.178,HIGH_PRODUCTION,False,6.5,23.28,23.19,21.62,21.23,23.1,22.39
2026-06-26 03:15:00,269.2,65.6,52.5,8.9,31.1,45.2,17.9,48.0,0.159,HIGH_PRODUCTION,False,6.5,22.85,23.39,23.59,21.51,23.22,22.2
2026-06-26 03:30:00,255.2,63.5,48.5,8.3,26.3,42.8,17.9,48.0,0.098,HIGH_PRODUCTION,False,6.5,22.39,23.54,23.26,22.42,23.64,22.03
2026-06-26 03:45:00,261.6,64.1,48.9,8.3,31.3,43.1,17.9,48.0,0.104,HIGH_PRODUCTION,False,6.5,23.25,23.3,23.6,21.58,22.85,22.47
2026-06-26 04:00:00,268.3,63.5,52.6,8.9,32.2,45.3,17.9,48.0,0.16,HIGH_PRODUCTION,False,6.5,22.59,23.11,23.02,22.4,23.7,23.07
2026-06-26 04:15:00,281.0,65.7,54.6,9.3,39.1,46.4,17.9,48.0,0.19,HIGH_PRODUCTION,False,6.5,22.54,22.86,23.29,21.62,23.41,22.42
2026-06-26 04:30:00,260.8,66.1,53.7,9.1,20.0,45.9,17.9,48.0,0.178,HIGH_PRODUCTION,False,6.5,23.22,23.6,22.88,22.14,23.04,23.42
2026-06-26 04:45:00,272.5,63.0,55.2,9.4,32.3,46.8,17.9,48.0,0.2,HIGH_PRODUCTION,False,6.5,23.24,22.86,22.44,21.96,23.12,22.27
2026-06-26 05:00:00,280.5,72.5,50.9,8.7,38.4,44.2,17.9,48.0,0.135,HIGH_PRODUCTION,False,6.5,23.59,23.18,22.86,21.97,23.49,22.03
2026-06-26 05:15:00,261.9,63.6,55.1,9.3,21.2,46.7,17.9,48.0,0.198,HIGH_PRODUCTION,False,6.5,23.76,22.83,21.56,21.12,23.88,22.51
2026-06-26 05:30:00,271.9,68.7,51.9,8.8,31.7,44.8,17.9,48.0,0.15,HIGH_PRODUCTION,False,6.5,22.64,22.68,23.1,21.16,23.08,22.64
2026-06-26 05:45:00,271.8,59.6,54.8,9.3,35.6,46.6,17.9,48.0,0.194,HIGH_PRODUCTION,False,6.5,22.59,22.33,21.96,20.91,23.73,22.07
2026-06-26 06:00:00,234.1,65.9,53.5,9.1,27.5,45.8,17.9,14.4,0.175,HIGH_PRODUCTION,False,6.5,23.74,23.49,22.25,21.85,23.8,22.31
2026-06-26 06:15:00,260.8,79.4,53.7,9.1,39.8,45.9,18.5,14.4,0.177,HIGH_PRODUCTION,False,6.5,23.4,23.81,23.29,22.04,23.59,22.52
2026-06-26 06:30:00,302.5,104.9,56.4,9.5,50.7,47.5,19.1,14.4,0.218,HIGH_PRODUCTION,False,6.5,23.55,23.54,23.13,22.35,23.6,22.07
2026-06-26 06:45:00,348.3,126.3,62.3,10.5,64.2,51.0,19.7,14.4,0.307,HIGH_PRODUCTION,False,6.5,23.19,23.04,23.22,21.5,24.07,21.92
2026-06-26 07:00:00,389.4,148.7,65.6,11.1,76.4,53.0,20.3,14.4,0.358,HIGH_PRODUCTION,False,6.5,22.74,22.34,23.3,21.73,23.56,22.28
2026-06-26 07:15:00,423.7,169.2,67.5,11.4,86.4,54.1,20.9,14.4,0.386,HIGH_PRODUCTION,False,6.5,22.88,23.37,22.47,21.63,22.93,22.54
2026-06-26 07:30:00,448.0,177.9,69.2,11.6,98.4,55.1,21.4,14.4,0.412,HIGH_PRODUCTION,False,6.5,23.55,23.18,23.03,22.08,23.1,22.68
2026-06-26 07:45:00,487.0,207.3,70.9,11.9,104.4,56.1,22.0,14.4,0.438,HIGH_PRODUCTION,False,6.5,24.11,21.91,23.86,21.21,23.03,22.78
2026-06-26 08:00:00,533.9,224.3,77.9,13.1,121.5,60.2,22.6,14.4,0.543,HIGH_PRODUCTION,False,8.5,23.25,22.96,23.0,21.88,22.7,22.65
2026-06-26 08:15:00,565.3,252.0,76.6,12.9,126.9,59.4,23.2,14.4,0.524,HIGH_PRODUCTION,False,8.5,23.31,23.76,23.28,22.4,23.88,22.89
2026-06-26 08:30:00,593.8,266.5,80.1,13.4,134.0,61.5,23.8,14.4,0.578,HIGH_PRODUCTION,False,8.5,24.01,22.89,23.14,22.38,23.26,22.42
2026-06-26 08:45:00,645.9,284.4,88.7,14.6,153.8,65.7,24.4,14.4,0.683,HIGH_PRODUCTION,False,8.5,23.33,22.71,24.27,21.55,23.69,23.63
2026-06-26 09:00:00,684.0,314.4,89.5,15.0,158.7,67.1,25.0,14.4,0.72,HIGH_PRODUCTION,False,8.5,23.86,23.15,22.3,22.2,23.83,22.83
2026-06-26 09:15:00,688.2,311.1,90.5,15.1,164.2,67.7,25.2,14.4,0.736,HIGH_PRODUCTION,False,8.5,24.47,23.49,23.34,22.34,23.55,22.94
2026-06-26 09:30:00,693.7,319.5,90.0,14.8,163.3,66.4,25.4,14.4,0.703,HIGH_PRODUCTION,False,8.5,23.92,23.99,23.23,23.27,23.79,22.68
2026-06-26 09:45:00,704.2,326.1,87.6,14.7,169.9,65.9,25.6,14.4,0.691,HIGH_PRODUCTION,False,8.5,24.27,24.3,23.57,22.6,23.62,23.29
2026-06-26 10:00:00,716.2,335.8,89.5,15.0,168.6,67.1,25.8,14.4,0.72,HIGH_PRODUCTION,False,8.5,23.6,23.4,23.82,22.83,22.93,21.98
2026-06-26 10:15:00,742.6,341.4,95.5,15.9,178.7,70.6,26.0,14.4,0.81,HIGH_PRODUCTION,False,8.5,23.16,23.19,23.46,22.71,23.23,21.76
2026-06-26 10:30:00,753.9,347.7,97.8,16.2,180.2,71.4,26.2,14.4,0.83,HIGH_PRODUCTION,False,8.5,23.82,23.64,23.74,23.16,23.72,21.88
2026-06-26 10:45:00,766.1,351.0,96.9,16.2,189.7,71.5,26.5,14.4,0.832,HIGH_PRODUCTION,False,8.5,23.23,23.09,23.93,22.45,23.6,23.7
2026-06-26 11:00:00,776.1,361.1,99.0,16.5,185.7,72.7,26.7,14.4,0.864,HIGH_PRODUCTION,False,8.5,23.92,23.24,23.52,22.63,23.46,22.55
2026-06-26 11:15:00,790.0,374.9,97.5,16.3,188.3,71.8,26.9,14.4,0.841,HIGH_PRODUCTION,False,8.5,22.89,23.3,23.25,21.58,23.58,22.56
2026-06-26 11:30:00,808.5,375.4,103.1,16.8,198.2,73.6,27.1,14.4,0.887,HIGH_PRODUCTION,False,8.5,24.76,22.95,23.54,23.43,23.88,22.95
2026-06-26 11:45:00,808.8,384.4,100.2,16.7,192.3,73.4,27.3,14.4,0.882,HIGH_PRODUCTION,False,8.5,23.14,23.09,22.97,22.61,23.31,23.0
2026-06-26 12:00:00,783.7,370.1,97.1,16.2,187.3,71.6,26.9,14.4,0.835,HIGH_PRODUCTION,False,8.5,24.31,23.82,23.05,21.95,24.73,22.75
2026-06-26 12:15:00,786.4,365.3,98.9,16.4,192.1,72.4,26.9,14.4,0.856,HIGH_PRODUCTION,False,8.5,24.89,23.38,24.06,22.54,23.24,22.42
2026-06-26 12:30:00,795.2,373.4,100.5,16.8,189.6,73.6,26.9,14.4,0.887,HIGH_PRODUCTION,False,8.5,24.14,23.11,23.17,22.74,23.15,22.2
2026-06-26 12:45:00,788.7,371.0,97.5,16.3,190.9,71.8,26.9,14.4,0.841,HIGH_PRODUCTION,False,8.5,23.92,23.62,23.59,22.14,23.4,22.65
2026-06-26 13:00:00,779.4,361.5,98.3,16.3,190.0,72.0,26.9,14.4,0.846,HIGH_PRODUCTION,False,8.5,24.04,23.24,23.13,23.07,23.51,22.82
2026-06-26 13:15:00,792.7,369.0,96.5,16.0,199.1,70.9,26.9,14.4,0.817,HIGH_PRODUCTION,False,8.5,23.49,24.46,23.61,23.09,24.17,23.24
2026-06-26 13:30:00,792.6,376.7,99.8,16.7,185.0,73.1,26.9,14.4,0.875,HIGH_PRODUCTION,False,8.5,24.07,23.39,23.48,22.58,23.74,22.95
2026-06-26 13:45:00,794.9,376.7,100.4,16.8,186.3,73.5,26.9,14.4,0.884,HIGH_PRODUCTION,False,8.5,23.88,23.9,23.39,22.77,23.69,21.9
2026-06-26 14:00:00,823.1,385.6,101.6,16.9,202.9,74.2,27.5,14.4,0.903,HIGH_PRODUCTION,False,8.5,23.56,22.6,23.48,22.29,23.19,22.75
2026-06-26 14:15:00,828.8,390.3,101.6,17.0,203.7,74.2,27.6,14.4,0.903,HIGH_PRODUCTION,False,8.5,22.84,23.01,23.82,22.05,24.03,22.99
2026-06-26 14:30:00,844.3,396.7,105.1,17.3,207.5,75.6,27.7,14.4,0.938,HIGH_PRODUCTION,False,8.5,23.69,23.18,24.2,22.2,24.01,22.24
2026-06-26 14:45:00,837.0,398.9,98.0,16.4,209.5,72.1,27.8,14.4,0.848,HIGH_PRODUCTION,False,8.5,23.75,23.47,23.63,22.26,23.2,23.07
2026-06-26 15:00:00,863.8,402.4,105.2,17.3,221.0,75.6,27.9,14.4,0.938,HIGH_PRODUCTION,False,8.5,23.9,23.82,23.33,23.22,24.44,23.31
2026-06-26 15:15:00,864.2,410.6,105.5,17.3,212.8,75.6,27.9,14.4,0.938,HIGH_PRODUCTION,False,8.5,24.25,23.27,23.06,23.27,23.5,23.24
2026-06-26 15:30:00,862.1,407.7,102.7,17.1,217.3,74.9,28.0,14.4,0.919,HIGH_PRODUCTION,False,8.5,23.93,21.94,23.54,23.0,23.66,22.48
2026-06-26 15:45:00,871.1,420.3,104.4,17.4,210.7,75.9,28.1,14.4,0.945,HIGH_PRODUCTION,False,8.5,25.06,23.0,23.74,22.42,24.82,22.87
2026-06-26 16:00:00,868.9,408.6,107.9,18.0,213.8,78.0,28.2,14.4,0.999,HIGH_PRODUCTION,False,8.5,24.26,23.72,23.09,22.87,23.27,22.93
2026-06-26 16:15:00,887.6,426.0,107.5,17.9,215.7,77.7,28.3,14.4,0.993,HIGH_PRODUCTION,False,8.5,24.47,22.68,22.74,22.94,24.59,22.32
2026-06-26 16:30:00,875.2,420.5,103.9,17.0,216.5,74.4,28.4,14.4,0.908,HIGH_PRODUCTION,False,8.5,23.31,23.66,23.65,23.33,23.17,22.83
2026-06-26 16:45:00,882.4,416.2,105.5,17.6,223.8,76.5,28.5,14.4,0.962,HIGH_PRODUCTION,False,8.5,23.97,23.38,23.81,22.78,24.39,22.19
2026-06-26 17:00:00,866.8,413.2,102.8,17.2,216.0,74.9,28.2,14.4,0.922,HIGH_PRODUCTION,False,11.0,23.92,22.97,23.29,21.88,23.49,23.1
2026-06-26 17:15:00,839.3,403.1,101.4,16.9,201.5,74.1,27.7,14.4,0.901,HIGH_PRODUCTION,False,11.0,24.53,23.02,22.53,22.74,24.15,22.49
2026-06-26 17:30:00,825.6,391.9,101.5,16.9,199.5,74.2,27.3,14.4,0.901,HIGH_PRODUCTION,False,11.0,24.95,23.29,23.47,22.53,24.58,22.97
2026-06-26 17:45:00,792.0,376.2,96.6,16.1,190.6,71.3,26.8,14.4,0.827,HIGH_PRODUCTION,False,11.0,23.7,23.28,22.47,22.26,23.52,22.87
2026-06-26 18:00:00,758.4,352.6,93.1,15.4,188.1,68.4,26.4,14.4,0.755,HIGH_PRODUCTION,False,11.0,23.45,23.36,23.45,23.22,24.21,23.19
2026-06-26 18:15:00,726.9,344.7,91.6,15.3,166.6,68.3,26.0,14.4,0.751,HIGH_PRODUCTION,False,11.0,24.39,23.08,22.68,22.7,24.42,22.52
2026-06-26 18:30:00,698.6,324.6,88.7,14.8,163.8,66.6,25.5,14.4,0.708,HIGH_PRODUCTION,False,11.0,23.78,23.03,23.02,22.42,23.45,22.53
2026-06-26 18:45:00,674.7,306.0,89.8,14.8,158.0,66.5,25.1,14.4,0.706,HIGH_PRODUCTION,False,11.0,23.52,22.61,23.73,23.2,24.24,22.88
2026-06-26 19:00:00,649.0,287.8,88.6,14.8,152.1,66.6,24.6,14.4,0.707,HIGH_PRODUCTION,False,11.0,22.71,23.03,23.72,21.78,23.92,22.9
2026-06-26 19:15:00,617.4,278.5,83.1,13.9,140.0,63.3,24.2,14.4,0.622,HIGH_PRODUCTION,False,11.0,23.95,23.52,23.45,22.28,23.83,22.1
2026-06-26 19:30:00,586.8,257.3,84.8,14.1,128.6,63.9,23.8,14.4,0.637,HIGH_PRODUCTION,False,11.0,24.11,23.53,24.12,22.1,23.42,22.51
2026-06-26 19:45:00,573.3,245.6,81.0,13.6,133.4,62.0,23.3,14.4,0.591,HIGH_PRODUCTION,False,11.0,23.01,22.64,23.16,22.0,24.12,22.71
2026-06-26 20:00:00,544.4,232.9,78.9,13.2,121.2,60.8,22.9,14.4,0.559,HIGH_PRODUCTION,False,11.0,22.97,23.29,22.81,21.8,24.6,22.73
2026-06-26 20:15:00,509.3,217.9,76.9,12.9,105.1,59.6,22.4,14.4,0.529,HIGH_PRODUCTION,False,11.0,23.28,22.89,23.46,21.38,24.15,21.86
2026-06-26 20:30:00,483.3,206.8,70.8,11.9,101.4,56.0,22.0,14.4,0.437,HIGH_PRODUCTION,False,11.0,24.17,23.65,23.6,21.3,23.11,22.8
2026-06-26 20:45:00,461.1,185.1,69.5,11.7,103.5,55.3,21.6,14.4,0.417,HIGH_PRODUCTION,False,11.0,22.93,23.95,22.76,22.02,23.67,23.18
2026-06-26 21:00:00,264.0,82.8,52.7,8.9,41.3,45.3,18.6,14.4,0.162,HIGH_PRODUCTION,False,6.5,23.78,22.19,22.64,22.51,23.9,22.76
2026-06-26 21:15:00,273.2,86.3,57.9,9.8,37.9,48.4,18.6,14.4,0.24,HIGH_PRODUCTION,False,6.5,23.52,23.52,22.83,21.65,23.96,22.7
2026-06-26 21:30:00,283.7,89.7,57.1,9.7,46.4,47.9,18.6,14.4,0.229,HIGH_PRODUCTION,False,6.5,23.49,22.77,23.36,21.9,23.7,23.01
2026-06-26 21:45:00,277.4,85.8,54.8,9.3,48.0,46.6,18.6,14.4,0.194,HIGH_PRODUCTION,False,6.5,24.23,22.69,23.11,21.69,23.79,23.18
2026-06-26 22:00:00,308.5,86.9,55.7,9.4,42.8,47.1,18.6,48.0,0.208,HIGH_PRODUCTION,False,6.5,22.93,23.69,23.11,21.53,24.11,22.15
2026-06-26 22:15:00,311.1,81.4,56.7,9.6,49.2,47.7,18.6,48.0,0.223,HIGH_PRODUCTION,False,6.5,23.03,23.45,23.06,21.58,24.48,22.19
2026-06-26 22:30:00,299.6,81.7,50.9,8.7,47.5,44.3,18.6,48.0,0.136,HIGH_PRODUCTION,False,6.5,23.91,23.09,21.95,21.19,22.72,22.73
2026-06-26 22:45:00,307.1,84.5,54.6,9.3,45.8,46.4,18.6,48.0,0.191,HIGH_PRODUCTION,False,6.5,22.99,23.31,23.04,22.3,23.24,22.54
2026-06-26 23:00:00,305.8,84.7,53.7,9.1,45.9,45.9,18.6,48.0,0.177,HIGH_PRODUCTION,False,6.5,23.0,22.84,22.86,21.71,23.81,22.5
2026-06-26 23:15:00,303.5,87.3,53.4,9.1,41.5,45.7,18.6,48.0,0.172,HIGH_PRODUCTION,False,6.5,23.49,22.91,22.81,21.82,24.35,22.74
2026-06-26 23:30:00,312.1,86.7,56.8,9.6,44.7,47.7,18.6,48.0,0.224,HIGH_PRODUCTION,False,6.5,23.13,22.3,22.67,21.86,23.16,22.51
2026-06-26 23:45:00,307.3,82.8,57.6,9.8,42.3,48.2,18.6,48.0,0.237,HIGH_PRODUCTION,False,6.5,22.63,24.09,22.77,22.07,23.64,21.71
2026-06-27 00:00:00,239.5,38.6,53.9,9.1,25.9,46.0,17.9,48.0,0.18,EQUIPMENT_FAILURE,False,6.5,22.52,22.63,22.8,21.95,23.78,22.06
2026-06-27 00:15:00,249.3,48.7,54.7,9.3,24.2,46.5,17.9,48.0,0.193,EQUIPMENT_FAILURE,False,6.5,23.06,22.49,22.52,21.93,23.44,23.26
2026-06-27 00:30:00,236.2,48.2,48.0,8.2,23.3,42.6,17.9,48.0,0.091,EQUIPMENT_FAILURE,False,6.5,22.76,22.75,22.24,21.71,23.63,21.69
2026-06-27 00:45:00,242.2,50.8,52.6,8.9,18.7,45.3,17.9,48.0,0.161,EQUIPMENT_FAILURE,False,6.5,23.57,22.66,23.32,21.62,24.3,22.1
2026-06-27 01:00:00,249.9,33.8,56.9,9.6,35.8,47.8,17.9,48.0,0.226,EQUIPMENT_FAILURE,False,6.5,22.8,23.6,22.59,22.13,23.55,22.02
2026-06-27 01:15:00,245.3,49.8,52.0,8.8,23.7,44.9,17.9,48.0,0.152,EQUIPMENT_FAILURE,False,6.5,21.71,23.2,23.03,21.33,23.19,22.54
2026-06-27 01:30:00,251.7,47.5,54.8,9.3,27.6,46.6,17.9,48.0,0.194,EQUIPMENT_FAILURE,False,6.5,23.8,22.94,21.95,21.62,23.82,22.59
2026-06-27 01:45:00,241.9,40.3,53.0,9.0,28.3,45.5,17.9,48.0,0.166,EQUIPMENT_FAILURE,False,6.5,23.06,23.31,23.82,20.95,23.79,23.47
2026-06-27 02:00:00,240.9,44.6,54.1,9.2,20.9,46.2,17.9,48.0,0.184,EQUIPMENT_FAILURE,False,6.5,22.48,23.41,22.59,21.69,23.39,23.21
2026-06-27 02:15:00,236.8,46.0,51.0,8.7,20.9,44.3,17.9,48.0,0.137,EQUIPMENT_FAILURE,False,6.5,22.99,22.5,22.43,21.72,23.74,23.14
2026-06-27 02:30:00,231.5,44.3,49.9,8.5,19.2,43.7,17.9,48.0,0.12,EQUIPMENT_FAILURE,False,6.5,23.29,22.98,22.6,21.77,23.8,22.67
2026-06-27 02:45:00,239.6,47.0,50.7,8.6,23.3,44.1,17.9,48.0,0.132,EQUIPMENT_FAILURE,False,6.5,23.58,22.83,21.98,22.24,23.07,22.56
2026-06-27 03:00:00,230.7,40.7,47.0,8.0,27.2,42.0,17.9,48.0,0.076,EQUIPMENT_FAILURE,False,6.5,23.29,23.69,22.98,20.53,24.59,21.86
2026-06-27 03:15:00,247.8,45.9,52.8,9.0,28.8,45.4,17.9,48.0,0.164,EQUIPMENT_FAILURE,False,6.5,23.24,22.76,23.36,21.68,22.77,23.17
2026-06-27 03:30:00,229.6,33.2,53.0,9.0,22.9,45.5,17.9,48.0,0.167,EQUIPMENT_FAILURE,False,6.5,24.4,22.9,22.71,22.06,23.4,22.95
2026-06-27 03:45:00,248.5,47.0,51.7,8.8,30.4,44.7,17.9,48.0,0.147,EQUIPMENT_FAILURE,False,6.5,23.11,22.61,23.13,21.42,23.64,22.53
2026-06-27 04:00:00,236.9,45.4,52.3,8.9,19.3,45.1,17.9,48.0,0.156,EQUIPMENT_FAILURE,False,6.5,23.61,23.12,22.43,21.62,23.4,22.83
2026-06-27 04:15:00,240.9,45.8,51.5,8.7,24.3,44.6,17.9,48.0,0.143,EQUIPMENT_FAILURE,False,6.5,22.41,22.95,22.67,22.58,24.22,22.03
2026-06-27 04:30:00,248.2,48.3,51.4,8.7,29.2,44.6,17.9,48.0,0.143,EQUIPMENT_FAILURE,False,6.5,23.09,22.87,23.61,21.46,23.71,21.28
2026-06-27 04:45:00,246.9,42.3,49.8,8.5,36.7,43.6,17.9,48.0,0.118,EQUIPMENT_FAILURE,False,6.5,22.89,23.26,22.65,21.88,23.39,23.47
2026-06-27 05:00:00,244.8,46.4,54.4,9.2,22.6,46.3,17.9,48.0,0.187,EQUIPMENT_FAILURE,False,6.5,23.64,22.54,23.18,22.03,22.5,21.85
2026-06-27 05:15:00,227.3,43.0,50.9,8.7,14.6,44.2,17.9,48.0,0.135,EQUIPMENT_FAILURE,False,6.5,23.7,22.6,22.43,21.34,23.8,21.68
2026-06-27 05:30:00,223.3,44.5,51.3,8.7,8.4,44.5,17.9,48.0,0.141,EQUIPMENT_FAILURE,False,6.5,23.53,23.41,22.3,21.94,23.45,23.22
2026-06-27 05:45:00,241.3,46.5,53.7,9.1,20.3,45.9,17.9,48.0,0.177,EQUIPMENT_FAILURE,False,6.5,22.98,22.92,22.88,21.0,23.59,22.82
2026-06-27 06:00:00,211.1,46.2,53.9,9.1,23.6,46.0,17.9,14.4,0.18,EQUIPMENT_FAILURE,False,6.5,22.72,22.74,22.65,21.86,23.39,23.17
2026-06-27 06:15:00,223.0,57.1,55.4,9.4,21.2,46.9,18.5,14.4,0.204,EQUIPMENT_FAILURE,False,6.5,23.61,23.18,21.84,22.29,23.62,22.9
2026-06-27 06:30:00,250.6,77.9,53.4,9.1,30.9,45.8,19.1,14.4,0.173,EQUIPMENT_FAILURE,False,6.5,22.74,23.31,23.36,21.86,23.03,22.16
2026-06-27 06:45:00,285.6,83.6,65.1,11.0,39.1,52.7,19.7,14.4,0.351,EQUIPMENT_FAILURE,False,6.5,24.36,24.17,23.11,21.75,23.78,23.06
2026-06-27 07:00:00,314.9,100.8,63.4,10.7,53.6,51.7,20.3,14.4,0.325,EQUIPMENT_FAILURE,False,6.5,23.0,23.72,22.58,21.94,24.09,23.24
2026-06-27 07:15:00,336.4,114.1,65.0,11.0,58.5,52.6,20.9,14.4,0.349,EQUIPMENT_FAILURE,False,6.5,23.93,23.74,21.98,22.8,23.25,22.9
2026-06-27 07:30:00,366.2,125.4,69.6,11.7,68.3,55.3,21.4,14.4,0.419,EQUIPMENT_FAILURE,False,6.5,23.01,23.39,22.86,21.35,23.11,21.98
2026-06-27 07:45:00,402.3,147.9,71.7,12.1,77.8,56.5,22.0,14.4,0.449,EQUIPMENT_FAILURE,False,6.5,24.03,23.08,22.89,22.05,24.33,21.95
2026-06-27 08:00:00,423.2,154.8,76.1,12.8,83.5,59.1,22.6,14.4,0.516,EQUIPMENT_FAILURE,False,8.5,24.21,22.99,23.26,21.85,24.14,22.3
2026-06-27 08:15:00,447.8,168.7,81.2,13.6,84.5,62.2,23.2,14.4,0.594,EQUIPMENT_FAILURE,False,8.5,23.3,23.55,22.72,21.14,23.3,23.1
2026-06-27 08:30:00,466.5,177.0,82.3,13.8,92.5,62.8,23.8,14.4,0.61,EQUIPMENT_FAILURE,False,8.5,23.74,23.49,22.43,22.18,23.75,22.0
2026-06-27 08:45:00,494.6,187.4,85.2,14.3,104.5,64.5,24.4,14.4,0.654,EQUIPMENT_FAILURE,False,8.5,23.79,22.92,22.99,22.09,23.85,23.32
2026-06-27 09:00:00,526.0,209.0,88.0,14.7,108.7,66.2,25.0,14.4,0.697,EQUIPMENT_FAILURE,False,8.5,24.1,23.8,22.96,22.81,23.08,22.77
2026-06-27 09:15:00,536.7,220.4,87.3,14.6,108.9,65.8,25.2,14.4,0.687,EQUIPMENT_FAILURE,False,8.5,24.04,24.0,22.84,22.42,24.13,22.56
2026-06-27 09:30:00,555.0,221.8,90.2,15.1,120.7,67.5,25.4,14.4,0.73,EQUIPMENT_FAILURE,False,8.5,23.38,23.28,23.38,22.69,23.4,22.38
2026-06-27 09:45:00,558.1,220.7,92.7,15.5,120.3,69.0,25.6,14.4,0.769,EQUIPMENT_FAILURE,False,8.5,24.85,23.51,23.68,22.76,24.47,23.35
2026-06-27 10:00:00,566.9,232.9,93.1,15.6,115.9,69.2,25.8,14.4,0.775,EQUIPMENT_FAILURE,False,8.5,23.83,22.35,22.66,22.25,23.0,22.56
2026-06-27 10:15:00,578.9,237.0,93.9,15.7,122.2,69.6,26.0,14.4,0.786,EQUIPMENT_FAILURE,False,8.5,23.41,23.39,23.7,21.73,23.36,22.1
2026-06-27 10:30:00,594.9,239.2,94.7,15.8,134.3,70.1,26.2,14.4,0.799,EQUIPMENT_FAILURE,False,8.5,23.89,23.4,23.63,22.21,23.42,22.71
2026-06-27 10:45:00,606.7,255.0,96.2,15.9,128.4,70.4,26.5,14.4,0.805,EQUIPMENT_FAILURE,False,8.5,24.11,23.47,24.17,22.06,24.41,22.67
2026-06-27 11:00:00,595.1,249.2,94.6,15.8,124.4,70.1,26.7,14.4,0.796,EQUIPMENT_FAILURE,False,8.5,23.86,23.91,23.5,22.43,24.1,22.57
2026-06-27 11:15:00,618.9,257.1,101.5,16.9,127.9,74.2,26.9,14.4,0.902,EQUIPMENT_FAILURE,False,8.5,23.47,23.36,23.82,22.58,23.14,22.27
2026-06-27 11:30:00,608.5,255.4,95.1,15.9,130.2,70.4,27.1,14.4,0.805,EQUIPMENT_FAILURE,False,8.5,24.16,22.81,23.78,22.36,23.62,22.77
2026-06-27 11:45:00,633.4,263.2,99.8,16.7,138.9,73.1,27.3,14.4,0.876,EQUIPMENT_FAILURE,False,8.5,23.48,23.62,23.4,21.83,23.48,22.81
2026-06-27 12:00:00,610.3,251.3,99.2,16.6,129.1,72.8,26.9,14.4,0.867,EQUIPMENT_FAILURE,False,8.5,25.24,23.84,22.72,22.36,23.63,23.05
2026-06-27 12:15:00,604.7,249.2,95.6,16.0,131.9,70.7,26.9,14.4,0.813,EQUIPMENT_FAILURE,False,8.5,23.67,22.96,23.32,21.88,24.23,22.98
2026-06-27 12:30:00,615.6,254.6,95.0,15.9,138.6,70.3,26.9,14.4,0.803,EQUIPMENT_FAILURE,False,8.5,24.63,24.05,23.44,22.04,23.41,22.51
2026-06-27 12:45:00,623.2,256.2,100.0,16.7,135.8,73.3,26.9,14.4,0.879,EQUIPMENT_FAILURE,False,8.5,24.54,23.35,22.98,22.17,23.79,22.16
2026-06-27 13:00:00,612.9,256.4,100.4,16.6,125.4,72.8,26.9,14.4,0.866,EQUIPMENT_FAILURE,False,8.5,24.29,22.33,24.21,21.76,23.68,23.07
2026-06-27 13:15:00,607.7,251.5,95.9,16.0,132.2,70.9,26.9,14.4,0.817,EQUIPMENT_FAILURE,False,8.5,24.12,23.5,22.93,22.68,22.99,23.06
2026-06-27 13:30:00,610.0,254.8,97.9,16.4,127.6,72.0,26.9,14.4,0.847,EQUIPMENT_FAILURE,False,8.5,24.6,23.38,23.22,22.7,24.83,23.12
2026-06-27 13:45:00,631.4,263.7,98.2,16.2,140.6,71.4,26.9,14.4,0.832,EQUIPMENT_FAILURE,False,8.5,24.34,22.81,23.5,23.22,23.82,22.21
2026-06-27 14:00:00,641.4,264.4,102.4,17.1,141.0,74.7,27.5,14.4,0.915,EQUIPMENT_FAILURE,False,8.5,24.74,23.14,23.96,22.39,23.1,24.07
2026-06-27 14:15:00,641.8,271.7,102.4,17.1,133.9,74.7,27.6,14.4,0.915,EQUIPMENT_FAILURE,False,8.5,24.36,23.23,23.56,22.67,24.01,22.77
2026-06-27 14:30:00,654.3,276.5,106.3,17.7,134.8,77.0,27.7,14.4,0.974,EQUIPMENT_FAILURE,False,8.5,24.44,23.4,23.36,22.17,24.22,22.71
2026-06-27 14:45:00,659.5,277.9,106.0,17.6,139.1,76.7,27.8,14.4,0.966,EQUIPMENT_FAILURE,False,8.5,24.61,23.25,23.89,23.03,23.12,23.63
2026-06-27 15:00:00,654.7,277.2,101.0,16.9,143.5,73.9,27.9,14.4,0.894,EQUIPMENT_FAILURE,False,8.5,24.57,23.37,23.81,22.59,23.27,23.02
2026-06-27 15:15:00,665.3,278.2,114.4,18.0,134.4,78.0,27.9,14.4,1.0,EQUIPMENT_FAILURE,False,8.5,24.63,23.76,25.06,22.89,23.86,22.46
2026-06-27 15:30:00,674.6,286.8,105.6,17.6,145.6,76.6,28.0,14.4,0.964,EQUIPMENT_FAILURE,False,8.5,23.52,23.74,23.63,22.72,23.77,23.48
2026-06-27 15:45:00,667.5,285.6,102.7,17.1,144.7,74.9,28.1,14.4,0.92,EQUIPMENT_FAILURE,False,8.5,24.57,22.79,22.83,22.85,24.39,22.57
2026-06-27 16:00:00,682.8,287.5,106.3,17.7,151.7,77.0,28.2,14.4,0.975,EQUIPMENT_FAILURE,False,8.5,24.72,23.16,23.16,21.94,24.26,22.22
2026-06-27 16:15:00,683.1,294.4,104.4,17.4,148.3,75.9,28.3,14.4,0.945,EQUIPMENT_FAILURE,False,8.5,24.05,23.78,23.23,22.18,23.67,23.42
2026-06-27 16:30:00,677.3,286.2,104.4,17.4,150.7,75.9,28.4,14.4,0.945,EQUIPMENT_FAILURE,False,8.5,24.67,22.45,23.76,22.61,24.43,23.48
2026-06-27 16:45:00,686.4,293.2,105.1,17.5,151.5,76.3,28.5,14.4,0.956,EQUIPMENT_FAILURE,False,8.5,24.0,23.6,23.48,22.74,24.27,23.54
2026-06-27 17:00:00,680.8,288.6,102.5,17.1,155.3,74.8,28.2,14.4,0.917,EQUIPMENT_FAILURE,False,11.0,24.89,23.52,23.67,22.64,23.96,23.16
2026-06-27 17:15:00,651.1,271.6,102.9,17.2,142.3,75.0,27.7,14.4,0.923,EQUIPMENT_FAILURE,False,11.0,24.98,23.81,23.58,21.77,23.82,23.56
2026-06-27 17:30:00,645.5,271.7,100.5,16.8,141.2,73.6,27.3,14.4,0.886,EQUIPMENT_FAILURE,False,11.0,24.53,23.07,23.13,22.85,23.39,21.85
2026-06-27 17:45:00,613.4,249.8,101.6,17.0,129.6,74.2,26.8,14.4,0.903,EQUIPMENT_FAILURE,False,11.0,24.52,23.61,23.77,22.49,24.03,22.49
2026-06-27 18:00:00,595.9,245.6,98.2,16.4,122.8,72.2,26.4,14.4,0.851,EQUIPMENT_FAILURE,False,11.0,23.41,22.65,23.82,22.31,24.0,23.25
2026-06-27 18:15:00,583.6,236.4,95.9,16.0,124.1,70.8,26.0,14.4,0.817,EQUIPMENT_FAILURE,False,11.0,24.35,23.26,23.47,22.67,23.59,21.93
2026-06-27 18:30:00,544.8,227.6,86.5,14.5,110.9,65.3,25.5,14.4,0.675,EQUIPMENT_FAILURE,False,11.0,24.06,24.08,22.75,22.27,23.61,23.53
2026-06-27 18:45:00,524.9,210.9,89.5,15.0,103.0,67.1,25.1,14.4,0.72,EQUIPMENT_FAILURE,False,11.0,25.01,22.9,23.36,22.62,23.41,23.6
2026-06-27 19:00:00,515.6,203.9,85.5,14.3,108.1,64.7,24.6,14.4,0.659,EQUIPMENT_FAILURE,False,11.0,24.12,22.8,23.44,22.57,23.09,22.42
2026-06-27 19:15:00,491.2,190.5,83.2,13.9,101.6,63.4,24.2,14.4,0.624,EQUIPMENT_FAILURE,False,11.0,23.83,23.05,23.61,22.51,23.5,22.93
2026-06-27 19:30:00,480.4,184.5,82.9,13.9,97.7,63.2,23.8,14.4,0.62,EQUIPMENT_FAILURE,False,11.0,24.93,23.02,23.17,21.92,23.17,22.46
2026-06-27 19:45:00,451.0,178.9,80.3,13.5,79.0,61.6,23.3,14.4,0.581,EQUIPMENT_FAILURE,False,11.0,23.55,22.93,22.74,21.92,23.03,23.35
2026-06-27 20:00:00,423.4,158.3,78.0,13.1,76.4,60.3,22.9,14.4,0.546,EQUIPMENT_FAILURE,False,11.0,23.79,23.27,22.86,22.67,23.87,23.18
2026-06-27 20:15:00,416.8,152.0,76.1,12.8,80.0,59.1,22.4,14.4,0.516,EQUIPMENT_FAILURE,False,11.0,23.14,23.68,22.06,21.89,23.35,22.49
2026-06-27 20:30:00,395.7,139.3,75.0,12.5,74.5,58.0,22.0,14.4,0.488,EQUIPMENT_FAILURE,False,11.0,23.96,23.06,24.14,22.78,23.49,22.58
2026-06-27 20:45:00,364.8,131.4,68.7,11.6,62.3,54.8,21.6,14.4,0.405,EQUIPMENT_FAILURE,False,11.0,23.09,22.04,22.79,22.52,23.55,22.57
2026-06-27 21:00:00,243.7,58.6,55.3,9.4,40.7,46.8,18.6,14.4,0.201,EQUIPMENT_FAILURE,False,6.5,23.69,23.21,23.23,22.37,23.89,22.2
2026-06-27 21:15:00,241.2,58.9,55.8,9.5,37.0,47.2,18.6,14.4,0.209,EQUIPMENT_FAILURE,False,6.5,23.34,22.63,22.71,22.11,23.57,22.3
2026-06-27 21:30:00,244.3,63.9,56.5,9.6,33.7,47.6,18.6,14.4,0.22,EQUIPMENT_FAILURE,False,6.5,23.53,23.29,22.17,21.9,24.1,22.44
2026-06-27 21:45:00,241.8,64.4,56.8,9.6,30.2,47.8,18.6,14.4,0.225,EQUIPMENT_FAILURE,False,6.5,23.3,23.51,22.04,21.79,23.92,22.72
2026-06-27 22:00:00,262.5,56.1,54.1,9.2,30.4,46.2,18.6,48.0,0.184,EQUIPMENT_FAILURE,False,6.5,22.4,22.92,22.98,22.1,22.86,23.14
2026-06-27 22:15:00,278.5,61.8,54.1,9.2,40.7,46.1,18.6,48.0,0.183,EQUIPMENT_FAILURE,False,6.5,23.43,23.1,23.06,22.64,23.75,22.27
2026-06-27 22:30:00,268.5,60.4,56.5,9.6,27.9,47.6,18.6,48.0,0.22,EQUIPMENT_FAILURE,False,6.5,23.74,22.27,22.96,21.63,23.23,22.55
2026-06-27 22:45:00,259.1,60.0,55.6,9.4,20.6,47.0,18.6,48.0,0.206,EQUIPMENT_FAILURE,False,6.5,23.16,23.41,22.86,21.93,24.05,22.84
2026-06-27 23:00:00,267.1,54.7,56.2,9.5,32.6,47.4,18.6,48.0,0.215,EQUIPMENT_FAILURE,False,6.5,22.8,23.02,22.94,22.43,24.49,22.1
2026-06-27 23:15:00,272.4,59.2,55.7,9.4,34.5,47.1,18.6,48.0,0.207,EQUIPMENT_FAILURE,False,6.5,22.65,23.05,23.05,21.13,23.06,22.24
2026-06-27 23:30:00,278.5,61.7,54.6,9.3,40.0,46.4,18.6,48.0,0.19,EQUIPMENT_FAILURE,False,6.5,23.26,24.18,22.25,21.4,23.9,23.05
2026-06-27 23:45:00,280.1,65.4,55.8,9.5,35.7,47.2,18.6,48.0,0.21,EQUIPMENT_FAILURE,False,6.5,22.26,23.11,22.47,22.44,24.05,21.77
2026-06-28 00:00:00,241.7,47.6,51.3,8.7,23.8,44.5,17.9,48.0,0.14,NORMAL,False,6.5,23.13,23.74,21.68,21.89,24.09,22.5
2026-06-28 00:15:00,232.6,40.2,50.3,8.6,23.6,43.9,17.9,48.0,0.126,NORMAL,False,6.5,22.75,23.39,22.33,20.89,23.6,22.28
2026-06-28 00:30:00,242.7,41.0,53.4,9.1,27.5,45.7,17.9,48.0,0.173,NORMAL,False,6.5,23.22,22.52,22.95,22.23,24.66,23.27
2026-06-28 00:45:00,233.9,47.0,52.4,8.9,14.6,45.2,17.9,48.0,0.158,NORMAL,False,6.5,22.61,23.19,23.65,22.29,23.04,22.55
2026-06-28 01:00:00,236.9,45.2,48.5,8.3,26.1,42.9,17.9,48.0,0.099,NORMAL,False,6.5,23.2,23.11,21.7,21.81,24.07,22.42
2026-06-28 01:15:00,235.8,40.6,52.8,9.0,22.2,45.4,17.9,48.0,0.163,NORMAL,False,6.5,22.36,22.6,22.5,21.27,24.28,22.87
2026-06-28 01:30:00,254.0,42.9,54.1,9.2,35.7,46.2,17.9,48.0,0.184,NORMAL,False,6.5,22.9,23.48,23.41,22.33,23.65,23.18
2026-06-28 01:45:00,245.3,44.2,52.4,8.9,28.8,45.1,17.9,48.0,0.157,NORMAL,False,6.5,23.76,22.87,22.94,21.96,23.08,22.07
2026-06-28 02:00:00,242.2,44.4,48.3,8.2,32.6,42.7,17.9,48.0,0.095,NORMAL,False,6.5,22.93,23.68,22.0,22.24,22.96,22.07
2026-06-28 02:15:00,238.9,44.9,50.6,8.6,24.7,44.1,17.9,48.0,0.131,NORMAL,False,6.5,22.29,22.34,23.12,20.98,24.13,22.57
2026-06-28 02:30:00,233.0,42.9,50.3,8.6,21.4,43.9,17.9,48.0,0.126,NORMAL,False,6.5,23.22,22.44,23.33,21.14,23.76,22.02
2026-06-28 02:45:00,256.0,46.3,57.8,9.8,27.8,48.3,17.9,48.0,0.239,NORMAL,False,6.5,23.28,22.66,22.57,21.03,23.49,23.5
2026-06-28 03:00:00,241.4,44.4,50.1,8.5,28.7,43.8,17.9,48.0,0.123,NORMAL,False,6.5,23.05,23.14,22.28,21.85,23.84,22.81
2026-06-28 03:15:00,240.7,50.1,51.4,8.7,19.9,44.5,17.9,48.0,0.142,NORMAL,False,6.5,23.0,23.76,22.12,20.82,23.11,22.74
2026-06-28 03:30:00,257.8,54.8,55.5,9.4,25.2,47.0,17.9,48.0,0.204,NORMAL,False,6.5,23.26,23.0,22.32,22.72,23.49,21.9
2026-06-28 03:45:00,243.0,44.9,53.5,9.1,23.8,45.8,17.9,48.0,0.174,NORMAL,False,6.5,24.05,23.36,23.2,21.74,23.92,22.54
2026-06-28 04:00:00,239.8,44.2,51.1,8.7,25.5,44.4,17.9,48.0,0.138,NORMAL,False,6.5,23.42,23.29,23.08,21.99,24.54,23.07
2026-06-28 04:15:00,244.0,39.8,54.7,9.3,27.8,46.5,17.9,48.0,0.192,NORMAL,False,6.5,22.76,24.06,22.34,22.18,23.56,22.53
2026-06-28 04:30:00,241.6,44.6,49.3,8.4,29.9,43.3,17.9,48.0,0.111,NORMAL,False,6.5,22.41,23.61,23.53,21.3,24.03,22.93
2026-06-28 04:45:00,256.3,52.6,51.6,8.8,32.7,44.7,17.9,48.0,0.145,NORMAL,False,6.5,23.43,22.42,22.07,22.26,23.82,22.47
2026-06-28 05:00:00,233.1,35.9,52.8,9.0,24.1,45.4,17.9,48.0,0.163,NORMAL,False,6.5,22.47,22.99,22.28,21.74,23.08,21.95
2026-06-28 05:15:00,227.3,45.7,47.3,8.1,18.1,42.2,17.9,48.0,0.081,NORMAL,False,6.5,22.94,23.37,22.24,21.05,23.49,22.11
2026-06-28 05:30:00,238.9,45.9,51.7,8.8,21.9,44.7,17.9,48.0,0.147,NORMAL,False,6.5,23.0,23.04,23.49,21.78,23.8,22.23
2026-06-28 05:45:00,245.9,43.5,52.0,8.8,30.7,44.9,17.9,48.0,0.151,NORMAL,False,6.5,23.51,22.8,22.48,21.44,23.29,22.63
2026-06-28 06:00:00,219.8,47.7,57.2,9.7,24.8,48.0,17.9,14.4,0.23,NORMAL,False,6.5,22.99,23.22,23.3,21.64,23.07,23.44
2026-06-28 06:15:00,246.0,58.0,57.8,9.8,39.2,48.3,18.5,14.4,0.239,NORMAL,False,6.5,23.67,23.05,22.3,21.54,24.17,22.91
2026-06-28 06:30:00,255.4,72.4,57.6,9.8,33.8,48.2,19.1,14.4,0.237,NORMAL,False,6.5,23.78,23.18,23.75,22.16,23.59,22.48
2026-06-28 06:45:00,291.9,93.2,58.3,9.9,47.9,48.6,19.7,14.4,0.246,NORMAL,False,6.5,23.45,22.81,22.53,21.75,23.6,22.58
2026-06-28 07:00:00,308.0,91.1,68.2,11.5,48.1,54.5,20.3,14.4,0.397,NORMAL,False,6.5,23.26,23.51,22.78,21.7,24.69,22.23
2026-06-28 07:15:00,330.8,113.2,63.0,10.6,57.2,51.4,20.9,14.4,0.319,NORMAL,False,6.5,22.91,22.67,22.9,20.86,24.19,21.66
2026-06-28 07:30:00,374.4,130.8,71.7,12.1,67.5,56.5,21.4,14.4,0.45,NORMAL,False,6.5,23.72,23.73,22.86,21.81,23.84,23.15
2026-06-28 07:45:00,385.7,142.8,74.1,12.4,62.4,57.6,22.0,14.4,0.478,NORMAL,False,6.5,23.56,23.35,24.09,21.95,23.46,22.42
2026-06-28 08:00:00,413.8,149.4,76.9,12.7,78.8,59.0,22.6,14.4,0.513,NORMAL,False,8.5,24.06,22.89,23.21,23.17,23.82,21.53
2026-06-28 08:15:00,446.2,170.1,77.5,13.0,87.9,60.0,23.2,14.4,0.538,NORMAL,False,8.5,23.7,23.01,23.73,21.6,23.56,22.77
2026-06-28 08:30:00,476.4,187.9,77.4,13.0,100.0,59.9,23.8,14.4,0.536,NORMAL,False,8.5,23.68,23.09,23.58,22.5,23.78,22.82
2026-06-28 08:45:00,500.4,193.6,85.7,14.4,103.1,64.8,24.4,14.4,0.662,NORMAL,False,8.5,24.87,22.88,22.7,22.29,23.51,21.47
2026-06-28 09:00:00,520.0,205.6,88.1,14.7,106.0,66.2,25.0,14.4,0.698,NORMAL,False,8.5,23.45,23.23,23.4,22.7,23.39,23.15
2026-06-28 09:15:00,541.1,214.9,92.7,15.5,109.5,68.9,25.2,14.4,0.768,NORMAL,False,8.5,23.41,22.9,22.79,22.01,23.8,23.08
2026-06-28 09:30:00,546.3,223.5,87.9,14.7,114.2,66.1,25.4,14.4,0.696,NORMAL,False,8.5,23.47,22.44,23.7,22.74,23.69,22.93
2026-06-28 09:45:00,572.1,227.2,94.3,15.8,125.0,69.9,25.6,14.4,0.792,NORMAL,False,8.5,23.44,23.06,23.22,22.77,23.02,23.46
2026-06-28 10:00:00,574.6,231.0,92.5,15.5,126.5,68.9,25.8,14.4,0.765,NORMAL,False,8.5,23.64,23.56,23.93,22.06,22.73,21.82
2026-06-28 10:15:00,573.5,238.5,96.3,15.2,115.0,68.0,26.0,14.4,0.744,NORMAL,False,8.5,23.76,23.05,24.35,23.52,23.94,23.17
2026-06-28 10:30:00,570.4,233.0,96.5,16.1,113.1,71.0,26.2,14.4,0.821,NORMAL,False,8.5,23.48,23.16,24.06,22.53,24.3,23.4
2026-06-28 10:45:00,601.3,248.8,98.2,16.4,124.9,72.2,26.5,14.4,0.852,NORMAL,False,8.5,24.62,23.38,23.72,22.97,24.19,22.6
2026-06-28 11:00:00,611.6,252.3,101.3,16.3,128.9,71.8,26.7,14.4,0.841,NORMAL,False,8.5,24.11,22.82,23.14,23.63,23.31,22.94
2026-06-28 11:15:00,615.9,252.2,99.4,16.6,133.5,72.9,26.9,14.4,0.87,NORMAL,False,8.5,24.21,22.83,23.81,22.27,24.63,22.98
2026-06-28 11:30:00,616.4,258.3,97.4,16.3,131.3,71.7,27.1,14.4,0.839,NORMAL,False,8.5,24.14,23.14,23.09,22.09,24.97,22.8
2026-06-28 11:45:00,631.8,263.4,101.2,16.9,134.6,74.0,27.3,14.4,0.897,NORMAL,False,8.5,23.76,22.72,23.56,22.56,23.56,22.32
2026-06-28 12:00:00,622.2,255.9,100.7,16.2,136.7,71.4,26.9,14.4,0.832,NORMAL,False,8.5,24.14,24.36,24.16,23.47,23.47,23.59
2026-06-28 12:15:00,619.7,256.1,99.0,16.5,134.1,72.7,26.9,14.4,0.864,NORMAL,False,8.5,23.86,23.62,23.78,21.65,23.7,23.2
2026-06-28 12:30:00,623.3,256.0,96.6,16.1,142.0,71.3,26.9,14.4,0.827,NORMAL,False,8.5,24.12,23.2,23.39,22.15,24.21,22.92
2026-06-28 12:45:00,619.0,256.1,99.0,16.5,133.3,72.7,26.9,14.4,0.864,NORMAL,False,8.5,24.64,23.4,23.36,22.01,23.88,21.43
2026-06-28 13:00:00,613.8,255.4,98.9,16.3,130.0,71.9,26.9,14.4,0.843,NORMAL,False,8.5,23.97,22.63,24.2,22.34,23.27,23.03
2026-06-28 13:15:00,615.4,256.6,97.2,16.2,132.5,71.6,26.9,14.4,0.836,NORMAL,False,8.5,24.0,23.92,23.74,22.49,24.18,22.76
2026-06-28 13:30:00,621.1,253.2,101.0,16.6,136.2,72.8,26.9,14.4,0.868,NORMAL,False,8.5,23.82,22.69,23.99,23.29,23.21,22.85
2026-06-28 13:45:00,619.8,255.4,102.5,16.5,131.8,72.4,26.9,14.4,0.857,NORMAL,False,8.5,25.69,23.11,24.3,23.35,24.02,22.78
2026-06-28 14:00:00,650.4,267.5,103.6,17.3,144.7,75.4,27.5,14.4,0.934,NORMAL,False,8.5,23.68,23.2,23.48,21.76,24.21,23.31
2026-06-28 14:15:00,648.6,271.6,98.7,16.5,147.3,72.5,27.6,14.4,0.859,NORMAL,False,8.5,24.04,23.19,23.57,22.57,23.72,22.56
2026-06-28 14:30:00,650.8,276.2,101.1,16.9,140.5,73.9,27.7,14.4,0.896,NORMAL,False,8.5,25.2,22.95,23.7,22.86,23.62,23.46
2026-06-28 14:45:00,665.2,275.0,105.7,17.6,148.3,76.5,27.8,14.4,0.961,NORMAL,False,8.5,23.65,23.01,23.93,23.05,23.95,22.72
2026-06-28 15:00:00,660.9,280.2,105.9,17.3,139.8,75.4,27.9,14.4,0.934,NORMAL,False,8.5,23.68,22.82,24.38,22.26,23.92,23.46
2026-06-28 15:15:00,652.8,274.1,101.6,17.0,143.6,74.2,27.9,14.4,0.903,NORMAL,False,8.5,25.02,22.75,23.31,22.77,23.66,23.06
2026-06-28 15:30:00,666.7,282.6,105.4,17.6,142.2,76.5,28.0,14.4,0.96,NORMAL,False,8.5,24.49,23.0,23.14,22.76,23.13,23.43
2026-06-28 15:45:00,672.5,287.9,102.4,17.1,148.0,74.7,28.1,14.4,0.915,NORMAL,False,8.5,23.78,22.49,23.85,22.2,23.97,23.04
2026-06-28 16:00:00,684.7,288.4,107.1,17.9,151.2,77.5,28.2,14.4,0.987,NORMAL,False,8.5,24.88,23.43,23.84,22.41,23.3,23.44
2026-06-28 16:15:00,688.3,285.0,104.2,17.4,163.3,75.7,28.3,14.4,0.942,NORMAL,False,8.5,24.94,23.17,23.23,22.34,24.57,22.23
2026-06-28 16:30:00,671.8,282.4,107.7,17.9,143.2,77.8,28.4,14.4,0.995,NORMAL,False,8.5,23.83,22.76,22.86,22.74,24.16,23.56
2026-06-28 16:45:00,684.5,291.6,106.0,17.7,149.5,76.8,28.5,14.4,0.97,NORMAL,False,8.5,25.56,23.73,23.85,22.05,22.73,22.81
2026-06-28 17:00:00,672.2,287.8,105.9,17.3,143.0,75.6,28.2,14.4,0.939,NORMAL,False,11.0,23.75,22.79,24.32,22.18,23.64,22.76
2026-06-28 17:15:00,659.8,275.9,107.1,17.4,141.3,75.9,27.7,14.4,0.945,NORMAL,False,11.0,23.84,23.2,24.46,22.15,24.14,23.29
2026-06-28 17:30:00,634.4,255.9,104.4,17.4,139.2,75.9,27.3,14.4,0.945,NORMAL,False,11.0,24.13,23.39,23.47,22.71,24.27,22.65
2026-06-28 17:45:00,608.7,248.1,95.8,16.0,136.8,70.8,26.8,14.4,0.815,NORMAL,False,11.0,24.35,23.24,23.95,22.0,23.48,22.57
2026-06-28 18:00:00,592.0,244.9,92.4,15.4,129.6,68.8,26.4,14.4,0.764,NORMAL,False,11.0,24.47,23.44,23.32,22.59,23.89,22.53
2026-06-28 18:15:00,567.2,233.2,91.5,15.3,118.6,68.2,26.0,14.4,0.75,NORMAL,False,11.0,24.07,21.91,22.43,22.68,23.52,22.3
2026-06-28 18:30:00,550.0,224.5,89.1,14.9,114.7,66.8,25.5,14.4,0.714,NORMAL,False,11.0,23.04,22.23,23.73,22.15,24.2,22.5
2026-06-28 18:45:00,526.9,210.6,88.9,14.9,106.3,66.7,25.1,14.4,0.711,NORMAL,False,11.0,23.9,22.99,22.74,22.74,24.51,23.54
2026-06-28 19:00:00,505.5,202.1,85.5,14.3,99.9,64.7,24.6,14.4,0.658,NORMAL,False,11.0,23.7,23.17,22.79,21.55,23.72,20.93
2026-06-28 19:15:00,495.6,185.6,85.8,14.4,106.3,64.9,24.2,14.4,0.664,NORMAL,False,11.0,24.32,23.73,23.12,21.73,23.29,22.84
2026-06-28 19:30:00,473.9,184.2,81.4,13.6,94.3,62.3,23.8,14.4,0.596,NORMAL,False,11.0,23.97,22.29,22.75,21.26,24.19,22.6
2026-06-28 19:45:00,451.8,178.3,80.7,13.5,79.7,61.9,23.3,14.4,0.586,NORMAL,False,11.0,23.53,23.07,23.16,22.41,23.89,24.08
2026-06-28 20:00:00,440.4,169.6,77.2,13.0,83.6,59.8,22.9,14.4,0.533,NORMAL,False,11.0,23.44,23.8,22.98,22.37,22.49,21.9
2026-06-28 20:15:00,415.6,155.4,73.2,12.3,80.3,57.5,22.4,14.4,0.473,NORMAL,False,11.0,23.69,22.62,22.93,21.34,23.25,22.43
2026-06-28 20:30:00,393.5,140.6,74.2,12.5,71.8,58.0,22.0,14.4,0.488,NORMAL,False,11.0,23.57,23.56,22.65,21.72,23.85,22.51
2026-06-28 20:45:00,375.0,134.0,73.2,12.3,62.2,57.4,21.6,14.4,0.472,NORMAL,False,11.0,24.22,22.83,22.19,21.71,23.19,23.06
2026-06-28 21:00:00,223.4,53.8,53.7,9.1,27.9,45.9,18.6,14.4,0.177,NORMAL,False,6.5,22.47,23.12,22.69,22.11,23.8,22.86
2026-06-28 21:15:00,244.3,58.9,57.1,9.7,37.8,47.9,18.6,14.4,0.228,NORMAL,False,6.5,23.0,22.25,23.18,21.49,24.1,22.56
2026-06-28 21:30:00,224.2,58.5,52.6,8.9,25.9,45.3,18.6,14.4,0.161,NORMAL,False,6.5,23.91,22.73,22.77,21.78,23.33,22.17
2026-06-28 21:45:00,244.9,62.3,59.1,10.0,31.5,49.1,18.6,14.4,0.259,NORMAL,False,6.5,23.07,23.66,23.32,21.99,23.51,22.67
2026-06-28 22:00:00,260.7,55.4,52.1,8.9,32.8,45.0,18.6,48.0,0.153,NORMAL,False,6.5,22.27,23.8,21.37,21.78,23.43,22.63
2026-06-28 22:15:00,272.1,61.1,55.6,9.4,32.4,47.0,18.6,48.0,0.206,NORMAL,False,6.5,24.63,23.13,23.42,21.0,24.07,22.67
2026-06-28 22:30:00,271.5,62.1,58.6,9.9,25.6,48.8,18.6,48.0,0.251,NORMAL,False,6.5,23.43,22.68,22.49,22.21,23.8,21.81
2026-06-28 22:45:00,282.3,71.6,56.1,9.5,31.2,47.3,18.6,48.0,0.213,NORMAL,False,6.5,22.85,22.92,22.48,22.52,23.76,23.19
2026-06-28 23:00:00,264.7,54.9,58.2,9.8,26.7,48.6,18.6,48.0,0.245,NORMAL,False,6.5,22.94,23.7,22.39,21.78,23.84,22.92
2026-06-28 23:15:00,269.1,61.9,56.4,9.6,27.2,47.5,18.6,48.0,0.218,NORMAL,False,6.5,23.08,22.37,22.73,21.7,23.65,22.83
2026-06-28 23:30:00,254.2,52.1,54.4,9.2,25.6,46.3,18.6,48.0,0.188,NORMAL,False,6.5,23.69,22.78,22.53,20.97,23.54,22.73
2026-06-28 23:45:00,270.6,61.4,52.4,8.9,36.2,45.1,18.6,48.0,0.157,NORMAL,False,6.5,23.58,22.09,22.65,22.05,23.64,22.33
2026-06-29 00:00:00,381.1,41.5,203.0,8.8,17.2,44.7,17.9,48.0,0.147,EXTREME_HEAT,False,6.5,31.06,32.62,31.88,30.66,31.55,31.39
2026-06-29 00:15:00,391.4,43.2,206.8,8.8,22.0,44.7,17.9,48.0,0.146,EXTREME_HEAT,False,6.5,31.91,31.81,32.04,30.8,32.3,31.23
2026-06-29 00:30:00,393.5,46.6,205.3,9.0,21.2,45.5,17.9,48.0,0.168,EXTREME_HEAT,False,6.5,31.68,32.78,31.99,29.33,32.59,32.07
2026-06-29 00:45:00,419.0,51.1,210.2,8.8,38.2,44.8,17.9,48.0,0.148,EXTREME_HEAT,False,6.5,32.27,32.43,30.97,30.38,33.36,31.56
2026-06-29 01:00:00,402.3,47.0,216.8,8.7,19.7,44.3,17.9,48.0,0.135,EXTREME_HEAT,False,6.5,31.56,31.91,32.21,31.28,33.68,31.52
2026-06-29 01:15:00,377.7,46.5,192.3,8.0,23.0,41.9,17.9,48.0,0.075,EXTREME_HEAT,False,6.5,32.07,31.45,31.91,29.65,32.15,31.66
2026-06-29 01:30:00,413.4,44.8,226.2,9.4,20.0,47.0,17.9,48.0,0.206,EXTREME_HEAT,False,6.5,33.03,31.72,32.55,31.63,32.5,31.58
2026-06-29 01:45:00,392.1,48.7,205.7,8.6,18.9,44.2,17.9,48.0,0.134,EXTREME_HEAT,False,6.5,32.82,32.26,31.38,30.2,32.16,31.46
2026-06-29 02:00:00,404.5,44.1,214.4,9.1,25.0,45.9,17.9,48.0,0.177,EXTREME_HEAT,False,6.5,32.31,32.12,32.23,31.13,31.85,31.01
2026-06-29 02:15:00,393.7,49.6,213.1,9.3,9.4,46.4,17.9,48.0,0.191,EXTREME_HEAT,False,6.5,32.26,32.91,31.38,30.46,32.4,31.15
2026-06-29 02:30:00,418.6,54.7,219.9,8.7,25.3,44.3,17.9,48.0,0.135,EXTREME_HEAT,False,6.5,32.74,31.88,32.2,31.76,32.58,32.12
2026-06-29 02:45:00,412.3,49.8,218.4,8.8,24.6,44.8,17.9,48.0,0.149,EXTREME_HEAT,False,6.5,32.63,32.64,31.66,30.44,33.4,31.41
2026-06-29 03:00:00,393.5,37.9,208.1,9.4,25.3,47.0,17.9,48.0,0.205,EXTREME_HEAT,False,6.5,31.82,31.64,32.17,30.18,32.62,32.34
2026-06-29 03:15:00,395.9,42.9,206.0,9.2,25.6,46.3,17.9,48.0,0.186,EXTREME_HEAT,False,6.5,32.21,31.59,31.59,30.3,32.59,31.42
2026-06-29 03:30:00,407.9,39.1,221.8,9.3,25.0,46.7,17.9,48.0,0.197,EXTREME_HEAT,False,6.5,32.4,32.73,32.53,30.44,32.7,31.35
2026-06-29 03:45:00,390.4,43.0,200.4,8.5,28.9,43.6,17.9,48.0,0.118,EXTREME_HEAT,False,6.5,32.38,31.26,31.73,29.86,32.87,31.34
2026-06-29 04:00:00,402.3,49.8,214.6,8.7,18.7,44.5,17.9,48.0,0.14,EXTREME_HEAT,False,6.5,32.22,31.94,31.92,31.19,32.96,31.31
2026-06-29 04:15:00,395.5,49.4,208.4,8.6,19.2,44.0,17.9,48.0,0.128,EXTREME_HEAT,False,6.5,32.09,32.56,31.07,31.1,32.51,31.32
2026-06-29 04:30:00,415.0,43.2,223.5,9.6,25.2,47.5,17.9,48.0,0.219,EXTREME_HEAT,False,6.5,32.17,32.14,32.53,30.85,33.16,30.59
2026-06-29 04:45:00,404.9,41.6,217.2,9.2,24.8,46.1,17.9,48.0,0.182,EXTREME_HEAT,False,6.5,32.6,32.39,32.25,30.96,31.48,32.28
2026-06-29 05:00:00,386.4,41.5,199.7,8.9,25.3,45.1,17.9,48.0,0.155,EXTREME_HEAT,False,6.5,32.21,31.49,30.72,30.19,32.96,30.82
2026-06-29 05:15:00,384.9,39.9,202.6,8.5,24.3,43.6,17.9,48.0,0.119,EXTREME_HEAT,False,6.5,31.87,32.08,31.78,30.12,32.61,31.74
2026-06-29 05:30:00,407.7,46.6,213.9,8.6,28.8,44.0,17.9,48.0,0.129,EXTREME_HEAT,False,6.5,32.22,32.4,31.57,31.11,32.93,31.99
2026-06-29 05:45:00,398.5,53.0,202.5,8.9,22.7,45.3,17.9,48.0,0.162,EXTREME_HEAT,False,6.5,31.36,31.65,31.59,30.65,32.73,31.14
2026-06-29 06:00:00,356.3,44.5,203.0,8.8,22.8,44.8,17.9,14.4,0.15,EXTREME_HEAT,False,6.5,31.84,31.54,31.62,30.69,32.5,32.37
2026-06-29 06:15:00,385.5,55.5,208.9,9.6,31.0,47.6,18.5,14.4,0.22,EXTREME_HEAT,False,6.5,32.18,32.34,31.12,30.13,32.63,31.45
2026-06-29 06:30:00,409.2,72.4,209.7,9.9,35.1,48.7,19.1,14.4,0.248,EXTREME_HEAT,False,6.5,31.94,31.81,31.91,30.29,32.27,31.84
2026-06-29 06:45:00,440.7,83.2,219.7,10.0,44.5,49.2,19.7,14.4,0.26,EXTREME_HEAT,False,6.5,31.81,32.01,32.83,31.1,31.91,31.93
2026-06-29 07:00:00,484.5,105.0,227.6,10.6,55.3,51.3,20.3,14.4,0.316,EXTREME_HEAT,False,6.5,33.39,31.53,32.04,30.54,32.96,31.74
2026-06-29 07:15:00,517.6,115.7,238.9,11.1,63.6,53.0,20.9,14.4,0.358,EXTREME_HEAT,False,6.5,33.89,32.39,31.65,31.03,32.92,31.9
2026-06-29 07:30:00,544.0,126.2,248.3,12.1,64.9,56.6,21.4,14.4,0.451,EXTREME_HEAT,False,6.5,32.12,33.19,33.03,31.44,32.65,31.66
2026-06-29 07:45:00,548.0,143.2,237.7,11.6,64.3,54.8,22.0,14.4,0.405,EXTREME_HEAT,False,6.5,33.25,32.71,31.15,31.43,32.62,31.52
2026-06-29 08:00:00,599.5,154.1,243.0,12.8,93.5,59.1,22.6,14.4,0.516,EXTREME_HEAT,False,8.5,32.66,32.2,31.44,31.34,33.18,31.86
2026-06-29 08:15:00,613.6,164.5,255.9,13.0,82.8,59.9,23.2,14.4,0.535,EXTREME_HEAT,False,8.5,33.03,32.28,33.15,31.34,32.96,31.91
2026-06-29 08:30:00,639.9,172.5,252.8,13.7,100.3,62.4,23.8,14.4,0.6,EXTREME_HEAT,False,8.5,33.2,32.3,32.12,31.91,31.69,31.03
2026-06-29 08:45:00,685.7,197.6,260.8,14.2,109.8,64.4,24.4,14.4,0.651,EXTREME_HEAT,False,8.5,33.26,32.14,32.79,31.22,32.9,31.83
2026-06-29 09:00:00,700.5,209.7,252.1,14.2,120.7,64.4,25.0,14.4,0.651,EXTREME_HEAT,False,8.5,32.75,32.29,32.31,31.08,32.43,32.46
2026-06-29 09:15:00,717.4,216.4,263.4,15.1,115.3,67.6,25.2,14.4,0.733,EXTREME_HEAT,False,8.5,32.73,32.5,32.43,32.05,32.14,30.82
2026-06-29 09:30:00,716.3,214.8,266.6,15.2,112.0,67.9,25.4,14.4,0.742,EXTREME_HEAT,False,8.5,33.23,32.49,31.65,31.53,33.38,31.81
2026-06-29 09:45:00,732.1,224.1,264.2,15.5,119.4,68.9,25.6,14.4,0.767,EXTREME_HEAT,False,8.5,33.82,31.25,32.6,30.95,32.98,32.02
2026-06-29 10:00:00,761.3,233.9,272.0,15.8,129.0,70.2,25.8,14.4,0.801,EXTREME_HEAT,False,8.5,32.88,31.57,33.17,31.88,33.02,31.39
2026-06-29 10:15:00,737.1,236.5,258.2,15.6,117.0,69.4,26.0,14.4,0.78,EXTREME_HEAT,False,8.5,32.98,31.7,32.08,30.9,32.8,31.56
2026-06-29 10:30:00,747.0,233.4,259.9,15.8,127.3,70.0,26.2,14.4,0.795,EXTREME_HEAT,False,8.5,32.48,32.33,31.64,31.53,32.6,31.83
2026-06-29 10:45:00,757.7,245.5,262.9,15.9,122.0,70.5,26.5,14.4,0.808,EXTREME_HEAT,False,8.5,33.08,31.31,31.85,31.27,33.43,32.01
2026-06-29 11:00:00,775.1,243.2,274.6,15.8,130.2,70.2,26.7,14.4,0.8,EXTREME_HEAT,False,8.5,33.1,32.59,32.56,32.31,32.4,31.83
2026-06-29 11:15:00,803.2,255.9,279.6,16.9,135.7,73.9,26.9,14.4,0.894,EXTREME_HEAT,False,8.5,32.55,32.69,33.29,31.23,33.0,32.56
2026-06-29 11:30:00,795.9,264.4,267.4,16.0,135.9,70.7,27.1,14.4,0.813,EXTREME_HEAT,False,8.5,33.27,32.5,31.81,30.99,33.05,31.59
2026-06-29 11:45:00,817.2,267.6,278.8,16.8,138.8,73.5,27.3,14.4,0.885,EXTREME_HEAT,False,8.5,32.98,32.41,32.96,31.83,32.55,32.39
2026-06-29 12:00:00,791.8,252.6,275.0,16.4,134.2,72.3,26.9,14.4,0.853,EXTREME_HEAT,False,8.5,33.27,31.34,32.64,32.34,32.87,31.8
2026-06-29 12:15:00,779.3,252.8,275.7,16.3,121.3,71.9,26.9,14.4,0.844,EXTREME_HEAT,False,8.5,33.67,31.82,32.29,31.21,33.67,31.66
2026-06-29 12:30:00,802.6,259.6,275.0,16.1,139.5,71.1,26.9,14.4,0.823,EXTREME_HEAT,False,8.5,33.25,32.51,32.16,31.19,33.68,33.09
2026-06-29 12:45:00,797.6,251.0,283.0,17.0,131.1,74.2,26.9,14.4,0.903,EXTREME_HEAT,False,8.5,34.19,32.12,32.14,32.5,32.29,31.26
2026-06-29 13:00:00,775.0,256.9,260.6,15.7,130.7,69.8,26.9,14.4,0.79,EXTREME_HEAT,False,8.5,32.23,31.93,31.85,31.98,32.74,32.03
2026-06-29 13:15:00,779.8,255.3,268.3,16.7,124.9,73.3,26.9,14.4,0.88,EXTREME_HEAT,False,8.5,33.28,32.1,31.71,31.82,32.13,31.95
2026-06-29 13:30:00,790.6,250.7,274.5,16.5,135.1,72.5,26.9,14.4,0.858,EXTREME_HEAT,False,8.5,33.12,32.35,32.6,31.2,33.05,31.41
2026-06-29 13:45:00,797.4,263.4,270.3,16.7,132.5,73.2,26.9,14.4,0.878,EXTREME_HEAT,False,8.5,33.36,32.16,31.58,32.29,31.79,32.06
2026-06-29 14:00:00,828.2,277.0,281.3,17.0,136.6,74.4,27.5,14.4,0.909,EXTREME_HEAT,False,8.5,33.28,32.37,33.77,31.17,32.29,31.61
2026-06-29 14:15:00,838.1,272.6,292.7,17.1,138.8,74.9,27.6,14.4,0.92,EXTREME_HEAT,False,8.5,33.64,32.67,33.11,32.31,32.93,31.55
2026-06-29 14:30:00,843.1,276.8,280.1,17.9,148.7,77.6,27.7,14.4,0.989,EXTREME_HEAT,False,8.5,32.92,32.54,31.94,31.75,32.65,32.13
2026-06-29 14:45:00,838.3,273.9,278.5,17.6,149.8,76.4,27.8,14.4,0.96,EXTREME_HEAT,False,8.5,33.12,31.82,32.24,31.8,32.87,31.92
2026-06-29 15:00:00,827.7,280.7,272.7,16.7,142.0,73.4,27.9,14.4,0.882,EXTREME_HEAT,False,8.5,32.76,31.73,32.45,32.18,32.62,31.82
2026-06-29 15:15:00,853.1,288.4,282.0,17.4,147.1,75.8,27.9,14.4,0.945,EXTREME_HEAT,False,8.5,33.26,31.72,32.4,31.81,33.42,32.42
2026-06-29 15:30:00,837.9,286.4,280.2,17.2,136.5,75.2,28.0,14.4,0.928,EXTREME_HEAT,False,8.5,33.08,32.22,32.41,31.8,32.99,31.19
2026-06-29 15:45:00,848.7,285.8,289.5,17.4,137.8,75.7,28.1,14.4,0.94,EXTREME_HEAT,False,8.5,33.7,32.59,32.45,32.61,32.56,30.78
2026-06-29 16:00:00,852.8,291.3,281.1,17.2,145.4,75.2,28.2,14.4,0.928,EXTREME_HEAT,False,8.5,33.43,32.05,32.9,31.04,33.21,30.93
2026-06-29 16:15:00,865.7,291.2,281.3,18.0,154.6,78.0,28.3,14.4,1.0,EXTREME_HEAT,False,8.5,32.78,33.26,32.22,30.8,32.82,32.42
2026-06-29 16:30:00,865.2,295.7,283.9,17.9,147.3,77.6,28.4,14.4,0.991,EXTREME_HEAT,False,8.5,32.78,32.68,32.74,31.33,32.89,31.77
2026-06-29 16:45:00,871.5,293.1,284.8,17.5,157.0,76.3,28.5,14.4,0.956,EXTREME_HEAT,False,8.5,32.8,33.24,32.33,32.3,32.27,32.04
2026-06-29 17:00:00,847.9,278.5,281.5,17.8,150.2,77.3,28.2,14.4,0.983,EXTREME_HEAT,False,11.0,33.22,32.03,33.49,31.36,31.66,30.87
2026-06-29 17:15:00,844.5,273.7,278.6,17.8,155.0,77.3,27.7,14.4,0.982,EXTREME_HEAT,False,11.0,32.16,31.9,32.72,32.45,32.4,32.09
2026-06-29 17:30:00,811.7,263.8,275.3,16.8,140.7,73.5,27.3,14.4,0.886,EXTREME_HEAT,False,11.0,33.24,32.31,32.36,32.04,32.19,30.76
2026-06-29 17:45:00,774.5,248.5,272.8,16.2,124.5,71.3,26.8,14.4,0.829,EXTREME_HEAT,False,11.0,33.09,31.64,33.03,31.82,32.76,31.83
2026-06-29 18:00:00,774.5,245.0,277.4,15.9,124.9,70.5,26.4,14.4,0.809,EXTREME_HEAT,False,11.0,33.23,32.52,32.29,31.84,33.45,31.7
2026-06-29 18:15:00,762.0,235.0,275.1,15.6,126.8,69.2,26.0,14.4,0.774,EXTREME_HEAT,False,11.0,33.01,33.08,32.89,31.84,32.51,31.28
2026-06-29 18:30:00,728.6,226.4,267.1,15.8,109.4,70.0,25.5,14.4,0.795,EXTREME_HEAT,False,11.0,31.73,33.46,32.66,31.91,31.87,31.62
2026-06-29 18:45:00,696.3,216.9,256.3,13.9,106.4,63.3,25.1,14.4,0.623,EXTREME_HEAT,False,11.0,32.92,32.16,32.97,31.17,32.64,32.04
2026-06-29 19:00:00,682.1,195.0,263.1,14.8,103.7,66.4,24.6,14.4,0.703,EXTREME_HEAT,False,11.0,32.58,32.22,32.68,31.77,32.87,31.17
2026-06-29 19:15:00,667.3,195.6,256.1,14.4,97.5,65.1,24.2,14.4,0.67,EXTREME_HEAT,False,11.0,33.03,32.32,32.3,31.46,32.2,32.09
2026-06-29 19:30:00,627.7,180.3,249.7,13.9,82.5,63.2,23.8,14.4,0.619,EXTREME_HEAT,False,11.0,31.88,32.28,32.18,31.87,32.59,32.12
2026-06-29 19:45:00,609.3,163.6,245.6,13.3,88.1,61.0,23.3,14.4,0.565,EXTREME_HEAT,False,11.0,32.78,32.24,32.26,30.92,32.51,31.11
2026-06-29 20:00:00,603.2,163.0,245.3,12.8,85.8,59.1,22.9,14.4,0.515,EXTREME_HEAT,False,11.0,33.16,31.06,32.26,32.18,32.56,31.65
2026-06-29 20:15:00,575.8,148.8,234.3,12.5,85.1,58.1,22.4,14.4,0.491,EXTREME_HEAT,False,11.0,32.08,32.47,31.14,31.51,32.45,31.65
2026-06-29 20:30:00,568.9,142.9,239.3,12.3,80.4,57.6,22.0,14.4,0.476,EXTREME_HEAT,False,11.0,32.41,31.97,32.0,32.27,31.98,32.18
2026-06-29 20:45:00,544.2,128.6,246.7,12.1,64.1,56.7,21.6,14.4,0.453,EXTREME_HEAT,False,11.0,32.55,32.65,32.16,31.42,33.35,31.68
2026-06-29 21:00:00,380.7,55.6,207.2,9.5,28.1,47.3,18.6,14.4,0.214,EXTREME_HEAT,False,6.5,31.82,31.89,31.27,31.01,32.19,30.92
2026-06-29 21:15:00,394.6,55.5,216.9,9.2,33.8,46.2,18.6,14.4,0.186,EXTREME_HEAT,False,6.5,32.35,31.97,31.91,30.95,32.93,30.6
2026-06-29 21:30:00,392.1,61.9,210.4,9.4,30.4,47.0,18.6,14.4,0.206,EXTREME_HEAT,False,6.5,32.74,31.29,31.51,30.6,32.65,31.58
2026-06-29 21:45:00,398.3,61.0,223.0,9.8,23.1,48.4,18.6,14.4,0.241,EXTREME_HEAT,False,6.5,33.14,31.51,31.81,31.19,32.87,31.37
2026-06-29 22:00:00,418.5,57.5,208.4,9.4,29.9,46.8,18.6,48.0,0.199,EXTREME_HEAT,False,6.5,31.51,32.31,31.18,30.82,32.72,31.6
2026-06-29 22:15:00,431.1,60.0,216.8,9.7,29.8,48.2,18.6,48.0,0.235,EXTREME_HEAT,False,6.5,32.07,32.08,31.5,31.29,32.61,31.19
2026-06-29 22:30:00,437.8,58.9,223.2,9.8,30.8,48.4,18.6,48.0,0.242,EXTREME_HEAT,False,6.5,32.27,31.38,32.04,31.68,33.17,31.02
2026-06-29 22:45:00,422.3,55.5,210.1,9.4,34.1,46.8,18.6,48.0,0.199,EXTREME_HEAT,False,6.5,32.43,31.89,31.28,31.22,32.0,31.16
2026-06-29 23:00:00,417.8,53.3,208.2,9.4,33.4,46.9,18.6,48.0,0.203,EXTREME_HEAT,False,6.5,32.69,31.67,31.12,30.52,32.47,31.67
2026-06-29 23:15:00,424.5,58.2,207.7,9.1,37.1,45.8,18.6,48.0,0.173,EXTREME_HEAT,False,6.5,31.88,32.64,30.62,30.87,32.71,31.14
2026-06-29 23:30:00,425.0,52.6,220.4,10.0,26.4,49.1,18.6,48.0,0.259,EXTREME_HEAT,False,6.5,32.84,33.02,31.46,30.02,32.55,31.98
2026-06-29 23:45:00,414.4,54.9,207.7,9.1,30.2,45.8,18.6,48.0,0.176,EXTREME_HEAT,False,6.5,32.39,32.17,31.32,30.8,31.98,31.34
2026-06-30 00:00:00,228.7,42.7,50.3,8.6,17.3,43.9,17.9,48.0,0.126,NORMAL,False,6.5,23.5,23.02,22.54,22.54,23.73,22.35
2026-06-30 00:15:00,239.6,45.7,51.8,8.8,22.6,44.8,17.9,48.0,0.148,NORMAL,False,6.5,23.33,22.09,22.0,21.42,23.0,22.57
2026-06-30 00:30:00,240.8,44.4,53.0,9.0,23.1,45.5,17.9,48.0,0.167,NORMAL,False,6.5,22.91,23.03,22.2,21.84,23.59,21.95
2026-06-30 00:45:00,230.8,42.4,52.5,8.9,15.9,45.2,17.9,48.0,0.158,NORMAL,False,6.5,23.35,22.69,23.07,21.95,23.19,21.98
2026-06-30 01:00:00,236.9,43.7,52.3,8.9,21.0,45.1,17.9,48.0,0.156,NORMAL,False,6.5,23.78,23.76,22.14,22.08,23.59,21.35
2026-06-30 01:15:00,247.8,44.3,54.3,9.2,27.8,46.3,17.9,48.0,0.186,NORMAL,False,6.5,22.79,23.34,22.67,21.0,23.28,23.32
2026-06-30 01:30:00,237.1,48.3,53.6,9.1,14.3,45.8,17.9,48.0,0.176,NORMAL,False,6.5,22.99,22.41,22.13,22.44,23.63,21.69
2026-06-30 01:45:00,241.3,50.7,50.3,8.6,22.0,43.9,17.9,48.0,0.125,NORMAL,False,6.5,23.19,24.3,23.06,21.41,23.55,23.0
2026-06-30 02:00:00,233.4,45.6,51.5,8.7,17.1,44.6,17.9,48.0,0.143,NORMAL,False,6.5,22.76,23.38,23.19,20.7,23.34,21.94
2026-06-30 02:15:00,231.6,43.4,49.3,8.4,21.3,43.3,17.9,48.0,0.11,NORMAL,False,6.5,23.69,22.95,22.6,21.85,24.02,22.32
2026-06-30 02:30:00,257.9,52.8,54.0,9.2,29.9,46.1,17.9,48.0,0.182,NORMAL,False,6.5,23.18,22.91,22.91,22.63,23.59,22.42
2026-06-30 02:45:00,247.0,49.8,54.2,9.2,21.6,46.2,17.9,48.0,0.186,NORMAL,False,6.5,22.97,22.76,21.81,22.21,23.59,21.66
2026-06-30 03:00:00,230.6,40.2,51.5,8.8,19.6,44.6,17.9,48.0,0.144,NORMAL,False,6.5,22.42,23.29,22.92,21.65,23.33,23.86
2026-06-30 03:15:00,238.2,42.2,53.3,9.0,22.0,45.7,17.9,48.0,0.171,NORMAL,False,6.5,22.7,22.51,23.27,22.01,23.79,22.64
2026-06-30 03:30:00,230.6,40.4,51.7,8.8,19.0,44.8,17.9,48.0,0.148,NORMAL,False,6.5,23.6,23.26,22.21,22.07,22.71,22.38
2026-06-30 03:45:00,246.7,47.6,55.7,9.4,20.9,47.1,17.9,48.0,0.208,NORMAL,False,6.5,22.51,22.65,23.0,21.51,23.64,23.28
2026-06-30 04:00:00,240.6,42.6,51.6,8.8,27.0,44.7,17.9,48.0,0.146,NORMAL,False,6.5,23.44,23.36,22.69,21.86,23.72,22.5
2026-06-30 04:15:00,232.4,35.2,52.5,8.9,24.8,45.2,17.9,48.0,0.159,NORMAL,False,6.5,22.15,22.63,22.45,21.59,24.15,24.15
2026-06-30 04:30:00,242.8,46.8,52.0,8.8,24.2,44.9,17.9,48.0,0.152,NORMAL,False,6.5,23.09,23.32,22.76,21.5,23.56,22.82
2026-06-30 04:45:00,226.5,37.4,50.7,8.6,19.7,44.2,17.9,48.0,0.132,NORMAL,False,6.5,24.57,23.22,23.04,21.41,23.63,22.63
2026-06-30 05:00:00,231.2,40.9,50.4,8.6,21.4,44.0,17.9,48.0,0.128,NORMAL,False,6.5,22.85,22.5,22.68,22.35,23.6,21.95
2026-06-30 05:15:00,232.3,45.8,49.1,8.4,19.9,43.2,17.9,48.0,0.108,NORMAL,False,6.5,23.28,23.71,22.34,21.67,23.32,22.22
2026-06-30 05:30:00,234.8,48.4,50.3,8.6,17.7,43.9,17.9,48.0,0.126,NORMAL,False,6.5,22.34,23.07,23.18,22.0,24.28,22.2
2026-06-30 05:45:00,243.7,45.1,53.3,9.0,24.6,45.7,17.9,48.0,0.171,NORMAL,False,6.5,24.03,23.3,23.54,21.41,23.48,22.09
2026-06-30 06:00:00,196.9,42.6,52.0,8.8,16.3,44.9,17.9,14.4,0.151,NORMAL,False,6.5,22.94,22.8,22.85,21.6,22.97,21.6
2026-06-30 06:15:00,226.0,58.1,53.3,9.0,27.1,45.7,18.5,14.4,0.171,NORMAL,False,6.5,22.99,22.98,22.37,22.8,22.92,23.16
2026-06-30 06:30:00,265.3,78.1,59.1,10.0,35.5,49.1,19.1,14.4,0.259,NORMAL,False,6.5,23.08,22.67,23.71,20.71,23.46,22.67
2026-06-30 06:45:00,287.8,84.4,66.2,11.2,38.6,53.3,19.7,14.4,0.367,NORMAL,False,6.5,23.82,21.93,22.21,22.06,23.04,22.88
2026-06-30 07:00:00,309.6,102.2,62.1,10.5,49.2,50.9,20.3,14.4,0.304,NORMAL,False,6.5,23.79,22.08,23.39,22.4,23.43,21.89
2026-06-30 07:15:00,331.2,112.2,64.0,10.8,56.9,52.0,20.9,14.4,0.334,NORMAL,False,6.5,24.36,22.66,22.16,22.04,23.57,23.34
2026-06-30 07:30:00,370.4,126.1,70.7,11.9,69.9,56.0,21.4,14.4,0.435,NORMAL,False,6.5,23.62,23.25,23.16,22.1,23.42,23.05
2026-06-30 07:45:00,402.6,141.5,75.8,12.7,77.1,59.0,22.0,14.4,0.512,NORMAL,False,6.5,23.28,24.36,22.76,21.76,23.92,22.87
2026-06-30 08:00:00,417.6,155.8,76.6,12.9,75.8,59.4,22.6,14.4,0.524,NORMAL,False,8.5,24.66,23.13,22.7,21.85,23.89,22.9
2026-06-30 08:15:00,456.2,169.3,82.0,13.6,91.4,62.2,23.2,14.4,0.596,NORMAL,False,8.5,24.68,23.19,24.12,22.65,24.79,22.92
2026-06-30 08:30:00,478.8,185.4,81.3,13.6,98.0,62.2,23.8,14.4,0.595,NORMAL,False,8.5,23.92,23.84,23.62,22.2,23.78,23.06
2026-06-30 08:45:00,495.1,195.6,85.8,14.4,95.5,64.9,24.4,14.4,0.664,NORMAL,False,8.5,23.38,22.87,23.53,22.71,24.05,22.36
2026-06-30 09:00:00,518.0,206.0,86.9,14.3,106.8,64.7,25.0,14.4,0.658,NORMAL,False,8.5,23.83,23.88,23.34,23.24,23.62,22.71
2026-06-30 09:15:00,526.9,208.8,86.9,14.6,111.5,65.6,25.2,14.4,0.681,NORMAL,False,8.5,23.04,22.62,23.36,21.95,23.45,22.91
2026-06-30 09:30:00,550.1,221.1,92.1,15.4,113.1,68.6,25.4,14.4,0.759,NORMAL,False,8.5,24.38,23.49,23.38,22.1,23.69,23.55
2026-06-30 09:45:00,557.8,226.9,92.6,15.5,113.9,68.9,25.6,14.4,0.767,NORMAL,False,8.5,23.95,23.34,23.3,22.21,24.23,21.75
2026-06-30 10:00:00,564.6,231.5,88.8,14.9,122.5,66.7,25.8,14.4,0.71,NORMAL,False,8.5,23.36,23.19,23.4,22.72,24.12,21.94
2026-06-30 10:15:00,580.0,229.9,94.9,15.7,129.2,69.8,26.0,14.4,0.79,NORMAL,False,8.5,24.2,22.27,22.95,23.13,23.6,23.85
2026-06-30 10:30:00,583.2,238.9,93.6,15.6,124.9,69.5,26.2,14.4,0.782,NORMAL,False,8.5,24.37,23.09,23.5,22.74,23.43,23.14
2026-06-30 10:45:00,583.9,246.2,90.7,15.2,123.3,67.8,26.5,14.4,0.737,NORMAL,False,8.5,23.72,23.85,23.73,22.83,23.75,23.56
2026-06-30 11:00:00,598.8,244.1,98.7,16.5,126.0,72.5,26.7,14.4,0.859,NORMAL,False,8.5,24.49,23.57,23.33,22.67,24.45,23.0
2026-06-30 11:15:00,618.0,258.5,99.4,16.2,131.3,71.4,26.9,14.4,0.83,NORMAL,False,8.5,23.62,22.19,24.44,22.06,23.35,21.78
2026-06-30 11:30:00,628.9,261.1,98.5,16.4,139.0,72.4,27.1,14.4,0.856,NORMAL,False,8.5,23.88,23.55,23.29,21.53,23.11,22.09
2026-06-30 11:45:00,650.7,268.2,109.6,17.2,138.8,75.2,27.3,14.4,0.927,NORMAL,False,8.5,23.3,23.59,23.31,24.07,24.47,23.63
2026-06-30 12:00:00,610.3,249.1,99.0,16.2,133.0,71.7,26.9,14.4,0.838,NORMAL,False,8.5,23.71,22.85,23.81,23.29,23.57,22.39
2026-06-30 12:15:00,625.7,253.2,100.5,16.8,140.3,73.6,26.9,14.4,0.887,NORMAL,False,8.5,24.7,23.96,23.77,22.61,24.41,22.21
2026-06-30 12:30:00,612.2,260.6,96.3,16.0,127.1,70.9,26.9,14.4,0.818,NORMAL,False,8.5,23.96,23.56,23.52,23.06,24.51,22.99
2026-06-30 12:45:00,628.4,260.1,97.8,16.3,140.9,72.0,26.9,14.4,0.845,NORMAL,False,8.5,25.22,24.23,22.88,22.51,23.82,22.96
2026-06-30 13:00:00,611.4,256.6,98.2,16.4,126.8,72.2,26.9,14.4,0.851,NORMAL,False,8.5,24.58,23.58,23.51,21.67,24.26,23.06
2026-06-30 13:15:00,626.7,256.9,102.0,17.0,135.1,74.4,26.9,14.4,0.909,NORMAL,False,8.5,24.17,22.7,22.94,22.93,24.13,22.54
2026-06-30 13:30:00,620.1,255.3,98.4,16.4,136.4,72.3,26.9,14.4,0.854,NORMAL,False,8.5,23.67,23.74,23.94,22.81,23.34,22.09
2026-06-30 13:45:00,614.4,253.1,100.2,16.7,129.8,73.4,26.9,14.4,0.881,NORMAL,False,8.5,24.35,23.04,23.16,22.55,23.76,23.32
2026-06-30 14:00:00,656.1,269.7,107.8,17.6,142.6,76.5,27.5,14.4,0.962,NORMAL,False,8.5,24.93,22.85,24.39,22.09,23.57,22.63
2026-06-30 14:15:00,644.9,272.4,102.1,17.0,137.0,74.5,27.6,14.4,0.91,NORMAL,False,8.5,24.4,23.07,23.78,22.63,23.08,23.01
2026-06-30 14:30:00,659.4,277.8,108.0,16.9,140.5,74.1,27.7,14.4,0.901,NORMAL,False,8.5,23.88,23.15,24.46,23.63,22.41,23.01
2026-06-30 14:45:00,665.9,274.2,108.3,17.4,147.9,76.0,27.8,14.4,0.948,NORMAL,False,8.5,24.96,22.6,23.7,23.62,23.17,22.73
2026-06-30 15:00:00,670.6,281.9,107.7,17.6,144.6,76.5,27.9,14.4,0.962,NORMAL,False,8.5,24.24,23.3,22.8,23.37,23.61,22.72
2026-06-30 15:15:00,659.6,276.4,105.6,17.6,141.1,76.6,27.9,14.4,0.963,NORMAL,False,8.5,24.46,23.39,23.81,22.09,23.71,23.33
2026-06-30 15:30:00,665.4,284.0,102.3,17.1,145.0,74.6,28.0,14.4,0.914,NORMAL,False,8.5,24.17,23.98,23.87,21.51,24.1,22.55
2026-06-30 15:45:00,675.4,288.4,102.8,17.1,149.6,74.9,28.1,14.4,0.921,NORMAL,False,8.5,24.07,23.06,23.76,22.16,23.21,23.14
2026-06-30 16:00:00,683.4,291.0,104.1,17.3,153.1,75.4,28.2,14.4,0.934,NORMAL,False,8.5,23.75,22.94,24.07,22.21,24.22,23.1
2026-06-30 16:15:00,684.2,285.9,106.4,17.7,154.4,77.1,28.3,14.4,0.976,NORMAL,False,8.5,23.44,23.6,23.73,22.48,24.47,22.72
2026-06-30 16:30:00,675.4,282.6,105.0,17.5,151.3,76.2,28.4,14.4,0.955,NORMAL,False,8.5,23.86,22.72,23.24,22.28,24.1,22.28
2026-06-30 16:45:00,685.2,289.8,107.4,17.5,151.4,76.2,28.5,14.4,0.954,NORMAL,False,8.5,24.14,23.93,23.68,23.4,23.75,23.29
2026-06-30 17:00:00,668.0,279.7,102.9,17.2,150.8,75.0,28.2,14.4,0.922,NORMAL,False,11.0,23.7,23.16,22.94,22.69,23.63,22.89
2026-06-30 17:15:00,656.0,267.7,105.8,17.6,146.0,76.7,27.7,14.4,0.967,NORMAL,False,11.0,24.9,24.24,23.68,22.48,24.03,22.67
2026-06-30 17:30:00,626.2,259.2,99.7,16.6,135.8,73.1,27.3,14.4,0.874,NORMAL,False,11.0,23.32,23.01,23.44,22.55,23.77,23.45
2026-06-30 17:45:00,605.7,247.5,96.2,16.1,133.7,71.0,26.8,14.4,0.821,NORMAL,False,11.0,24.61,22.97,23.31,23.01,24.41,23.48
2026-06-30 18:00:00,601.6,252.8,96.9,16.1,123.9,71.0,26.4,14.4,0.821,NORMAL,False,11.0,23.96,23.28,24.13,23.0,24.19,22.85
2026-06-30 18:15:00,571.9,237.8,90.3,15.1,121.0,67.5,26.0,14.4,0.73,NORMAL,False,11.0,23.74,23.25,24.03,22.12,23.96,21.98
2026-06-30 18:30:00,546.1,226.8,90.5,15.1,106.0,67.7,25.5,14.4,0.735,NORMAL,False,11.0,24.95,23.76,22.86,22.33,25.09,23.71
2026-06-30 18:45:00,533.1,215.3,91.5,15.3,103.4,68.2,25.1,14.4,0.749,NORMAL,False,11.0,23.58,23.89,23.04,22.64,23.4,22.54
2026-06-30 19:00:00,512.2,198.8,91.5,15.3,99.5,68.1,24.6,14.4,0.746,NORMAL,False,11.0,23.38,22.68,23.71,23.04,23.56,22.19
2026-06-30 19:15:00,493.9,192.8,84.9,14.2,99.0,64.3,24.2,14.4,0.65,NORMAL,False,11.0,23.74,23.41,23.46,22.69,23.49,22.33
2026-06-30 19:30:00,470.4,186.1,82.5,13.8,86.9,62.9,23.8,14.4,0.614,NORMAL,False,11.0,23.38,23.51,22.65,22.02,24.25,22.12
2026-06-30 19:45:00,439.3,168.2,76.6,12.9,84.4,59.4,23.3,14.4,0.524,NORMAL,False,11.0,22.88,23.22,23.49,22.78,24.26,23.09
2026-06-30 20:00:00,434.4,160.4,79.0,13.3,83.5,60.9,22.9,14.4,0.561,NORMAL,False,11.0,24.38,22.65,23.82,21.21,23.86,22.62
2026-06-30 20:15:00,413.2,146.4,73.5,12.4,86.5,57.6,22.4,14.4,0.478,NORMAL,False,11.0,23.8,23.17,23.54,22.87,23.71,22.23
2026-06-30 20:30:00,392.5,136.2,76.0,12.8,72.0,59.1,22.0,14.4,0.516,NORMAL,False,11.0,24.06,23.18,23.53,22.77,23.35,22.67
2026-06-30 20:45:00,378.8,130.4,73.7,12.4,68.5,57.7,21.6,14.4,0.481,NORMAL,False,11.0,24.12,23.21,21.73,21.75,23.7,22.54
2026-06-30 21:00:00,236.4,67.1,54.1,9.2,26.8,46.2,18.6,14.4,0.184,NORMAL,False,6.5,23.22,22.98,22.37,22.64,23.32,21.43
2026-06-30 21:15:00,237.6,61.0,57.0,9.7,29.1,47.9,18.6,14.4,0.227,NORMAL,False,6.5,22.93,23.35,22.75,22.27,23.46,22.24
2026-06-30 21:30:00,224.7,55.6,51.4,8.7,31.5,44.5,18.6,14.4,0.142,NORMAL,False,6.5,22.87,24.48,21.76,21.79,23.42,23.46
2026-06-30 21:45:00,242.1,61.6,56.6,9.6,33.8,47.6,18.6,14.4,0.221,NORMAL,False,6.5,23.18,22.68,22.75,21.61,23.41,23.03
2026-06-30 22:00:00,275.7,67.3,55.9,9.5,29.3,47.2,18.6,48.0,0.21,NORMAL,False,6.5,23.73,23.72,22.61,22.16,22.91,21.44
2026-06-30 22:15:00,272.6,57.0,55.7,9.4,36.8,47.1,18.6,48.0,0.208,NORMAL,False,6.5,22.64,22.43,22.39,22.07,23.3,22.39
2026-06-30 22:30:00,270.9,56.4,56.9,9.6,33.5,47.8,18.6,48.0,0.226,NORMAL,False,6.5,23.03,23.41,22.65,21.6,23.54,22.89
2026-06-30 22:45:00,278.3,63.9,60.1,10.2,27.8,49.7,18.6,48.0,0.275,NORMAL,False,6.5,23.42,23.1,22.79,22.07,22.78,23.43
2026-06-30 23:00:00,270.9,64.6,55.3,9.4,28.3,46.8,18.6,48.0,0.201,NORMAL,False,6.5,22.96,23.21,22.77,21.86,23.05,22.32
2026-06-30 23:15:00,248.4,53.0,50.0,8.5,26.7,43.7,18.6,48.0,0.121,NORMAL,False,6.5,23.07,24.24,23.07,21.35,23.51,22.88
2026-06-30 23:30:00,276.1,62.2,56.0,9.5,34.7,47.3,18.6,48.0,0.212,NORMAL,False,6.5,24.05,22.84,23.54,21.38,21.87,22.94
2026-06-30 23:45:00,265.7,55.1,56.6,9.6,30.2,47.6,18.6,48.0,0.221,NORMAL,False,6.5,23.36,22.94,22.65,21.53,23.37,21.66
