timestamp,zone_id,occupancy_band,temperature_c
2026-06-01 00:00:00,PRODUCTION,LOW,22.67
2026-06-01 00:00:00,WAREHOUSE,LOW,23.42
2026-06-01 00:00:00,OFFICE_A,LOW,23.16
2026-06-01 00:00:00,CONTROL_ROOM,LOW,20.72
2026-06-01 00:00:00,UTILITY,LOW,22.9
2026-06-01 00:00:00,BATTERY_FLEX,LOW,22.61
2026-06-01 00:15:00,PRODUCTION,LOW,23.59
2026-06-01 00:15:00,WAREHOUSE,LOW,23.43
2026-06-01 00:15:00,OFFICE_A,LOW,22.68
2026-06-01 00:15:00,CONTROL_ROOM,LOW,22.21
2026-06-01 00:15:00,UTILITY,LOW,23.77
2026-06-01 00:15:00,BATTERY_FLEX,LOW,22.11
2026-06-01 00:30:00,PRODUCTION,LOW,23.19
2026-06-01 00:30:00,WAREHOUSE,LOW,22.96
2026-06-01 00:30:00,OFFICE_A,LOW,22.37
2026-06-01 00:30:00,CONTROL_ROOM,LOW,22.32
2026-06-01 00:30:00,UTILITY,LOW,23.48
2026-06-01 00:30:00,BATTERY_FLEX,LOW,22.34
2026-06-01 00:45:00,PRODUCTION,LOW,23.4
2026-06-01 00:45:00,WAREHOUSE,LOW,23.26
2026-06-01 00:45:00,OFFICE_A,LOW,23.76
2026-06-01 00:45:00,CONTROL_ROOM,LOW,21.49
2026-06-01 00:45:00,UTILITY,LOW,23.29
2026-06-01 00:45:00,BATTERY_FLEX,LOW,22.14
2026-06-01 01:00:00,PRODUCTION,LOW,22.76
2026-06-01 01:00:00,WAREHOUSE,LOW,22.63
2026-06-01 01:00:00,OFFICE_A,LOW,23.0
2026-06-01 01:00:00,CONTROL_ROOM,LOW,22.05
2026-06-01 01:00:00,UTILITY,LOW,23.82
2026-06-01 01:00:00,BATTERY_FLEX,LOW,22.21
2026-06-01 01:15:00,PRODUCTION,LOW,23.62
2026-06-01 01:15:00,WAREHOUSE,LOW,23.16
2026-06-01 01:15:00,OFFICE_A,LOW,23.03
2026-06-01 01:15:00,CONTROL_ROOM,LOW,21.72
2026-06-01 01:15:00,UTILITY,LOW,23.69
2026-06-01 01:15:00,BATTERY_FLEX,LOW,22.86
2026-06-01 01:30:00,PRODUCTION,LOW,22.84
2026-06-01 01:30:00,WAREHOUSE,LOW,22.9
2026-06-01 01:30:00,OFFICE_A,LOW,23.41
2026-06-01 01:30:00,CONTROL_ROOM,LOW,21.23
2026-06-01 01:30:00,UTILITY,LOW,24.02
2026-06-01 01:30:00,BATTERY_FLEX,LOW,21.7
2026-06-01 01:45:00,PRODUCTION,LOW,23.56
2026-06-01 01:45:00,WAREHOUSE,LOW,23.45
2026-06-01 01:45:00,OFFICE_A,LOW,22.53
2026-06-01 01:45:00,CONTROL_ROOM,LOW,21.47
2026-06-01 01:45:00,UTILITY,LOW,23.98
2026-06-01 01:45:00,BATTERY_FLEX,LOW,22.45
2026-06-01 02:00:00,PRODUCTION,LOW,23.4
2026-06-01 02:00:00,WAREHOUSE,LOW,23.11
2026-06-01 02:00:00,OFFICE_A,LOW,22.99
2026-06-01 02:00:00,CONTROL_ROOM,LOW,21.43
2026-06-01 02:00:00,UTILITY,LOW,23.62
2026-06-01 02:00:00,BATTERY_FLEX,LOW,22.85
2026-06-01 02:15:00,PRODUCTION,LOW,22.97
2026-06-01 02:15:00,WAREHOUSE,LOW,22.85
2026-06-01 02:15:00,OFFICE_A,LOW,22.06
2026-06-01 02:15:00,CONTROL_ROOM,LOW,21.9
2026-06-01 02:15:00,UTILITY,LOW,23.3
2026-06-01 02:15:00,BATTERY_FLEX,LOW,22.55
2026-06-01 02:30:00,PRODUCTION,LOW,23.15
2026-06-01 02:30:00,WAREHOUSE,LOW,22.84
2026-06-01 02:30:00,OFFICE_A,LOW,22.66
2026-06-01 02:30:00,CONTROL_ROOM,LOW,20.86
2026-06-01 02:30:00,UTILITY,LOW,22.83
2026-06-01 02:30:00,BATTERY_FLEX,LOW,21.89
2026-06-01 02:45:00,PRODUCTION,LOW,22.96
2026-06-01 02:45:00,WAREHOUSE,LOW,23.69
2026-06-01 02:45:00,OFFICE_A,LOW,22.47
2026-06-01 02:45:00,CONTROL_ROOM,LOW,22.02
2026-06-01 02:45:00,UTILITY,LOW,23.07
2026-06-01 02:45:00,BATTERY_FLEX,LOW,22.43
2026-06-01 03:00:00,PRODUCTION,LOW,22.35
2026-06-01 03:00:00,WAREHOUSE,LOW,23.27
2026-06-01 03:00:00,OFFICE_A,LOW,22.83
2026-06-01 03:00:00,CONTROL_ROOM,LOW,21.41
2026-06-01 03:00:00,UTILITY,LOW,22.83
2026-06-01 03:00:00,BATTERY_FLEX,LOW,22.59
2026-06-01 03:15:00,PRODUCTION,LOW,23.98
2026-06-01 03:15:00,WAREHOUSE,LOW,22.93
2026-06-01 03:15:00,OFFICE_A,LOW,22.17
2026-06-01 03:15:00,CONTROL_ROOM,LOW,21.77
2026-06-01 03:15:00,UTILITY,LOW,23.66
2026-06-01 03:15:00,BATTERY_FLEX,LOW,23.22
2026-06-01 03:30:00,PRODUCTION,LOW,22.64
2026-06-01 03:30:00,WAREHOUSE,LOW,22.74
2026-06-01 03:30:00,OFFICE_A,LOW,22.27
2026-06-01 03:30:00,CONTROL_ROOM,LOW,21.54
2026-06-01 03:30:00,UTILITY,LOW,22.87
2026-06-01 03:30:00,BATTERY_FLEX,LOW,22.88
2026-06-01 03:45:00,PRODUCTION,LOW,23.3
2026-06-01 03:45:00,WAREHOUSE,LOW,23.45
2026-06-01 03:45:00,OFFICE_A,LOW,23.64
2026-06-01 03:45:00,CONTROL_ROOM,LOW,23.1
2026-06-01 03:45:00,UTILITY,LOW,23.74
2026-06-01 03:45:00,BATTERY_FLEX,LOW,22.04
2026-06-01 04:00:00,PRODUCTION,LOW,22.94
2026-06-01 04:00:00,WAREHOUSE,LOW,22.73
2026-06-01 04:00:00,OFFICE_A,LOW,22.58
2026-06-01 04:00:00,CONTROL_ROOM,LOW,22.18
2026-06-01 04:00:00,UTILITY,LOW,23.62
2026-06-01 04:00:00,BATTERY_FLEX,LOW,22.46
2026-06-01 04:15:00,PRODUCTION,LOW,23.14
2026-06-01 04:15:00,WAREHOUSE,LOW,23.92
2026-06-01 04:15:00,OFFICE_A,LOW,22.73
2026-06-01 04:15:00,CONTROL_ROOM,LOW,22.15
2026-06-01 04:15:00,UTILITY,LOW,23.29
2026-06-01 04:15:00,BATTERY_FLEX,LOW,21.95
2026-06-01 04:30:00,PRODUCTION,LOW,22.85
2026-06-01 04:30:00,WAREHOUSE,LOW,23.48
2026-06-01 04:30:00,OFFICE_A,LOW,22.31
2026-06-01 04:30:00,CONTROL_ROOM,LOW,22.22
2026-06-01 04:30:00,UTILITY,LOW,23.76
2026-06-01 04:30:00,BATTERY_FLEX,LOW,22.49
2026-06-01 04:45:00,PRODUCTION,LOW,22.97
2026-06-01 04:45:00,WAREHOUSE,LOW,22.44
2026-06-01 04:45:00,OFFICE_A,LOW,22.06
2026-06-01 04:45:00,CONTROL_ROOM,LOW,21.78
2026-06-01 04:45:00,UTILITY,LOW,24.34
2026-06-01 04:45:00,BATTERY_FLEX,LOW,22.63
2026-06-01 05:00:00,PRODUCTION,LOW,23.34
2026-06-01 05:00:00,WAREHOUSE,LOW,22.85
2026-06-01 05:00:00,OFFICE_A,LOW,23.28
2026-06-01 05:00:00,CONTROL_ROOM,LOW,21.94
2026-06-01 05:00:00,UTILITY,LOW,24.32
2026-06-01 05:00:00,BATTERY_FLEX,LOW,22.65
2026-06-01 05:15:00,PRODUCTION,LOW,24.1
2026-06-01 05:15:00,WAREHOUSE,LOW,22.97
2026-06-01 05:15:00,OFFICE_A,LOW,22.55
2026-06-01 05:15:00,CONTROL_ROOM,LOW,22.47
2026-06-01 05:15:00,UTILITY,LOW,23.01
2026-06-01 05:15:00,BATTERY_FLEX,LOW,22.11
2026-06-01 05:30:00,PRODUCTION,LOW,23.1
2026-06-01 05:30:00,WAREHOUSE,LOW,23.21
2026-06-01 05:30:00,OFFICE_A,LOW,23.38
2026-06-01 05:30:00,CONTROL_ROOM,LOW,21.73
2026-06-01 05:30:00,UTILITY,LOW,23.87
2026-06-01 05:30:00,BATTERY_FLEX,LOW,21.52
2026-06-01 05:45:00,PRODUCTION,LOW,22.7
2026-06-01 05:45:00,WAREHOUSE,LOW,22.87
2026-06-01 05:45:00,OFFICE_A,LOW,23.09
2026-06-01 05:45:00,CONTROL_ROOM,LOW,20.97
2026-06-01 05:45:00,UTILITY,LOW,23.55
2026-06-01 05:45:00,BATTERY_FLEX,LOW,22.29
2026-06-01 06:00:00,PRODUCTION,LOW,23.87
2026-06-01 06:00:00,WAREHOUSE,LOW,22.97
2026-06-01 06:00:00,OFFICE_A,LOW,22.35
2026-06-01 06:00:00,CONTROL_ROOM,LOW,21.59
2026-06-01 06:00:00,UTILITY,LOW,23.67
2026-06-01 06:00:00,BATTERY_FLEX,LOW,22.64
2026-06-01 06:15:00,PRODUCTION,LOW,24.5
2026-06-01 06:15:00,WAREHOUSE,LOW,24.0
2026-06-01 06:15:00,OFFICE_A,LOW,22.32
2026-06-01 06:15:00,CONTROL_ROOM,LOW,21.6
2026-06-01 06:15:00,UTILITY,LOW,22.83
2026-06-01 06:15:00,BATTERY_FLEX,LOW,22.27
2026-06-01 06:30:00,PRODUCTION,LOW,22.94
2026-06-01 06:30:00,WAREHOUSE,LOW,21.99
2026-06-01 06:30:00,OFFICE_A,LOW,22.68
2026-06-01 06:30:00,CONTROL_ROOM,LOW,21.23
2026-06-01 06:30:00,UTILITY,LOW,23.3
2026-06-01 06:30:00,BATTERY_FLEX,LOW,22.13
2026-06-01 06:45:00,PRODUCTION,LOW,24.36
2026-06-01 06:45:00,WAREHOUSE,LOW,22.43
2026-06-01 06:45:00,OFFICE_A,LOW,22.24
2026-06-01 06:45:00,CONTROL_ROOM,LOW,22.71
2026-06-01 06:45:00,UTILITY,LOW,25.03
2026-06-01 06:45:00,BATTERY_FLEX,LOW,21.99
2026-06-01 07:00:00,PRODUCTION,MEDIUM,22.97
2026-06-01 07:00:00,WAREHOUSE,MEDIUM,22.99
2026-06-01 07:00:00,OFFICE_A,MEDIUM,23.35
2026-06-01 07:00:00,CONTROL_ROOM,MEDIUM,22.18
2026-06-01 07:00:00,UTILITY,MEDIUM,23.43
2026-06-01 07:00:00,BATTERY_FLEX,MEDIUM,22.55
2026-06-01 07:15:00,PRODUCTION,MEDIUM,23.56
2026-06-01 07:15:00,WAREHOUSE,MEDIUM,22.83
2026-06-01 07:15:00,OFFICE_A,MEDIUM,23.18
2026-06-01 07:15:00,CONTROL_ROOM,MEDIUM,22.45
2026-06-01 07:15:00,UTILITY,MEDIUM,23.69
2026-06-01 07:15:00,BATTERY_FLEX,MEDIUM,22.79
2026-06-01 07:30:00,PRODUCTION,MEDIUM,23.64
2026-06-01 07:30:00,WAREHOUSE,MEDIUM,23.07
2026-06-01 07:30:00,OFFICE_A,MEDIUM,24.03
2026-06-01 07:30:00,CONTROL_ROOM,MEDIUM,22.77
2026-06-01 07:30:00,UTILITY,MEDIUM,23.81
2026-06-01 07:30:00,BATTERY_FLEX,MEDIUM,22.24
2026-06-01 07:45:00,PRODUCTION,MEDIUM,23.81
2026-06-01 07:45:00,WAREHOUSE,MEDIUM,22.27
2026-06-01 07:45:00,OFFICE_A,MEDIUM,23.54
2026-06-01 07:45:00,CONTROL_ROOM,MEDIUM,22.3
2026-06-01 07:45:00,UTILITY,MEDIUM,23.09
2026-06-01 07:45:00,BATTERY_FLEX,MEDIUM,22.41
2026-06-01 08:00:00,PRODUCTION,MEDIUM,23.56
2026-06-01 08:00:00,WAREHOUSE,MEDIUM,23.03
2026-06-01 08:00:00,OFFICE_A,MEDIUM,23.19
2026-06-01 08:00:00,CONTROL_ROOM,MEDIUM,22.85
2026-06-01 08:00:00,UTILITY,MEDIUM,22.37
2026-06-01 08:00:00,BATTERY_FLEX,MEDIUM,22.53
2026-06-01 08:15:00,PRODUCTION,MEDIUM,22.78
2026-06-01 08:15:00,WAREHOUSE,MEDIUM,23.33
2026-06-01 08:15:00,OFFICE_A,MEDIUM,24.03
2026-06-01 08:15:00,CONTROL_ROOM,MEDIUM,21.39
2026-06-01 08:15:00,UTILITY,MEDIUM,24.1
2026-06-01 08:15:00,BATTERY_FLEX,MEDIUM,22.5
2026-06-01 08:30:00,PRODUCTION,MEDIUM,24.37
2026-06-01 08:30:00,WAREHOUSE,MEDIUM,23.47
2026-06-01 08:30:00,OFFICE_A,MEDIUM,24.08
2026-06-01 08:30:00,CONTROL_ROOM,MEDIUM,22.81
2026-06-01 08:30:00,UTILITY,MEDIUM,23.9
2026-06-01 08:30:00,BATTERY_FLEX,MEDIUM,23.55
2026-06-01 08:45:00,PRODUCTION,MEDIUM,23.81
2026-06-01 08:45:00,WAREHOUSE,MEDIUM,22.84
2026-06-01 08:45:00,OFFICE_A,MEDIUM,23.77
2026-06-01 08:45:00,CONTROL_ROOM,MEDIUM,21.69
2026-06-01 08:45:00,UTILITY,MEDIUM,24.08
2026-06-01 08:45:00,BATTERY_FLEX,MEDIUM,22.6
2026-06-01 09:00:00,PRODUCTION,HIGH,24.27
2026-06-01 09:00:00,WAREHOUSE,HIGH,22.44
2026-06-01 09:00:00,OFFICE_A,HIGH,23.37
2026-06-01 09:00:00,CONTROL_ROOM,HIGH,21.82
2026-06-01 09:00:00,UTILITY,HIGH,23.47
2026-06-01 09:00:00,BATTERY_FLEX,HIGH,23.48
2026-06-01 09:15:00,PRODUCTION,MEDIUM,23.84
2026-06-01 09:15:00,WAREHOUSE,MEDIUM,22.6
2026-06-01 09:15:00,OFFICE_A,MEDIUM,22.99
2026-06-01 09:15:00,CONTROL_ROOM,MEDIUM,22.48
2026-06-01 09:15:00,UTILITY,MEDIUM,24.28
2026-06-01 09:15:00,BATTERY_FLEX,MEDIUM,23.01
2026-06-01 09:30:00,PRODUCTION,HIGH,24.09
2026-06-01 09:30:00,WAREHOUSE,HIGH,24.03
2026-06-01 09:30:00,OFFICE_A,HIGH,22.35
2026-06-01 09:30:00,CONTROL_ROOM,HIGH,22.09
2026-06-01 09:30:00,UTILITY,HIGH,24.02
2026-06-01 09:30:00,BATTERY_FLEX,HIGH,21.93
2026-06-01 09:45:00,PRODUCTION,HIGH,23.65
2026-06-01 09:45:00,WAREHOUSE,HIGH,23.64
2026-06-01 09:45:00,OFFICE_A,HIGH,23.96
2026-06-01 09:45:00,CONTROL_ROOM,HIGH,22.55
2026-06-01 09:45:00,UTILITY,HIGH,23.85
2026-06-01 09:45:00,BATTERY_FLEX,HIGH,22.87
2026-06-01 10:00:00,PRODUCTION,HIGH,24.11
2026-06-01 10:00:00,WAREHOUSE,HIGH,23.73
2026-06-01 10:00:00,OFFICE_A,HIGH,22.89
2026-06-01 10:00:00,CONTROL_ROOM,HIGH,22.35
2026-06-01 10:00:00,UTILITY,HIGH,24.47
2026-06-01 10:00:00,BATTERY_FLEX,HIGH,22.36
2026-06-01 10:15:00,PRODUCTION,HIGH,23.98
2026-06-01 10:15:00,WAREHOUSE,HIGH,23.91
2026-06-01 10:15:00,OFFICE_A,HIGH,23.9
2026-06-01 10:15:00,CONTROL_ROOM,HIGH,22.89
2026-06-01 10:15:00,UTILITY,HIGH,24.02
2026-06-01 10:15:00,BATTERY_FLEX,HIGH,23.91
2026-06-01 10:30:00,PRODUCTION,HIGH,23.79
2026-06-01 10:30:00,WAREHOUSE,HIGH,23.31
2026-06-01 10:30:00,OFFICE_A,HIGH,24.17
2026-06-01 10:30:00,CONTROL_ROOM,HIGH,21.72
2026-06-01 10:30:00,UTILITY,HIGH,23.13
2026-06-01 10:30:00,BATTERY_FLEX,HIGH,21.95
2026-06-01 10:45:00,PRODUCTION,HIGH,24.14
2026-06-01 10:45:00,WAREHOUSE,HIGH,22.54
2026-06-01 10:45:00,OFFICE_A,HIGH,22.34
2026-06-01 10:45:00,CONTROL_ROOM,HIGH,22.53
2026-06-01 10:45:00,UTILITY,HIGH,23.51
2026-06-01 10:45:00,BATTERY_FLEX,HIGH,22.98
2026-06-01 11:00:00,PRODUCTION,HIGH,24.14
2026-06-01 11:00:00,WAREHOUSE,HIGH,23.52
2026-06-01 11:00:00,OFFICE_A,HIGH,23.18
2026-06-01 11:00:00,CONTROL_ROOM,HIGH,22.44
2026-06-01 11:00:00,UTILITY,HIGH,23.86
2026-06-01 11:00:00,BATTERY_FLEX,HIGH,23.17
2026-06-01 11:15:00,PRODUCTION,HIGH,23.95
2026-06-01 11:15:00,WAREHOUSE,HIGH,23.67
2026-06-01 11:15:00,OFFICE_A,HIGH,22.51
2026-06-01 11:15:00,CONTROL_ROOM,HIGH,21.86
2026-06-01 11:15:00,UTILITY,HIGH,23.01
2026-06-01 11:15:00,BATTERY_FLEX,HIGH,21.59
2026-06-01 11:30:00,PRODUCTION,HIGH,24.13
2026-06-01 11:30:00,WAREHOUSE,HIGH,23.8
2026-06-01 11:30:00,OFFICE_A,HIGH,24.19
2026-06-01 11:30:00,CONTROL_ROOM,HIGH,22.5
2026-06-01 11:30:00,UTILITY,HIGH,24.43
2026-06-01 11:30:00,BATTERY_FLEX,HIGH,22.8
2026-06-01 11:45:00,PRODUCTION,HIGH,23.56
2026-06-01 11:45:00,WAREHOUSE,HIGH,23.07
2026-06-01 11:45:00,OFFICE_A,HIGH,23.91
2026-06-01 11:45:00,CONTROL_ROOM,HIGH,23.37
2026-06-01 11:45:00,UTILITY,HIGH,23.06
2026-06-01 11:45:00,BATTERY_FLEX,HIGH,22.95
2026-06-01 12:00:00,PRODUCTION,HIGH,23.1
2026-06-01 12:00:00,WAREHOUSE,HIGH,23.72
2026-06-01 12:00:00,OFFICE_A,HIGH,23.21
2026-06-01 12:00:00,CONTROL_ROOM,HIGH,22.25
2026-06-01 12:00:00,UTILITY,HIGH,23.22
2026-06-01 12:00:00,BATTERY_FLEX,HIGH,22.43
2026-06-01 12:15:00,PRODUCTION,HIGH,24.21
2026-06-01 12:15:00,WAREHOUSE,HIGH,23.92
2026-06-01 12:15:00,OFFICE_A,HIGH,23.36
2026-06-01 12:15:00,CONTROL_ROOM,HIGH,21.79
2026-06-01 12:15:00,UTILITY,HIGH,24.29
2026-06-01 12:15:00,BATTERY_FLEX,HIGH,22.59
2026-06-01 12:30:00,PRODUCTION,HIGH,24.19
2026-06-01 12:30:00,WAREHOUSE,HIGH,24.23
2026-06-01 12:30:00,OFFICE_A,HIGH,24.55
2026-06-01 12:30:00,CONTROL_ROOM,HIGH,22.55
2026-06-01 12:30:00,UTILITY,HIGH,23.83
2026-06-01 12:30:00,BATTERY_FLEX,HIGH,23.29
2026-06-01 12:45:00,PRODUCTION,HIGH,24.18
2026-06-01 12:45:00,WAREHOUSE,HIGH,22.84
2026-06-01 12:45:00,OFFICE_A,HIGH,22.72
2026-06-01 12:45:00,CONTROL_ROOM,HIGH,21.48
2026-06-01 12:45:00,UTILITY,HIGH,23.2
2026-06-01 12:45:00,BATTERY_FLEX,HIGH,22.53
2026-06-01 13:00:00,PRODUCTION,HIGH,23.58
2026-06-01 13:00:00,WAREHOUSE,HIGH,23.44
2026-06-01 13:00:00,OFFICE_A,HIGH,23.36
2026-06-01 13:00:00,CONTROL_ROOM,HIGH,22.42
2026-06-01 13:00:00,UTILITY,HIGH,23.86
2026-06-01 13:00:00,BATTERY_FLEX,HIGH,23.07
2026-06-01 13:15:00,PRODUCTION,HIGH,23.98
2026-06-01 13:15:00,WAREHOUSE,HIGH,24.54
2026-06-01 13:15:00,OFFICE_A,HIGH,23.59
2026-06-01 13:15:00,CONTROL_ROOM,HIGH,23.2
2026-06-01 13:15:00,UTILITY,HIGH,23.79
2026-06-01 13:15:00,BATTERY_FLEX,HIGH,23.04
2026-06-01 13:30:00,PRODUCTION,HIGH,24.21
2026-06-01 13:30:00,WAREHOUSE,HIGH,22.82
2026-06-01 13:30:00,OFFICE_A,HIGH,23.82
2026-06-01 13:30:00,CONTROL_ROOM,HIGH,23.03
2026-06-01 13:30:00,UTILITY,HIGH,23.93
2026-06-01 13:30:00,BATTERY_FLEX,HIGH,22.6
2026-06-01 13:45:00,PRODUCTION,HIGH,23.14
2026-06-01 13:45:00,WAREHOUSE,HIGH,23.1
2026-06-01 13:45:00,OFFICE_A,HIGH,22.56
2026-06-01 13:45:00,CONTROL_ROOM,HIGH,21.81
2026-06-01 13:45:00,UTILITY,HIGH,24.45
2026-06-01 13:45:00,BATTERY_FLEX,HIGH,23.21
2026-06-01 14:00:00,PRODUCTION,HIGH,23.7
2026-06-01 14:00:00,WAREHOUSE,HIGH,24.45
2026-06-01 14:00:00,OFFICE_A,HIGH,23.69
2026-06-01 14:00:00,CONTROL_ROOM,HIGH,22.19
2026-06-01 14:00:00,UTILITY,HIGH,23.98
2026-06-01 14:00:00,BATTERY_FLEX,HIGH,21.96
2026-06-01 14:15:00,PRODUCTION,HIGH,24.48
2026-06-01 14:15:00,WAREHOUSE,HIGH,23.44
2026-06-01 14:15:00,OFFICE_A,HIGH,23.92
2026-06-01 14:15:00,CONTROL_ROOM,HIGH,22.24
2026-06-01 14:15:00,UTILITY,HIGH,24.22
2026-06-01 14:15:00,BATTERY_FLEX,HIGH,23.59
2026-06-01 14:30:00,PRODUCTION,HIGH,24.05
2026-06-01 14:30:00,WAREHOUSE,HIGH,23.99
2026-06-01 14:30:00,OFFICE_A,HIGH,23.42
2026-06-01 14:30:00,CONTROL_ROOM,HIGH,23.37
2026-06-01 14:30:00,UTILITY,HIGH,23.85
2026-06-01 14:30:00,BATTERY_FLEX,HIGH,22.92
2026-06-01 14:45:00,PRODUCTION,HIGH,23.85
2026-06-01 14:45:00,WAREHOUSE,HIGH,23.49
2026-06-01 14:45:00,OFFICE_A,HIGH,22.79
2026-06-01 14:45:00,CONTROL_ROOM,HIGH,22.89
2026-06-01 14:45:00,UTILITY,HIGH,23.5
2026-06-01 14:45:00,BATTERY_FLEX,HIGH,23.34
2026-06-01 15:00:00,PRODUCTION,HIGH,23.64
2026-06-01 15:00:00,WAREHOUSE,HIGH,23.39
2026-06-01 15:00:00,OFFICE_A,HIGH,23.46
2026-06-01 15:00:00,CONTROL_ROOM,HIGH,22.42
2026-06-01 15:00:00,UTILITY,HIGH,23.68
2026-06-01 15:00:00,BATTERY_FLEX,HIGH,22.86
2026-06-01 15:15:00,PRODUCTION,HIGH,24.34
2026-06-01 15:15:00,WAREHOUSE,HIGH,23.56
2026-06-01 15:15:00,OFFICE_A,HIGH,23.79
2026-06-01 15:15:00,CONTROL_ROOM,HIGH,23.66
2026-06-01 15:15:00,UTILITY,HIGH,23.74
2026-06-01 15:15:00,BATTERY_FLEX,HIGH,22.63
2026-06-01 15:30:00,PRODUCTION,HIGH,23.64
2026-06-01 15:30:00,WAREHOUSE,HIGH,23.24
2026-06-01 15:30:00,OFFICE_A,HIGH,23.75
2026-06-01 15:30:00,CONTROL_ROOM,HIGH,22.61
2026-06-01 15:30:00,UTILITY,HIGH,23.39
2026-06-01 15:30:00,BATTERY_FLEX,HIGH,23.22
2026-06-01 15:45:00,PRODUCTION,HIGH,24.39
2026-06-01 15:45:00,WAREHOUSE,HIGH,23.37
2026-06-01 15:45:00,OFFICE_A,HIGH,22.89
2026-06-01 15:45:00,CONTROL_ROOM,HIGH,22.58
2026-06-01 15:45:00,UTILITY,HIGH,23.91
2026-06-01 15:45:00,BATTERY_FLEX,HIGH,22.33
2026-06-01 16:00:00,PRODUCTION,HIGH,24.82
2026-06-01 16:00:00,WAREHOUSE,HIGH,23.17
2026-06-01 16:00:00,OFFICE_A,HIGH,23.87
2026-06-01 16:00:00,CONTROL_ROOM,HIGH,21.49
2026-06-01 16:00:00,UTILITY,HIGH,23.22
2026-06-01 16:00:00,BATTERY_FLEX,HIGH,22.65
2026-06-01 16:15:00,PRODUCTION,HIGH,23.61
2026-06-01 16:15:00,WAREHOUSE,HIGH,22.88
2026-06-01 16:15:00,OFFICE_A,HIGH,23.82
2026-06-01 16:15:00,CONTROL_ROOM,HIGH,23.51
2026-06-01 16:15:00,UTILITY,HIGH,23.19
2026-06-01 16:15:00,BATTERY_FLEX,HIGH,22.92
2026-06-01 16:30:00,PRODUCTION,HIGH,23.9
2026-06-01 16:30:00,WAREHOUSE,HIGH,23.02
2026-06-01 16:30:00,OFFICE_A,HIGH,24.02
2026-06-01 16:30:00,CONTROL_ROOM,HIGH,22.73
2026-06-01 16:30:00,UTILITY,HIGH,22.89
2026-06-01 16:30:00,BATTERY_FLEX,HIGH,23.04
2026-06-01 16:45:00,PRODUCTION,HIGH,23.83
2026-06-01 16:45:00,WAREHOUSE,HIGH,23.56
2026-06-01 16:45:00,OFFICE_A,HIGH,24.03
2026-06-01 16:45:00,CONTROL_ROOM,HIGH,22.87
2026-06-01 16:45:00,UTILITY,HIGH,22.94
2026-06-01 16:45:00,BATTERY_FLEX,HIGH,23.06
2026-06-01 17:00:00,PRODUCTION,HIGH,24.31
2026-06-01 17:00:00,WAREHOUSE,HIGH,22.87
2026-06-01 17:00:00,OFFICE_A,HIGH,22.95
2026-06-01 17:00:00,CONTROL_ROOM,HIGH,22.95
2026-06-01 17:00:00,UTILITY,HIGH,23.89
2026-06-01 17:00:00,BATTERY_FLEX,HIGH,22.47
2026-06-01 17:15:00,PRODUCTION,HIGH,24.23
2026-06-01 17:15:00,WAREHOUSE,HIGH,22.97
2026-06-01 17:15:00,OFFICE_A,HIGH,23.84
2026-06-01 17:15:00,CONTROL_ROOM,HIGH,22.33
2026-06-01 17:15:00,UTILITY,HIGH,23.57
2026-06-01 17:15:00,BATTERY_FLEX,HIGH,23.46
2026-06-01 17:30:00,PRODUCTION,HIGH,25.39
2026-06-01 17:30:00,WAREHOUSE,HIGH,23.08
2026-06-01 17:30:00,OFFICE_A,HIGH,22.65
2026-06-01 17:30:00,CONTROL_ROOM,HIGH,22.46
2026-06-01 17:30:00,UTILITY,HIGH,23.64
2026-06-01 17:30:00,BATTERY_FLEX,HIGH,22.68
2026-06-01 17:45:00,PRODUCTION,HIGH,23.29
2026-06-01 17:45:00,WAREHOUSE,HIGH,23.61
2026-06-01 17:45:00,OFFICE_A,HIGH,24.56
2026-06-01 17:45:00,CONTROL_ROOM,HIGH,22.62
2026-06-01 17:45:00,UTILITY,HIGH,23.59
2026-06-01 17:45:00,BATTERY_FLEX,HIGH,22.69
2026-06-01 18:00:00,PRODUCTION,HIGH,23.79
2026-06-01 18:00:00,WAREHOUSE,HIGH,24.17
2026-06-01 18:00:00,OFFICE_A,HIGH,23.39
2026-06-01 18:00:00,CONTROL_ROOM,HIGH,23.31
2026-06-01 18:00:00,UTILITY,HIGH,23.19
2026-06-01 18:00:00,BATTERY_FLEX,HIGH,23.04
2026-06-01 18:15:00,PRODUCTION,HIGH,24.55
2026-06-01 18:15:00,WAREHOUSE,HIGH,23.07
2026-06-01 18:15:00,OFFICE_A,HIGH,22.59
2026-06-01 18:15:00,CONTROL_ROOM,HIGH,22.43
2026-06-01 18:15:00,UTILITY,HIGH,23.28
2026-06-01 18:15:00,BATTERY_FLEX,HIGH,22.56
2026-06-01 18:30:00,PRODUCTION,MEDIUM,24.08
2026-06-01 18:30:00,WAREHOUSE,MEDIUM,22.95
2026-06-01 18:30:00,OFFICE_A,MEDIUM,22.05
2026-06-01 18:30:00,CONTROL_ROOM,MEDIUM,22.73
2026-06-01 18:30:00,UTILITY,MEDIUM,23.84
2026-06-01 18:30:00,BATTERY_FLEX,MEDIUM,22.35
2026-06-01 18:45:00,PRODUCTION,HIGH,25.06
2026-06-01 18:45:00,WAREHOUSE,HIGH,23.43
2026-06-01 18:45:00,OFFICE_A,HIGH,23.56
2026-06-01 18:45:00,CONTROL_ROOM,HIGH,22.28
2026-06-01 18:45:00,UTILITY,HIGH,24.12
2026-06-01 18:45:00,BATTERY_FLEX,HIGH,23.03
2026-06-01 19:00:00,PRODUCTION,MEDIUM,23.55
2026-06-01 19:00:00,WAREHOUSE,MEDIUM,23.59
2026-06-01 19:00:00,OFFICE_A,MEDIUM,24.04
2026-06-01 19:00:00,CONTROL_ROOM,MEDIUM,22.06
2026-06-01 19:00:00,UTILITY,MEDIUM,23.49
2026-06-01 19:00:00,BATTERY_FLEX,MEDIUM,22.86
2026-06-01 19:15:00,PRODUCTION,MEDIUM,23.27
2026-06-01 19:15:00,WAREHOUSE,MEDIUM,22.78
2026-06-01 19:15:00,OFFICE_A,MEDIUM,22.03
2026-06-01 19:15:00,CONTROL_ROOM,MEDIUM,21.71
2026-06-01 19:15:00,UTILITY,MEDIUM,23.21
2026-06-01 19:15:00,BATTERY_FLEX,MEDIUM,22.57
2026-06-01 19:30:00,PRODUCTION,MEDIUM,23.66
2026-06-01 19:30:00,WAREHOUSE,MEDIUM,23.7
2026-06-01 19:30:00,OFFICE_A,MEDIUM,22.7
2026-06-01 19:30:00,CONTROL_ROOM,MEDIUM,21.74
2026-06-01 19:30:00,UTILITY,MEDIUM,23.95
2026-06-01 19:30:00,BATTERY_FLEX,MEDIUM,22.56
2026-06-01 19:45:00,PRODUCTION,MEDIUM,23.19
2026-06-01 19:45:00,WAREHOUSE,MEDIUM,23.17
2026-06-01 19:45:00,OFFICE_A,MEDIUM,23.11
2026-06-01 19:45:00,CONTROL_ROOM,MEDIUM,21.6
2026-06-01 19:45:00,UTILITY,MEDIUM,22.9
2026-06-01 19:45:00,BATTERY_FLEX,MEDIUM,23.02
2026-06-01 20:00:00,PRODUCTION,MEDIUM,24.21
2026-06-01 20:00:00,WAREHOUSE,MEDIUM,22.02
2026-06-01 20:00:00,OFFICE_A,MEDIUM,22.39
2026-06-01 20:00:00,CONTROL_ROOM,MEDIUM,21.68
2026-06-01 20:00:00,UTILITY,MEDIUM,24.39
2026-06-01 20:00:00,BATTERY_FLEX,MEDIUM,22.8
2026-06-01 20:15:00,PRODUCTION,MEDIUM,23.79
2026-06-01 20:15:00,WAREHOUSE,MEDIUM,23.17
2026-06-01 20:15:00,OFFICE_A,MEDIUM,23.34
2026-06-01 20:15:00,CONTROL_ROOM,MEDIUM,21.97
2026-06-01 20:15:00,UTILITY,MEDIUM,23.78
2026-06-01 20:15:00,BATTERY_FLEX,MEDIUM,22.72
2026-06-01 20:30:00,PRODUCTION,MEDIUM,22.38
2026-06-01 20:30:00,WAREHOUSE,MEDIUM,23.63
2026-06-01 20:30:00,OFFICE_A,MEDIUM,23.6
2026-06-01 20:30:00,CONTROL_ROOM,MEDIUM,21.49
2026-06-01 20:30:00,UTILITY,MEDIUM,22.7
2026-06-01 20:30:00,BATTERY_FLEX,MEDIUM,22.68
2026-06-01 20:45:00,PRODUCTION,MEDIUM,23.35
2026-06-01 20:45:00,WAREHOUSE,MEDIUM,22.69
2026-06-01 20:45:00,OFFICE_A,MEDIUM,23.05
2026-06-01 20:45:00,CONTROL_ROOM,MEDIUM,21.89
2026-06-01 20:45:00,UTILITY,MEDIUM,23.13
2026-06-01 20:45:00,BATTERY_FLEX,MEDIUM,23.66
2026-06-01 21:00:00,PRODUCTION,LOW,23.63
2026-06-01 21:00:00,WAREHOUSE,LOW,23.37
2026-06-01 21:00:00,OFFICE_A,LOW,22.93
2026-06-01 21:00:00,CONTROL_ROOM,LOW,22.33
2026-06-01 21:00:00,UTILITY,LOW,23.87
2026-06-01 21:00:00,BATTERY_FLEX,LOW,22.92
2026-06-01 21:15:00,PRODUCTION,LOW,23.22
2026-06-01 21:15:00,WAREHOUSE,LOW,22.77
2026-06-01 21:15:00,OFFICE_A,LOW,22.04
2026-06-01 21:15:00,CONTROL_ROOM,LOW,22.52
2026-06-01 21:15:00,UTILITY,LOW,24.41
2026-06-01 21:15:00,BATTERY_FLEX,LOW,23.22
2026-06-01 21:30:00,PRODUCTION,LOW,23.34
2026-06-01 21:30:00,WAREHOUSE,LOW,22.51
2026-06-01 21:30:00,OFFICE_A,LOW,22.94
2026-06-01 21:30:00,CONTROL_ROOM,LOW,21.77
2026-06-01 21:30:00,UTILITY,LOW,22.91
2026-06-01 21:30:00,BATTERY_FLEX,LOW,22.53
2026-06-01 21:45:00,PRODUCTION,LOW,23.28
2026-06-01 21:45:00,WAREHOUSE,LOW,23.19
2026-06-01 21:45:00,OFFICE_A,LOW,22.79
2026-06-01 21:45:00,CONTROL_ROOM,LOW,21.67
2026-06-01 21:45:00,UTILITY,LOW,23.03
2026-06-01 21:45:00,BATTERY_FLEX,LOW,22.49
2026-06-01 22:00:00,PRODUCTION,LOW,23.45
2026-06-01 22:00:00,WAREHOUSE,LOW,22.17
2026-06-01 22:00:00,OFFICE_A,LOW,22.7
2026-06-01 22:00:00,CONTROL_ROOM,LOW,22.26
2026-06-01 22:00:00,UTILITY,LOW,24.09
2026-06-01 22:00:00,BATTERY_FLEX,LOW,23.08
2026-06-01 22:15:00,PRODUCTION,LOW,23.37
2026-06-01 22:15:00,WAREHOUSE,LOW,23.24
2026-06-01 22:15:00,OFFICE_A,LOW,23.34
2026-06-01 22:15:00,CONTROL_ROOM,LOW,22.25
2026-06-01 22:15:00,UTILITY,LOW,23.48
2026-06-01 22:15:00,BATTERY_FLEX,LOW,21.93
2026-06-01 22:30:00,PRODUCTION,LOW,22.94
2026-06-01 22:30:00,WAREHOUSE,LOW,23.18
2026-06-01 22:30:00,OFFICE_A,LOW,22.48
2026-06-01 22:30:00,CONTROL_ROOM,LOW,21.42
2026-06-01 22:30:00,UTILITY,LOW,23.71
2026-06-01 22:30:00,BATTERY_FLEX,LOW,22.36
2026-06-01 22:45:00,PRODUCTION,LOW,22.96
2026-06-01 22:45:00,WAREHOUSE,LOW,23.77
2026-06-01 22:45:00,OFFICE_A,LOW,22.12
2026-06-01 22:45:00,CONTROL_ROOM,LOW,20.64
2026-06-01 22:45:00,UTILITY,LOW,22.62
2026-06-01 22:45:00,BATTERY_FLEX,LOW,22.56
2026-06-01 23:00:00,PRODUCTION,LOW,21.95
2026-06-01 23:00:00,WAREHOUSE,LOW,23.27
2026-06-01 23:00:00,OFFICE_A,LOW,23.56
2026-06-01 23:00:00,CONTROL_ROOM,LOW,21.22
2026-06-01 23:00:00,UTILITY,LOW,23.38
2026-06-01 23:00:00,BATTERY_FLEX,LOW,22.19
2026-06-01 23:15:00,PRODUCTION,LOW,24.21
2026-06-01 23:15:00,WAREHOUSE,LOW,22.9
2026-06-01 23:15:00,OFFICE_A,LOW,23.74
2026-06-01 23:15:00,CONTROL_ROOM,LOW,21.81
2026-06-01 23:15:00,UTILITY,LOW,24.45
2026-06-01 23:15:00,BATTERY_FLEX,LOW,22.53
2026-06-01 23:30:00,PRODUCTION,LOW,23.78
2026-06-01 23:30:00,WAREHOUSE,LOW,22.73
2026-06-01 23:30:00,OFFICE_A,LOW,23.34
2026-06-01 23:30:00,CONTROL_ROOM,LOW,21.67
2026-06-01 23:30:00,UTILITY,LOW,23.34
2026-06-01 23:30:00,BATTERY_FLEX,LOW,23.04
2026-06-01 23:45:00,PRODUCTION,LOW,23.41
2026-06-01 23:45:00,WAREHOUSE,LOW,23.27
2026-06-01 23:45:00,OFFICE_A,LOW,21.77
2026-06-01 23:45:00,CONTROL_ROOM,LOW,22.07
2026-06-01 23:45:00,UTILITY,LOW,23.07
2026-06-01 23:45:00,BATTERY_FLEX,LOW,21.84
2026-06-02 00:00:00,PRODUCTION,LOW,23.57
2026-06-02 00:00:00,WAREHOUSE,LOW,22.37
2026-06-02 00:00:00,OFFICE_A,LOW,22.45
2026-06-02 00:00:00,CONTROL_ROOM,LOW,21.36
2026-06-02 00:00:00,UTILITY,LOW,23.52
2026-06-02 00:00:00,BATTERY_FLEX,LOW,22.68
2026-06-02 00:15:00,PRODUCTION,LOW,22.24
2026-06-02 00:15:00,WAREHOUSE,LOW,22.07
2026-06-02 00:15:00,OFFICE_A,LOW,22.68
2026-06-02 00:15:00,CONTROL_ROOM,LOW,21.57
2026-06-02 00:15:00,UTILITY,LOW,23.49
2026-06-02 00:15:00,BATTERY_FLEX,LOW,22.53
2026-06-02 00:30:00,PRODUCTION,LOW,22.55
2026-06-02 00:30:00,WAREHOUSE,LOW,22.49
2026-06-02 00:30:00,OFFICE_A,LOW,22.78
2026-06-02 00:30:00,CONTROL_ROOM,LOW,22.26
2026-06-02 00:30:00,UTILITY,LOW,23.32
2026-06-02 00:30:00,BATTERY_FLEX,LOW,21.28
2026-06-02 00:45:00,PRODUCTION,LOW,22.96
2026-06-02 00:45:00,WAREHOUSE,LOW,23.06
2026-06-02 00:45:00,OFFICE_A,LOW,22.5
2026-06-02 00:45:00,CONTROL_ROOM,LOW,22.18
2026-06-02 00:45:00,UTILITY,LOW,23.2
2026-06-02 00:45:00,BATTERY_FLEX,LOW,22.11
2026-06-02 01:00:00,PRODUCTION,LOW,23.25
2026-06-02 01:00:00,WAREHOUSE,LOW,22.97
2026-06-02 01:00:00,OFFICE_A,LOW,23.49
2026-06-02 01:00:00,CONTROL_ROOM,LOW,21.38
2026-06-02 01:00:00,UTILITY,LOW,24.58
2026-06-02 01:00:00,BATTERY_FLEX,LOW,22.44
2026-06-02 01:15:00,PRODUCTION,LOW,22.77
2026-06-02 01:15:00,WAREHOUSE,LOW,23.23
2026-06-02 01:15:00,OFFICE_A,LOW,22.92
2026-06-02 01:15:00,CONTROL_ROOM,LOW,21.33
2026-06-02 01:15:00,UTILITY,LOW,24.03
2026-06-02 01:15:00,BATTERY_FLEX,LOW,23.11
2026-06-02 01:30:00,PRODUCTION,LOW,22.29
2026-06-02 01:30:00,WAREHOUSE,LOW,22.9
2026-06-02 01:30:00,OFFICE_A,LOW,22.3
2026-06-02 01:30:00,CONTROL_ROOM,LOW,21.79
2026-06-02 01:30:00,UTILITY,LOW,23.27
2026-06-02 01:30:00,BATTERY_FLEX,LOW,22.47
2026-06-02 01:45:00,PRODUCTION,LOW,23.08
2026-06-02 01:45:00,WAREHOUSE,LOW,23.09
2026-06-02 01:45:00,OFFICE_A,LOW,22.7
2026-06-02 01:45:00,CONTROL_ROOM,LOW,21.92
2026-06-02 01:45:00,UTILITY,LOW,24.13
2026-06-02 01:45:00,BATTERY_FLEX,LOW,23.37
2026-06-02 02:00:00,PRODUCTION,LOW,23.09
2026-06-02 02:00:00,WAREHOUSE,LOW,23.5
2026-06-02 02:00:00,OFFICE_A,LOW,23.07
2026-06-02 02:00:00,CONTROL_ROOM,LOW,21.74
2026-06-02 02:00:00,UTILITY,LOW,23.98
2026-06-02 02:00:00,BATTERY_FLEX,LOW,22.78
2026-06-02 02:15:00,PRODUCTION,LOW,23.34
2026-06-02 02:15:00,WAREHOUSE,LOW,21.58
2026-06-02 02:15:00,OFFICE_A,LOW,22.86
2026-06-02 02:15:00,CONTROL_ROOM,LOW,19.84
2026-06-02 02:15:00,UTILITY,LOW,22.68
2026-06-02 02:15:00,BATTERY_FLEX,LOW,22.77
2026-06-02 02:30:00,PRODUCTION,LOW,23.84
2026-06-02 02:30:00,WAREHOUSE,LOW,22.8
2026-06-02 02:30:00,OFFICE_A,LOW,23.78
2026-06-02 02:30:00,CONTROL_ROOM,LOW,21.65
2026-06-02 02:30:00,UTILITY,LOW,23.74
2026-06-02 02:30:00,BATTERY_FLEX,LOW,23.35
2026-06-02 02:45:00,PRODUCTION,LOW,23.16
2026-06-02 02:45:00,WAREHOUSE,LOW,22.36
2026-06-02 02:45:00,OFFICE_A,LOW,22.55
2026-06-02 02:45:00,CONTROL_ROOM,LOW,21.3
2026-06-02 02:45:00,UTILITY,LOW,24.01
2026-06-02 02:45:00,BATTERY_FLEX,LOW,22.56
2026-06-02 03:00:00,PRODUCTION,LOW,23.5
2026-06-02 03:00:00,WAREHOUSE,LOW,22.55
2026-06-02 03:00:00,OFFICE_A,LOW,22.17
2026-06-02 03:00:00,CONTROL_ROOM,LOW,22.24
2026-06-02 03:00:00,UTILITY,LOW,23.34
2026-06-02 03:00:00,BATTERY_FLEX,LOW,21.84
2026-06-02 03:15:00,PRODUCTION,LOW,23.24
2026-06-02 03:15:00,WAREHOUSE,LOW,23.4
2026-06-02 03:15:00,OFFICE_A,LOW,22.81
2026-06-02 03:15:00,CONTROL_ROOM,LOW,21.94
2026-06-02 03:15:00,UTILITY,LOW,22.83
2026-06-02 03:15:00,BATTERY_FLEX,LOW,22.7
2026-06-02 03:30:00,PRODUCTION,LOW,23.95
2026-06-02 03:30:00,WAREHOUSE,LOW,23.95
2026-06-02 03:30:00,OFFICE_A,LOW,23.37
2026-06-02 03:30:00,CONTROL_ROOM,LOW,21.66
2026-06-02 03:30:00,UTILITY,LOW,23.73
2026-06-02 03:30:00,BATTERY_FLEX,LOW,22.94
2026-06-02 03:45:00,PRODUCTION,LOW,23.18
2026-06-02 03:45:00,WAREHOUSE,LOW,22.69
2026-06-02 03:45:00,OFFICE_A,LOW,22.5
2026-06-02 03:45:00,CONTROL_ROOM,LOW,22.03
2026-06-02 03:45:00,UTILITY,LOW,23.55
2026-06-02 03:45:00,BATTERY_FLEX,LOW,22.72
2026-06-02 04:00:00,PRODUCTION,LOW,23.4
2026-06-02 04:00:00,WAREHOUSE,LOW,22.43
2026-06-02 04:00:00,OFFICE_A,LOW,23.43
2026-06-02 04:00:00,CONTROL_ROOM,LOW,21.46
2026-06-02 04:00:00,UTILITY,LOW,22.72
2026-06-02 04:00:00,BATTERY_FLEX,LOW,22.03
2026-06-02 04:15:00,PRODUCTION,LOW,23.0
2026-06-02 04:15:00,WAREHOUSE,LOW,23.35
2026-06-02 04:15:00,OFFICE_A,LOW,22.84
2026-06-02 04:15:00,CONTROL_ROOM,LOW,21.83
2026-06-02 04:15:00,UTILITY,LOW,23.75
2026-06-02 04:15:00,BATTERY_FLEX,LOW,22.85
2026-06-02 04:30:00,PRODUCTION,LOW,23.12
2026-06-02 04:30:00,WAREHOUSE,LOW,23.02
2026-06-02 04:30:00,OFFICE_A,LOW,23.12
2026-06-02 04:30:00,CONTROL_ROOM,LOW,22.2
2026-06-02 04:30:00,UTILITY,LOW,23.63
2026-06-02 04:30:00,BATTERY_FLEX,LOW,22.28
2026-06-02 04:45:00,PRODUCTION,LOW,23.67
2026-06-02 04:45:00,WAREHOUSE,LOW,22.77
2026-06-02 04:45:00,OFFICE_A,LOW,23.08
2026-06-02 04:45:00,CONTROL_ROOM,LOW,22.02
2026-06-02 04:45:00,UTILITY,LOW,23.07
2026-06-02 04:45:00,BATTERY_FLEX,LOW,23.03
2026-06-02 05:00:00,PRODUCTION,LOW,22.72
2026-06-02 05:00:00,WAREHOUSE,LOW,22.77
2026-06-02 05:00:00,OFFICE_A,LOW,22.92
2026-06-02 05:00:00,CONTROL_ROOM,LOW,21.17
2026-06-02 05:00:00,UTILITY,LOW,23.76
2026-06-02 05:00:00,BATTERY_FLEX,LOW,21.92
2026-06-02 05:15:00,PRODUCTION,LOW,22.58
2026-06-02 05:15:00,WAREHOUSE,LOW,23.8
2026-06-02 05:15:00,OFFICE_A,LOW,22.84
2026-06-02 05:15:00,CONTROL_ROOM,LOW,21.97
2026-06-02 05:15:00,UTILITY,LOW,23.63
2026-06-02 05:15:00,BATTERY_FLEX,LOW,22.79
2026-06-02 05:30:00,PRODUCTION,LOW,23.73
2026-06-02 05:30:00,WAREHOUSE,LOW,22.72
2026-06-02 05:30:00,OFFICE_A,LOW,22.63
2026-06-02 05:30:00,CONTROL_ROOM,LOW,21.13
2026-06-02 05:30:00,UTILITY,LOW,23.77
2026-06-02 05:30:00,BATTERY_FLEX,LOW,23.26
2026-06-02 05:45:00,PRODUCTION,LOW,23.03
2026-06-02 05:45:00,WAREHOUSE,LOW,22.24
2026-06-02 05:45:00,OFFICE_A,LOW,22.18
2026-06-02 05:45:00,CONTROL_ROOM,LOW,21.75
2026-06-02 05:45:00,UTILITY,LOW,24.19
2026-06-02 05:45:00,BATTERY_FLEX,LOW,23.94
2026-06-02 06:00:00,PRODUCTION,LOW,23.11
2026-06-02 06:00:00,WAREHOUSE,LOW,23.26
2026-06-02 06:00:00,OFFICE_A,LOW,22.72
2026-06-02 06:00:00,CONTROL_ROOM,LOW,21.74
2026-06-02 06:00:00,UTILITY,LOW,23.34
2026-06-02 06:00:00,BATTERY_FLEX,LOW,21.85
2026-06-02 06:15:00,PRODUCTION,LOW,22.93
2026-06-02 06:15:00,WAREHOUSE,LOW,23.06
2026-06-02 06:15:00,OFFICE_A,LOW,23.12
2026-06-02 06:15:00,CONTROL_ROOM,LOW,21.82
2026-06-02 06:15:00,UTILITY,LOW,23.23
2026-06-02 06:15:00,BATTERY_FLEX,LOW,23.17
2026-06-02 06:30:00,PRODUCTION,LOW,23.95
2026-06-02 06:30:00,WAREHOUSE,LOW,23.65
2026-06-02 06:30:00,OFFICE_A,LOW,23.13
2026-06-02 06:30:00,CONTROL_ROOM,LOW,22.12
2026-06-02 06:30:00,UTILITY,LOW,23.84
2026-06-02 06:30:00,BATTERY_FLEX,LOW,22.03
2026-06-02 06:45:00,PRODUCTION,LOW,23.97
2026-06-02 06:45:00,WAREHOUSE,LOW,23.5
2026-06-02 06:45:00,OFFICE_A,LOW,23.56
2026-06-02 06:45:00,CONTROL_ROOM,LOW,21.68
2026-06-02 06:45:00,UTILITY,LOW,23.0
2026-06-02 06:45:00,BATTERY_FLEX,LOW,22.46
2026-06-02 07:00:00,PRODUCTION,MEDIUM,23.26
2026-06-02 07:00:00,WAREHOUSE,MEDIUM,23.29
2026-06-02 07:00:00,OFFICE_A,MEDIUM,22.45
2026-06-02 07:00:00,CONTROL_ROOM,MEDIUM,22.17
2026-06-02 07:00:00,UTILITY,MEDIUM,23.61
2026-06-02 07:00:00,BATTERY_FLEX,MEDIUM,22.24
2026-06-02 07:15:00,PRODUCTION,MEDIUM,24.33
2026-06-02 07:15:00,WAREHOUSE,MEDIUM,23.06
2026-06-02 07:15:00,OFFICE_A,MEDIUM,22.82
2026-06-02 07:15:00,CONTROL_ROOM,MEDIUM,20.9
2026-06-02 07:15:00,UTILITY,MEDIUM,23.16
2026-06-02 07:15:00,BATTERY_FLEX,MEDIUM,22.48
2026-06-02 07:30:00,PRODUCTION,MEDIUM,24.15
2026-06-02 07:30:00,WAREHOUSE,MEDIUM,23.16
2026-06-02 07:30:00,OFFICE_A,MEDIUM,23.02
2026-06-02 07:30:00,CONTROL_ROOM,MEDIUM,21.96
2026-06-02 07:30:00,UTILITY,MEDIUM,23.63
2026-06-02 07:30:00,BATTERY_FLEX,MEDIUM,23.49
2026-06-02 07:45:00,PRODUCTION,MEDIUM,23.55
2026-06-02 07:45:00,WAREHOUSE,MEDIUM,23.48
2026-06-02 07:45:00,OFFICE_A,MEDIUM,23.28
2026-06-02 07:45:00,CONTROL_ROOM,MEDIUM,21.85
2026-06-02 07:45:00,UTILITY,MEDIUM,24.15
2026-06-02 07:45:00,BATTERY_FLEX,MEDIUM,23.15
2026-06-02 08:00:00,PRODUCTION,MEDIUM,23.35
2026-06-02 08:00:00,WAREHOUSE,MEDIUM,23.51
2026-06-02 08:00:00,OFFICE_A,MEDIUM,23.19
2026-06-02 08:00:00,CONTROL_ROOM,MEDIUM,22.13
2026-06-02 08:00:00,UTILITY,MEDIUM,24.39
2026-06-02 08:00:00,BATTERY_FLEX,MEDIUM,21.43
2026-06-02 08:15:00,PRODUCTION,MEDIUM,23.53
2026-06-02 08:15:00,WAREHOUSE,MEDIUM,22.41
2026-06-02 08:15:00,OFFICE_A,MEDIUM,22.67
2026-06-02 08:15:00,CONTROL_ROOM,MEDIUM,21.73
2026-06-02 08:15:00,UTILITY,MEDIUM,24.89
2026-06-02 08:15:00,BATTERY_FLEX,MEDIUM,23.57
2026-06-02 08:30:00,PRODUCTION,MEDIUM,22.73
2026-06-02 08:30:00,WAREHOUSE,MEDIUM,23.11
2026-06-02 08:30:00,OFFICE_A,MEDIUM,22.69
2026-06-02 08:30:00,CONTROL_ROOM,MEDIUM,22.15
2026-06-02 08:30:00,UTILITY,MEDIUM,22.87
2026-06-02 08:30:00,BATTERY_FLEX,MEDIUM,22.29
2026-06-02 08:45:00,PRODUCTION,MEDIUM,23.14
2026-06-02 08:45:00,WAREHOUSE,MEDIUM,23.63
2026-06-02 08:45:00,OFFICE_A,MEDIUM,22.9
2026-06-02 08:45:00,CONTROL_ROOM,MEDIUM,22.62
2026-06-02 08:45:00,UTILITY,MEDIUM,23.69
2026-06-02 08:45:00,BATTERY_FLEX,MEDIUM,22.01
2026-06-02 09:00:00,PRODUCTION,HIGH,23.79
2026-06-02 09:00:00,WAREHOUSE,HIGH,23.98
2026-06-02 09:00:00,OFFICE_A,HIGH,23.87
2026-06-02 09:00:00,CONTROL_ROOM,HIGH,22.23
2026-06-02 09:00:00,UTILITY,HIGH,24.09
2026-06-02 09:00:00,BATTERY_FLEX,HIGH,23.68
2026-06-02 09:15:00,PRODUCTION,MEDIUM,24.57
2026-06-02 09:15:00,WAREHOUSE,MEDIUM,22.68
2026-06-02 09:15:00,OFFICE_A,MEDIUM,22.67
2026-06-02 09:15:00,CONTROL_ROOM,MEDIUM,22.08
2026-06-02 09:15:00,UTILITY,MEDIUM,23.92
2026-06-02 09:15:00,BATTERY_FLEX,MEDIUM,22.66
2026-06-02 09:30:00,PRODUCTION,HIGH,23.41
2026-06-02 09:30:00,WAREHOUSE,HIGH,24.35
2026-06-02 09:30:00,OFFICE_A,HIGH,23.5
2026-06-02 09:30:00,CONTROL_ROOM,HIGH,22.8
2026-06-02 09:30:00,UTILITY,HIGH,23.47
2026-06-02 09:30:00,BATTERY_FLEX,HIGH,22.62
2026-06-02 09:45:00,PRODUCTION,HIGH,22.95
2026-06-02 09:45:00,WAREHOUSE,HIGH,22.09
2026-06-02 09:45:00,OFFICE_A,HIGH,22.75
2026-06-02 09:45:00,CONTROL_ROOM,HIGH,23.01
2026-06-02 09:45:00,UTILITY,HIGH,23.69
2026-06-02 09:45:00,BATTERY_FLEX,HIGH,23.36
2026-06-02 10:00:00,PRODUCTION,HIGH,24.15
2026-06-02 10:00:00,WAREHOUSE,HIGH,23.59
2026-06-02 10:00:00,OFFICE_A,HIGH,23.1
2026-06-02 10:00:00,CONTROL_ROOM,HIGH,22.67
2026-06-02 10:00:00,UTILITY,HIGH,24.0
2026-06-02 10:00:00,BATTERY_FLEX,HIGH,22.45
2026-06-02 10:15:00,PRODUCTION,HIGH,24.11
2026-06-02 10:15:00,WAREHOUSE,HIGH,22.84
2026-06-02 10:15:00,OFFICE_A,HIGH,23.46
2026-06-02 10:15:00,CONTROL_ROOM,HIGH,22.73
2026-06-02 10:15:00,UTILITY,HIGH,24.04
2026-06-02 10:15:00,BATTERY_FLEX,HIGH,23.51
2026-06-02 10:30:00,PRODUCTION,HIGH,23.76
2026-06-02 10:30:00,WAREHOUSE,HIGH,23.78
2026-06-02 10:30:00,OFFICE_A,HIGH,23.55
2026-06-02 10:30:00,CONTROL_ROOM,HIGH,22.31
2026-06-02 10:30:00,UTILITY,HIGH,22.85
2026-06-02 10:30:00,BATTERY_FLEX,HIGH,22.67
2026-06-02 10:45:00,PRODUCTION,HIGH,23.64
2026-06-02 10:45:00,WAREHOUSE,HIGH,23.41
2026-06-02 10:45:00,OFFICE_A,HIGH,23.17
2026-06-02 10:45:00,CONTROL_ROOM,HIGH,22.22
2026-06-02 10:45:00,UTILITY,HIGH,24.15
2026-06-02 10:45:00,BATTERY_FLEX,HIGH,22.74
2026-06-02 11:00:00,PRODUCTION,HIGH,24.08
2026-06-02 11:00:00,WAREHOUSE,HIGH,23.66
2026-06-02 11:00:00,OFFICE_A,HIGH,23.31
2026-06-02 11:00:00,CONTROL_ROOM,HIGH,22.51
2026-06-02 11:00:00,UTILITY,HIGH,23.7
2026-06-02 11:00:00,BATTERY_FLEX,HIGH,22.34
2026-06-02 11:15:00,PRODUCTION,HIGH,24.81
2026-06-02 11:15:00,WAREHOUSE,HIGH,23.99
2026-06-02 11:15:00,OFFICE_A,HIGH,23.35
2026-06-02 11:15:00,CONTROL_ROOM,HIGH,22.73
2026-06-02 11:15:00,UTILITY,HIGH,23.45
2026-06-02 11:15:00,BATTERY_FLEX,HIGH,22.77
2026-06-02 11:30:00,PRODUCTION,HIGH,23.94
2026-06-02 11:30:00,WAREHOUSE,HIGH,23.86
2026-06-02 11:30:00,OFFICE_A,HIGH,22.47
2026-06-02 11:30:00,CONTROL_ROOM,HIGH,21.55
2026-06-02 11:30:00,UTILITY,HIGH,24.16
2026-06-02 11:30:00,BATTERY_FLEX,HIGH,22.79
2026-06-02 11:45:00,PRODUCTION,HIGH,25.06
2026-06-02 11:45:00,WAREHOUSE,HIGH,23.68
2026-06-02 11:45:00,OFFICE_A,HIGH,23.64
2026-06-02 11:45:00,CONTROL_ROOM,HIGH,22.34
2026-06-02 11:45:00,UTILITY,HIGH,23.57
2026-06-02 11:45:00,BATTERY_FLEX,HIGH,21.7
2026-06-02 12:00:00,PRODUCTION,HIGH,23.63
2026-06-02 12:00:00,WAREHOUSE,HIGH,22.66
2026-06-02 12:00:00,OFFICE_A,HIGH,22.98
2026-06-02 12:00:00,CONTROL_ROOM,HIGH,22.49
2026-06-02 12:00:00,UTILITY,HIGH,22.7
2026-06-02 12:00:00,BATTERY_FLEX,HIGH,23.05
2026-06-02 12:15:00,PRODUCTION,HIGH,23.43
2026-06-02 12:15:00,WAREHOUSE,HIGH,23.85
2026-06-02 12:15:00,OFFICE_A,HIGH,22.04
2026-06-02 12:15:00,CONTROL_ROOM,HIGH,22.26
2026-06-02 12:15:00,UTILITY,HIGH,23.14
2026-06-02 12:15:00,BATTERY_FLEX,HIGH,23.13
2026-06-02 12:30:00,PRODUCTION,HIGH,24.96
2026-06-02 12:30:00,WAREHOUSE,HIGH,23.16
2026-06-02 12:30:00,OFFICE_A,HIGH,23.73
2026-06-02 12:30:00,CONTROL_ROOM,HIGH,21.8
2026-06-02 12:30:00,UTILITY,HIGH,24.36
2026-06-02 12:30:00,BATTERY_FLEX,HIGH,22.38
2026-06-02 12:45:00,PRODUCTION,HIGH,24.08
2026-06-02 12:45:00,WAREHOUSE,HIGH,23.72
2026-06-02 12:45:00,OFFICE_A,HIGH,23.61
2026-06-02 12:45:00,CONTROL_ROOM,HIGH,21.67
2026-06-02 12:45:00,UTILITY,HIGH,23.68
2026-06-02 12:45:00,BATTERY_FLEX,HIGH,23.11
2026-06-02 13:00:00,PRODUCTION,HIGH,24.19
2026-06-02 13:00:00,WAREHOUSE,HIGH,23.47
2026-06-02 13:00:00,OFFICE_A,HIGH,24.48
2026-06-02 13:00:00,CONTROL_ROOM,HIGH,22.79
2026-06-02 13:00:00,UTILITY,HIGH,24.09
2026-06-02 13:00:00,BATTERY_FLEX,HIGH,24.12
2026-06-02 13:15:00,PRODUCTION,HIGH,24.25
2026-06-02 13:15:00,WAREHOUSE,HIGH,23.0
2026-06-02 13:15:00,OFFICE_A,HIGH,23.02
2026-06-02 13:15:00,CONTROL_ROOM,HIGH,23.69
2026-06-02 13:15:00,UTILITY,HIGH,23.92
2026-06-02 13:15:00,BATTERY_FLEX,HIGH,22.39
2026-06-02 13:30:00,PRODUCTION,HIGH,24.29
2026-06-02 13:30:00,WAREHOUSE,HIGH,22.61
2026-06-02 13:30:00,OFFICE_A,HIGH,23.69
2026-06-02 13:30:00,CONTROL_ROOM,HIGH,23.47
2026-06-02 13:30:00,UTILITY,HIGH,23.99
2026-06-02 13:30:00,BATTERY_FLEX,HIGH,22.56
2026-06-02 13:45:00,PRODUCTION,HIGH,23.82
2026-06-02 13:45:00,WAREHOUSE,HIGH,23.71
2026-06-02 13:45:00,OFFICE_A,HIGH,22.64
2026-06-02 13:45:00,CONTROL_ROOM,HIGH,22.94
2026-06-02 13:45:00,UTILITY,HIGH,23.56
2026-06-02 13:45:00,BATTERY_FLEX,HIGH,22.94
2026-06-02 14:00:00,PRODUCTION,HIGH,24.6
2026-06-02 14:00:00,WAREHOUSE,HIGH,22.52
2026-06-02 14:00:00,OFFICE_A,HIGH,24.04
2026-06-02 14:00:00,CONTROL_ROOM,HIGH,22.83
2026-06-02 14:00:00,UTILITY,HIGH,22.98
2026-06-02 14:00:00,BATTERY_FLEX,HIGH,22.77
2026-06-02 14:15:00,PRODUCTION,HIGH,24.24
2026-06-02 14:15:00,WAREHOUSE,HIGH,24.01
2026-06-02 14:15:00,OFFICE_A,HIGH,24.21
2026-06-02 14:15:00,CONTROL_ROOM,HIGH,21.16
2026-06-02 14:15:00,UTILITY,HIGH,23.61
2026-06-02 14:15:00,BATTERY_FLEX,HIGH,22.69
2026-06-02 14:30:00,PRODUCTION,HIGH,23.6
2026-06-02 14:30:00,WAREHOUSE,HIGH,23.45
2026-06-02 14:30:00,OFFICE_A,HIGH,23.18
2026-06-02 14:30:00,CONTROL_ROOM,HIGH,22.3
2026-06-02 14:30:00,UTILITY,HIGH,24.52
2026-06-02 14:30:00,BATTERY_FLEX,HIGH,22.51
2026-06-02 14:45:00,PRODUCTION,HIGH,24.47
2026-06-02 14:45:00,WAREHOUSE,HIGH,23.2
2026-06-02 14:45:00,OFFICE_A,HIGH,23.96
2026-06-02 14:45:00,CONTROL_ROOM,HIGH,21.97
2026-06-02 14:45:00,UTILITY,HIGH,24.38
2026-06-02 14:45:00,BATTERY_FLEX,HIGH,22.63
2026-06-02 15:00:00,PRODUCTION,HIGH,24.44
2026-06-02 15:00:00,WAREHOUSE,HIGH,23.4
2026-06-02 15:00:00,OFFICE_A,HIGH,23.92
2026-06-02 15:00:00,CONTROL_ROOM,HIGH,22.59
2026-06-02 15:00:00,UTILITY,HIGH,24.03
2026-06-02 15:00:00,BATTERY_FLEX,HIGH,22.56
2026-06-02 15:15:00,PRODUCTION,HIGH,24.85
2026-06-02 15:15:00,WAREHOUSE,HIGH,22.87
2026-06-02 15:15:00,OFFICE_A,HIGH,24.78
2026-06-02 15:15:00,CONTROL_ROOM,HIGH,23.16
2026-06-02 15:15:00,UTILITY,HIGH,24.28
2026-06-02 15:15:00,BATTERY_FLEX,HIGH,22.81
2026-06-02 15:30:00,PRODUCTION,HIGH,24.84
2026-06-02 15:30:00,WAREHOUSE,HIGH,23.38
2026-06-02 15:30:00,OFFICE_A,HIGH,23.19
2026-06-02 15:30:00,CONTROL_ROOM,HIGH,23.05
2026-06-02 15:30:00,UTILITY,HIGH,24.25
2026-06-02 15:30:00,BATTERY_FLEX,HIGH,23.11
2026-06-02 15:45:00,PRODUCTION,HIGH,23.67
2026-06-02 15:45:00,WAREHOUSE,HIGH,22.46
2026-06-02 15:45:00,OFFICE_A,HIGH,23.72
2026-06-02 15:45:00,CONTROL_ROOM,HIGH,22.56
2026-06-02 15:45:00,UTILITY,HIGH,23.56
2026-06-02 15:45:00,BATTERY_FLEX,HIGH,21.3
2026-06-02 16:00:00,PRODUCTION,HIGH,24.3
2026-06-02 16:00:00,WAREHOUSE,HIGH,22.58
2026-06-02 16:00:00,OFFICE_A,HIGH,24.34
2026-06-02 16:00:00,CONTROL_ROOM,HIGH,22.55
2026-06-02 16:00:00,UTILITY,HIGH,23.93
2026-06-02 16:00:00,BATTERY_FLEX,HIGH,23.94
2026-06-02 16:15:00,PRODUCTION,HIGH,23.97
2026-06-02 16:15:00,WAREHOUSE,HIGH,23.54
2026-06-02 16:15:00,OFFICE_A,HIGH,23.58
2026-06-02 16:15:00,CONTROL_ROOM,HIGH,22.43
2026-06-02 16:15:00,UTILITY,HIGH,24.52
2026-06-02 16:15:00,BATTERY_FLEX,HIGH,22.73
2026-06-02 16:30:00,PRODUCTION,HIGH,24.38
2026-06-02 16:30:00,WAREHOUSE,HIGH,23.78
2026-06-02 16:30:00,OFFICE_A,HIGH,23.34
2026-06-02 16:30:00,CONTROL_ROOM,HIGH,22.27
2026-06-02 16:30:00,UTILITY,HIGH,24.03
2026-06-02 16:30:00,BATTERY_FLEX,HIGH,23.29
2026-06-02 16:45:00,PRODUCTION,HIGH,23.41
2026-06-02 16:45:00,WAREHOUSE,HIGH,22.4
2026-06-02 16:45:00,OFFICE_A,HIGH,23.67
2026-06-02 16:45:00,CONTROL_ROOM,HIGH,23.18
2026-06-02 16:45:00,UTILITY,HIGH,23.77
2026-06-02 16:45:00,BATTERY_FLEX,HIGH,21.65
2026-06-02 17:00:00,PRODUCTION,HIGH,23.47
2026-06-02 17:00:00,WAREHOUSE,HIGH,23.1
2026-06-02 17:00:00,OFFICE_A,HIGH,24.55
2026-06-02 17:00:00,CONTROL_ROOM,HIGH,22.92
2026-06-02 17:00:00,UTILITY,HIGH,24.08
2026-06-02 17:00:00,BATTERY_FLEX,HIGH,22.86
2026-06-02 17:15:00,PRODUCTION,HIGH,24.51
2026-06-02 17:15:00,WAREHOUSE,HIGH,22.58
2026-06-02 17:15:00,OFFICE_A,HIGH,23.73
2026-06-02 17:15:00,CONTROL_ROOM,HIGH,22.66
2026-06-02 17:15:00,UTILITY,HIGH,23.46
2026-06-02 17:15:00,BATTERY_FLEX,HIGH,22.76
2026-06-02 17:30:00,PRODUCTION,HIGH,23.49
2026-06-02 17:30:00,WAREHOUSE,HIGH,23.42
2026-06-02 17:30:00,OFFICE_A,HIGH,22.97
2026-06-02 17:30:00,CONTROL_ROOM,HIGH,22.9
2026-06-02 17:30:00,UTILITY,HIGH,23.17
2026-06-02 17:30:00,BATTERY_FLEX,HIGH,22.48
2026-06-02 17:45:00,PRODUCTION,HIGH,23.92
2026-06-02 17:45:00,WAREHOUSE,HIGH,23.51
2026-06-02 17:45:00,OFFICE_A,HIGH,22.47
2026-06-02 17:45:00,CONTROL_ROOM,HIGH,22.51
2026-06-02 17:45:00,UTILITY,HIGH,24.76
2026-06-02 17:45:00,BATTERY_FLEX,HIGH,22.82
2026-06-02 18:00:00,PRODUCTION,HIGH,23.01
2026-06-02 18:00:00,WAREHOUSE,HIGH,22.41
2026-06-02 18:00:00,OFFICE_A,HIGH,23.61
2026-06-02 18:00:00,CONTROL_ROOM,HIGH,22.15
2026-06-02 18:00:00,UTILITY,HIGH,24.41
2026-06-02 18:00:00,BATTERY_FLEX,HIGH,22.59
2026-06-02 18:15:00,PRODUCTION,MEDIUM,23.72
2026-06-02 18:15:00,WAREHOUSE,MEDIUM,23.11
2026-06-02 18:15:00,OFFICE_A,MEDIUM,23.12
2026-06-02 18:15:00,CONTROL_ROOM,MEDIUM,22.87
2026-06-02 18:15:00,UTILITY,MEDIUM,24.31
2026-06-02 18:15:00,BATTERY_FLEX,MEDIUM,22.62
2026-06-02 18:30:00,PRODUCTION,HIGH,24.07
2026-06-02 18:30:00,WAREHOUSE,HIGH,23.72
2026-06-02 18:30:00,OFFICE_A,HIGH,22.83
2026-06-02 18:30:00,CONTROL_ROOM,HIGH,23.42
2026-06-02 18:30:00,UTILITY,HIGH,23.25
2026-06-02 18:30:00,BATTERY_FLEX,HIGH,23.1
2026-06-02 18:45:00,PRODUCTION,HIGH,23.78
2026-06-02 18:45:00,WAREHOUSE,HIGH,23.65
2026-06-02 18:45:00,OFFICE_A,HIGH,23.52
2026-06-02 18:45:00,CONTROL_ROOM,HIGH,22.35
2026-06-02 18:45:00,UTILITY,HIGH,24.41
2026-06-02 18:45:00,BATTERY_FLEX,HIGH,22.61
2026-06-02 19:00:00,PRODUCTION,MEDIUM,24.03
2026-06-02 19:00:00,WAREHOUSE,MEDIUM,22.42
2026-06-02 19:00:00,OFFICE_A,MEDIUM,22.97
2026-06-02 19:00:00,CONTROL_ROOM,MEDIUM,22.04
2026-06-02 19:00:00,UTILITY,MEDIUM,23.52
2026-06-02 19:00:00,BATTERY_FLEX,MEDIUM,22.02
2026-06-02 19:15:00,PRODUCTION,MEDIUM,24.2
2026-06-02 19:15:00,WAREHOUSE,MEDIUM,23.13
2026-06-02 19:15:00,OFFICE_A,MEDIUM,23.1
2026-06-02 19:15:00,CONTROL_ROOM,MEDIUM,22.37
2026-06-02 19:15:00,UTILITY,MEDIUM,23.29
2026-06-02 19:15:00,BATTERY_FLEX,MEDIUM,22.13
2026-06-02 19:30:00,PRODUCTION,MEDIUM,23.77
2026-06-02 19:30:00,WAREHOUSE,MEDIUM,23.54
2026-06-02 19:30:00,OFFICE_A,MEDIUM,22.39
2026-06-02 19:30:00,CONTROL_ROOM,MEDIUM,22.2
2026-06-02 19:30:00,UTILITY,MEDIUM,23.56
2026-06-02 19:30:00,BATTERY_FLEX,MEDIUM,22.84
2026-06-02 19:45:00,PRODUCTION,MEDIUM,23.66
2026-06-02 19:45:00,WAREHOUSE,MEDIUM,23.67
2026-06-02 19:45:00,OFFICE_A,MEDIUM,22.03
2026-06-02 19:45:00,CONTROL_ROOM,MEDIUM,22.31
2026-06-02 19:45:00,UTILITY,MEDIUM,24.26
2026-06-02 19:45:00,BATTERY_FLEX,MEDIUM,22.58
2026-06-02 20:00:00,PRODUCTION,MEDIUM,22.83
2026-06-02 20:00:00,WAREHOUSE,MEDIUM,21.99
2026-06-02 20:00:00,OFFICE_A,MEDIUM,23.61
2026-06-02 20:00:00,CONTROL_ROOM,MEDIUM,21.65
2026-06-02 20:00:00,UTILITY,MEDIUM,23.43
2026-06-02 20:00:00,BATTERY_FLEX,MEDIUM,21.97
2026-06-02 20:15:00,PRODUCTION,MEDIUM,23.77
2026-06-02 20:15:00,WAREHOUSE,MEDIUM,23.37
2026-06-02 20:15:00,OFFICE_A,MEDIUM,23.24
2026-06-02 20:15:00,CONTROL_ROOM,MEDIUM,22.2
2026-06-02 20:15:00,UTILITY,MEDIUM,24.43
2026-06-02 20:15:00,BATTERY_FLEX,MEDIUM,22.11
2026-06-02 20:30:00,PRODUCTION,MEDIUM,22.9
2026-06-02 20:30:00,WAREHOUSE,MEDIUM,23.0
2026-06-02 20:30:00,OFFICE_A,MEDIUM,23.79
2026-06-02 20:30:00,CONTROL_ROOM,MEDIUM,22.36
2026-06-02 20:30:00,UTILITY,MEDIUM,23.75
2026-06-02 20:30:00,BATTERY_FLEX,MEDIUM,22.54
2026-06-02 20:45:00,PRODUCTION,MEDIUM,23.49
2026-06-02 20:45:00,WAREHOUSE,MEDIUM,23.17
2026-06-02 20:45:00,OFFICE_A,MEDIUM,22.67
2026-06-02 20:45:00,CONTROL_ROOM,MEDIUM,22.28
2026-06-02 20:45:00,UTILITY,MEDIUM,25.09
2026-06-02 20:45:00,BATTERY_FLEX,MEDIUM,21.74
2026-06-02 21:00:00,PRODUCTION,LOW,23.28
2026-06-02 21:00:00,WAREHOUSE,LOW,23.45
2026-06-02 21:00:00,OFFICE_A,LOW,23.35
2026-06-02 21:00:00,CONTROL_ROOM,LOW,21.86
2026-06-02 21:00:00,UTILITY,LOW,24.13
2026-06-02 21:00:00,BATTERY_FLEX,LOW,21.39
2026-06-02 21:15:00,PRODUCTION,LOW,22.67
2026-06-02 21:15:00,WAREHOUSE,LOW,22.65
2026-06-02 21:15:00,OFFICE_A,LOW,22.85
2026-06-02 21:15:00,CONTROL_ROOM,LOW,21.77
2026-06-02 21:15:00,UTILITY,LOW,23.71
2026-06-02 21:15:00,BATTERY_FLEX,LOW,23.11
2026-06-02 21:30:00,PRODUCTION,LOW,23.14
2026-06-02 21:30:00,WAREHOUSE,LOW,22.32
2026-06-02 21:30:00,OFFICE_A,LOW,22.99
2026-06-02 21:30:00,CONTROL_ROOM,LOW,20.53
2026-06-02 21:30:00,UTILITY,LOW,23.88
2026-06-02 21:30:00,BATTERY_FLEX,LOW,21.81
2026-06-02 21:45:00,PRODUCTION,LOW,23.19
2026-06-02 21:45:00,WAREHOUSE,LOW,22.72
2026-06-02 21:45:00,OFFICE_A,LOW,22.53
2026-06-02 21:45:00,CONTROL_ROOM,LOW,22.42
2026-06-02 21:45:00,UTILITY,LOW,23.84
2026-06-02 21:45:00,BATTERY_FLEX,LOW,22.38
2026-06-02 22:00:00,PRODUCTION,LOW,22.37
2026-06-02 22:00:00,WAREHOUSE,LOW,23.44
2026-06-02 22:00:00,OFFICE_A,LOW,22.82
2026-06-02 22:00:00,CONTROL_ROOM,LOW,22.95
2026-06-02 22:00:00,UTILITY,LOW,23.01
2026-06-02 22:00:00,BATTERY_FLEX,LOW,22.51
2026-06-02 22:15:00,PRODUCTION,LOW,23.33
2026-06-02 22:15:00,WAREHOUSE,LOW,23.05
2026-06-02 22:15:00,OFFICE_A,LOW,22.86
2026-06-02 22:15:00,CONTROL_ROOM,LOW,21.37
2026-06-02 22:15:00,UTILITY,LOW,23.51
2026-06-02 22:15:00,BATTERY_FLEX,LOW,21.75
2026-06-02 22:30:00,PRODUCTION,LOW,22.42
2026-06-02 22:30:00,WAREHOUSE,LOW,23.55
2026-06-02 22:30:00,OFFICE_A,LOW,22.91
2026-06-02 22:30:00,CONTROL_ROOM,LOW,21.37
2026-06-02 22:30:00,UTILITY,LOW,23.42
2026-06-02 22:30:00,BATTERY_FLEX,LOW,21.81
2026-06-02 22:45:00,PRODUCTION,LOW,22.96
2026-06-02 22:45:00,WAREHOUSE,LOW,23.39
2026-06-02 22:45:00,OFFICE_A,LOW,22.52
2026-06-02 22:45:00,CONTROL_ROOM,LOW,21.91
2026-06-02 22:45:00,UTILITY,LOW,23.5
2026-06-02 22:45:00,BATTERY_FLEX,LOW,23.01
2026-06-02 23:00:00,PRODUCTION,LOW,22.92
2026-06-02 23:00:00,WAREHOUSE,LOW,22.42
2026-06-02 23:00:00,OFFICE_A,LOW,22.9
2026-06-02 23:00:00,CONTROL_ROOM,LOW,21.46
2026-06-02 23:00:00,UTILITY,LOW,24.73
2026-06-02 23:00:00,BATTERY_FLEX,LOW,21.68
2026-06-02 23:15:00,PRODUCTION,LOW,23.29
2026-06-02 23:15:00,WAREHOUSE,LOW,21.89
2026-06-02 23:15:00,OFFICE_A,LOW,22.84
2026-06-02 23:15:00,CONTROL_ROOM,LOW,22.67
2026-06-02 23:15:00,UTILITY,LOW,23.33
2026-06-02 23:15:00,BATTERY_FLEX,LOW,22.69
2026-06-02 23:30:00,PRODUCTION,LOW,22.08
2026-06-02 23:30:00,WAREHOUSE,LOW,23.38
2026-06-02 23:30:00,OFFICE_A,LOW,22.66
2026-06-02 23:30:00,CONTROL_ROOM,LOW,21.21
2026-06-02 23:30:00,UTILITY,LOW,23.62
2026-06-02 23:30:00,BATTERY_FLEX,LOW,22.26
2026-06-02 23:45:00,PRODUCTION,LOW,23.72
2026-06-02 23:45:00,WAREHOUSE,LOW,22.35
2026-06-02 23:45:00,OFFICE_A,LOW,22.36
2026-06-02 23:45:00,CONTROL_ROOM,LOW,22.65
2026-06-02 23:45:00,UTILITY,LOW,24.11
2026-06-02 23:45:00,BATTERY_FLEX,LOW,22.6
2026-06-03 00:00:00,PRODUCTION,LOW,25.7
2026-06-03 00:00:00,WAREHOUSE,LOW,25.5
2026-06-03 00:00:00,OFFICE_A,LOW,25.17
2026-06-03 00:00:00,CONTROL_ROOM,LOW,24.08
2026-06-03 00:00:00,UTILITY,LOW,25.32
2026-06-03 00:00:00,BATTERY_FLEX,LOW,24.79
2026-06-03 00:15:00,PRODUCTION,LOW,25.26
2026-06-03 00:15:00,WAREHOUSE,LOW,25.6
2026-06-03 00:15:00,OFFICE_A,LOW,24.98
2026-06-03 00:15:00,CONTROL_ROOM,LOW,24.91
2026-06-03 00:15:00,UTILITY,LOW,26.3
2026-06-03 00:15:00,BATTERY_FLEX,LOW,24.39
2026-06-03 00:30:00,PRODUCTION,LOW,25.82
2026-06-03 00:30:00,WAREHOUSE,LOW,25.29
2026-06-03 00:30:00,OFFICE_A,LOW,25.61
2026-06-03 00:30:00,CONTROL_ROOM,LOW,23.77
2026-06-03 00:30:00,UTILITY,LOW,25.73
2026-06-03 00:30:00,BATTERY_FLEX,LOW,24.71
2026-06-03 00:45:00,PRODUCTION,LOW,26.56
2026-06-03 00:45:00,WAREHOUSE,LOW,26.68
2026-06-03 00:45:00,OFFICE_A,LOW,24.69
2026-06-03 00:45:00,CONTROL_ROOM,LOW,24.24
2026-06-03 00:45:00,UTILITY,LOW,25.46
2026-06-03 00:45:00,BATTERY_FLEX,LOW,24.66
2026-06-03 01:00:00,PRODUCTION,LOW,25.57
2026-06-03 01:00:00,WAREHOUSE,LOW,24.93
2026-06-03 01:00:00,OFFICE_A,LOW,25.56
2026-06-03 01:00:00,CONTROL_ROOM,LOW,23.68
2026-06-03 01:00:00,UTILITY,LOW,27.44
2026-06-03 01:00:00,BATTERY_FLEX,LOW,24.81
2026-06-03 01:15:00,PRODUCTION,LOW,26.3
2026-06-03 01:15:00,WAREHOUSE,LOW,25.71
2026-06-03 01:15:00,OFFICE_A,LOW,24.57
2026-06-03 01:15:00,CONTROL_ROOM,LOW,24.35
2026-06-03 01:15:00,UTILITY,LOW,25.5
2026-06-03 01:15:00,BATTERY_FLEX,LOW,25.79
2026-06-03 01:30:00,PRODUCTION,LOW,25.1
2026-06-03 01:30:00,WAREHOUSE,LOW,25.87
2026-06-03 01:30:00,OFFICE_A,LOW,25.7
2026-06-03 01:30:00,CONTROL_ROOM,LOW,24.65
2026-06-03 01:30:00,UTILITY,LOW,25.23
2026-06-03 01:30:00,BATTERY_FLEX,LOW,25.17
2026-06-03 01:45:00,PRODUCTION,LOW,25.82
2026-06-03 01:45:00,WAREHOUSE,LOW,25.39
2026-06-03 01:45:00,OFFICE_A,LOW,24.25
2026-06-03 01:45:00,CONTROL_ROOM,LOW,24.02
2026-06-03 01:45:00,UTILITY,LOW,25.88
2026-06-03 01:45:00,BATTERY_FLEX,LOW,24.97
2026-06-03 02:00:00,PRODUCTION,LOW,25.9
2026-06-03 02:00:00,WAREHOUSE,LOW,25.39
2026-06-03 02:00:00,OFFICE_A,LOW,24.97
2026-06-03 02:00:00,CONTROL_ROOM,LOW,24.22
2026-06-03 02:00:00,UTILITY,LOW,25.08
2026-06-03 02:00:00,BATTERY_FLEX,LOW,25.28
2026-06-03 02:15:00,PRODUCTION,LOW,24.74
2026-06-03 02:15:00,WAREHOUSE,LOW,24.57
2026-06-03 02:15:00,OFFICE_A,LOW,25.35
2026-06-03 02:15:00,CONTROL_ROOM,LOW,24.21
2026-06-03 02:15:00,UTILITY,LOW,26.14
2026-06-03 02:15:00,BATTERY_FLEX,LOW,24.82
2026-06-03 02:30:00,PRODUCTION,LOW,25.57
2026-06-03 02:30:00,WAREHOUSE,LOW,24.5
2026-06-03 02:30:00,OFFICE_A,LOW,25.58
2026-06-03 02:30:00,CONTROL_ROOM,LOW,24.81
2026-06-03 02:30:00,UTILITY,LOW,26.37
2026-06-03 02:30:00,BATTERY_FLEX,LOW,24.61
2026-06-03 02:45:00,PRODUCTION,LOW,25.3
2026-06-03 02:45:00,WAREHOUSE,LOW,25.45
2026-06-03 02:45:00,OFFICE_A,LOW,25.61
2026-06-03 02:45:00,CONTROL_ROOM,LOW,24.26
2026-06-03 02:45:00,UTILITY,LOW,25.5
2026-06-03 02:45:00,BATTERY_FLEX,LOW,25.27
2026-06-03 03:00:00,PRODUCTION,LOW,25.56
2026-06-03 03:00:00,WAREHOUSE,LOW,26.29
2026-06-03 03:00:00,OFFICE_A,LOW,24.74
2026-06-03 03:00:00,CONTROL_ROOM,LOW,23.89
2026-06-03 03:00:00,UTILITY,LOW,26.05
2026-06-03 03:00:00,BATTERY_FLEX,LOW,25.49
2026-06-03 03:15:00,PRODUCTION,LOW,25.62
2026-06-03 03:15:00,WAREHOUSE,LOW,24.97
2026-06-03 03:15:00,OFFICE_A,LOW,24.91
2026-06-03 03:15:00,CONTROL_ROOM,LOW,24.44
2026-06-03 03:15:00,UTILITY,LOW,25.71
2026-06-03 03:15:00,BATTERY_FLEX,LOW,25.14
2026-06-03 03:30:00,PRODUCTION,LOW,25.35
2026-06-03 03:30:00,WAREHOUSE,LOW,25.46
2026-06-03 03:30:00,OFFICE_A,LOW,25.72
2026-06-03 03:30:00,CONTROL_ROOM,LOW,24.39
2026-06-03 03:30:00,UTILITY,LOW,25.35
2026-06-03 03:30:00,BATTERY_FLEX,LOW,25.38
2026-06-03 03:45:00,PRODUCTION,LOW,25.86
2026-06-03 03:45:00,WAREHOUSE,LOW,25.63
2026-06-03 03:45:00,OFFICE_A,LOW,25.11
2026-06-03 03:45:00,CONTROL_ROOM,LOW,24.56
2026-06-03 03:45:00,UTILITY,LOW,25.87
2026-06-03 03:45:00,BATTERY_FLEX,LOW,25.17
2026-06-03 04:00:00,PRODUCTION,LOW,25.06
2026-06-03 04:00:00,WAREHOUSE,LOW,25.01
2026-06-03 04:00:00,OFFICE_A,LOW,24.24
2026-06-03 04:00:00,CONTROL_ROOM,LOW,24.52
2026-06-03 04:00:00,UTILITY,LOW,26.94
2026-06-03 04:00:00,BATTERY_FLEX,LOW,25.75
2026-06-03 04:15:00,PRODUCTION,LOW,25.5
2026-06-03 04:15:00,WAREHOUSE,LOW,25.61
2026-06-03 04:15:00,OFFICE_A,LOW,24.23
2026-06-03 04:15:00,CONTROL_ROOM,LOW,24.36
2026-06-03 04:15:00,UTILITY,LOW,25.53
2026-06-03 04:15:00,BATTERY_FLEX,LOW,25.16
2026-06-03 04:30:00,PRODUCTION,LOW,25.33
2026-06-03 04:30:00,WAREHOUSE,LOW,24.99
2026-06-03 04:30:00,OFFICE_A,LOW,24.14
2026-06-03 04:30:00,CONTROL_ROOM,LOW,24.08
2026-06-03 04:30:00,UTILITY,LOW,25.76
2026-06-03 04:30:00,BATTERY_FLEX,LOW,24.28
2026-06-03 04:45:00,PRODUCTION,LOW,25.36
2026-06-03 04:45:00,WAREHOUSE,LOW,26.07
2026-06-03 04:45:00,OFFICE_A,LOW,25.44
2026-06-03 04:45:00,CONTROL_ROOM,LOW,24.08
2026-06-03 04:45:00,UTILITY,LOW,26.34
2026-06-03 04:45:00,BATTERY_FLEX,LOW,24.45
2026-06-03 05:00:00,PRODUCTION,LOW,25.88
2026-06-03 05:00:00,WAREHOUSE,LOW,25.15
2026-06-03 05:00:00,OFFICE_A,LOW,25.42
2026-06-03 05:00:00,CONTROL_ROOM,LOW,24.44
2026-06-03 05:00:00,UTILITY,LOW,24.58
2026-06-03 05:00:00,BATTERY_FLEX,LOW,25.64
2026-06-03 05:15:00,PRODUCTION,LOW,25.56
2026-06-03 05:15:00,WAREHOUSE,LOW,24.82
2026-06-03 05:15:00,OFFICE_A,LOW,24.67
2026-06-03 05:15:00,CONTROL_ROOM,LOW,24.73
2026-06-03 05:15:00,UTILITY,LOW,25.09
2026-06-03 05:15:00,BATTERY_FLEX,LOW,25.62
2026-06-03 05:30:00,PRODUCTION,LOW,25.15
2026-06-03 05:30:00,WAREHOUSE,LOW,25.97
2026-06-03 05:30:00,OFFICE_A,LOW,25.53
2026-06-03 05:30:00,CONTROL_ROOM,LOW,23.3
2026-06-03 05:30:00,UTILITY,LOW,25.84
2026-06-03 05:30:00,BATTERY_FLEX,LOW,24.61
2026-06-03 05:45:00,PRODUCTION,LOW,25.72
2026-06-03 05:45:00,WAREHOUSE,LOW,24.98
2026-06-03 05:45:00,OFFICE_A,LOW,24.9
2026-06-03 05:45:00,CONTROL_ROOM,LOW,23.84
2026-06-03 05:45:00,UTILITY,LOW,25.42
2026-06-03 05:45:00,BATTERY_FLEX,LOW,25.11
2026-06-03 06:00:00,PRODUCTION,LOW,24.76
2026-06-03 06:00:00,WAREHOUSE,LOW,25.17
2026-06-03 06:00:00,OFFICE_A,LOW,24.71
2026-06-03 06:00:00,CONTROL_ROOM,LOW,23.73
2026-06-03 06:00:00,UTILITY,LOW,27.04
2026-06-03 06:00:00,BATTERY_FLEX,LOW,25.07
2026-06-03 06:15:00,PRODUCTION,LOW,25.82
2026-06-03 06:15:00,WAREHOUSE,LOW,25.04
2026-06-03 06:15:00,OFFICE_A,LOW,25.67
2026-06-03 06:15:00,CONTROL_ROOM,LOW,23.61
2026-06-03 06:15:00,UTILITY,LOW,25.91
2026-06-03 06:15:00,BATTERY_FLEX,LOW,24.76
2026-06-03 06:30:00,PRODUCTION,LOW,25.66
2026-06-03 06:30:00,WAREHOUSE,LOW,25.2
2026-06-03 06:30:00,OFFICE_A,LOW,25.52
2026-06-03 06:30:00,CONTROL_ROOM,LOW,24.4
2026-06-03 06:30:00,UTILITY,LOW,26.03
2026-06-03 06:30:00,BATTERY_FLEX,LOW,24.85
2026-06-03 06:45:00,PRODUCTION,LOW,25.89
2026-06-03 06:45:00,WAREHOUSE,LOW,26.43
2026-06-03 06:45:00,OFFICE_A,LOW,24.66
2026-06-03 06:45:00,CONTROL_ROOM,LOW,24.72
2026-06-03 06:45:00,UTILITY,LOW,25.14
2026-06-03 06:45:00,BATTERY_FLEX,LOW,25.19
2026-06-03 07:00:00,PRODUCTION,LOW,25.63
2026-06-03 07:00:00,WAREHOUSE,LOW,25.62
2026-06-03 07:00:00,OFFICE_A,LOW,25.28
2026-06-03 07:00:00,CONTROL_ROOM,LOW,24.01
2026-06-03 07:00:00,UTILITY,LOW,25.96
2026-06-03 07:00:00,BATTERY_FLEX,LOW,25.2
2026-06-03 07:15:00,PRODUCTION,LOW,26.1
2026-06-03 07:15:00,WAREHOUSE,LOW,25.87
2026-06-03 07:15:00,OFFICE_A,LOW,25.52
2026-06-03 07:15:00,CONTROL_ROOM,LOW,24.89
2026-06-03 07:15:00,UTILITY,LOW,26.15
2026-06-03 07:15:00,BATTERY_FLEX,LOW,25.3
2026-06-03 07:30:00,PRODUCTION,MEDIUM,27.1
2026-06-03 07:30:00,WAREHOUSE,MEDIUM,25.4
2026-06-03 07:30:00,OFFICE_A,MEDIUM,25.16
2026-06-03 07:30:00,CONTROL_ROOM,MEDIUM,24.71
2026-06-03 07:30:00,UTILITY,MEDIUM,26.25
2026-06-03 07:30:00,BATTERY_FLEX,MEDIUM,24.42
2026-06-03 07:45:00,PRODUCTION,MEDIUM,26.62
2026-06-03 07:45:00,WAREHOUSE,MEDIUM,25.94
2026-06-03 07:45:00,OFFICE_A,MEDIUM,24.89
2026-06-03 07:45:00,CONTROL_ROOM,MEDIUM,25.41
2026-06-03 07:45:00,UTILITY,MEDIUM,26.46
2026-06-03 07:45:00,BATTERY_FLEX,MEDIUM,25.13
2026-06-03 08:00:00,PRODUCTION,MEDIUM,25.79
2026-06-03 08:00:00,WAREHOUSE,MEDIUM,25.95
2026-06-03 08:00:00,OFFICE_A,MEDIUM,25.86
2026-06-03 08:00:00,CONTROL_ROOM,MEDIUM,24.63
2026-06-03 08:00:00,UTILITY,MEDIUM,25.76
2026-06-03 08:00:00,BATTERY_FLEX,MEDIUM,25.22
2026-06-03 08:15:00,PRODUCTION,MEDIUM,26.4
2026-06-03 08:15:00,WAREHOUSE,MEDIUM,24.35
2026-06-03 08:15:00,OFFICE_A,MEDIUM,25.72
2026-06-03 08:15:00,CONTROL_ROOM,MEDIUM,24.38
2026-06-03 08:15:00,UTILITY,MEDIUM,26.81
2026-06-03 08:15:00,BATTERY_FLEX,MEDIUM,24.91
2026-06-03 08:30:00,PRODUCTION,MEDIUM,26.6
2026-06-03 08:30:00,WAREHOUSE,MEDIUM,25.45
2026-06-03 08:30:00,OFFICE_A,MEDIUM,26.23
2026-06-03 08:30:00,CONTROL_ROOM,MEDIUM,24.24
2026-06-03 08:30:00,UTILITY,MEDIUM,26.33
2026-06-03 08:30:00,BATTERY_FLEX,MEDIUM,25.64
2026-06-03 08:45:00,PRODUCTION,MEDIUM,25.57
2026-06-03 08:45:00,WAREHOUSE,MEDIUM,25.19
2026-06-03 08:45:00,OFFICE_A,MEDIUM,26.09
2026-06-03 08:45:00,CONTROL_ROOM,MEDIUM,25.01
2026-06-03 08:45:00,UTILITY,MEDIUM,26.24
2026-06-03 08:45:00,BATTERY_FLEX,MEDIUM,24.63
2026-06-03 09:00:00,PRODUCTION,HIGH,27.81
2026-06-03 09:00:00,WAREHOUSE,HIGH,25.9
2026-06-03 09:00:00,OFFICE_A,HIGH,26.17
2026-06-03 09:00:00,CONTROL_ROOM,HIGH,24.64
2026-06-03 09:00:00,UTILITY,HIGH,25.32
2026-06-03 09:00:00,BATTERY_FLEX,HIGH,24.92
2026-06-03 09:15:00,PRODUCTION,HIGH,26.56
2026-06-03 09:15:00,WAREHOUSE,HIGH,25.92
2026-06-03 09:15:00,OFFICE_A,HIGH,25.77
2026-06-03 09:15:00,CONTROL_ROOM,HIGH,24.84
2026-06-03 09:15:00,UTILITY,HIGH,26.71
2026-06-03 09:15:00,BATTERY_FLEX,HIGH,25.21
2026-06-03 09:30:00,PRODUCTION,HIGH,25.66
2026-06-03 09:30:00,WAREHOUSE,HIGH,24.73
2026-06-03 09:30:00,OFFICE_A,HIGH,25.74
2026-06-03 09:30:00,CONTROL_ROOM,HIGH,24.9
2026-06-03 09:30:00,UTILITY,HIGH,25.57
2026-06-03 09:30:00,BATTERY_FLEX,HIGH,25.2
2026-06-03 09:45:00,PRODUCTION,HIGH,26.57
2026-06-03 09:45:00,WAREHOUSE,HIGH,25.91
2026-06-03 09:45:00,OFFICE_A,HIGH,25.29
2026-06-03 09:45:00,CONTROL_ROOM,HIGH,24.95
2026-06-03 09:45:00,UTILITY,HIGH,26.73
2026-06-03 09:45:00,BATTERY_FLEX,HIGH,25.61
2026-06-03 10:00:00,PRODUCTION,HIGH,26.63
2026-06-03 10:00:00,WAREHOUSE,HIGH,25.82
2026-06-03 10:00:00,OFFICE_A,HIGH,26.21
2026-06-03 10:00:00,CONTROL_ROOM,HIGH,24.96
2026-06-03 10:00:00,UTILITY,HIGH,26.63
2026-06-03 10:00:00,BATTERY_FLEX,HIGH,25.27
2026-06-03 10:15:00,PRODUCTION,HIGH,25.51
2026-06-03 10:15:00,WAREHOUSE,HIGH,26.5
2026-06-03 10:15:00,OFFICE_A,HIGH,26.04
2026-06-03 10:15:00,CONTROL_ROOM,HIGH,24.05
2026-06-03 10:15:00,UTILITY,HIGH,25.87
2026-06-03 10:15:00,BATTERY_FLEX,HIGH,25.61
2026-06-03 10:30:00,PRODUCTION,HIGH,25.99
2026-06-03 10:30:00,WAREHOUSE,HIGH,25.35
2026-06-03 10:30:00,OFFICE_A,HIGH,26.12
2026-06-03 10:30:00,CONTROL_ROOM,HIGH,25.21
2026-06-03 10:30:00,UTILITY,HIGH,26.5
2026-06-03 10:30:00,BATTERY_FLEX,HIGH,25.71
2026-06-03 10:45:00,PRODUCTION,HIGH,26.5
2026-06-03 10:45:00,WAREHOUSE,HIGH,25.8
2026-06-03 10:45:00,OFFICE_A,HIGH,26.08
2026-06-03 10:45:00,CONTROL_ROOM,HIGH,25.36
2026-06-03 10:45:00,UTILITY,HIGH,26.52
2026-06-03 10:45:00,BATTERY_FLEX,HIGH,25.26
2026-06-03 11:00:00,PRODUCTION,HIGH,26.6
2026-06-03 11:00:00,WAREHOUSE,HIGH,26.85
2026-06-03 11:00:00,OFFICE_A,HIGH,25.74
2026-06-03 11:00:00,CONTROL_ROOM,HIGH,25.21
2026-06-03 11:00:00,UTILITY,HIGH,26.78
2026-06-03 11:00:00,BATTERY_FLEX,HIGH,25.3
2026-06-03 11:15:00,PRODUCTION,HIGH,26.13
2026-06-03 11:15:00,WAREHOUSE,HIGH,25.58
2026-06-03 11:15:00,OFFICE_A,HIGH,26.16
2026-06-03 11:15:00,CONTROL_ROOM,HIGH,25.45
2026-06-03 11:15:00,UTILITY,HIGH,26.42
2026-06-03 11:15:00,BATTERY_FLEX,HIGH,25.89
2026-06-03 11:30:00,PRODUCTION,HIGH,26.83
2026-06-03 11:30:00,WAREHOUSE,HIGH,25.42
2026-06-03 11:30:00,OFFICE_A,HIGH,25.79
2026-06-03 11:30:00,CONTROL_ROOM,HIGH,24.67
2026-06-03 11:30:00,UTILITY,HIGH,26.75
2026-06-03 11:30:00,BATTERY_FLEX,HIGH,25.1
2026-06-03 11:45:00,PRODUCTION,HIGH,26.16
2026-06-03 11:45:00,WAREHOUSE,HIGH,25.23
2026-06-03 11:45:00,OFFICE_A,HIGH,26.2
2026-06-03 11:45:00,CONTROL_ROOM,HIGH,25.39
2026-06-03 11:45:00,UTILITY,HIGH,26.44
2026-06-03 11:45:00,BATTERY_FLEX,HIGH,24.87
2026-06-03 12:00:00,PRODUCTION,HIGH,26.03
2026-06-03 12:00:00,WAREHOUSE,HIGH,26.4
2026-06-03 12:00:00,OFFICE_A,HIGH,26.32
2026-06-03 12:00:00,CONTROL_ROOM,HIGH,25.3
2026-06-03 12:00:00,UTILITY,HIGH,26.87
2026-06-03 12:00:00,BATTERY_FLEX,HIGH,26.66
2026-06-03 12:15:00,PRODUCTION,HIGH,26.07
2026-06-03 12:15:00,WAREHOUSE,HIGH,25.21
2026-06-03 12:15:00,OFFICE_A,HIGH,25.85
2026-06-03 12:15:00,CONTROL_ROOM,HIGH,24.39
2026-06-03 12:15:00,UTILITY,HIGH,26.42
2026-06-03 12:15:00,BATTERY_FLEX,HIGH,25.28
2026-06-03 12:30:00,PRODUCTION,HIGH,26.36
2026-06-03 12:30:00,WAREHOUSE,HIGH,26.82
2026-06-03 12:30:00,OFFICE_A,HIGH,26.16
2026-06-03 12:30:00,CONTROL_ROOM,HIGH,24.11
2026-06-03 12:30:00,UTILITY,HIGH,25.76
2026-06-03 12:30:00,BATTERY_FLEX,HIGH,24.39
2026-06-03 12:45:00,PRODUCTION,HIGH,27.51
2026-06-03 12:45:00,WAREHOUSE,HIGH,26.03
2026-06-03 12:45:00,OFFICE_A,HIGH,26.37
2026-06-03 12:45:00,CONTROL_ROOM,HIGH,24.54
2026-06-03 12:45:00,UTILITY,HIGH,25.75
2026-06-03 12:45:00,BATTERY_FLEX,HIGH,25.27
2026-06-03 13:00:00,PRODUCTION,HIGH,26.52
2026-06-03 13:00:00,WAREHOUSE,HIGH,25.65
2026-06-03 13:00:00,OFFICE_A,HIGH,25.61
2026-06-03 13:00:00,CONTROL_ROOM,HIGH,24.74
2026-06-03 13:00:00,UTILITY,HIGH,26.16
2026-06-03 13:00:00,BATTERY_FLEX,HIGH,25.3
2026-06-03 13:15:00,PRODUCTION,HIGH,26.28
2026-06-03 13:15:00,WAREHOUSE,HIGH,25.97
2026-06-03 13:15:00,OFFICE_A,HIGH,26.31
2026-06-03 13:15:00,CONTROL_ROOM,HIGH,24.79
2026-06-03 13:15:00,UTILITY,HIGH,26.65
2026-06-03 13:15:00,BATTERY_FLEX,HIGH,25.74
2026-06-03 13:30:00,PRODUCTION,HIGH,26.5
2026-06-03 13:30:00,WAREHOUSE,HIGH,25.75
2026-06-03 13:30:00,OFFICE_A,HIGH,25.94
2026-06-03 13:30:00,CONTROL_ROOM,HIGH,24.66
2026-06-03 13:30:00,UTILITY,HIGH,25.5
2026-06-03 13:30:00,BATTERY_FLEX,HIGH,25.29
2026-06-03 13:45:00,PRODUCTION,HIGH,25.94
2026-06-03 13:45:00,WAREHOUSE,HIGH,25.87
2026-06-03 13:45:00,OFFICE_A,HIGH,26.07
2026-06-03 13:45:00,CONTROL_ROOM,HIGH,25.28
2026-06-03 13:45:00,UTILITY,HIGH,27.34
2026-06-03 13:45:00,BATTERY_FLEX,HIGH,25.39
2026-06-03 14:00:00,PRODUCTION,HIGH,27.33
2026-06-03 14:00:00,WAREHOUSE,HIGH,25.3
2026-06-03 14:00:00,OFFICE_A,HIGH,25.51
2026-06-03 14:00:00,CONTROL_ROOM,HIGH,25.01
2026-06-03 14:00:00,UTILITY,HIGH,26.21
2026-06-03 14:00:00,BATTERY_FLEX,HIGH,24.81
2026-06-03 14:15:00,PRODUCTION,HIGH,25.86
2026-06-03 14:15:00,WAREHOUSE,HIGH,26.24
2026-06-03 14:15:00,OFFICE_A,HIGH,26.31
2026-06-03 14:15:00,CONTROL_ROOM,HIGH,24.75
2026-06-03 14:15:00,UTILITY,HIGH,25.47
2026-06-03 14:15:00,BATTERY_FLEX,HIGH,24.89
2026-06-03 14:30:00,PRODUCTION,HIGH,26.52
2026-06-03 14:30:00,WAREHOUSE,HIGH,26.1
2026-06-03 14:30:00,OFFICE_A,HIGH,24.87
2026-06-03 14:30:00,CONTROL_ROOM,HIGH,25.58
2026-06-03 14:30:00,UTILITY,HIGH,25.67
2026-06-03 14:30:00,BATTERY_FLEX,HIGH,25.43
2026-06-03 14:45:00,PRODUCTION,HIGH,25.44
2026-06-03 14:45:00,WAREHOUSE,HIGH,25.39
2026-06-03 14:45:00,OFFICE_A,HIGH,26.19
2026-06-03 14:45:00,CONTROL_ROOM,HIGH,25.03
2026-06-03 14:45:00,UTILITY,HIGH,26.52
2026-06-03 14:45:00,BATTERY_FLEX,HIGH,25.68
2026-06-03 15:00:00,PRODUCTION,HIGH,26.32
2026-06-03 15:00:00,WAREHOUSE,HIGH,25.97
2026-06-03 15:00:00,OFFICE_A,HIGH,25.5
2026-06-03 15:00:00,CONTROL_ROOM,HIGH,25.36
2026-06-03 15:00:00,UTILITY,HIGH,26.72
2026-06-03 15:00:00,BATTERY_FLEX,HIGH,25.32
2026-06-03 15:15:00,PRODUCTION,HIGH,26.41
2026-06-03 15:15:00,WAREHOUSE,HIGH,24.8
2026-06-03 15:15:00,OFFICE_A,HIGH,26.81
2026-06-03 15:15:00,CONTROL_ROOM,HIGH,25.19
2026-06-03 15:15:00,UTILITY,HIGH,26.85
2026-06-03 15:15:00,BATTERY_FLEX,HIGH,25.44
2026-06-03 15:30:00,PRODUCTION,HIGH,27.79
2026-06-03 15:30:00,WAREHOUSE,HIGH,26.27
2026-06-03 15:30:00,OFFICE_A,HIGH,25.36
2026-06-03 15:30:00,CONTROL_ROOM,HIGH,25.38
2026-06-03 15:30:00,UTILITY,HIGH,26.86
2026-06-03 15:30:00,BATTERY_FLEX,HIGH,25.89
2026-06-03 15:45:00,PRODUCTION,HIGH,27.96
2026-06-03 15:45:00,WAREHOUSE,HIGH,25.42
2026-06-03 15:45:00,OFFICE_A,HIGH,25.92
2026-06-03 15:45:00,CONTROL_ROOM,HIGH,25.02
2026-06-03 15:45:00,UTILITY,HIGH,26.05
2026-06-03 15:45:00,BATTERY_FLEX,HIGH,24.85
2026-06-03 16:00:00,PRODUCTION,HIGH,26.41
2026-06-03 16:00:00,WAREHOUSE,HIGH,26.76
2026-06-03 16:00:00,OFFICE_A,HIGH,26.16
2026-06-03 16:00:00,CONTROL_ROOM,HIGH,25.8
2026-06-03 16:00:00,UTILITY,HIGH,26.42
2026-06-03 16:00:00,BATTERY_FLEX,HIGH,25.7
2026-06-03 16:15:00,PRODUCTION,HIGH,26.9
2026-06-03 16:15:00,WAREHOUSE,HIGH,25.97
2026-06-03 16:15:00,OFFICE_A,HIGH,26.01
2026-06-03 16:15:00,CONTROL_ROOM,HIGH,25.36
2026-06-03 16:15:00,UTILITY,HIGH,27.41
2026-06-03 16:15:00,BATTERY_FLEX,HIGH,25.15
2026-06-03 16:30:00,PRODUCTION,HIGH,26.71
2026-06-03 16:30:00,WAREHOUSE,HIGH,24.61
2026-06-03 16:30:00,OFFICE_A,HIGH,26.46
2026-06-03 16:30:00,CONTROL_ROOM,HIGH,24.09
2026-06-03 16:30:00,UTILITY,HIGH,27.03
2026-06-03 16:30:00,BATTERY_FLEX,HIGH,25.38
2026-06-03 16:45:00,PRODUCTION,HIGH,26.74
2026-06-03 16:45:00,WAREHOUSE,HIGH,25.76
2026-06-03 16:45:00,OFFICE_A,HIGH,25.87
2026-06-03 16:45:00,CONTROL_ROOM,HIGH,25.15
2026-06-03 16:45:00,UTILITY,HIGH,27.66
2026-06-03 16:45:00,BATTERY_FLEX,HIGH,25.7
2026-06-03 17:00:00,PRODUCTION,HIGH,26.6
2026-06-03 17:00:00,WAREHOUSE,HIGH,24.77
2026-06-03 17:00:00,OFFICE_A,HIGH,26.1
2026-06-03 17:00:00,CONTROL_ROOM,HIGH,25.6
2026-06-03 17:00:00,UTILITY,HIGH,25.81
2026-06-03 17:00:00,BATTERY_FLEX,HIGH,25.21
2026-06-03 17:15:00,PRODUCTION,HIGH,26.95
2026-06-03 17:15:00,WAREHOUSE,HIGH,26.09
2026-06-03 17:15:00,OFFICE_A,HIGH,26.11
2026-06-03 17:15:00,CONTROL_ROOM,HIGH,25.22
2026-06-03 17:15:00,UTILITY,HIGH,25.69
2026-06-03 17:15:00,BATTERY_FLEX,HIGH,24.19
2026-06-03 17:30:00,PRODUCTION,HIGH,27.39
2026-06-03 17:30:00,WAREHOUSE,HIGH,26.56
2026-06-03 17:30:00,OFFICE_A,HIGH,25.6
2026-06-03 17:30:00,CONTROL_ROOM,HIGH,24.92
2026-06-03 17:30:00,UTILITY,HIGH,26.52
2026-06-03 17:30:00,BATTERY_FLEX,HIGH,26.54
2026-06-03 17:45:00,PRODUCTION,HIGH,26.06
2026-06-03 17:45:00,WAREHOUSE,HIGH,26.15
2026-06-03 17:45:00,OFFICE_A,HIGH,25.45
2026-06-03 17:45:00,CONTROL_ROOM,HIGH,24.88
2026-06-03 17:45:00,UTILITY,HIGH,26.19
2026-06-03 17:45:00,BATTERY_FLEX,HIGH,26.05
2026-06-03 18:00:00,PRODUCTION,HIGH,26.14
2026-06-03 18:00:00,WAREHOUSE,HIGH,25.77
2026-06-03 18:00:00,OFFICE_A,HIGH,25.95
2026-06-03 18:00:00,CONTROL_ROOM,HIGH,24.86
2026-06-03 18:00:00,UTILITY,HIGH,26.64
2026-06-03 18:00:00,BATTERY_FLEX,HIGH,24.48
2026-06-03 18:15:00,PRODUCTION,HIGH,25.61
2026-06-03 18:15:00,WAREHOUSE,HIGH,26.06
2026-06-03 18:15:00,OFFICE_A,HIGH,26.47
2026-06-03 18:15:00,CONTROL_ROOM,HIGH,24.89
2026-06-03 18:15:00,UTILITY,HIGH,25.25
2026-06-03 18:15:00,BATTERY_FLEX,HIGH,25.58
2026-06-03 18:30:00,PRODUCTION,HIGH,25.78
2026-06-03 18:30:00,WAREHOUSE,HIGH,25.49
2026-06-03 18:30:00,OFFICE_A,HIGH,25.77
2026-06-03 18:30:00,CONTROL_ROOM,HIGH,24.54
2026-06-03 18:30:00,UTILITY,HIGH,26.51
2026-06-03 18:30:00,BATTERY_FLEX,HIGH,24.99
2026-06-03 18:45:00,PRODUCTION,MEDIUM,25.89
2026-06-03 18:45:00,WAREHOUSE,MEDIUM,24.88
2026-06-03 18:45:00,OFFICE_A,MEDIUM,25.97
2026-06-03 18:45:00,CONTROL_ROOM,MEDIUM,24.65
2026-06-03 18:45:00,UTILITY,MEDIUM,25.02
2026-06-03 18:45:00,BATTERY_FLEX,MEDIUM,24.94
2026-06-03 19:00:00,PRODUCTION,MEDIUM,25.53
2026-06-03 19:00:00,WAREHOUSE,MEDIUM,26.24
2026-06-03 19:00:00,OFFICE_A,MEDIUM,26.43
2026-06-03 19:00:00,CONTROL_ROOM,MEDIUM,24.38
2026-06-03 19:00:00,UTILITY,MEDIUM,25.87
2026-06-03 19:00:00,BATTERY_FLEX,MEDIUM,25.5
2026-06-03 19:15:00,PRODUCTION,MEDIUM,27.03
2026-06-03 19:15:00,WAREHOUSE,MEDIUM,25.47
2026-06-03 19:15:00,OFFICE_A,MEDIUM,25.81
2026-06-03 19:15:00,CONTROL_ROOM,MEDIUM,25.33
2026-06-03 19:15:00,UTILITY,MEDIUM,27.24
2026-06-03 19:15:00,BATTERY_FLEX,MEDIUM,24.9
2026-06-03 19:30:00,PRODUCTION,MEDIUM,26.69
2026-06-03 19:30:00,WAREHOUSE,MEDIUM,25.16
2026-06-03 19:30:00,OFFICE_A,MEDIUM,25.72
2026-06-03 19:30:00,CONTROL_ROOM,MEDIUM,24.55
2026-06-03 19:30:00,UTILITY,MEDIUM,25.69
2026-06-03 19:30:00,BATTERY_FLEX,MEDIUM,24.68
2026-06-03 19:45:00,PRODUCTION,MEDIUM,26.22
2026-06-03 19:45:00,WAREHOUSE,MEDIUM,25.96
2026-06-03 19:45:00,OFFICE_A,MEDIUM,25.2
2026-06-03 19:45:00,CONTROL_ROOM,MEDIUM,25.05
2026-06-03 19:45:00,UTILITY,MEDIUM,26.58
2026-06-03 19:45:00,BATTERY_FLEX,MEDIUM,26.47
2026-06-03 20:00:00,PRODUCTION,MEDIUM,26.58
2026-06-03 20:00:00,WAREHOUSE,MEDIUM,25.4
2026-06-03 20:00:00,OFFICE_A,MEDIUM,25.47
2026-06-03 20:00:00,CONTROL_ROOM,MEDIUM,24.94
2026-06-03 20:00:00,UTILITY,MEDIUM,25.75
2026-06-03 20:00:00,BATTERY_FLEX,MEDIUM,24.96
2026-06-03 20:15:00,PRODUCTION,MEDIUM,25.16
2026-06-03 20:15:00,WAREHOUSE,MEDIUM,24.69
2026-06-03 20:15:00,OFFICE_A,MEDIUM,24.95
2026-06-03 20:15:00,CONTROL_ROOM,MEDIUM,23.93
2026-06-03 20:15:00,UTILITY,MEDIUM,26.07
2026-06-03 20:15:00,BATTERY_FLEX,MEDIUM,24.55
2026-06-03 20:30:00,PRODUCTION,MEDIUM,26.71
2026-06-03 20:30:00,WAREHOUSE,MEDIUM,25.97
2026-06-03 20:30:00,OFFICE_A,MEDIUM,25.55
2026-06-03 20:30:00,CONTROL_ROOM,MEDIUM,24.32
2026-06-03 20:30:00,UTILITY,MEDIUM,25.92
2026-06-03 20:30:00,BATTERY_FLEX,MEDIUM,25.3
2026-06-03 20:45:00,PRODUCTION,MEDIUM,25.01
2026-06-03 20:45:00,WAREHOUSE,MEDIUM,25.74
2026-06-03 20:45:00,OFFICE_A,MEDIUM,25.9
2026-06-03 20:45:00,CONTROL_ROOM,MEDIUM,24.38
2026-06-03 20:45:00,UTILITY,MEDIUM,27.04
2026-06-03 20:45:00,BATTERY_FLEX,MEDIUM,24.69
2026-06-03 21:00:00,PRODUCTION,LOW,25.68
2026-06-03 21:00:00,WAREHOUSE,LOW,25.61
2026-06-03 21:00:00,OFFICE_A,LOW,25.66
2026-06-03 21:00:00,CONTROL_ROOM,LOW,24.93
2026-06-03 21:00:00,UTILITY,LOW,26.06
2026-06-03 21:00:00,BATTERY_FLEX,LOW,25.47
2026-06-03 21:15:00,PRODUCTION,LOW,26.26
2026-06-03 21:15:00,WAREHOUSE,LOW,26.66
2026-06-03 21:15:00,OFFICE_A,LOW,25.15
2026-06-03 21:15:00,CONTROL_ROOM,LOW,23.12
2026-06-03 21:15:00,UTILITY,LOW,25.78
2026-06-03 21:15:00,BATTERY_FLEX,LOW,25.67
2026-06-03 21:30:00,PRODUCTION,LOW,26.02
2026-06-03 21:30:00,WAREHOUSE,LOW,26.18
2026-06-03 21:30:00,OFFICE_A,LOW,25.74
2026-06-03 21:30:00,CONTROL_ROOM,LOW,25.04
2026-06-03 21:30:00,UTILITY,LOW,26.25
2026-06-03 21:30:00,BATTERY_FLEX,LOW,25.52
2026-06-03 21:45:00,PRODUCTION,LOW,25.91
2026-06-03 21:45:00,WAREHOUSE,LOW,25.98
2026-06-03 21:45:00,OFFICE_A,LOW,25.36
2026-06-03 21:45:00,CONTROL_ROOM,LOW,24.01
2026-06-03 21:45:00,UTILITY,LOW,26.08
2026-06-03 21:45:00,BATTERY_FLEX,LOW,25.79
2026-06-03 22:00:00,PRODUCTION,LOW,26.62
2026-06-03 22:00:00,WAREHOUSE,LOW,25.45
2026-06-03 22:00:00,OFFICE_A,LOW,24.33
2026-06-03 22:00:00,CONTROL_ROOM,LOW,25.18
2026-06-03 22:00:00,UTILITY,LOW,26.4
2026-06-03 22:00:00,BATTERY_FLEX,LOW,25.02
2026-06-03 22:15:00,PRODUCTION,LOW,26.29
2026-06-03 22:15:00,WAREHOUSE,LOW,25.83
2026-06-03 22:15:00,OFFICE_A,LOW,25.34
2026-06-03 22:15:00,CONTROL_ROOM,LOW,24.29
2026-06-03 22:15:00,UTILITY,LOW,25.97
2026-06-03 22:15:00,BATTERY_FLEX,LOW,25.58
2026-06-03 22:30:00,PRODUCTION,LOW,26.08
2026-06-03 22:30:00,WAREHOUSE,LOW,25.81
2026-06-03 22:30:00,OFFICE_A,LOW,25.47
2026-06-03 22:30:00,CONTROL_ROOM,LOW,24.1
2026-06-03 22:30:00,UTILITY,LOW,26.46
2026-06-03 22:30:00,BATTERY_FLEX,LOW,25.04
2026-06-03 22:45:00,PRODUCTION,LOW,24.95
2026-06-03 22:45:00,WAREHOUSE,LOW,25.83
2026-06-03 22:45:00,OFFICE_A,LOW,24.47
2026-06-03 22:45:00,CONTROL_ROOM,LOW,24.26
2026-06-03 22:45:00,UTILITY,LOW,25.86
2026-06-03 22:45:00,BATTERY_FLEX,LOW,24.04
2026-06-03 23:00:00,PRODUCTION,LOW,26.08
2026-06-03 23:00:00,WAREHOUSE,LOW,26.26
2026-06-03 23:00:00,OFFICE_A,LOW,25.91
2026-06-03 23:00:00,CONTROL_ROOM,LOW,24.34
2026-06-03 23:00:00,UTILITY,LOW,26.06
2026-06-03 23:00:00,BATTERY_FLEX,LOW,25.71
2026-06-03 23:15:00,PRODUCTION,LOW,25.81
2026-06-03 23:15:00,WAREHOUSE,LOW,25.77
2026-06-03 23:15:00,OFFICE_A,LOW,24.3
2026-06-03 23:15:00,CONTROL_ROOM,LOW,24.44
2026-06-03 23:15:00,UTILITY,LOW,27.19
2026-06-03 23:15:00,BATTERY_FLEX,LOW,25.37
2026-06-03 23:30:00,PRODUCTION,LOW,25.93
2026-06-03 23:30:00,WAREHOUSE,LOW,25.15
2026-06-03 23:30:00,OFFICE_A,LOW,24.76
2026-06-03 23:30:00,CONTROL_ROOM,LOW,24.87
2026-06-03 23:30:00,UTILITY,LOW,26.75
2026-06-03 23:30:00,BATTERY_FLEX,LOW,24.56
2026-06-03 23:45:00,PRODUCTION,LOW,25.98
2026-06-03 23:45:00,WAREHOUSE,LOW,26.06
2026-06-03 23:45:00,OFFICE_A,LOW,25.29
2026-06-03 23:45:00,CONTROL_ROOM,LOW,24.96
2026-06-03 23:45:00,UTILITY,LOW,26.22
2026-06-03 23:45:00,BATTERY_FLEX,LOW,25.38
2026-06-04 00:00:00,PRODUCTION,LOW,23.6
2026-06-04 00:00:00,WAREHOUSE,LOW,22.26
2026-06-04 00:00:00,OFFICE_A,LOW,22.33
2026-06-04 00:00:00,CONTROL_ROOM,LOW,22.36
2026-06-04 00:00:00,UTILITY,LOW,23.7
2026-06-04 00:00:00,BATTERY_FLEX,LOW,21.6
2026-06-04 00:15:00,PRODUCTION,LOW,23.23
2026-06-04 00:15:00,WAREHOUSE,LOW,23.17
2026-06-04 00:15:00,OFFICE_A,LOW,23.37
2026-06-04 00:15:00,CONTROL_ROOM,LOW,21.33
2026-06-04 00:15:00,UTILITY,LOW,23.07
2026-06-04 00:15:00,BATTERY_FLEX,LOW,22.47
2026-06-04 00:30:00,PRODUCTION,LOW,23.58
2026-06-04 00:30:00,WAREHOUSE,LOW,22.74
2026-06-04 00:30:00,OFFICE_A,LOW,22.47
2026-06-04 00:30:00,CONTROL_ROOM,LOW,20.74
2026-06-04 00:30:00,UTILITY,LOW,23.2
2026-06-04 00:30:00,BATTERY_FLEX,LOW,22.54
2026-06-04 00:45:00,PRODUCTION,LOW,22.94
2026-06-04 00:45:00,WAREHOUSE,LOW,22.73
2026-06-04 00:45:00,OFFICE_A,LOW,23.55
2026-06-04 00:45:00,CONTROL_ROOM,LOW,21.89
2026-06-04 00:45:00,UTILITY,LOW,23.3
2026-06-04 00:45:00,BATTERY_FLEX,LOW,22.49
2026-06-04 01:00:00,PRODUCTION,LOW,23.17
2026-06-04 01:00:00,WAREHOUSE,LOW,23.09
2026-06-04 01:00:00,OFFICE_A,LOW,22.2
2026-06-04 01:00:00,CONTROL_ROOM,LOW,21.67
2026-06-04 01:00:00,UTILITY,LOW,23.55
2026-06-04 01:00:00,BATTERY_FLEX,LOW,23.12
2026-06-04 01:15:00,PRODUCTION,LOW,23.55
2026-06-04 01:15:00,WAREHOUSE,LOW,22.76
2026-06-04 01:15:00,OFFICE_A,LOW,23.01
2026-06-04 01:15:00,CONTROL_ROOM,LOW,21.67
2026-06-04 01:15:00,UTILITY,LOW,23.07
2026-06-04 01:15:00,BATTERY_FLEX,LOW,22.08
2026-06-04 01:30:00,PRODUCTION,LOW,23.03
2026-06-04 01:30:00,WAREHOUSE,LOW,23.22
2026-06-04 01:30:00,OFFICE_A,LOW,23.98
2026-06-04 01:30:00,CONTROL_ROOM,LOW,21.26
2026-06-04 01:30:00,UTILITY,LOW,22.62
2026-06-04 01:30:00,BATTERY_FLEX,LOW,23.21
2026-06-04 01:45:00,PRODUCTION,LOW,23.34
2026-06-04 01:45:00,WAREHOUSE,LOW,22.58
2026-06-04 01:45:00,OFFICE_A,LOW,22.61
2026-06-04 01:45:00,CONTROL_ROOM,LOW,21.93
2026-06-04 01:45:00,UTILITY,LOW,23.05
2026-06-04 01:45:00,BATTERY_FLEX,LOW,22.2
2026-06-04 02:00:00,PRODUCTION,LOW,23.27
2026-06-04 02:00:00,WAREHOUSE,LOW,22.85
2026-06-04 02:00:00,OFFICE_A,LOW,22.57
2026-06-04 02:00:00,CONTROL_ROOM,LOW,21.7
2026-06-04 02:00:00,UTILITY,LOW,23.22
2026-06-04 02:00:00,BATTERY_FLEX,LOW,22.9
2026-06-04 02:15:00,PRODUCTION,LOW,23.12
2026-06-04 02:15:00,WAREHOUSE,LOW,23.24
2026-06-04 02:15:00,OFFICE_A,LOW,23.53
2026-06-04 02:15:00,CONTROL_ROOM,LOW,22.0
2026-06-04 02:15:00,UTILITY,LOW,22.67
2026-06-04 02:15:00,BATTERY_FLEX,LOW,22.79
2026-06-04 02:30:00,PRODUCTION,LOW,22.92
2026-06-04 02:30:00,WAREHOUSE,LOW,22.32
2026-06-04 02:30:00,OFFICE_A,LOW,22.83
2026-06-04 02:30:00,CONTROL_ROOM,LOW,20.88
2026-06-04 02:30:00,UTILITY,LOW,23.45
2026-06-04 02:30:00,BATTERY_FLEX,LOW,23.21
2026-06-04 02:45:00,PRODUCTION,LOW,23.16
2026-06-04 02:45:00,WAREHOUSE,LOW,22.86
2026-06-04 02:45:00,OFFICE_A,LOW,23.39
2026-06-04 02:45:00,CONTROL_ROOM,LOW,22.17
2026-06-04 02:45:00,UTILITY,LOW,23.79
2026-06-04 02:45:00,BATTERY_FLEX,LOW,22.62
2026-06-04 03:00:00,PRODUCTION,LOW,22.7
2026-06-04 03:00:00,WAREHOUSE,LOW,23.48
2026-06-04 03:00:00,OFFICE_A,LOW,23.35
2026-06-04 03:00:00,CONTROL_ROOM,LOW,21.86
2026-06-04 03:00:00,UTILITY,LOW,23.48
2026-06-04 03:00:00,BATTERY_FLEX,LOW,22.76
2026-06-04 03:15:00,PRODUCTION,LOW,23.2
2026-06-04 03:15:00,WAREHOUSE,LOW,23.41
2026-06-04 03:15:00,OFFICE_A,LOW,22.68
2026-06-04 03:15:00,CONTROL_ROOM,LOW,21.15
2026-06-04 03:15:00,UTILITY,LOW,23.48
2026-06-04 03:15:00,BATTERY_FLEX,LOW,22.59
2026-06-04 03:30:00,PRODUCTION,LOW,22.72
2026-06-04 03:30:00,WAREHOUSE,LOW,23.15
2026-06-04 03:30:00,OFFICE_A,LOW,23.41
2026-06-04 03:30:00,CONTROL_ROOM,LOW,20.9
2026-06-04 03:30:00,UTILITY,LOW,23.66
2026-06-04 03:30:00,BATTERY_FLEX,LOW,22.27
2026-06-04 03:45:00,PRODUCTION,LOW,24.14
2026-06-04 03:45:00,WAREHOUSE,LOW,22.42
2026-06-04 03:45:00,OFFICE_A,LOW,22.13
2026-06-04 03:45:00,CONTROL_ROOM,LOW,21.07
2026-06-04 03:45:00,UTILITY,LOW,24.42
2026-06-04 03:45:00,BATTERY_FLEX,LOW,22.32
2026-06-04 04:00:00,PRODUCTION,LOW,23.07
2026-06-04 04:00:00,WAREHOUSE,LOW,24.28
2026-06-04 04:00:00,OFFICE_A,LOW,23.39
2026-06-04 04:00:00,CONTROL_ROOM,LOW,21.26
2026-06-04 04:00:00,UTILITY,LOW,23.87
2026-06-04 04:00:00,BATTERY_FLEX,LOW,22.13
2026-06-04 04:15:00,PRODUCTION,LOW,23.79
2026-06-04 04:15:00,WAREHOUSE,LOW,22.83
2026-06-04 04:15:00,OFFICE_A,LOW,22.68
2026-06-04 04:15:00,CONTROL_ROOM,LOW,22.14
2026-06-04 04:15:00,UTILITY,LOW,23.76
2026-06-04 04:15:00,BATTERY_FLEX,LOW,22.37
2026-06-04 04:30:00,PRODUCTION,LOW,22.67
2026-06-04 04:30:00,WAREHOUSE,LOW,23.39
2026-06-04 04:30:00,OFFICE_A,LOW,22.93
2026-06-04 04:30:00,CONTROL_ROOM,LOW,22.14
2026-06-04 04:30:00,UTILITY,LOW,24.0
2026-06-04 04:30:00,BATTERY_FLEX,LOW,22.22
2026-06-04 04:45:00,PRODUCTION,LOW,22.99
2026-06-04 04:45:00,WAREHOUSE,LOW,22.72
2026-06-04 04:45:00,OFFICE_A,LOW,21.85
2026-06-04 04:45:00,CONTROL_ROOM,LOW,22.63
2026-06-04 04:45:00,UTILITY,LOW,23.98
2026-06-04 04:45:00,BATTERY_FLEX,LOW,22.95
2026-06-04 05:00:00,PRODUCTION,LOW,23.13
2026-06-04 05:00:00,WAREHOUSE,LOW,22.84
2026-06-04 05:00:00,OFFICE_A,LOW,24.03
2026-06-04 05:00:00,CONTROL_ROOM,LOW,21.99
2026-06-04 05:00:00,UTILITY,LOW,23.32
2026-06-04 05:00:00,BATTERY_FLEX,LOW,22.79
2026-06-04 05:15:00,PRODUCTION,LOW,23.45
2026-06-04 05:15:00,WAREHOUSE,LOW,23.58
2026-06-04 05:15:00,OFFICE_A,LOW,22.89
2026-06-04 05:15:00,CONTROL_ROOM,LOW,21.75
2026-06-04 05:15:00,UTILITY,LOW,23.56
2026-06-04 05:15:00,BATTERY_FLEX,LOW,22.52
2026-06-04 05:30:00,PRODUCTION,LOW,23.22
2026-06-04 05:30:00,WAREHOUSE,LOW,22.68
2026-06-04 05:30:00,OFFICE_A,LOW,22.52
2026-06-04 05:30:00,CONTROL_ROOM,LOW,22.33
2026-06-04 05:30:00,UTILITY,LOW,23.91
2026-06-04 05:30:00,BATTERY_FLEX,LOW,22.85
2026-06-04 05:45:00,PRODUCTION,LOW,23.07
2026-06-04 05:45:00,WAREHOUSE,LOW,23.54
2026-06-04 05:45:00,OFFICE_A,LOW,23.14
2026-06-04 05:45:00,CONTROL_ROOM,LOW,21.21
2026-06-04 05:45:00,UTILITY,LOW,23.12
2026-06-04 05:45:00,BATTERY_FLEX,LOW,22.6
2026-06-04 06:00:00,PRODUCTION,LOW,22.55
2026-06-04 06:00:00,WAREHOUSE,LOW,22.74
2026-06-04 06:00:00,OFFICE_A,LOW,22.55
2026-06-04 06:00:00,CONTROL_ROOM,LOW,21.52
2026-06-04 06:00:00,UTILITY,LOW,23.29
2026-06-04 06:00:00,BATTERY_FLEX,LOW,22.56
2026-06-04 06:15:00,PRODUCTION,LOW,23.7
2026-06-04 06:15:00,WAREHOUSE,LOW,23.5
2026-06-04 06:15:00,OFFICE_A,LOW,22.05
2026-06-04 06:15:00,CONTROL_ROOM,LOW,21.97
2026-06-04 06:15:00,UTILITY,LOW,23.92
2026-06-04 06:15:00,BATTERY_FLEX,LOW,22.06
2026-06-04 06:30:00,PRODUCTION,MEDIUM,24.39
2026-06-04 06:30:00,WAREHOUSE,MEDIUM,22.28
2026-06-04 06:30:00,OFFICE_A,MEDIUM,24.18
2026-06-04 06:30:00,CONTROL_ROOM,MEDIUM,21.47
2026-06-04 06:30:00,UTILITY,MEDIUM,24.1
2026-06-04 06:30:00,BATTERY_FLEX,MEDIUM,23.09
2026-06-04 06:45:00,PRODUCTION,MEDIUM,23.7
2026-06-04 06:45:00,WAREHOUSE,MEDIUM,23.22
2026-06-04 06:45:00,OFFICE_A,MEDIUM,23.53
2026-06-04 06:45:00,CONTROL_ROOM,MEDIUM,21.97
2026-06-04 06:45:00,UTILITY,MEDIUM,23.52
2026-06-04 06:45:00,BATTERY_FLEX,MEDIUM,23.15
2026-06-04 07:00:00,PRODUCTION,MEDIUM,22.95
2026-06-04 07:00:00,WAREHOUSE,MEDIUM,22.84
2026-06-04 07:00:00,OFFICE_A,MEDIUM,22.67
2026-06-04 07:00:00,CONTROL_ROOM,MEDIUM,22.37
2026-06-04 07:00:00,UTILITY,MEDIUM,24.11
2026-06-04 07:00:00,BATTERY_FLEX,MEDIUM,22.54
2026-06-04 07:15:00,PRODUCTION,MEDIUM,23.17
2026-06-04 07:15:00,WAREHOUSE,MEDIUM,23.93
2026-06-04 07:15:00,OFFICE_A,MEDIUM,23.05
2026-06-04 07:15:00,CONTROL_ROOM,MEDIUM,22.14
2026-06-04 07:15:00,UTILITY,MEDIUM,23.47
2026-06-04 07:15:00,BATTERY_FLEX,MEDIUM,22.2
2026-06-04 07:30:00,PRODUCTION,MEDIUM,25.14
2026-06-04 07:30:00,WAREHOUSE,MEDIUM,22.61
2026-06-04 07:30:00,OFFICE_A,MEDIUM,22.48
2026-06-04 07:30:00,CONTROL_ROOM,MEDIUM,22.36
2026-06-04 07:30:00,UTILITY,MEDIUM,24.42
2026-06-04 07:30:00,BATTERY_FLEX,MEDIUM,22.68
2026-06-04 07:45:00,PRODUCTION,MEDIUM,23.15
2026-06-04 07:45:00,WAREHOUSE,MEDIUM,22.22
2026-06-04 07:45:00,OFFICE_A,MEDIUM,23.24
2026-06-04 07:45:00,CONTROL_ROOM,MEDIUM,21.06
2026-06-04 07:45:00,UTILITY,MEDIUM,23.01
2026-06-04 07:45:00,BATTERY_FLEX,MEDIUM,22.4
2026-06-04 08:00:00,PRODUCTION,MEDIUM,24.23
2026-06-04 08:00:00,WAREHOUSE,MEDIUM,23.57
2026-06-04 08:00:00,OFFICE_A,MEDIUM,23.86
2026-06-04 08:00:00,CONTROL_ROOM,MEDIUM,22.29
2026-06-04 08:00:00,UTILITY,MEDIUM,23.85
2026-06-04 08:00:00,BATTERY_FLEX,MEDIUM,22.95
2026-06-04 08:15:00,PRODUCTION,MEDIUM,23.42
2026-06-04 08:15:00,WAREHOUSE,MEDIUM,23.42
2026-06-04 08:15:00,OFFICE_A,MEDIUM,23.28
2026-06-04 08:15:00,CONTROL_ROOM,MEDIUM,22.0
2026-06-04 08:15:00,UTILITY,MEDIUM,23.38
2026-06-04 08:15:00,BATTERY_FLEX,MEDIUM,22.1
2026-06-04 08:30:00,PRODUCTION,HIGH,24.29
2026-06-04 08:30:00,WAREHOUSE,HIGH,22.94
2026-06-04 08:30:00,OFFICE_A,HIGH,22.68
2026-06-04 08:30:00,CONTROL_ROOM,HIGH,22.89
2026-06-04 08:30:00,UTILITY,HIGH,23.45
2026-06-04 08:30:00,BATTERY_FLEX,HIGH,22.52
2026-06-04 08:45:00,PRODUCTION,HIGH,23.38
2026-06-04 08:45:00,WAREHOUSE,HIGH,23.52
2026-06-04 08:45:00,OFFICE_A,HIGH,23.24
2026-06-04 08:45:00,CONTROL_ROOM,HIGH,23.43
2026-06-04 08:45:00,UTILITY,HIGH,23.74
2026-06-04 08:45:00,BATTERY_FLEX,HIGH,21.63
2026-06-04 09:00:00,PRODUCTION,HIGH,25.02
2026-06-04 09:00:00,WAREHOUSE,HIGH,22.77
2026-06-04 09:00:00,OFFICE_A,HIGH,24.06
2026-06-04 09:00:00,CONTROL_ROOM,HIGH,22.25
2026-06-04 09:00:00,UTILITY,HIGH,23.89
2026-06-04 09:00:00,BATTERY_FLEX,HIGH,22.14
2026-06-04 09:15:00,PRODUCTION,HIGH,24.51
2026-06-04 09:15:00,WAREHOUSE,HIGH,23.42
2026-06-04 09:15:00,OFFICE_A,HIGH,22.93
2026-06-04 09:15:00,CONTROL_ROOM,HIGH,22.45
2026-06-04 09:15:00,UTILITY,HIGH,23.4
2026-06-04 09:15:00,BATTERY_FLEX,HIGH,23.21
2026-06-04 09:30:00,PRODUCTION,HIGH,22.7
2026-06-04 09:30:00,WAREHOUSE,HIGH,22.38
2026-06-04 09:30:00,OFFICE_A,HIGH,24.28
2026-06-04 09:30:00,CONTROL_ROOM,HIGH,22.37
2026-06-04 09:30:00,UTILITY,HIGH,23.39
2026-06-04 09:30:00,BATTERY_FLEX,HIGH,23.59
2026-06-04 09:45:00,PRODUCTION,HIGH,24.05
2026-06-04 09:45:00,WAREHOUSE,HIGH,23.39
2026-06-04 09:45:00,OFFICE_A,HIGH,24.41
2026-06-04 09:45:00,CONTROL_ROOM,HIGH,22.83
2026-06-04 09:45:00,UTILITY,HIGH,24.14
2026-06-04 09:45:00,BATTERY_FLEX,HIGH,23.36
2026-06-04 10:00:00,PRODUCTION,HIGH,22.88
2026-06-04 10:00:00,WAREHOUSE,HIGH,22.22
2026-06-04 10:00:00,OFFICE_A,HIGH,23.13
2026-06-04 10:00:00,CONTROL_ROOM,HIGH,22.91
2026-06-04 10:00:00,UTILITY,HIGH,23.84
2026-06-04 10:00:00,BATTERY_FLEX,HIGH,22.88
2026-06-04 10:15:00,PRODUCTION,HIGH,24.33
2026-06-04 10:15:00,WAREHOUSE,HIGH,22.93
2026-06-04 10:15:00,OFFICE_A,HIGH,23.69
2026-06-04 10:15:00,CONTROL_ROOM,HIGH,21.87
2026-06-04 10:15:00,UTILITY,HIGH,24.5
2026-06-04 10:15:00,BATTERY_FLEX,HIGH,22.45
2026-06-04 10:30:00,PRODUCTION,HIGH,24.17
2026-06-04 10:30:00,WAREHOUSE,HIGH,23.28
2026-06-04 10:30:00,OFFICE_A,HIGH,23.41
2026-06-04 10:30:00,CONTROL_ROOM,HIGH,22.76
2026-06-04 10:30:00,UTILITY,HIGH,23.96
2026-06-04 10:30:00,BATTERY_FLEX,HIGH,22.41
2026-06-04 10:45:00,PRODUCTION,HIGH,24.16
2026-06-04 10:45:00,WAREHOUSE,HIGH,24.07
2026-06-04 10:45:00,OFFICE_A,HIGH,23.6
2026-06-04 10:45:00,CONTROL_ROOM,HIGH,22.83
2026-06-04 10:45:00,UTILITY,HIGH,23.14
2026-06-04 10:45:00,BATTERY_FLEX,HIGH,22.58
2026-06-04 11:00:00,PRODUCTION,HIGH,24.89
2026-06-04 11:00:00,WAREHOUSE,HIGH,23.62
2026-06-04 11:00:00,OFFICE_A,HIGH,24.51
2026-06-04 11:00:00,CONTROL_ROOM,HIGH,22.67
2026-06-04 11:00:00,UTILITY,HIGH,25.0
2026-06-04 11:00:00,BATTERY_FLEX,HIGH,22.56
2026-06-04 11:15:00,PRODUCTION,HIGH,24.61
2026-06-04 11:15:00,WAREHOUSE,HIGH,23.13
2026-06-04 11:15:00,OFFICE_A,HIGH,24.32
2026-06-04 11:15:00,CONTROL_ROOM,HIGH,23.04
2026-06-04 11:15:00,UTILITY,HIGH,24.78
2026-06-04 11:15:00,BATTERY_FLEX,HIGH,22.03
2026-06-04 11:30:00,PRODUCTION,HIGH,24.73
2026-06-04 11:30:00,WAREHOUSE,HIGH,23.16
2026-06-04 11:30:00,OFFICE_A,HIGH,24.07
2026-06-04 11:30:00,CONTROL_ROOM,HIGH,23.88
2026-06-04 11:30:00,UTILITY,HIGH,23.62
2026-06-04 11:30:00,BATTERY_FLEX,HIGH,22.59
2026-06-04 11:45:00,PRODUCTION,HIGH,23.88
2026-06-04 11:45:00,WAREHOUSE,HIGH,23.83
2026-06-04 11:45:00,OFFICE_A,HIGH,23.89
2026-06-04 11:45:00,CONTROL_ROOM,HIGH,21.68
2026-06-04 11:45:00,UTILITY,HIGH,23.19
2026-06-04 11:45:00,BATTERY_FLEX,HIGH,23.55
2026-06-04 12:00:00,PRODUCTION,HIGH,24.21
2026-06-04 12:00:00,WAREHOUSE,HIGH,23.67
2026-06-04 12:00:00,OFFICE_A,HIGH,23.02
2026-06-04 12:00:00,CONTROL_ROOM,HIGH,22.28
2026-06-04 12:00:00,UTILITY,HIGH,23.94
2026-06-04 12:00:00,BATTERY_FLEX,HIGH,22.75
2026-06-04 12:15:00,PRODUCTION,HIGH,24.75
2026-06-04 12:15:00,WAREHOUSE,HIGH,23.54
2026-06-04 12:15:00,OFFICE_A,HIGH,23.77
2026-06-04 12:15:00,CONTROL_ROOM,HIGH,22.65
2026-06-04 12:15:00,UTILITY,HIGH,23.38
2026-06-04 12:15:00,BATTERY_FLEX,HIGH,22.76
2026-06-04 12:30:00,PRODUCTION,HIGH,23.95
2026-06-04 12:30:00,WAREHOUSE,HIGH,23.4
2026-06-04 12:30:00,OFFICE_A,HIGH,23.51
2026-06-04 12:30:00,CONTROL_ROOM,HIGH,22.94
2026-06-04 12:30:00,UTILITY,HIGH,24.06
2026-06-04 12:30:00,BATTERY_FLEX,HIGH,23.24
2026-06-04 12:45:00,PRODUCTION,HIGH,23.75
2026-06-04 12:45:00,WAREHOUSE,HIGH,23.26
2026-06-04 12:45:00,OFFICE_A,HIGH,23.47
2026-06-04 12:45:00,CONTROL_ROOM,HIGH,22.13
2026-06-04 12:45:00,UTILITY,HIGH,23.58
2026-06-04 12:45:00,BATTERY_FLEX,HIGH,22.56
2026-06-04 13:00:00,PRODUCTION,HIGH,24.3
2026-06-04 13:00:00,WAREHOUSE,HIGH,24.54
2026-06-04 13:00:00,OFFICE_A,HIGH,23.79
2026-06-04 13:00:00,CONTROL_ROOM,HIGH,22.55
2026-06-04 13:00:00,UTILITY,HIGH,23.8
2026-06-04 13:00:00,BATTERY_FLEX,HIGH,22.93
2026-06-04 13:15:00,PRODUCTION,HIGH,24.63
2026-06-04 13:15:00,WAREHOUSE,HIGH,23.4
2026-06-04 13:15:00,OFFICE_A,HIGH,22.91
2026-06-04 13:15:00,CONTROL_ROOM,HIGH,23.09
2026-06-04 13:15:00,UTILITY,HIGH,24.43
2026-06-04 13:15:00,BATTERY_FLEX,HIGH,22.37
2026-06-04 13:30:00,PRODUCTION,HIGH,24.72
2026-06-04 13:30:00,WAREHOUSE,HIGH,23.07
2026-06-04 13:30:00,OFFICE_A,HIGH,23.15
2026-06-04 13:30:00,CONTROL_ROOM,HIGH,22.81
2026-06-04 13:30:00,UTILITY,HIGH,23.54
2026-06-04 13:30:00,BATTERY_FLEX,HIGH,22.56
2026-06-04 13:45:00,PRODUCTION,HIGH,24.28
2026-06-04 13:45:00,WAREHOUSE,HIGH,23.78
2026-06-04 13:45:00,OFFICE_A,HIGH,24.32
2026-06-04 13:45:00,CONTROL_ROOM,HIGH,22.37
2026-06-04 13:45:00,UTILITY,HIGH,24.27
2026-06-04 13:45:00,BATTERY_FLEX,HIGH,22.41
2026-06-04 14:00:00,PRODUCTION,HIGH,23.87
2026-06-04 14:00:00,WAREHOUSE,HIGH,24.31
2026-06-04 14:00:00,OFFICE_A,HIGH,24.0
2026-06-04 14:00:00,CONTROL_ROOM,HIGH,22.19
2026-06-04 14:00:00,UTILITY,HIGH,23.54
2026-06-04 14:00:00,BATTERY_FLEX,HIGH,23.19
2026-06-04 14:15:00,PRODUCTION,HIGH,24.58
2026-06-04 14:15:00,WAREHOUSE,HIGH,23.37
2026-06-04 14:15:00,OFFICE_A,HIGH,23.05
2026-06-04 14:15:00,CONTROL_ROOM,HIGH,22.29
2026-06-04 14:15:00,UTILITY,HIGH,23.92
2026-06-04 14:15:00,BATTERY_FLEX,HIGH,23.41
2026-06-04 14:30:00,PRODUCTION,HIGH,24.57
2026-06-04 14:30:00,WAREHOUSE,HIGH,22.97
2026-06-04 14:30:00,OFFICE_A,HIGH,23.62
2026-06-04 14:30:00,CONTROL_ROOM,HIGH,22.29
2026-06-04 14:30:00,UTILITY,HIGH,23.18
2026-06-04 14:30:00,BATTERY_FLEX,HIGH,22.97
2026-06-04 14:45:00,PRODUCTION,HIGH,24.32
2026-06-04 14:45:00,WAREHOUSE,HIGH,23.58
2026-06-04 14:45:00,OFFICE_A,HIGH,23.68
2026-06-04 14:45:00,CONTROL_ROOM,HIGH,22.91
2026-06-04 14:45:00,UTILITY,HIGH,23.44
2026-06-04 14:45:00,BATTERY_FLEX,HIGH,22.98
2026-06-04 15:00:00,PRODUCTION,HIGH,23.89
2026-06-04 15:00:00,WAREHOUSE,HIGH,23.04
2026-06-04 15:00:00,OFFICE_A,HIGH,23.14
2026-06-04 15:00:00,CONTROL_ROOM,HIGH,23.33
2026-06-04 15:00:00,UTILITY,HIGH,24.33
2026-06-04 15:00:00,BATTERY_FLEX,HIGH,23.07
2026-06-04 15:15:00,PRODUCTION,HIGH,24.09
2026-06-04 15:15:00,WAREHOUSE,HIGH,23.43
2026-06-04 15:15:00,OFFICE_A,HIGH,23.5
2026-06-04 15:15:00,CONTROL_ROOM,HIGH,22.89
2026-06-04 15:15:00,UTILITY,HIGH,24.22
2026-06-04 15:15:00,BATTERY_FLEX,HIGH,22.74
2026-06-04 15:30:00,PRODUCTION,HIGH,23.75
2026-06-04 15:30:00,WAREHOUSE,HIGH,23.51
2026-06-04 15:30:00,OFFICE_A,HIGH,23.63
2026-06-04 15:30:00,CONTROL_ROOM,HIGH,22.4
2026-06-04 15:30:00,UTILITY,HIGH,23.41
2026-06-04 15:30:00,BATTERY_FLEX,HIGH,24.14
2026-06-04 15:45:00,PRODUCTION,HIGH,24.17
2026-06-04 15:45:00,WAREHOUSE,HIGH,23.57
2026-06-04 15:45:00,OFFICE_A,HIGH,23.98
2026-06-04 15:45:00,CONTROL_ROOM,HIGH,23.04
2026-06-04 15:45:00,UTILITY,HIGH,23.48
2026-06-04 15:45:00,BATTERY_FLEX,HIGH,22.97
2026-06-04 16:00:00,PRODUCTION,HIGH,23.61
2026-06-04 16:00:00,WAREHOUSE,HIGH,23.83
2026-06-04 16:00:00,OFFICE_A,HIGH,24.04
2026-06-04 16:00:00,CONTROL_ROOM,HIGH,23.19
2026-06-04 16:00:00,UTILITY,HIGH,23.82
2026-06-04 16:00:00,BATTERY_FLEX,HIGH,23.19
2026-06-04 16:15:00,PRODUCTION,HIGH,24.51
2026-06-04 16:15:00,WAREHOUSE,HIGH,23.49
2026-06-04 16:15:00,OFFICE_A,HIGH,23.21
2026-06-04 16:15:00,CONTROL_ROOM,HIGH,21.95
2026-06-04 16:15:00,UTILITY,HIGH,23.44
2026-06-04 16:15:00,BATTERY_FLEX,HIGH,23.08
2026-06-04 16:30:00,PRODUCTION,HIGH,23.84
2026-06-04 16:30:00,WAREHOUSE,HIGH,23.12
2026-06-04 16:30:00,OFFICE_A,HIGH,23.02
2026-06-04 16:30:00,CONTROL_ROOM,HIGH,21.99
2026-06-04 16:30:00,UTILITY,HIGH,23.39
2026-06-04 16:30:00,BATTERY_FLEX,HIGH,22.84
2026-06-04 16:45:00,PRODUCTION,HIGH,23.55
2026-06-04 16:45:00,WAREHOUSE,HIGH,23.2
2026-06-04 16:45:00,OFFICE_A,HIGH,24.21
2026-06-04 16:45:00,CONTROL_ROOM,HIGH,22.49
2026-06-04 16:45:00,UTILITY,HIGH,23.51
2026-06-04 16:45:00,BATTERY_FLEX,HIGH,23.38
2026-06-04 17:00:00,PRODUCTION,HIGH,24.03
2026-06-04 17:00:00,WAREHOUSE,HIGH,23.54
2026-06-04 17:00:00,OFFICE_A,HIGH,23.86
2026-06-04 17:00:00,CONTROL_ROOM,HIGH,23.21
2026-06-04 17:00:00,UTILITY,HIGH,23.53
2026-06-04 17:00:00,BATTERY_FLEX,HIGH,22.82
2026-06-04 17:15:00,PRODUCTION,HIGH,24.71
2026-06-04 17:15:00,WAREHOUSE,HIGH,23.53
2026-06-04 17:15:00,OFFICE_A,HIGH,23.04
2026-06-04 17:15:00,CONTROL_ROOM,HIGH,23.3
2026-06-04 17:15:00,UTILITY,HIGH,24.92
2026-06-04 17:15:00,BATTERY_FLEX,HIGH,23.3
2026-06-04 17:30:00,PRODUCTION,HIGH,23.28
2026-06-04 17:30:00,WAREHOUSE,HIGH,23.43
2026-06-04 17:30:00,OFFICE_A,HIGH,23.4
2026-06-04 17:30:00,CONTROL_ROOM,HIGH,22.24
2026-06-04 17:30:00,UTILITY,HIGH,23.77
2026-06-04 17:30:00,BATTERY_FLEX,HIGH,23.11
2026-06-04 17:45:00,PRODUCTION,HIGH,23.66
2026-06-04 17:45:00,WAREHOUSE,HIGH,23.73
2026-06-04 17:45:00,OFFICE_A,HIGH,23.46
2026-06-04 17:45:00,CONTROL_ROOM,HIGH,22.97
2026-06-04 17:45:00,UTILITY,HIGH,24.35
2026-06-04 17:45:00,BATTERY_FLEX,HIGH,23.17
2026-06-04 18:00:00,PRODUCTION,HIGH,23.77
2026-06-04 18:00:00,WAREHOUSE,HIGH,23.43
2026-06-04 18:00:00,OFFICE_A,HIGH,23.83
2026-06-04 18:00:00,CONTROL_ROOM,HIGH,22.94
2026-06-04 18:00:00,UTILITY,HIGH,23.97
2026-06-04 18:00:00,BATTERY_FLEX,HIGH,22.38
2026-06-04 18:15:00,PRODUCTION,HIGH,24.75
2026-06-04 18:15:00,WAREHOUSE,HIGH,23.27
2026-06-04 18:15:00,OFFICE_A,HIGH,22.97
2026-06-04 18:15:00,CONTROL_ROOM,HIGH,23.16
2026-06-04 18:15:00,UTILITY,HIGH,23.61
2026-06-04 18:15:00,BATTERY_FLEX,HIGH,22.96
2026-06-04 18:30:00,PRODUCTION,HIGH,23.92
2026-06-04 18:30:00,WAREHOUSE,HIGH,23.32
2026-06-04 18:30:00,OFFICE_A,HIGH,23.04
2026-06-04 18:30:00,CONTROL_ROOM,HIGH,22.75
2026-06-04 18:30:00,UTILITY,HIGH,24.58
2026-06-04 18:30:00,BATTERY_FLEX,HIGH,22.53
2026-06-04 18:45:00,PRODUCTION,HIGH,23.91
2026-06-04 18:45:00,WAREHOUSE,HIGH,22.86
2026-06-04 18:45:00,OFFICE_A,HIGH,24.1
2026-06-04 18:45:00,CONTROL_ROOM,HIGH,22.4
2026-06-04 18:45:00,UTILITY,HIGH,23.68
2026-06-04 18:45:00,BATTERY_FLEX,HIGH,22.58
2026-06-04 19:00:00,PRODUCTION,HIGH,22.99
2026-06-04 19:00:00,WAREHOUSE,HIGH,22.88
2026-06-04 19:00:00,OFFICE_A,HIGH,23.35
2026-06-04 19:00:00,CONTROL_ROOM,HIGH,23.42
2026-06-04 19:00:00,UTILITY,HIGH,24.15
2026-06-04 19:00:00,BATTERY_FLEX,HIGH,22.48
2026-06-04 19:15:00,PRODUCTION,HIGH,23.32
2026-06-04 19:15:00,WAREHOUSE,HIGH,23.79
2026-06-04 19:15:00,OFFICE_A,HIGH,23.29
2026-06-04 19:15:00,CONTROL_ROOM,HIGH,21.98
2026-06-04 19:15:00,UTILITY,HIGH,23.64
2026-06-04 19:15:00,BATTERY_FLEX,HIGH,22.89
2026-06-04 19:30:00,PRODUCTION,HIGH,24.2
2026-06-04 19:30:00,WAREHOUSE,HIGH,23.44
2026-06-04 19:30:00,OFFICE_A,HIGH,23.36
2026-06-04 19:30:00,CONTROL_ROOM,HIGH,22.17
2026-06-04 19:30:00,UTILITY,HIGH,23.8
2026-06-04 19:30:00,BATTERY_FLEX,HIGH,23.0
2026-06-04 19:45:00,PRODUCTION,HIGH,25.44
2026-06-04 19:45:00,WAREHOUSE,HIGH,23.48
2026-06-04 19:45:00,OFFICE_A,HIGH,23.64
2026-06-04 19:45:00,CONTROL_ROOM,HIGH,22.74
2026-06-04 19:45:00,UTILITY,HIGH,23.22
2026-06-04 19:45:00,BATTERY_FLEX,HIGH,22.5
2026-06-04 20:00:00,PRODUCTION,MEDIUM,23.87
2026-06-04 20:00:00,WAREHOUSE,MEDIUM,23.74
2026-06-04 20:00:00,OFFICE_A,MEDIUM,23.73
2026-06-04 20:00:00,CONTROL_ROOM,MEDIUM,22.22
2026-06-04 20:00:00,UTILITY,MEDIUM,23.36
2026-06-04 20:00:00,BATTERY_FLEX,MEDIUM,23.27
2026-06-04 20:15:00,PRODUCTION,MEDIUM,23.83
2026-06-04 20:15:00,WAREHOUSE,MEDIUM,23.58
2026-06-04 20:15:00,OFFICE_A,MEDIUM,23.7
2026-06-04 20:15:00,CONTROL_ROOM,MEDIUM,22.39
2026-06-04 20:15:00,UTILITY,MEDIUM,23.98
2026-06-04 20:15:00,BATTERY_FLEX,MEDIUM,22.72
2026-06-04 20:30:00,PRODUCTION,MEDIUM,23.69
2026-06-04 20:30:00,WAREHOUSE,MEDIUM,22.23
2026-06-04 20:30:00,OFFICE_A,MEDIUM,23.01
2026-06-04 20:30:00,CONTROL_ROOM,MEDIUM,22.23
2026-06-04 20:30:00,UTILITY,MEDIUM,23.54
2026-06-04 20:30:00,BATTERY_FLEX,MEDIUM,22.55
2026-06-04 20:45:00,PRODUCTION,MEDIUM,23.42
2026-06-04 20:45:00,WAREHOUSE,MEDIUM,23.53
2026-06-04 20:45:00,OFFICE_A,MEDIUM,23.94
2026-06-04 20:45:00,CONTROL_ROOM,MEDIUM,22.48
2026-06-04 20:45:00,UTILITY,MEDIUM,22.91
2026-06-04 20:45:00,BATTERY_FLEX,MEDIUM,22.53
2026-06-04 21:00:00,PRODUCTION,LOW,22.86
2026-06-04 21:00:00,WAREHOUSE,LOW,23.11
2026-06-04 21:00:00,OFFICE_A,LOW,23.03
2026-06-04 21:00:00,CONTROL_ROOM,LOW,22.23
2026-06-04 21:00:00,UTILITY,LOW,23.18
2026-06-04 21:00:00,BATTERY_FLEX,LOW,22.41
2026-06-04 21:15:00,PRODUCTION,LOW,22.77
2026-06-04 21:15:00,WAREHOUSE,LOW,23.15
2026-06-04 21:15:00,OFFICE_A,LOW,22.75
2026-06-04 21:15:00,CONTROL_ROOM,LOW,20.65
2026-06-04 21:15:00,UTILITY,LOW,23.68
2026-06-04 21:15:00,BATTERY_FLEX,LOW,22.11
2026-06-04 21:30:00,PRODUCTION,LOW,23.16
2026-06-04 21:30:00,WAREHOUSE,LOW,23.23
2026-06-04 21:30:00,OFFICE_A,LOW,22.86
2026-06-04 21:30:00,CONTROL_ROOM,LOW,21.67
2026-06-04 21:30:00,UTILITY,LOW,22.81
2026-06-04 21:30:00,BATTERY_FLEX,LOW,21.84
2026-06-04 21:45:00,PRODUCTION,LOW,23.59
2026-06-04 21:45:00,WAREHOUSE,LOW,22.93
2026-06-04 21:45:00,OFFICE_A,LOW,22.3
2026-06-04 21:45:00,CONTROL_ROOM,LOW,21.64
2026-06-04 21:45:00,UTILITY,LOW,23.68
2026-06-04 21:45:00,BATTERY_FLEX,LOW,22.73
2026-06-04 22:00:00,PRODUCTION,LOW,23.51
2026-06-04 22:00:00,WAREHOUSE,LOW,23.06
2026-06-04 22:00:00,OFFICE_A,LOW,22.55
2026-06-04 22:00:00,CONTROL_ROOM,LOW,21.02
2026-06-04 22:00:00,UTILITY,LOW,23.32
2026-06-04 22:00:00,BATTERY_FLEX,LOW,22.04
2026-06-04 22:15:00,PRODUCTION,LOW,23.55
2026-06-04 22:15:00,WAREHOUSE,LOW,23.37
2026-06-04 22:15:00,OFFICE_A,LOW,22.31
2026-06-04 22:15:00,CONTROL_ROOM,LOW,21.63
2026-06-04 22:15:00,UTILITY,LOW,22.64
2026-06-04 22:15:00,BATTERY_FLEX,LOW,22.32
2026-06-04 22:30:00,PRODUCTION,LOW,23.8
2026-06-04 22:30:00,WAREHOUSE,LOW,22.31
2026-06-04 22:30:00,OFFICE_A,LOW,22.15
2026-06-04 22:30:00,CONTROL_ROOM,LOW,22.13
2026-06-04 22:30:00,UTILITY,LOW,24.4
2026-06-04 22:30:00,BATTERY_FLEX,LOW,22.82
2026-06-04 22:45:00,PRODUCTION,LOW,23.29
2026-06-04 22:45:00,WAREHOUSE,LOW,22.88
2026-06-04 22:45:00,OFFICE_A,LOW,22.17
2026-06-04 22:45:00,CONTROL_ROOM,LOW,21.76
2026-06-04 22:45:00,UTILITY,LOW,23.61
2026-06-04 22:45:00,BATTERY_FLEX,LOW,23.03
2026-06-04 23:00:00,PRODUCTION,LOW,23.24
2026-06-04 23:00:00,WAREHOUSE,LOW,23.61
2026-06-04 23:00:00,OFFICE_A,LOW,22.31
2026-06-04 23:00:00,CONTROL_ROOM,LOW,23.21
2026-06-04 23:00:00,UTILITY,LOW,23.76
2026-06-04 23:00:00,BATTERY_FLEX,LOW,22.77
2026-06-04 23:15:00,PRODUCTION,LOW,22.53
2026-06-04 23:15:00,WAREHOUSE,LOW,23.78
2026-06-04 23:15:00,OFFICE_A,LOW,22.66
2026-06-04 23:15:00,CONTROL_ROOM,LOW,21.88
2026-06-04 23:15:00,UTILITY,LOW,22.94
2026-06-04 23:15:00,BATTERY_FLEX,LOW,22.85
2026-06-04 23:30:00,PRODUCTION,LOW,24.25
2026-06-04 23:30:00,WAREHOUSE,LOW,24.06
2026-06-04 23:30:00,OFFICE_A,LOW,22.81
2026-06-04 23:30:00,CONTROL_ROOM,LOW,21.82
2026-06-04 23:30:00,UTILITY,LOW,23.39
2026-06-04 23:30:00,BATTERY_FLEX,LOW,23.13
2026-06-04 23:45:00,PRODUCTION,LOW,23.07
2026-06-04 23:45:00,WAREHOUSE,LOW,23.06
2026-06-04 23:45:00,OFFICE_A,LOW,22.04
2026-06-04 23:45:00,CONTROL_ROOM,LOW,22.19
2026-06-04 23:45:00,UTILITY,LOW,24.55
2026-06-04 23:45:00,BATTERY_FLEX,LOW,22.94
2026-06-05 00:00:00,PRODUCTION,LOW,22.72
2026-06-05 00:00:00,WAREHOUSE,LOW,22.93
2026-06-05 00:00:00,OFFICE_A,LOW,23.07
2026-06-05 00:00:00,CONTROL_ROOM,LOW,21.74
2026-06-05 00:00:00,UTILITY,LOW,22.84
2026-06-05 00:00:00,BATTERY_FLEX,LOW,21.89
2026-06-05 00:15:00,PRODUCTION,LOW,23.94
2026-06-05 00:15:00,WAREHOUSE,LOW,22.12
2026-06-05 00:15:00,OFFICE_A,LOW,23.46
2026-06-05 00:15:00,CONTROL_ROOM,LOW,22.22
2026-06-05 00:15:00,UTILITY,LOW,22.79
2026-06-05 00:15:00,BATTERY_FLEX,LOW,22.41
2026-06-05 00:30:00,PRODUCTION,LOW,23.44
2026-06-05 00:30:00,WAREHOUSE,LOW,21.96
2026-06-05 00:30:00,OFFICE_A,LOW,22.52
2026-06-05 00:30:00,CONTROL_ROOM,LOW,22.2
2026-06-05 00:30:00,UTILITY,LOW,23.54
2026-06-05 00:30:00,BATTERY_FLEX,LOW,22.28
2026-06-05 00:45:00,PRODUCTION,LOW,23.66
2026-06-05 00:45:00,WAREHOUSE,LOW,23.6
2026-06-05 00:45:00,OFFICE_A,LOW,23.09
2026-06-05 00:45:00,CONTROL_ROOM,LOW,21.86
2026-06-05 00:45:00,UTILITY,LOW,23.6
2026-06-05 00:45:00,BATTERY_FLEX,LOW,22.44
2026-06-05 01:00:00,PRODUCTION,LOW,23.29
2026-06-05 01:00:00,WAREHOUSE,LOW,23.76
2026-06-05 01:00:00,OFFICE_A,LOW,22.65
2026-06-05 01:00:00,CONTROL_ROOM,LOW,22.17
2026-06-05 01:00:00,UTILITY,LOW,24.08
2026-06-05 01:00:00,BATTERY_FLEX,LOW,22.43
2026-06-05 01:15:00,PRODUCTION,LOW,23.55
2026-06-05 01:15:00,WAREHOUSE,LOW,22.46
2026-06-05 01:15:00,OFFICE_A,LOW,22.81
2026-06-05 01:15:00,CONTROL_ROOM,LOW,22.55
2026-06-05 01:15:00,UTILITY,LOW,23.47
2026-06-05 01:15:00,BATTERY_FLEX,LOW,22.78
2026-06-05 01:30:00,PRODUCTION,LOW,22.5
2026-06-05 01:30:00,WAREHOUSE,LOW,22.74
2026-06-05 01:30:00,OFFICE_A,LOW,23.24
2026-06-05 01:30:00,CONTROL_ROOM,LOW,21.88
2026-06-05 01:30:00,UTILITY,LOW,23.4
2026-06-05 01:30:00,BATTERY_FLEX,LOW,22.77
2026-06-05 01:45:00,PRODUCTION,LOW,22.84
2026-06-05 01:45:00,WAREHOUSE,LOW,23.07
2026-06-05 01:45:00,OFFICE_A,LOW,22.55
2026-06-05 01:45:00,CONTROL_ROOM,LOW,20.91
2026-06-05 01:45:00,UTILITY,LOW,23.09
2026-06-05 01:45:00,BATTERY_FLEX,LOW,23.34
2026-06-05 02:00:00,PRODUCTION,LOW,23.07
2026-06-05 02:00:00,WAREHOUSE,LOW,23.81
2026-06-05 02:00:00,OFFICE_A,LOW,22.53
2026-06-05 02:00:00,CONTROL_ROOM,LOW,22.28
2026-06-05 02:00:00,UTILITY,LOW,23.71
2026-06-05 02:00:00,BATTERY_FLEX,LOW,22.77
2026-06-05 02:15:00,PRODUCTION,LOW,23.6
2026-06-05 02:15:00,WAREHOUSE,LOW,22.63
2026-06-05 02:15:00,OFFICE_A,LOW,22.76
2026-06-05 02:15:00,CONTROL_ROOM,LOW,21.84
2026-06-05 02:15:00,UTILITY,LOW,23.46
2026-06-05 02:15:00,BATTERY_FLEX,LOW,22.74
2026-06-05 02:30:00,PRODUCTION,LOW,23.76
2026-06-05 02:30:00,WAREHOUSE,LOW,22.68
2026-06-05 02:30:00,OFFICE_A,LOW,23.02
2026-06-05 02:30:00,CONTROL_ROOM,LOW,21.37
2026-06-05 02:30:00,UTILITY,LOW,22.97
2026-06-05 02:30:00,BATTERY_FLEX,LOW,23.08
2026-06-05 02:45:00,PRODUCTION,LOW,23.07
2026-06-05 02:45:00,WAREHOUSE,LOW,23.25
2026-06-05 02:45:00,OFFICE_A,LOW,22.96
2026-06-05 02:45:00,CONTROL_ROOM,LOW,21.26
2026-06-05 02:45:00,UTILITY,LOW,23.9
2026-06-05 02:45:00,BATTERY_FLEX,LOW,22.6
2026-06-05 03:00:00,PRODUCTION,LOW,24.07
2026-06-05 03:00:00,WAREHOUSE,LOW,23.42
2026-06-05 03:00:00,OFFICE_A,LOW,22.13
2026-06-05 03:00:00,CONTROL_ROOM,LOW,21.98
2026-06-05 03:00:00,UTILITY,LOW,23.98
2026-06-05 03:00:00,BATTERY_FLEX,LOW,22.92
2026-06-05 03:15:00,PRODUCTION,LOW,22.87
2026-06-05 03:15:00,WAREHOUSE,LOW,22.1
2026-06-05 03:15:00,OFFICE_A,LOW,22.85
2026-06-05 03:15:00,CONTROL_ROOM,LOW,21.77
2026-06-05 03:15:00,UTILITY,LOW,23.82
2026-06-05 03:15:00,BATTERY_FLEX,LOW,21.88
2026-06-05 03:30:00,PRODUCTION,LOW,23.15
2026-06-05 03:30:00,WAREHOUSE,LOW,23.2
2026-06-05 03:30:00,OFFICE_A,LOW,23.7
2026-06-05 03:30:00,CONTROL_ROOM,LOW,21.17
2026-06-05 03:30:00,UTILITY,LOW,23.65
2026-06-05 03:30:00,BATTERY_FLEX,LOW,22.15
2026-06-05 03:45:00,PRODUCTION,LOW,24.13
2026-06-05 03:45:00,WAREHOUSE,LOW,23.28
2026-06-05 03:45:00,OFFICE_A,LOW,22.54
2026-06-05 03:45:00,CONTROL_ROOM,LOW,22.97
2026-06-05 03:45:00,UTILITY,LOW,23.34
2026-06-05 03:45:00,BATTERY_FLEX,LOW,22.27
2026-06-05 04:00:00,PRODUCTION,LOW,24.42
2026-06-05 04:00:00,WAREHOUSE,LOW,22.36
2026-06-05 04:00:00,OFFICE_A,LOW,23.44
2026-06-05 04:00:00,CONTROL_ROOM,LOW,21.75
2026-06-05 04:00:00,UTILITY,LOW,23.96
2026-06-05 04:00:00,BATTERY_FLEX,LOW,21.73
2026-06-05 04:15:00,PRODUCTION,LOW,23.5
2026-06-05 04:15:00,WAREHOUSE,LOW,22.66
2026-06-05 04:15:00,OFFICE_A,LOW,22.39
2026-06-05 04:15:00,CONTROL_ROOM,LOW,21.45
2026-06-05 04:15:00,UTILITY,LOW,22.62
2026-06-05 04:15:00,BATTERY_FLEX,LOW,22.98
2026-06-05 04:30:00,PRODUCTION,LOW,23.06
2026-06-05 04:30:00,WAREHOUSE,LOW,23.21
2026-06-05 04:30:00,OFFICE_A,LOW,22.38
2026-06-05 04:30:00,CONTROL_ROOM,LOW,21.25
2026-06-05 04:30:00,UTILITY,LOW,24.07
2026-06-05 04:30:00,BATTERY_FLEX,LOW,22.52
2026-06-05 04:45:00,PRODUCTION,LOW,23.76
2026-06-05 04:45:00,WAREHOUSE,LOW,23.35
2026-06-05 04:45:00,OFFICE_A,LOW,23.01
2026-06-05 04:45:00,CONTROL_ROOM,LOW,22.24
2026-06-05 04:45:00,UTILITY,LOW,23.21
2026-06-05 04:45:00,BATTERY_FLEX,LOW,22.47
2026-06-05 05:00:00,PRODUCTION,LOW,23.84
2026-06-05 05:00:00,WAREHOUSE,LOW,23.16
2026-06-05 05:00:00,OFFICE_A,LOW,22.0
2026-06-05 05:00:00,CONTROL_ROOM,LOW,20.89
2026-06-05 05:00:00,UTILITY,LOW,24.38
2026-06-05 05:00:00,BATTERY_FLEX,LOW,22.5
2026-06-05 05:15:00,PRODUCTION,LOW,23.84
2026-06-05 05:15:00,WAREHOUSE,LOW,22.84
2026-06-05 05:15:00,OFFICE_A,LOW,23.31
2026-06-05 05:15:00,CONTROL_ROOM,LOW,21.65
2026-06-05 05:15:00,UTILITY,LOW,24.25
2026-06-05 05:15:00,BATTERY_FLEX,LOW,22.66
2026-06-05 05:30:00,PRODUCTION,LOW,23.38
2026-06-05 05:30:00,WAREHOUSE,LOW,22.93
2026-06-05 05:30:00,OFFICE_A,LOW,23.66
2026-06-05 05:30:00,CONTROL_ROOM,LOW,21.25
2026-06-05 05:30:00,UTILITY,LOW,23.55
2026-06-05 05:30:00,BATTERY_FLEX,LOW,22.56
2026-06-05 05:45:00,PRODUCTION,LOW,23.11
2026-06-05 05:45:00,WAREHOUSE,LOW,22.26
2026-06-05 05:45:00,OFFICE_A,LOW,22.7
2026-06-05 05:45:00,CONTROL_ROOM,LOW,21.14
2026-06-05 05:45:00,UTILITY,LOW,22.68
2026-06-05 05:45:00,BATTERY_FLEX,LOW,22.62
2026-06-05 06:00:00,PRODUCTION,LOW,22.23
2026-06-05 06:00:00,WAREHOUSE,LOW,22.37
2026-06-05 06:00:00,OFFICE_A,LOW,23.69
2026-06-05 06:00:00,CONTROL_ROOM,LOW,21.18
2026-06-05 06:00:00,UTILITY,LOW,23.86
2026-06-05 06:00:00,BATTERY_FLEX,LOW,22.21
2026-06-05 06:15:00,PRODUCTION,LOW,23.32
2026-06-05 06:15:00,WAREHOUSE,LOW,22.84
2026-06-05 06:15:00,OFFICE_A,LOW,22.23
2026-06-05 06:15:00,CONTROL_ROOM,LOW,21.89
2026-06-05 06:15:00,UTILITY,LOW,22.96
2026-06-05 06:15:00,BATTERY_FLEX,LOW,22.78
2026-06-05 06:30:00,PRODUCTION,LOW,23.27
2026-06-05 06:30:00,WAREHOUSE,LOW,22.11
2026-06-05 06:30:00,OFFICE_A,LOW,22.15
2026-06-05 06:30:00,CONTROL_ROOM,LOW,22.46
2026-06-05 06:30:00,UTILITY,LOW,23.18
2026-06-05 06:30:00,BATTERY_FLEX,LOW,22.23
2026-06-05 06:45:00,PRODUCTION,LOW,23.28
2026-06-05 06:45:00,WAREHOUSE,LOW,22.63
2026-06-05 06:45:00,OFFICE_A,LOW,22.43
2026-06-05 06:45:00,CONTROL_ROOM,LOW,21.41
2026-06-05 06:45:00,UTILITY,LOW,23.84
2026-06-05 06:45:00,BATTERY_FLEX,LOW,22.46
2026-06-05 07:00:00,PRODUCTION,LOW,23.26
2026-06-05 07:00:00,WAREHOUSE,LOW,23.33
2026-06-05 07:00:00,OFFICE_A,LOW,23.23
2026-06-05 07:00:00,CONTROL_ROOM,LOW,21.82
2026-06-05 07:00:00,UTILITY,LOW,23.64
2026-06-05 07:00:00,BATTERY_FLEX,LOW,22.21
2026-06-05 07:15:00,PRODUCTION,MEDIUM,23.7
2026-06-05 07:15:00,WAREHOUSE,MEDIUM,23.26
2026-06-05 07:15:00,OFFICE_A,MEDIUM,22.99
2026-06-05 07:15:00,CONTROL_ROOM,MEDIUM,22.32
2026-06-05 07:15:00,UTILITY,MEDIUM,24.09
2026-06-05 07:15:00,BATTERY_FLEX,MEDIUM,23.07
2026-06-05 07:30:00,PRODUCTION,MEDIUM,23.83
2026-06-05 07:30:00,WAREHOUSE,MEDIUM,23.27
2026-06-05 07:30:00,OFFICE_A,MEDIUM,23.14
2026-06-05 07:30:00,CONTROL_ROOM,MEDIUM,21.65
2026-06-05 07:30:00,UTILITY,MEDIUM,23.98
2026-06-05 07:30:00,BATTERY_FLEX,MEDIUM,24.05
2026-06-05 07:45:00,PRODUCTION,MEDIUM,23.3
2026-06-05 07:45:00,WAREHOUSE,MEDIUM,23.91
2026-06-05 07:45:00,OFFICE_A,MEDIUM,22.71
2026-06-05 07:45:00,CONTROL_ROOM,MEDIUM,21.81
2026-06-05 07:45:00,UTILITY,MEDIUM,22.84
2026-06-05 07:45:00,BATTERY_FLEX,MEDIUM,22.26
2026-06-05 08:00:00,PRODUCTION,MEDIUM,23.54
2026-06-05 08:00:00,WAREHOUSE,MEDIUM,22.35
2026-06-05 08:00:00,OFFICE_A,MEDIUM,23.67
2026-06-05 08:00:00,CONTROL_ROOM,MEDIUM,21.86
2026-06-05 08:00:00,UTILITY,MEDIUM,24.33
2026-06-05 08:00:00,BATTERY_FLEX,MEDIUM,22.54
2026-06-05 08:15:00,PRODUCTION,MEDIUM,23.59
2026-06-05 08:15:00,WAREHOUSE,MEDIUM,22.93
2026-06-05 08:15:00,OFFICE_A,MEDIUM,23.1
2026-06-05 08:15:00,CONTROL_ROOM,MEDIUM,21.57
2026-06-05 08:15:00,UTILITY,MEDIUM,23.87
2026-06-05 08:15:00,BATTERY_FLEX,MEDIUM,21.78
2026-06-05 08:30:00,PRODUCTION,MEDIUM,24.04
2026-06-05 08:30:00,WAREHOUSE,MEDIUM,23.15
2026-06-05 08:30:00,OFFICE_A,MEDIUM,23.83
2026-06-05 08:30:00,CONTROL_ROOM,MEDIUM,22.7
2026-06-05 08:30:00,UTILITY,MEDIUM,23.91
2026-06-05 08:30:00,BATTERY_FLEX,MEDIUM,23.15
2026-06-05 08:45:00,PRODUCTION,MEDIUM,23.95
2026-06-05 08:45:00,WAREHOUSE,MEDIUM,23.46
2026-06-05 08:45:00,OFFICE_A,MEDIUM,23.78
2026-06-05 08:45:00,CONTROL_ROOM,MEDIUM,21.77
2026-06-05 08:45:00,UTILITY,MEDIUM,23.23
2026-06-05 08:45:00,BATTERY_FLEX,MEDIUM,22.91
2026-06-05 09:00:00,PRODUCTION,HIGH,22.93
2026-06-05 09:00:00,WAREHOUSE,HIGH,22.74
2026-06-05 09:00:00,OFFICE_A,HIGH,24.03
2026-06-05 09:00:00,CONTROL_ROOM,HIGH,23.27
2026-06-05 09:00:00,UTILITY,HIGH,23.11
2026-06-05 09:00:00,BATTERY_FLEX,HIGH,22.55
2026-06-05 09:15:00,PRODUCTION,HIGH,23.6
2026-06-05 09:15:00,WAREHOUSE,HIGH,23.98
2026-06-05 09:15:00,OFFICE_A,HIGH,23.15
2026-06-05 09:15:00,CONTROL_ROOM,HIGH,22.7
2026-06-05 09:15:00,UTILITY,HIGH,22.97
2026-06-05 09:15:00,BATTERY_FLEX,HIGH,22.62
2026-06-05 09:30:00,PRODUCTION,HIGH,23.89
2026-06-05 09:30:00,WAREHOUSE,HIGH,23.07
2026-06-05 09:30:00,OFFICE_A,HIGH,23.04
2026-06-05 09:30:00,CONTROL_ROOM,HIGH,22.3
2026-06-05 09:30:00,UTILITY,HIGH,23.88
2026-06-05 09:30:00,BATTERY_FLEX,HIGH,23.22
2026-06-05 09:45:00,PRODUCTION,HIGH,23.86
2026-06-05 09:45:00,WAREHOUSE,HIGH,23.43
2026-06-05 09:45:00,OFFICE_A,HIGH,23.54
2026-06-05 09:45:00,CONTROL_ROOM,HIGH,22.25
2026-06-05 09:45:00,UTILITY,HIGH,23.46
2026-06-05 09:45:00,BATTERY_FLEX,HIGH,22.6
2026-06-05 10:00:00,PRODUCTION,HIGH,24.01
2026-06-05 10:00:00,WAREHOUSE,HIGH,24.01
2026-06-05 10:00:00,OFFICE_A,HIGH,23.27
2026-06-05 10:00:00,CONTROL_ROOM,HIGH,22.9
2026-06-05 10:00:00,UTILITY,HIGH,24.35
2026-06-05 10:00:00,BATTERY_FLEX,HIGH,22.7
2026-06-05 10:15:00,PRODUCTION,HIGH,24.36
2026-06-05 10:15:00,WAREHOUSE,HIGH,23.35
2026-06-05 10:15:00,OFFICE_A,HIGH,23.55
2026-06-05 10:15:00,CONTROL_ROOM,HIGH,21.87
2026-06-05 10:15:00,UTILITY,HIGH,23.25
2026-06-05 10:15:00,BATTERY_FLEX,HIGH,23.8
2026-06-05 10:30:00,PRODUCTION,HIGH,24.15
2026-06-05 10:30:00,WAREHOUSE,HIGH,23.54
2026-06-05 10:30:00,OFFICE_A,HIGH,23.44
2026-06-05 10:30:00,CONTROL_ROOM,HIGH,22.35
2026-06-05 10:30:00,UTILITY,HIGH,23.67
2026-06-05 10:30:00,BATTERY_FLEX,HIGH,22.06
2026-06-05 10:45:00,PRODUCTION,HIGH,24.09
2026-06-05 10:45:00,WAREHOUSE,HIGH,22.09
2026-06-05 10:45:00,OFFICE_A,HIGH,23.5
2026-06-05 10:45:00,CONTROL_ROOM,HIGH,23.92
2026-06-05 10:45:00,UTILITY,HIGH,24.19
2026-06-05 10:45:00,BATTERY_FLEX,HIGH,22.36
2026-06-05 11:00:00,PRODUCTION,HIGH,23.78
2026-06-05 11:00:00,WAREHOUSE,HIGH,23.28
2026-06-05 11:00:00,OFFICE_A,HIGH,22.52
2026-06-05 11:00:00,CONTROL_ROOM,HIGH,21.88
2026-06-05 11:00:00,UTILITY,HIGH,23.74
2026-06-05 11:00:00,BATTERY_FLEX,HIGH,22.53
2026-06-05 11:15:00,PRODUCTION,HIGH,23.45
2026-06-05 11:15:00,WAREHOUSE,HIGH,24.08
2026-06-05 11:15:00,OFFICE_A,HIGH,22.69
2026-06-05 11:15:00,CONTROL_ROOM,HIGH,22.0
2026-06-05 11:15:00,UTILITY,HIGH,23.97
2026-06-05 11:15:00,BATTERY_FLEX,HIGH,23.59
2026-06-05 11:30:00,PRODUCTION,HIGH,23.53
2026-06-05 11:30:00,WAREHOUSE,HIGH,23.02
2026-06-05 11:30:00,OFFICE_A,HIGH,22.93
2026-06-05 11:30:00,CONTROL_ROOM,HIGH,21.9
2026-06-05 11:30:00,UTILITY,HIGH,23.96
2026-06-05 11:30:00,BATTERY_FLEX,HIGH,22.2
2026-06-05 11:45:00,PRODUCTION,HIGH,23.83
2026-06-05 11:45:00,WAREHOUSE,HIGH,23.97
2026-06-05 11:45:00,OFFICE_A,HIGH,23.73
2026-06-05 11:45:00,CONTROL_ROOM,HIGH,23.19
2026-06-05 11:45:00,UTILITY,HIGH,23.39
2026-06-05 11:45:00,BATTERY_FLEX,HIGH,22.8
2026-06-05 12:00:00,PRODUCTION,HIGH,23.65
2026-06-05 12:00:00,WAREHOUSE,HIGH,22.64
2026-06-05 12:00:00,OFFICE_A,HIGH,22.8
2026-06-05 12:00:00,CONTROL_ROOM,HIGH,21.34
2026-06-05 12:00:00,UTILITY,HIGH,23.22
2026-06-05 12:00:00,BATTERY_FLEX,HIGH,23.07
2026-06-05 12:15:00,PRODUCTION,HIGH,23.77
2026-06-05 12:15:00,WAREHOUSE,HIGH,23.43
2026-06-05 12:15:00,OFFICE_A,HIGH,23.91
2026-06-05 12:15:00,CONTROL_ROOM,HIGH,22.92
2026-06-05 12:15:00,UTILITY,HIGH,23.01
2026-06-05 12:15:00,BATTERY_FLEX,HIGH,22.66
2026-06-05 12:30:00,PRODUCTION,HIGH,23.44
2026-06-05 12:30:00,WAREHOUSE,HIGH,22.72
2026-06-05 12:30:00,OFFICE_A,HIGH,22.71
2026-06-05 12:30:00,CONTROL_ROOM,HIGH,23.14
2026-06-05 12:30:00,UTILITY,HIGH,24.95
2026-06-05 12:30:00,BATTERY_FLEX,HIGH,22.5
2026-06-05 12:45:00,PRODUCTION,HIGH,23.85
2026-06-05 12:45:00,WAREHOUSE,HIGH,22.93
2026-06-05 12:45:00,OFFICE_A,HIGH,23.62
2026-06-05 12:45:00,CONTROL_ROOM,HIGH,22.71
2026-06-05 12:45:00,UTILITY,HIGH,23.91
2026-06-05 12:45:00,BATTERY_FLEX,HIGH,22.59
2026-06-05 13:00:00,PRODUCTION,HIGH,24.46
2026-06-05 13:00:00,WAREHOUSE,HIGH,23.65
2026-06-05 13:00:00,OFFICE_A,HIGH,22.81
2026-06-05 13:00:00,CONTROL_ROOM,HIGH,21.8
2026-06-05 13:00:00,UTILITY,HIGH,23.38
2026-06-05 13:00:00,BATTERY_FLEX,HIGH,22.23
2026-06-05 13:15:00,PRODUCTION,HIGH,24.26
2026-06-05 13:15:00,WAREHOUSE,HIGH,23.37
2026-06-05 13:15:00,OFFICE_A,HIGH,24.16
2026-06-05 13:15:00,CONTROL_ROOM,HIGH,22.79
2026-06-05 13:15:00,UTILITY,HIGH,23.8
2026-06-05 13:15:00,BATTERY_FLEX,HIGH,23.51
2026-06-05 13:30:00,PRODUCTION,HIGH,24.34
2026-06-05 13:30:00,WAREHOUSE,HIGH,23.87
2026-06-05 13:30:00,OFFICE_A,HIGH,23.46
2026-06-05 13:30:00,CONTROL_ROOM,HIGH,23.14
2026-06-05 13:30:00,UTILITY,HIGH,22.76
2026-06-05 13:30:00,BATTERY_FLEX,HIGH,22.72
2026-06-05 13:45:00,PRODUCTION,HIGH,24.07
2026-06-05 13:45:00,WAREHOUSE,HIGH,23.07
2026-06-05 13:45:00,OFFICE_A,HIGH,23.62
2026-06-05 13:45:00,CONTROL_ROOM,HIGH,21.6
2026-06-05 13:45:00,UTILITY,HIGH,23.4
2026-06-05 13:45:00,BATTERY_FLEX,HIGH,23.27
2026-06-05 14:00:00,PRODUCTION,HIGH,24.8
2026-06-05 14:00:00,WAREHOUSE,HIGH,23.54
2026-06-05 14:00:00,OFFICE_A,HIGH,23.4
2026-06-05 14:00:00,CONTROL_ROOM,HIGH,22.51
2026-06-05 14:00:00,UTILITY,HIGH,23.38
2026-06-05 14:00:00,BATTERY_FLEX,HIGH,22.28
2026-06-05 14:15:00,PRODUCTION,HIGH,23.27
2026-06-05 14:15:00,WAREHOUSE,HIGH,23.37
2026-06-05 14:15:00,OFFICE_A,HIGH,23.67
2026-06-05 14:15:00,CONTROL_ROOM,HIGH,23.4
2026-06-05 14:15:00,UTILITY,HIGH,23.43
2026-06-05 14:15:00,BATTERY_FLEX,HIGH,22.91
2026-06-05 14:30:00,PRODUCTION,HIGH,24.51
2026-06-05 14:30:00,WAREHOUSE,HIGH,23.44
2026-06-05 14:30:00,OFFICE_A,HIGH,23.49
2026-06-05 14:30:00,CONTROL_ROOM,HIGH,22.44
2026-06-05 14:30:00,UTILITY,HIGH,23.1
2026-06-05 14:30:00,BATTERY_FLEX,HIGH,22.38
2026-06-05 14:45:00,PRODUCTION,HIGH,24.72
2026-06-05 14:45:00,WAREHOUSE,HIGH,22.83
2026-06-05 14:45:00,OFFICE_A,HIGH,23.76
2026-06-05 14:45:00,CONTROL_ROOM,HIGH,22.1
2026-06-05 14:45:00,UTILITY,HIGH,23.63
2026-06-05 14:45:00,BATTERY_FLEX,HIGH,22.43
2026-06-05 15:00:00,PRODUCTION,HIGH,24.03
2026-06-05 15:00:00,WAREHOUSE,HIGH,22.96
2026-06-05 15:00:00,OFFICE_A,HIGH,23.02
2026-06-05 15:00:00,CONTROL_ROOM,HIGH,22.78
2026-06-05 15:00:00,UTILITY,HIGH,24.23
2026-06-05 15:00:00,BATTERY_FLEX,HIGH,22.92
2026-06-05 15:15:00,PRODUCTION,HIGH,23.95
2026-06-05 15:15:00,WAREHOUSE,HIGH,23.51
2026-06-05 15:15:00,OFFICE_A,HIGH,23.19
2026-06-05 15:15:00,CONTROL_ROOM,HIGH,23.19
2026-06-05 15:15:00,UTILITY,HIGH,23.96
2026-06-05 15:15:00,BATTERY_FLEX,HIGH,22.91
2026-06-05 15:30:00,PRODUCTION,HIGH,24.08
2026-06-05 15:30:00,WAREHOUSE,HIGH,24.04
2026-06-05 15:30:00,OFFICE_A,HIGH,24.12
2026-06-05 15:30:00,CONTROL_ROOM,HIGH,22.47
2026-06-05 15:30:00,UTILITY,HIGH,23.79
2026-06-05 15:30:00,BATTERY_FLEX,HIGH,22.88
2026-06-05 15:45:00,PRODUCTION,HIGH,23.64
2026-06-05 15:45:00,WAREHOUSE,HIGH,22.79
2026-06-05 15:45:00,OFFICE_A,HIGH,23.26
2026-06-05 15:45:00,CONTROL_ROOM,HIGH,22.9
2026-06-05 15:45:00,UTILITY,HIGH,23.69
2026-06-05 15:45:00,BATTERY_FLEX,HIGH,22.87
2026-06-05 16:00:00,PRODUCTION,HIGH,24.46
2026-06-05 16:00:00,WAREHOUSE,HIGH,22.93
2026-06-05 16:00:00,OFFICE_A,HIGH,23.75
2026-06-05 16:00:00,CONTROL_ROOM,HIGH,23.76
2026-06-05 16:00:00,UTILITY,HIGH,23.78
2026-06-05 16:00:00,BATTERY_FLEX,HIGH,22.44
2026-06-05 16:15:00,PRODUCTION,HIGH,24.13
2026-06-05 16:15:00,WAREHOUSE,HIGH,22.56
2026-06-05 16:15:00,OFFICE_A,HIGH,23.17
2026-06-05 16:15:00,CONTROL_ROOM,HIGH,22.57
2026-06-05 16:15:00,UTILITY,HIGH,23.7
2026-06-05 16:15:00,BATTERY_FLEX,HIGH,22.5
2026-06-05 16:30:00,PRODUCTION,HIGH,24.14
2026-06-05 16:30:00,WAREHOUSE,HIGH,23.5
2026-06-05 16:30:00,OFFICE_A,HIGH,23.42
2026-06-05 16:30:00,CONTROL_ROOM,HIGH,22.98
2026-06-05 16:30:00,UTILITY,HIGH,23.99
2026-06-05 16:30:00,BATTERY_FLEX,HIGH,23.23
2026-06-05 16:45:00,PRODUCTION,HIGH,24.29
2026-06-05 16:45:00,WAREHOUSE,HIGH,23.82
2026-06-05 16:45:00,OFFICE_A,HIGH,23.34
2026-06-05 16:45:00,CONTROL_ROOM,HIGH,22.35
2026-06-05 16:45:00,UTILITY,HIGH,23.88
2026-06-05 16:45:00,BATTERY_FLEX,HIGH,23.0
2026-06-05 17:00:00,PRODUCTION,HIGH,23.03
2026-06-05 17:00:00,WAREHOUSE,HIGH,23.17
2026-06-05 17:00:00,OFFICE_A,HIGH,23.56
2026-06-05 17:00:00,CONTROL_ROOM,HIGH,22.56
2026-06-05 17:00:00,UTILITY,HIGH,24.49
2026-06-05 17:00:00,BATTERY_FLEX,HIGH,22.18
2026-06-05 17:15:00,PRODUCTION,HIGH,23.88
2026-06-05 17:15:00,WAREHOUSE,HIGH,23.02
2026-06-05 17:15:00,OFFICE_A,HIGH,24.14
2026-06-05 17:15:00,CONTROL_ROOM,HIGH,23.01
2026-06-05 17:15:00,UTILITY,HIGH,23.81
2026-06-05 17:15:00,BATTERY_FLEX,HIGH,22.59
2026-06-05 17:30:00,PRODUCTION,HIGH,23.17
2026-06-05 17:30:00,WAREHOUSE,HIGH,23.04
2026-06-05 17:30:00,OFFICE_A,HIGH,23.91
2026-06-05 17:30:00,CONTROL_ROOM,HIGH,23.67
2026-06-05 17:30:00,UTILITY,HIGH,23.79
2026-06-05 17:30:00,BATTERY_FLEX,HIGH,22.37
2026-06-05 17:45:00,PRODUCTION,HIGH,24.23
2026-06-05 17:45:00,WAREHOUSE,HIGH,23.65
2026-06-05 17:45:00,OFFICE_A,HIGH,23.67
2026-06-05 17:45:00,CONTROL_ROOM,HIGH,22.34
2026-06-05 17:45:00,UTILITY,HIGH,24.02
2026-06-05 17:45:00,BATTERY_FLEX,HIGH,22.82
2026-06-05 18:00:00,PRODUCTION,HIGH,24.35
2026-06-05 18:00:00,WAREHOUSE,HIGH,22.03
2026-06-05 18:00:00,OFFICE_A,HIGH,24.1
2026-06-05 18:00:00,CONTROL_ROOM,HIGH,23.2
2026-06-05 18:00:00,UTILITY,HIGH,23.76
2026-06-05 18:00:00,BATTERY_FLEX,HIGH,23.02
2026-06-05 18:15:00,PRODUCTION,HIGH,23.55
2026-06-05 18:15:00,WAREHOUSE,HIGH,22.93
2026-06-05 18:15:00,OFFICE_A,HIGH,24.02
2026-06-05 18:15:00,CONTROL_ROOM,HIGH,22.94
2026-06-05 18:15:00,UTILITY,HIGH,23.39
2026-06-05 18:15:00,BATTERY_FLEX,HIGH,22.37
2026-06-05 18:30:00,PRODUCTION,HIGH,24.03
2026-06-05 18:30:00,WAREHOUSE,HIGH,23.59
2026-06-05 18:30:00,OFFICE_A,HIGH,23.31
2026-06-05 18:30:00,CONTROL_ROOM,HIGH,22.86
2026-06-05 18:30:00,UTILITY,HIGH,23.56
2026-06-05 18:30:00,BATTERY_FLEX,HIGH,22.61
2026-06-05 18:45:00,PRODUCTION,MEDIUM,24.0
2026-06-05 18:45:00,WAREHOUSE,MEDIUM,23.17
2026-06-05 18:45:00,OFFICE_A,MEDIUM,22.8
2026-06-05 18:45:00,CONTROL_ROOM,MEDIUM,22.02
2026-06-05 18:45:00,UTILITY,MEDIUM,24.4
2026-06-05 18:45:00,BATTERY_FLEX,MEDIUM,22.81
2026-06-05 19:00:00,PRODUCTION,MEDIUM,25.53
2026-06-05 19:00:00,WAREHOUSE,MEDIUM,23.34
2026-06-05 19:00:00,OFFICE_A,MEDIUM,23.11
2026-06-05 19:00:00,CONTROL_ROOM,MEDIUM,23.01
2026-06-05 19:00:00,UTILITY,MEDIUM,22.78
2026-06-05 19:00:00,BATTERY_FLEX,MEDIUM,22.75
2026-06-05 19:15:00,PRODUCTION,MEDIUM,23.51
2026-06-05 19:15:00,WAREHOUSE,MEDIUM,23.9
2026-06-05 19:15:00,OFFICE_A,MEDIUM,23.39
2026-06-05 19:15:00,CONTROL_ROOM,MEDIUM,21.79
2026-06-05 19:15:00,UTILITY,MEDIUM,23.33
2026-06-05 19:15:00,BATTERY_FLEX,MEDIUM,22.4
2026-06-05 19:30:00,PRODUCTION,MEDIUM,23.99
2026-06-05 19:30:00,WAREHOUSE,MEDIUM,22.53
2026-06-05 19:30:00,OFFICE_A,MEDIUM,22.6
2026-06-05 19:30:00,CONTROL_ROOM,MEDIUM,22.53
2026-06-05 19:30:00,UTILITY,MEDIUM,23.02
2026-06-05 19:30:00,BATTERY_FLEX,MEDIUM,22.58
2026-06-05 19:45:00,PRODUCTION,MEDIUM,23.6
2026-06-05 19:45:00,WAREHOUSE,MEDIUM,23.41
2026-06-05 19:45:00,OFFICE_A,MEDIUM,23.68
2026-06-05 19:45:00,CONTROL_ROOM,MEDIUM,22.45
2026-06-05 19:45:00,UTILITY,MEDIUM,23.7
2026-06-05 19:45:00,BATTERY_FLEX,MEDIUM,22.29
2026-06-05 20:00:00,PRODUCTION,MEDIUM,23.83
2026-06-05 20:00:00,WAREHOUSE,MEDIUM,22.11
2026-06-05 20:00:00,OFFICE_A,MEDIUM,22.77
2026-06-05 20:00:00,CONTROL_ROOM,MEDIUM,22.76
2026-06-05 20:00:00,UTILITY,MEDIUM,23.7
2026-06-05 20:00:00,BATTERY_FLEX,MEDIUM,21.96
2026-06-05 20:15:00,PRODUCTION,MEDIUM,23.82
2026-06-05 20:15:00,WAREHOUSE,MEDIUM,22.97
2026-06-05 20:15:00,OFFICE_A,MEDIUM,22.75
2026-06-05 20:15:00,CONTROL_ROOM,MEDIUM,23.18
2026-06-05 20:15:00,UTILITY,MEDIUM,24.16
2026-06-05 20:15:00,BATTERY_FLEX,MEDIUM,23.07
2026-06-05 20:30:00,PRODUCTION,MEDIUM,23.19
2026-06-05 20:30:00,WAREHOUSE,MEDIUM,23.29
2026-06-05 20:30:00,OFFICE_A,MEDIUM,22.29
2026-06-05 20:30:00,CONTROL_ROOM,MEDIUM,21.09
2026-06-05 20:30:00,UTILITY,MEDIUM,23.81
2026-06-05 20:30:00,BATTERY_FLEX,MEDIUM,22.25
2026-06-05 20:45:00,PRODUCTION,MEDIUM,24.29
2026-06-05 20:45:00,WAREHOUSE,MEDIUM,23.02
2026-06-05 20:45:00,OFFICE_A,MEDIUM,23.1
2026-06-05 20:45:00,CONTROL_ROOM,MEDIUM,22.54
2026-06-05 20:45:00,UTILITY,MEDIUM,24.21
2026-06-05 20:45:00,BATTERY_FLEX,MEDIUM,22.48
2026-06-05 21:00:00,PRODUCTION,LOW,23.19
2026-06-05 21:00:00,WAREHOUSE,LOW,23.0
2026-06-05 21:00:00,OFFICE_A,LOW,23.45
2026-06-05 21:00:00,CONTROL_ROOM,LOW,22.36
2026-06-05 21:00:00,UTILITY,LOW,23.8
2026-06-05 21:00:00,BATTERY_FLEX,LOW,23.42
2026-06-05 21:15:00,PRODUCTION,LOW,24.9
2026-06-05 21:15:00,WAREHOUSE,LOW,22.47
2026-06-05 21:15:00,OFFICE_A,LOW,22.41
2026-06-05 21:15:00,CONTROL_ROOM,LOW,21.97
2026-06-05 21:15:00,UTILITY,LOW,23.76
2026-06-05 21:15:00,BATTERY_FLEX,LOW,23.54
2026-06-05 21:30:00,PRODUCTION,LOW,23.63
2026-06-05 21:30:00,WAREHOUSE,LOW,22.59
2026-06-05 21:30:00,OFFICE_A,LOW,23.49
2026-06-05 21:30:00,CONTROL_ROOM,LOW,22.4
2026-06-05 21:30:00,UTILITY,LOW,23.87
2026-06-05 21:30:00,BATTERY_FLEX,LOW,22.67
2026-06-05 21:45:00,PRODUCTION,LOW,23.28
2026-06-05 21:45:00,WAREHOUSE,LOW,22.64
2026-06-05 21:45:00,OFFICE_A,LOW,22.24
2026-06-05 21:45:00,CONTROL_ROOM,LOW,21.39
2026-06-05 21:45:00,UTILITY,LOW,23.68
2026-06-05 21:45:00,BATTERY_FLEX,LOW,22.55
2026-06-05 22:00:00,PRODUCTION,LOW,23.95
2026-06-05 22:00:00,WAREHOUSE,LOW,22.92
2026-06-05 22:00:00,OFFICE_A,LOW,22.5
2026-06-05 22:00:00,CONTROL_ROOM,LOW,21.96
2026-06-05 22:00:00,UTILITY,LOW,22.64
2026-06-05 22:00:00,BATTERY_FLEX,LOW,22.16
2026-06-05 22:15:00,PRODUCTION,LOW,24.04
2026-06-05 22:15:00,WAREHOUSE,LOW,22.89
2026-06-05 22:15:00,OFFICE_A,LOW,22.93
2026-06-05 22:15:00,CONTROL_ROOM,LOW,22.34
2026-06-05 22:15:00,UTILITY,LOW,23.34
2026-06-05 22:15:00,BATTERY_FLEX,LOW,23.0
2026-06-05 22:30:00,PRODUCTION,LOW,23.38
2026-06-05 22:30:00,WAREHOUSE,LOW,23.63
2026-06-05 22:30:00,OFFICE_A,LOW,22.62
2026-06-05 22:30:00,CONTROL_ROOM,LOW,21.08
2026-06-05 22:30:00,UTILITY,LOW,23.01
2026-06-05 22:30:00,BATTERY_FLEX,LOW,22.75
2026-06-05 22:45:00,PRODUCTION,LOW,23.61
2026-06-05 22:45:00,WAREHOUSE,LOW,22.94
2026-06-05 22:45:00,OFFICE_A,LOW,22.54
2026-06-05 22:45:00,CONTROL_ROOM,LOW,21.25
2026-06-05 22:45:00,UTILITY,LOW,24.26
2026-06-05 22:45:00,BATTERY_FLEX,LOW,21.29
2026-06-05 23:00:00,PRODUCTION,LOW,24.07
2026-06-05 23:00:00,WAREHOUSE,LOW,22.7
2026-06-05 23:00:00,OFFICE_A,LOW,22.39
2026-06-05 23:00:00,CONTROL_ROOM,LOW,21.66
2026-06-05 23:00:00,UTILITY,LOW,23.76
2026-06-05 23:00:00,BATTERY_FLEX,LOW,22.34
2026-06-05 23:15:00,PRODUCTION,LOW,23.32
2026-06-05 23:15:00,WAREHOUSE,LOW,23.3
2026-06-05 23:15:00,OFFICE_A,LOW,22.66
2026-06-05 23:15:00,CONTROL_ROOM,LOW,21.46
2026-06-05 23:15:00,UTILITY,LOW,24.41
2026-06-05 23:15:00,BATTERY_FLEX,LOW,22.48
2026-06-05 23:30:00,PRODUCTION,LOW,22.92
2026-06-05 23:30:00,WAREHOUSE,LOW,23.06
2026-06-05 23:30:00,OFFICE_A,LOW,22.71
2026-06-05 23:30:00,CONTROL_ROOM,LOW,21.84
2026-06-05 23:30:00,UTILITY,LOW,24.6
2026-06-05 23:30:00,BATTERY_FLEX,LOW,22.72
2026-06-05 23:45:00,PRODUCTION,LOW,23.26
2026-06-05 23:45:00,WAREHOUSE,LOW,23.18
2026-06-05 23:45:00,OFFICE_A,LOW,22.73
2026-06-05 23:45:00,CONTROL_ROOM,LOW,21.72
2026-06-05 23:45:00,UTILITY,LOW,23.87
2026-06-05 23:45:00,BATTERY_FLEX,LOW,22.29
2026-06-06 00:00:00,PRODUCTION,LOW,23.12
2026-06-06 00:00:00,WAREHOUSE,LOW,22.27
2026-06-06 00:00:00,OFFICE_A,LOW,22.63
2026-06-06 00:00:00,CONTROL_ROOM,LOW,21.11
2026-06-06 00:00:00,UTILITY,LOW,23.3
2026-06-06 00:00:00,BATTERY_FLEX,LOW,23.04
2026-06-06 00:15:00,PRODUCTION,LOW,23.95
2026-06-06 00:15:00,WAREHOUSE,LOW,22.41
2026-06-06 00:15:00,OFFICE_A,LOW,23.3
2026-06-06 00:15:00,CONTROL_ROOM,LOW,22.05
2026-06-06 00:15:00,UTILITY,LOW,23.8
2026-06-06 00:15:00,BATTERY_FLEX,LOW,22.08
2026-06-06 00:30:00,PRODUCTION,LOW,22.98
2026-06-06 00:30:00,WAREHOUSE,LOW,22.01
2026-06-06 00:30:00,OFFICE_A,LOW,23.16
2026-06-06 00:30:00,CONTROL_ROOM,LOW,21.56
2026-06-06 00:30:00,UTILITY,LOW,23.28
2026-06-06 00:30:00,BATTERY_FLEX,LOW,22.24
2026-06-06 00:45:00,PRODUCTION,LOW,23.24
2026-06-06 00:45:00,WAREHOUSE,LOW,23.27
2026-06-06 00:45:00,OFFICE_A,LOW,22.44
2026-06-06 00:45:00,CONTROL_ROOM,LOW,20.96
2026-06-06 00:45:00,UTILITY,LOW,23.55
2026-06-06 00:45:00,BATTERY_FLEX,LOW,21.78
2026-06-06 01:00:00,PRODUCTION,LOW,22.95
2026-06-06 01:00:00,WAREHOUSE,LOW,22.81
2026-06-06 01:00:00,OFFICE_A,LOW,23.61
2026-06-06 01:00:00,CONTROL_ROOM,LOW,21.81
2026-06-06 01:00:00,UTILITY,LOW,23.7
2026-06-06 01:00:00,BATTERY_FLEX,LOW,22.35
2026-06-06 01:15:00,PRODUCTION,LOW,23.36
2026-06-06 01:15:00,WAREHOUSE,LOW,22.94
2026-06-06 01:15:00,OFFICE_A,LOW,22.57
2026-06-06 01:15:00,CONTROL_ROOM,LOW,22.0
2026-06-06 01:15:00,UTILITY,LOW,22.76
2026-06-06 01:15:00,BATTERY_FLEX,LOW,22.24
2026-06-06 01:30:00,PRODUCTION,LOW,22.03
2026-06-06 01:30:00,WAREHOUSE,LOW,22.28
2026-06-06 01:30:00,OFFICE_A,LOW,22.56
2026-06-06 01:30:00,CONTROL_ROOM,LOW,21.39
2026-06-06 01:30:00,UTILITY,LOW,22.87
2026-06-06 01:30:00,BATTERY_FLEX,LOW,23.51
2026-06-06 01:45:00,PRODUCTION,LOW,23.44
2026-06-06 01:45:00,WAREHOUSE,LOW,22.83
2026-06-06 01:45:00,OFFICE_A,LOW,22.43
2026-06-06 01:45:00,CONTROL_ROOM,LOW,21.88
2026-06-06 01:45:00,UTILITY,LOW,22.7
2026-06-06 01:45:00,BATTERY_FLEX,LOW,23.32
2026-06-06 02:00:00,PRODUCTION,LOW,22.6
2026-06-06 02:00:00,WAREHOUSE,LOW,22.43
2026-06-06 02:00:00,OFFICE_A,LOW,22.69
2026-06-06 02:00:00,CONTROL_ROOM,LOW,21.59
2026-06-06 02:00:00,UTILITY,LOW,23.28
2026-06-06 02:00:00,BATTERY_FLEX,LOW,22.01
2026-06-06 02:15:00,PRODUCTION,LOW,22.74
2026-06-06 02:15:00,WAREHOUSE,LOW,23.79
2026-06-06 02:15:00,OFFICE_A,LOW,22.54
2026-06-06 02:15:00,CONTROL_ROOM,LOW,22.22
2026-06-06 02:15:00,UTILITY,LOW,23.25
2026-06-06 02:15:00,BATTERY_FLEX,LOW,22.64
2026-06-06 02:30:00,PRODUCTION,LOW,23.08
2026-06-06 02:30:00,WAREHOUSE,LOW,23.41
2026-06-06 02:30:00,OFFICE_A,LOW,22.27
2026-06-06 02:30:00,CONTROL_ROOM,LOW,21.57
2026-06-06 02:30:00,UTILITY,LOW,23.1
2026-06-06 02:30:00,BATTERY_FLEX,LOW,23.16
2026-06-06 02:45:00,PRODUCTION,LOW,23.73
2026-06-06 02:45:00,WAREHOUSE,LOW,23.42
2026-06-06 02:45:00,OFFICE_A,LOW,21.94
2026-06-06 02:45:00,CONTROL_ROOM,LOW,21.3
2026-06-06 02:45:00,UTILITY,LOW,23.04
2026-06-06 02:45:00,BATTERY_FLEX,LOW,22.9
2026-06-06 03:00:00,PRODUCTION,LOW,22.35
2026-06-06 03:00:00,WAREHOUSE,LOW,23.0
2026-06-06 03:00:00,OFFICE_A,LOW,21.76
2026-06-06 03:00:00,CONTROL_ROOM,LOW,21.86
2026-06-06 03:00:00,UTILITY,LOW,23.71
2026-06-06 03:00:00,BATTERY_FLEX,LOW,23.48
2026-06-06 03:15:00,PRODUCTION,LOW,22.43
2026-06-06 03:15:00,WAREHOUSE,LOW,22.55
2026-06-06 03:15:00,OFFICE_A,LOW,22.8
2026-06-06 03:15:00,CONTROL_ROOM,LOW,20.55
2026-06-06 03:15:00,UTILITY,LOW,23.51
2026-06-06 03:15:00,BATTERY_FLEX,LOW,22.02
2026-06-06 03:30:00,PRODUCTION,LOW,23.12
2026-06-06 03:30:00,WAREHOUSE,LOW,23.73
2026-06-06 03:30:00,OFFICE_A,LOW,22.62
2026-06-06 03:30:00,CONTROL_ROOM,LOW,21.23
2026-06-06 03:30:00,UTILITY,LOW,23.41
2026-06-06 03:30:00,BATTERY_FLEX,LOW,21.86
2026-06-06 03:45:00,PRODUCTION,LOW,22.88
2026-06-06 03:45:00,WAREHOUSE,LOW,22.91
2026-06-06 03:45:00,OFFICE_A,LOW,22.4
2026-06-06 03:45:00,CONTROL_ROOM,LOW,21.79
2026-06-06 03:45:00,UTILITY,LOW,23.74
2026-06-06 03:45:00,BATTERY_FLEX,LOW,22.52
2026-06-06 04:00:00,PRODUCTION,LOW,23.4
2026-06-06 04:00:00,WAREHOUSE,LOW,23.03
2026-06-06 04:00:00,OFFICE_A,LOW,22.48
2026-06-06 04:00:00,CONTROL_ROOM,LOW,22.85
2026-06-06 04:00:00,UTILITY,LOW,23.13
2026-06-06 04:00:00,BATTERY_FLEX,LOW,22.68
2026-06-06 04:15:00,PRODUCTION,LOW,22.79
2026-06-06 04:15:00,WAREHOUSE,LOW,23.29
2026-06-06 04:15:00,OFFICE_A,LOW,22.76
2026-06-06 04:15:00,CONTROL_ROOM,LOW,21.37
2026-06-06 04:15:00,UTILITY,LOW,23.91
2026-06-06 04:15:00,BATTERY_FLEX,LOW,22.73
2026-06-06 04:30:00,PRODUCTION,LOW,23.23
2026-06-06 04:30:00,WAREHOUSE,LOW,23.06
2026-06-06 04:30:00,OFFICE_A,LOW,22.29
2026-06-06 04:30:00,CONTROL_ROOM,LOW,22.46
2026-06-06 04:30:00,UTILITY,LOW,23.0
2026-06-06 04:30:00,BATTERY_FLEX,LOW,22.74
2026-06-06 04:45:00,PRODUCTION,LOW,22.7
2026-06-06 04:45:00,WAREHOUSE,LOW,22.53
2026-06-06 04:45:00,OFFICE_A,LOW,22.73
2026-06-06 04:45:00,CONTROL_ROOM,LOW,20.88
2026-06-06 04:45:00,UTILITY,LOW,23.28
2026-06-06 04:45:00,BATTERY_FLEX,LOW,21.44
2026-06-06 05:00:00,PRODUCTION,LOW,23.59
2026-06-06 05:00:00,WAREHOUSE,LOW,22.36
2026-06-06 05:00:00,OFFICE_A,LOW,22.94
2026-06-06 05:00:00,CONTROL_ROOM,LOW,21.19
2026-06-06 05:00:00,UTILITY,LOW,24.31
2026-06-06 05:00:00,BATTERY_FLEX,LOW,22.89
2026-06-06 05:15:00,PRODUCTION,LOW,22.99
2026-06-06 05:15:00,WAREHOUSE,LOW,22.95
2026-06-06 05:15:00,OFFICE_A,LOW,23.26
2026-06-06 05:15:00,CONTROL_ROOM,LOW,21.25
2026-06-06 05:15:00,UTILITY,LOW,23.58
2026-06-06 05:15:00,BATTERY_FLEX,LOW,23.01
2026-06-06 05:30:00,PRODUCTION,LOW,22.22
2026-06-06 05:30:00,WAREHOUSE,LOW,22.49
2026-06-06 05:30:00,OFFICE_A,LOW,22.75
2026-06-06 05:30:00,CONTROL_ROOM,LOW,21.52
2026-06-06 05:30:00,UTILITY,LOW,23.56
2026-06-06 05:30:00,BATTERY_FLEX,LOW,23.04
2026-06-06 05:45:00,PRODUCTION,LOW,22.75
2026-06-06 05:45:00,WAREHOUSE,LOW,23.74
2026-06-06 05:45:00,OFFICE_A,LOW,23.06
2026-06-06 05:45:00,CONTROL_ROOM,LOW,21.75
2026-06-06 05:45:00,UTILITY,LOW,24.42
2026-06-06 05:45:00,BATTERY_FLEX,LOW,21.78
2026-06-06 06:00:00,PRODUCTION,LOW,23.22
2026-06-06 06:00:00,WAREHOUSE,LOW,22.46
2026-06-06 06:00:00,OFFICE_A,LOW,22.91
2026-06-06 06:00:00,CONTROL_ROOM,LOW,22.09
2026-06-06 06:00:00,UTILITY,LOW,23.65
2026-06-06 06:00:00,BATTERY_FLEX,LOW,21.59
2026-06-06 06:15:00,PRODUCTION,LOW,21.78
2026-06-06 06:15:00,WAREHOUSE,LOW,23.65
2026-06-06 06:15:00,OFFICE_A,LOW,22.7
2026-06-06 06:15:00,CONTROL_ROOM,LOW,21.22
2026-06-06 06:15:00,UTILITY,LOW,24.03
2026-06-06 06:15:00,BATTERY_FLEX,LOW,22.19
2026-06-06 06:30:00,PRODUCTION,LOW,24.04
2026-06-06 06:30:00,WAREHOUSE,LOW,23.24
2026-06-06 06:30:00,OFFICE_A,LOW,22.95
2026-06-06 06:30:00,CONTROL_ROOM,LOW,22.12
2026-06-06 06:30:00,UTILITY,LOW,22.93
2026-06-06 06:30:00,BATTERY_FLEX,LOW,22.88
2026-06-06 06:45:00,PRODUCTION,LOW,23.43
2026-06-06 06:45:00,WAREHOUSE,LOW,23.1
2026-06-06 06:45:00,OFFICE_A,LOW,21.15
2026-06-06 06:45:00,CONTROL_ROOM,LOW,21.77
2026-06-06 06:45:00,UTILITY,LOW,23.87
2026-06-06 06:45:00,BATTERY_FLEX,LOW,22.77
2026-06-06 07:00:00,PRODUCTION,LOW,23.45
2026-06-06 07:00:00,WAREHOUSE,LOW,23.58
2026-06-06 07:00:00,OFFICE_A,LOW,22.91
2026-06-06 07:00:00,CONTROL_ROOM,LOW,21.28
2026-06-06 07:00:00,UTILITY,LOW,22.34
2026-06-06 07:00:00,BATTERY_FLEX,LOW,22.32
2026-06-06 07:15:00,PRODUCTION,LOW,23.35
2026-06-06 07:15:00,WAREHOUSE,LOW,23.71
2026-06-06 07:15:00,OFFICE_A,LOW,22.63
2026-06-06 07:15:00,CONTROL_ROOM,LOW,22.01
2026-06-06 07:15:00,UTILITY,LOW,23.82
2026-06-06 07:15:00,BATTERY_FLEX,LOW,23.32
2026-06-06 07:30:00,PRODUCTION,LOW,24.08
2026-06-06 07:30:00,WAREHOUSE,LOW,23.2
2026-06-06 07:30:00,OFFICE_A,LOW,22.66
2026-06-06 07:30:00,CONTROL_ROOM,LOW,22.19
2026-06-06 07:30:00,UTILITY,LOW,24.01
2026-06-06 07:30:00,BATTERY_FLEX,LOW,22.4
2026-06-06 07:45:00,PRODUCTION,LOW,23.75
2026-06-06 07:45:00,WAREHOUSE,LOW,23.12
2026-06-06 07:45:00,OFFICE_A,LOW,22.85
2026-06-06 07:45:00,CONTROL_ROOM,LOW,22.16
2026-06-06 07:45:00,UTILITY,LOW,23.54
2026-06-06 07:45:00,BATTERY_FLEX,LOW,22.69
2026-06-06 08:00:00,PRODUCTION,LOW,23.08
2026-06-06 08:00:00,WAREHOUSE,LOW,23.12
2026-06-06 08:00:00,OFFICE_A,LOW,23.8
2026-06-06 08:00:00,CONTROL_ROOM,LOW,21.59
2026-06-06 08:00:00,UTILITY,LOW,23.24
2026-06-06 08:00:00,BATTERY_FLEX,LOW,22.3
2026-06-06 08:15:00,PRODUCTION,LOW,24.7
2026-06-06 08:15:00,WAREHOUSE,LOW,23.38
2026-06-06 08:15:00,OFFICE_A,LOW,22.28
2026-06-06 08:15:00,CONTROL_ROOM,LOW,21.81
2026-06-06 08:15:00,UTILITY,LOW,23.62
2026-06-06 08:15:00,BATTERY_FLEX,LOW,23.01
2026-06-06 08:30:00,PRODUCTION,LOW,23.78
2026-06-06 08:30:00,WAREHOUSE,LOW,22.75
2026-06-06 08:30:00,OFFICE_A,LOW,22.37
2026-06-06 08:30:00,CONTROL_ROOM,LOW,21.0
2026-06-06 08:30:00,UTILITY,LOW,22.81
2026-06-06 08:30:00,BATTERY_FLEX,LOW,22.15
2026-06-06 08:45:00,PRODUCTION,LOW,21.82
2026-06-06 08:45:00,WAREHOUSE,LOW,22.58
2026-06-06 08:45:00,OFFICE_A,LOW,22.65
2026-06-06 08:45:00,CONTROL_ROOM,LOW,21.59
2026-06-06 08:45:00,UTILITY,LOW,24.36
2026-06-06 08:45:00,BATTERY_FLEX,LOW,22.29
2026-06-06 09:00:00,PRODUCTION,MEDIUM,23.04
2026-06-06 09:00:00,WAREHOUSE,MEDIUM,23.09
2026-06-06 09:00:00,OFFICE_A,MEDIUM,22.58
2026-06-06 09:00:00,CONTROL_ROOM,MEDIUM,22.05
2026-06-06 09:00:00,UTILITY,MEDIUM,23.5
2026-06-06 09:00:00,BATTERY_FLEX,MEDIUM,22.14
2026-06-06 09:15:00,PRODUCTION,MEDIUM,23.53
2026-06-06 09:15:00,WAREHOUSE,MEDIUM,23.07
2026-06-06 09:15:00,OFFICE_A,MEDIUM,22.52
2026-06-06 09:15:00,CONTROL_ROOM,MEDIUM,21.99
2026-06-06 09:15:00,UTILITY,MEDIUM,23.3
2026-06-06 09:15:00,BATTERY_FLEX,MEDIUM,22.14
2026-06-06 09:30:00,PRODUCTION,MEDIUM,23.16
2026-06-06 09:30:00,WAREHOUSE,MEDIUM,24.39
2026-06-06 09:30:00,OFFICE_A,MEDIUM,23.45
2026-06-06 09:30:00,CONTROL_ROOM,MEDIUM,22.66
2026-06-06 09:30:00,UTILITY,MEDIUM,24.02
2026-06-06 09:30:00,BATTERY_FLEX,MEDIUM,23.55
2026-06-06 09:45:00,PRODUCTION,MEDIUM,23.76
2026-06-06 09:45:00,WAREHOUSE,MEDIUM,23.2
2026-06-06 09:45:00,OFFICE_A,MEDIUM,23.12
2026-06-06 09:45:00,CONTROL_ROOM,MEDIUM,22.64
2026-06-06 09:45:00,UTILITY,MEDIUM,23.81
2026-06-06 09:45:00,BATTERY_FLEX,MEDIUM,23.02
2026-06-06 10:00:00,PRODUCTION,MEDIUM,23.61
2026-06-06 10:00:00,WAREHOUSE,MEDIUM,22.83
2026-06-06 10:00:00,OFFICE_A,MEDIUM,22.75
2026-06-06 10:00:00,CONTROL_ROOM,MEDIUM,21.74
2026-06-06 10:00:00,UTILITY,MEDIUM,23.29
2026-06-06 10:00:00,BATTERY_FLEX,MEDIUM,22.0
2026-06-06 10:15:00,PRODUCTION,MEDIUM,24.05
2026-06-06 10:15:00,WAREHOUSE,MEDIUM,23.27
2026-06-06 10:15:00,OFFICE_A,MEDIUM,23.13
2026-06-06 10:15:00,CONTROL_ROOM,MEDIUM,21.62
2026-06-06 10:15:00,UTILITY,MEDIUM,23.56
2026-06-06 10:15:00,BATTERY_FLEX,MEDIUM,22.8
2026-06-06 10:30:00,PRODUCTION,MEDIUM,23.57
2026-06-06 10:30:00,WAREHOUSE,MEDIUM,23.54
2026-06-06 10:30:00,OFFICE_A,MEDIUM,22.82
2026-06-06 10:30:00,CONTROL_ROOM,MEDIUM,21.16
2026-06-06 10:30:00,UTILITY,MEDIUM,23.78
2026-06-06 10:30:00,BATTERY_FLEX,MEDIUM,23.0
2026-06-06 10:45:00,PRODUCTION,MEDIUM,23.12
2026-06-06 10:45:00,WAREHOUSE,MEDIUM,23.41
2026-06-06 10:45:00,OFFICE_A,MEDIUM,23.24
2026-06-06 10:45:00,CONTROL_ROOM,MEDIUM,21.75
2026-06-06 10:45:00,UTILITY,MEDIUM,24.19
2026-06-06 10:45:00,BATTERY_FLEX,MEDIUM,22.19
2026-06-06 11:00:00,PRODUCTION,MEDIUM,23.4
2026-06-06 11:00:00,WAREHOUSE,MEDIUM,23.29
2026-06-06 11:00:00,OFFICE_A,MEDIUM,23.16
2026-06-06 11:00:00,CONTROL_ROOM,MEDIUM,20.71
2026-06-06 11:00:00,UTILITY,MEDIUM,23.19
2026-06-06 11:00:00,BATTERY_FLEX,MEDIUM,22.62
2026-06-06 11:15:00,PRODUCTION,MEDIUM,23.44
2026-06-06 11:15:00,WAREHOUSE,MEDIUM,22.62
2026-06-06 11:15:00,OFFICE_A,MEDIUM,23.26
2026-06-06 11:15:00,CONTROL_ROOM,MEDIUM,21.94
2026-06-06 11:15:00,UTILITY,MEDIUM,23.57
2026-06-06 11:15:00,BATTERY_FLEX,MEDIUM,22.5
2026-06-06 11:30:00,PRODUCTION,MEDIUM,23.56
2026-06-06 11:30:00,WAREHOUSE,MEDIUM,22.75
2026-06-06 11:30:00,OFFICE_A,MEDIUM,23.51
2026-06-06 11:30:00,CONTROL_ROOM,MEDIUM,22.46
2026-06-06 11:30:00,UTILITY,MEDIUM,23.62
2026-06-06 11:30:00,BATTERY_FLEX,MEDIUM,22.5
2026-06-06 11:45:00,PRODUCTION,MEDIUM,23.49
2026-06-06 11:45:00,WAREHOUSE,MEDIUM,23.27
2026-06-06 11:45:00,OFFICE_A,MEDIUM,23.46
2026-06-06 11:45:00,CONTROL_ROOM,MEDIUM,21.47
2026-06-06 11:45:00,UTILITY,MEDIUM,23.12
2026-06-06 11:45:00,BATTERY_FLEX,MEDIUM,21.77
2026-06-06 12:00:00,PRODUCTION,MEDIUM,22.86
2026-06-06 12:00:00,WAREHOUSE,MEDIUM,24.04
2026-06-06 12:00:00,OFFICE_A,MEDIUM,22.77
2026-06-06 12:00:00,CONTROL_ROOM,MEDIUM,22.16
2026-06-06 12:00:00,UTILITY,MEDIUM,24.07
2026-06-06 12:00:00,BATTERY_FLEX,MEDIUM,22.15
2026-06-06 12:15:00,PRODUCTION,MEDIUM,23.81
2026-06-06 12:15:00,WAREHOUSE,MEDIUM,23.97
2026-06-06 12:15:00,OFFICE_A,MEDIUM,23.77
2026-06-06 12:15:00,CONTROL_ROOM,MEDIUM,22.35
2026-06-06 12:15:00,UTILITY,MEDIUM,23.17
2026-06-06 12:15:00,BATTERY_FLEX,MEDIUM,23.2
2026-06-06 12:30:00,PRODUCTION,MEDIUM,22.24
2026-06-06 12:30:00,WAREHOUSE,MEDIUM,22.97
2026-06-06 12:30:00,OFFICE_A,MEDIUM,23.4
2026-06-06 12:30:00,CONTROL_ROOM,MEDIUM,21.95
2026-06-06 12:30:00,UTILITY,MEDIUM,24.0
2026-06-06 12:30:00,BATTERY_FLEX,MEDIUM,22.22
2026-06-06 12:45:00,PRODUCTION,MEDIUM,23.39
2026-06-06 12:45:00,WAREHOUSE,MEDIUM,23.75
2026-06-06 12:45:00,OFFICE_A,MEDIUM,22.64
2026-06-06 12:45:00,CONTROL_ROOM,MEDIUM,22.22
2026-06-06 12:45:00,UTILITY,MEDIUM,23.67
2026-06-06 12:45:00,BATTERY_FLEX,MEDIUM,21.86
2026-06-06 13:00:00,PRODUCTION,MEDIUM,23.92
2026-06-06 13:00:00,WAREHOUSE,MEDIUM,22.3
2026-06-06 13:00:00,OFFICE_A,MEDIUM,21.58
2026-06-06 13:00:00,CONTROL_ROOM,MEDIUM,22.5
2026-06-06 13:00:00,UTILITY,MEDIUM,23.61
2026-06-06 13:00:00,BATTERY_FLEX,MEDIUM,23.23
2026-06-06 13:15:00,PRODUCTION,MEDIUM,23.37
2026-06-06 13:15:00,WAREHOUSE,MEDIUM,22.93
2026-06-06 13:15:00,OFFICE_A,MEDIUM,23.1
2026-06-06 13:15:00,CONTROL_ROOM,MEDIUM,22.36
2026-06-06 13:15:00,UTILITY,MEDIUM,23.64
2026-06-06 13:15:00,BATTERY_FLEX,MEDIUM,23.13
2026-06-06 13:30:00,PRODUCTION,MEDIUM,23.33
2026-06-06 13:30:00,WAREHOUSE,MEDIUM,22.87
2026-06-06 13:30:00,OFFICE_A,MEDIUM,23.1
2026-06-06 13:30:00,CONTROL_ROOM,MEDIUM,22.17
2026-06-06 13:30:00,UTILITY,MEDIUM,23.46
2026-06-06 13:30:00,BATTERY_FLEX,MEDIUM,22.65
2026-06-06 13:45:00,PRODUCTION,MEDIUM,24.42
2026-06-06 13:45:00,WAREHOUSE,MEDIUM,23.05
2026-06-06 13:45:00,OFFICE_A,MEDIUM,23.27
2026-06-06 13:45:00,CONTROL_ROOM,MEDIUM,21.29
2026-06-06 13:45:00,UTILITY,MEDIUM,23.38
2026-06-06 13:45:00,BATTERY_FLEX,MEDIUM,22.28
2026-06-06 14:00:00,PRODUCTION,MEDIUM,23.3
2026-06-06 14:00:00,WAREHOUSE,MEDIUM,22.93
2026-06-06 14:00:00,OFFICE_A,MEDIUM,23.0
2026-06-06 14:00:00,CONTROL_ROOM,MEDIUM,22.76
2026-06-06 14:00:00,UTILITY,MEDIUM,22.71
2026-06-06 14:00:00,BATTERY_FLEX,MEDIUM,22.0
2026-06-06 14:15:00,PRODUCTION,MEDIUM,22.76
2026-06-06 14:15:00,WAREHOUSE,MEDIUM,22.78
2026-06-06 14:15:00,OFFICE_A,MEDIUM,22.06
2026-06-06 14:15:00,CONTROL_ROOM,MEDIUM,21.56
2026-06-06 14:15:00,UTILITY,MEDIUM,24.24
2026-06-06 14:15:00,BATTERY_FLEX,MEDIUM,22.84
2026-06-06 14:30:00,PRODUCTION,MEDIUM,22.98
2026-06-06 14:30:00,WAREHOUSE,MEDIUM,23.12
2026-06-06 14:30:00,OFFICE_A,MEDIUM,23.48
2026-06-06 14:30:00,CONTROL_ROOM,MEDIUM,22.5
2026-06-06 14:30:00,UTILITY,MEDIUM,23.95
2026-06-06 14:30:00,BATTERY_FLEX,MEDIUM,22.27
2026-06-06 14:45:00,PRODUCTION,MEDIUM,24.62
2026-06-06 14:45:00,WAREHOUSE,MEDIUM,22.27
2026-06-06 14:45:00,OFFICE_A,MEDIUM,22.98
2026-06-06 14:45:00,CONTROL_ROOM,MEDIUM,22.71
2026-06-06 14:45:00,UTILITY,MEDIUM,22.92
2026-06-06 14:45:00,BATTERY_FLEX,MEDIUM,22.33
2026-06-06 15:00:00,PRODUCTION,MEDIUM,23.85
2026-06-06 15:00:00,WAREHOUSE,MEDIUM,23.47
2026-06-06 15:00:00,OFFICE_A,MEDIUM,23.31
2026-06-06 15:00:00,CONTROL_ROOM,MEDIUM,21.62
2026-06-06 15:00:00,UTILITY,MEDIUM,23.68
2026-06-06 15:00:00,BATTERY_FLEX,MEDIUM,22.19
2026-06-06 15:15:00,PRODUCTION,MEDIUM,23.03
2026-06-06 15:15:00,WAREHOUSE,MEDIUM,23.25
2026-06-06 15:15:00,OFFICE_A,MEDIUM,22.44
2026-06-06 15:15:00,CONTROL_ROOM,MEDIUM,21.52
2026-06-06 15:15:00,UTILITY,MEDIUM,23.13
2026-06-06 15:15:00,BATTERY_FLEX,MEDIUM,22.43
2026-06-06 15:30:00,PRODUCTION,MEDIUM,23.09
2026-06-06 15:30:00,WAREHOUSE,MEDIUM,22.89
2026-06-06 15:30:00,OFFICE_A,MEDIUM,23.28
2026-06-06 15:30:00,CONTROL_ROOM,MEDIUM,21.83
2026-06-06 15:30:00,UTILITY,MEDIUM,23.52
2026-06-06 15:30:00,BATTERY_FLEX,MEDIUM,22.88
2026-06-06 15:45:00,PRODUCTION,MEDIUM,23.6
2026-06-06 15:45:00,WAREHOUSE,MEDIUM,23.76
2026-06-06 15:45:00,OFFICE_A,MEDIUM,23.46
2026-06-06 15:45:00,CONTROL_ROOM,MEDIUM,21.45
2026-06-06 15:45:00,UTILITY,MEDIUM,23.12
2026-06-06 15:45:00,BATTERY_FLEX,MEDIUM,22.25
2026-06-06 16:00:00,PRODUCTION,MEDIUM,24.28
2026-06-06 16:00:00,WAREHOUSE,MEDIUM,23.32
2026-06-06 16:00:00,OFFICE_A,MEDIUM,22.93
2026-06-06 16:00:00,CONTROL_ROOM,MEDIUM,21.11
2026-06-06 16:00:00,UTILITY,MEDIUM,23.7
2026-06-06 16:00:00,BATTERY_FLEX,MEDIUM,22.68
2026-06-06 16:15:00,PRODUCTION,MEDIUM,24.07
2026-06-06 16:15:00,WAREHOUSE,MEDIUM,22.69
2026-06-06 16:15:00,OFFICE_A,MEDIUM,22.92
2026-06-06 16:15:00,CONTROL_ROOM,MEDIUM,22.13
2026-06-06 16:15:00,UTILITY,MEDIUM,23.28
2026-06-06 16:15:00,BATTERY_FLEX,MEDIUM,22.92
2026-06-06 16:30:00,PRODUCTION,MEDIUM,23.73
2026-06-06 16:30:00,WAREHOUSE,MEDIUM,22.31
2026-06-06 16:30:00,OFFICE_A,MEDIUM,23.16
2026-06-06 16:30:00,CONTROL_ROOM,MEDIUM,22.32
2026-06-06 16:30:00,UTILITY,MEDIUM,24.16
2026-06-06 16:30:00,BATTERY_FLEX,MEDIUM,22.5
2026-06-06 16:45:00,PRODUCTION,MEDIUM,22.89
2026-06-06 16:45:00,WAREHOUSE,MEDIUM,23.71
2026-06-06 16:45:00,OFFICE_A,MEDIUM,23.69
2026-06-06 16:45:00,CONTROL_ROOM,MEDIUM,22.26
2026-06-06 16:45:00,UTILITY,MEDIUM,24.4
2026-06-06 16:45:00,BATTERY_FLEX,MEDIUM,23.18
2026-06-06 17:00:00,PRODUCTION,MEDIUM,23.96
2026-06-06 17:00:00,WAREHOUSE,MEDIUM,22.98
2026-06-06 17:00:00,OFFICE_A,MEDIUM,22.86
2026-06-06 17:00:00,CONTROL_ROOM,MEDIUM,22.32
2026-06-06 17:00:00,UTILITY,MEDIUM,22.84
2026-06-06 17:00:00,BATTERY_FLEX,MEDIUM,23.02
2026-06-06 17:15:00,PRODUCTION,MEDIUM,23.45
2026-06-06 17:15:00,WAREHOUSE,MEDIUM,22.77
2026-06-06 17:15:00,OFFICE_A,MEDIUM,23.0
2026-06-06 17:15:00,CONTROL_ROOM,MEDIUM,23.03
2026-06-06 17:15:00,UTILITY,MEDIUM,24.34
2026-06-06 17:15:00,BATTERY_FLEX,MEDIUM,22.82
2026-06-06 17:30:00,PRODUCTION,MEDIUM,23.21
2026-06-06 17:30:00,WAREHOUSE,MEDIUM,23.12
2026-06-06 17:30:00,OFFICE_A,MEDIUM,22.21
2026-06-06 17:30:00,CONTROL_ROOM,MEDIUM,22.68
2026-06-06 17:30:00,UTILITY,MEDIUM,24.69
2026-06-06 17:30:00,BATTERY_FLEX,MEDIUM,22.7
2026-06-06 17:45:00,PRODUCTION,MEDIUM,23.19
2026-06-06 17:45:00,WAREHOUSE,MEDIUM,23.44
2026-06-06 17:45:00,OFFICE_A,MEDIUM,23.15
2026-06-06 17:45:00,CONTROL_ROOM,MEDIUM,21.78
2026-06-06 17:45:00,UTILITY,MEDIUM,23.31
2026-06-06 17:45:00,BATTERY_FLEX,MEDIUM,22.69
2026-06-06 18:00:00,PRODUCTION,MEDIUM,23.69
2026-06-06 18:00:00,WAREHOUSE,MEDIUM,23.04
2026-06-06 18:00:00,OFFICE_A,MEDIUM,22.32
2026-06-06 18:00:00,CONTROL_ROOM,MEDIUM,22.52
2026-06-06 18:00:00,UTILITY,MEDIUM,22.26
2026-06-06 18:00:00,BATTERY_FLEX,MEDIUM,22.41
2026-06-06 18:15:00,PRODUCTION,MEDIUM,24.1
2026-06-06 18:15:00,WAREHOUSE,MEDIUM,22.78
2026-06-06 18:15:00,OFFICE_A,MEDIUM,23.33
2026-06-06 18:15:00,CONTROL_ROOM,MEDIUM,22.13
2026-06-06 18:15:00,UTILITY,MEDIUM,22.78
2026-06-06 18:15:00,BATTERY_FLEX,MEDIUM,23.58
2026-06-06 18:30:00,PRODUCTION,MEDIUM,23.64
2026-06-06 18:30:00,WAREHOUSE,MEDIUM,22.88
2026-06-06 18:30:00,OFFICE_A,MEDIUM,23.42
2026-06-06 18:30:00,CONTROL_ROOM,MEDIUM,21.22
2026-06-06 18:30:00,UTILITY,MEDIUM,23.59
2026-06-06 18:30:00,BATTERY_FLEX,MEDIUM,22.34
2026-06-06 18:45:00,PRODUCTION,MEDIUM,23.34
2026-06-06 18:45:00,WAREHOUSE,MEDIUM,23.52
2026-06-06 18:45:00,OFFICE_A,MEDIUM,23.03
2026-06-06 18:45:00,CONTROL_ROOM,MEDIUM,21.56
2026-06-06 18:45:00,UTILITY,MEDIUM,23.5
2026-06-06 18:45:00,BATTERY_FLEX,MEDIUM,22.48
2026-06-06 19:00:00,PRODUCTION,MEDIUM,22.66
2026-06-06 19:00:00,WAREHOUSE,MEDIUM,22.29
2026-06-06 19:00:00,OFFICE_A,MEDIUM,23.17
2026-06-06 19:00:00,CONTROL_ROOM,MEDIUM,21.55
2026-06-06 19:00:00,UTILITY,MEDIUM,23.76
2026-06-06 19:00:00,BATTERY_FLEX,MEDIUM,23.0
2026-06-06 19:15:00,PRODUCTION,MEDIUM,23.66
2026-06-06 19:15:00,WAREHOUSE,MEDIUM,22.91
2026-06-06 19:15:00,OFFICE_A,MEDIUM,22.52
2026-06-06 19:15:00,CONTROL_ROOM,MEDIUM,21.73
2026-06-06 19:15:00,UTILITY,MEDIUM,23.03
2026-06-06 19:15:00,BATTERY_FLEX,MEDIUM,23.06
2026-06-06 19:30:00,PRODUCTION,LOW,22.86
2026-06-06 19:30:00,WAREHOUSE,LOW,22.88
2026-06-06 19:30:00,OFFICE_A,LOW,21.57
2026-06-06 19:30:00,CONTROL_ROOM,LOW,21.83
2026-06-06 19:30:00,UTILITY,LOW,23.51
2026-06-06 19:30:00,BATTERY_FLEX,LOW,23.01
2026-06-06 19:45:00,PRODUCTION,LOW,24.03
2026-06-06 19:45:00,WAREHOUSE,LOW,23.08
2026-06-06 19:45:00,OFFICE_A,LOW,23.41
2026-06-06 19:45:00,CONTROL_ROOM,LOW,21.17
2026-06-06 19:45:00,UTILITY,LOW,23.96
2026-06-06 19:45:00,BATTERY_FLEX,LOW,22.22
2026-06-06 20:00:00,PRODUCTION,LOW,22.94
2026-06-06 20:00:00,WAREHOUSE,LOW,23.28
2026-06-06 20:00:00,OFFICE_A,LOW,21.95
2026-06-06 20:00:00,CONTROL_ROOM,LOW,20.79
2026-06-06 20:00:00,UTILITY,LOW,24.27
2026-06-06 20:00:00,BATTERY_FLEX,LOW,23.04
2026-06-06 20:15:00,PRODUCTION,LOW,23.58
2026-06-06 20:15:00,WAREHOUSE,LOW,23.17
2026-06-06 20:15:00,OFFICE_A,LOW,23.42
2026-06-06 20:15:00,CONTROL_ROOM,LOW,21.5
2026-06-06 20:15:00,UTILITY,LOW,23.61
2026-06-06 20:15:00,BATTERY_FLEX,LOW,22.58
2026-06-06 20:30:00,PRODUCTION,LOW,23.33
2026-06-06 20:30:00,WAREHOUSE,LOW,22.55
2026-06-06 20:30:00,OFFICE_A,LOW,23.21
2026-06-06 20:30:00,CONTROL_ROOM,LOW,21.32
2026-06-06 20:30:00,UTILITY,LOW,23.47
2026-06-06 20:30:00,BATTERY_FLEX,LOW,22.43
2026-06-06 20:45:00,PRODUCTION,LOW,22.98
2026-06-06 20:45:00,WAREHOUSE,LOW,23.69
2026-06-06 20:45:00,OFFICE_A,LOW,22.58
2026-06-06 20:45:00,CONTROL_ROOM,LOW,21.79
2026-06-06 20:45:00,UTILITY,LOW,24.54
2026-06-06 20:45:00,BATTERY_FLEX,LOW,22.44
2026-06-06 21:00:00,PRODUCTION,LOW,23.18
2026-06-06 21:00:00,WAREHOUSE,LOW,23.46
2026-06-06 21:00:00,OFFICE_A,LOW,22.3
2026-06-06 21:00:00,CONTROL_ROOM,LOW,21.15
2026-06-06 21:00:00,UTILITY,LOW,23.22
2026-06-06 21:00:00,BATTERY_FLEX,LOW,22.59
2026-06-06 21:15:00,PRODUCTION,LOW,22.69
2026-06-06 21:15:00,WAREHOUSE,LOW,22.68
2026-06-06 21:15:00,OFFICE_A,LOW,21.96
2026-06-06 21:15:00,CONTROL_ROOM,LOW,22.69
2026-06-06 21:15:00,UTILITY,LOW,23.7
2026-06-06 21:15:00,BATTERY_FLEX,LOW,22.78
2026-06-06 21:30:00,PRODUCTION,LOW,23.02
2026-06-06 21:30:00,WAREHOUSE,LOW,23.58
2026-06-06 21:30:00,OFFICE_A,LOW,23.81
2026-06-06 21:30:00,CONTROL_ROOM,LOW,21.18
2026-06-06 21:30:00,UTILITY,LOW,23.03
2026-06-06 21:30:00,BATTERY_FLEX,LOW,22.1
2026-06-06 21:45:00,PRODUCTION,LOW,23.15
2026-06-06 21:45:00,WAREHOUSE,LOW,22.62
2026-06-06 21:45:00,OFFICE_A,LOW,23.07
2026-06-06 21:45:00,CONTROL_ROOM,LOW,21.44
2026-06-06 21:45:00,UTILITY,LOW,23.4
2026-06-06 21:45:00,BATTERY_FLEX,LOW,22.84
2026-06-06 22:00:00,PRODUCTION,LOW,23.53
2026-06-06 22:00:00,WAREHOUSE,LOW,23.86
2026-06-06 22:00:00,OFFICE_A,LOW,22.93
2026-06-06 22:00:00,CONTROL_ROOM,LOW,22.03
2026-06-06 22:00:00,UTILITY,LOW,23.43
2026-06-06 22:00:00,BATTERY_FLEX,LOW,22.18
2026-06-06 22:15:00,PRODUCTION,LOW,22.92
2026-06-06 22:15:00,WAREHOUSE,LOW,22.98
2026-06-06 22:15:00,OFFICE_A,LOW,22.33
2026-06-06 22:15:00,CONTROL_ROOM,LOW,22.32
2026-06-06 22:15:00,UTILITY,LOW,23.76
2026-06-06 22:15:00,BATTERY_FLEX,LOW,23.21
2026-06-06 22:30:00,PRODUCTION,LOW,23.1
2026-06-06 22:30:00,WAREHOUSE,LOW,23.03
2026-06-06 22:30:00,OFFICE_A,LOW,21.91
2026-06-06 22:30:00,CONTROL_ROOM,LOW,21.33
2026-06-06 22:30:00,UTILITY,LOW,23.36
2026-06-06 22:30:00,BATTERY_FLEX,LOW,22.73
2026-06-06 22:45:00,PRODUCTION,LOW,23.06
2026-06-06 22:45:00,WAREHOUSE,LOW,21.6
2026-06-06 22:45:00,OFFICE_A,LOW,22.41
2026-06-06 22:45:00,CONTROL_ROOM,LOW,22.19
2026-06-06 22:45:00,UTILITY,LOW,22.7
2026-06-06 22:45:00,BATTERY_FLEX,LOW,22.59
2026-06-06 23:00:00,PRODUCTION,LOW,22.48
2026-06-06 23:00:00,WAREHOUSE,LOW,23.85
2026-06-06 23:00:00,OFFICE_A,LOW,22.59
2026-06-06 23:00:00,CONTROL_ROOM,LOW,21.66
2026-06-06 23:00:00,UTILITY,LOW,24.21
2026-06-06 23:00:00,BATTERY_FLEX,LOW,22.86
2026-06-06 23:15:00,PRODUCTION,LOW,22.84
2026-06-06 23:15:00,WAREHOUSE,LOW,21.98
2026-06-06 23:15:00,OFFICE_A,LOW,22.62
2026-06-06 23:15:00,CONTROL_ROOM,LOW,20.91
2026-06-06 23:15:00,UTILITY,LOW,24.35
2026-06-06 23:15:00,BATTERY_FLEX,LOW,22.63
2026-06-06 23:30:00,PRODUCTION,LOW,22.51
2026-06-06 23:30:00,WAREHOUSE,LOW,23.52
2026-06-06 23:30:00,OFFICE_A,LOW,23.68
2026-06-06 23:30:00,CONTROL_ROOM,LOW,21.93
2026-06-06 23:30:00,UTILITY,LOW,23.47
2026-06-06 23:30:00,BATTERY_FLEX,LOW,22.3
2026-06-06 23:45:00,PRODUCTION,LOW,24.18
2026-06-06 23:45:00,WAREHOUSE,LOW,23.73
2026-06-06 23:45:00,OFFICE_A,LOW,21.75
2026-06-06 23:45:00,CONTROL_ROOM,LOW,21.29
2026-06-06 23:45:00,UTILITY,LOW,23.2
2026-06-06 23:45:00,BATTERY_FLEX,LOW,22.49
2026-06-07 00:00:00,PRODUCTION,LOW,23.26
2026-06-07 00:00:00,WAREHOUSE,LOW,23.34
2026-06-07 00:00:00,OFFICE_A,LOW,22.64
2026-06-07 00:00:00,CONTROL_ROOM,LOW,21.7
2026-06-07 00:00:00,UTILITY,LOW,23.01
2026-06-07 00:00:00,BATTERY_FLEX,LOW,22.59
2026-06-07 00:15:00,PRODUCTION,LOW,23.91
2026-06-07 00:15:00,WAREHOUSE,LOW,23.52
2026-06-07 00:15:00,OFFICE_A,LOW,22.74
2026-06-07 00:15:00,CONTROL_ROOM,LOW,21.11
2026-06-07 00:15:00,UTILITY,LOW,23.25
2026-06-07 00:15:00,BATTERY_FLEX,LOW,22.44
2026-06-07 00:30:00,PRODUCTION,LOW,22.55
2026-06-07 00:30:00,WAREHOUSE,LOW,22.21
2026-06-07 00:30:00,OFFICE_A,LOW,22.53
2026-06-07 00:30:00,CONTROL_ROOM,LOW,20.91
2026-06-07 00:30:00,UTILITY,LOW,23.04
2026-06-07 00:30:00,BATTERY_FLEX,LOW,22.34
2026-06-07 00:45:00,PRODUCTION,LOW,22.93
2026-06-07 00:45:00,WAREHOUSE,LOW,22.83
2026-06-07 00:45:00,OFFICE_A,LOW,22.98
2026-06-07 00:45:00,CONTROL_ROOM,LOW,21.35
2026-06-07 00:45:00,UTILITY,LOW,23.16
2026-06-07 00:45:00,BATTERY_FLEX,LOW,23.15
2026-06-07 01:00:00,PRODUCTION,LOW,22.22
2026-06-07 01:00:00,WAREHOUSE,LOW,23.73
2026-06-07 01:00:00,OFFICE_A,LOW,22.91
2026-06-07 01:00:00,CONTROL_ROOM,LOW,22.22
2026-06-07 01:00:00,UTILITY,LOW,23.75
2026-06-07 01:00:00,BATTERY_FLEX,LOW,22.58
2026-06-07 01:15:00,PRODUCTION,LOW,23.6
2026-06-07 01:15:00,WAREHOUSE,LOW,22.25
2026-06-07 01:15:00,OFFICE_A,LOW,22.4
2026-06-07 01:15:00,CONTROL_ROOM,LOW,22.69
2026-06-07 01:15:00,UTILITY,LOW,23.23
2026-06-07 01:15:00,BATTERY_FLEX,LOW,22.42
2026-06-07 01:30:00,PRODUCTION,LOW,23.06
2026-06-07 01:30:00,WAREHOUSE,LOW,23.46
2026-06-07 01:30:00,OFFICE_A,LOW,22.3
2026-06-07 01:30:00,CONTROL_ROOM,LOW,22.05
2026-06-07 01:30:00,UTILITY,LOW,23.95
2026-06-07 01:30:00,BATTERY_FLEX,LOW,23.07
2026-06-07 01:45:00,PRODUCTION,LOW,23.38
2026-06-07 01:45:00,WAREHOUSE,LOW,22.62
2026-06-07 01:45:00,OFFICE_A,LOW,22.67
2026-06-07 01:45:00,CONTROL_ROOM,LOW,22.43
2026-06-07 01:45:00,UTILITY,LOW,24.41
2026-06-07 01:45:00,BATTERY_FLEX,LOW,23.29
2026-06-07 02:00:00,PRODUCTION,LOW,22.58
2026-06-07 02:00:00,WAREHOUSE,LOW,22.31
2026-06-07 02:00:00,OFFICE_A,LOW,22.82
2026-06-07 02:00:00,CONTROL_ROOM,LOW,21.96
2026-06-07 02:00:00,UTILITY,LOW,24.0
2026-06-07 02:00:00,BATTERY_FLEX,LOW,22.8
2026-06-07 02:15:00,PRODUCTION,LOW,22.42
2026-06-07 02:15:00,WAREHOUSE,LOW,22.04
2026-06-07 02:15:00,OFFICE_A,LOW,23.05
2026-06-07 02:15:00,CONTROL_ROOM,LOW,21.3
2026-06-07 02:15:00,UTILITY,LOW,23.98
2026-06-07 02:15:00,BATTERY_FLEX,LOW,23.1
2026-06-07 02:30:00,PRODUCTION,LOW,22.23
2026-06-07 02:30:00,WAREHOUSE,LOW,23.1
2026-06-07 02:30:00,OFFICE_A,LOW,22.42
2026-06-07 02:30:00,CONTROL_ROOM,LOW,21.44
2026-06-07 02:30:00,UTILITY,LOW,24.53
2026-06-07 02:30:00,BATTERY_FLEX,LOW,21.78
2026-06-07 02:45:00,PRODUCTION,LOW,23.36
2026-06-07 02:45:00,WAREHOUSE,LOW,23.24
2026-06-07 02:45:00,OFFICE_A,LOW,22.24
2026-06-07 02:45:00,CONTROL_ROOM,LOW,21.33
2026-06-07 02:45:00,UTILITY,LOW,24.02
2026-06-07 02:45:00,BATTERY_FLEX,LOW,23.44
2026-06-07 03:00:00,PRODUCTION,LOW,24.41
2026-06-07 03:00:00,WAREHOUSE,LOW,23.1
2026-06-07 03:00:00,OFFICE_A,LOW,23.42
2026-06-07 03:00:00,CONTROL_ROOM,LOW,21.32
2026-06-07 03:00:00,UTILITY,LOW,23.53
2026-06-07 03:00:00,BATTERY_FLEX,LOW,22.86
2026-06-07 03:15:00,PRODUCTION,LOW,23.64
2026-06-07 03:15:00,WAREHOUSE,LOW,23.63
2026-06-07 03:15:00,OFFICE_A,LOW,23.41
2026-06-07 03:15:00,CONTROL_ROOM,LOW,22.55
2026-06-07 03:15:00,UTILITY,LOW,23.61
2026-06-07 03:15:00,BATTERY_FLEX,LOW,22.38
2026-06-07 03:30:00,PRODUCTION,LOW,22.63
2026-06-07 03:30:00,WAREHOUSE,LOW,23.28
2026-06-07 03:30:00,OFFICE_A,LOW,22.56
2026-06-07 03:30:00,CONTROL_ROOM,LOW,21.63
2026-06-07 03:30:00,UTILITY,LOW,24.07
2026-06-07 03:30:00,BATTERY_FLEX,LOW,22.92
2026-06-07 03:45:00,PRODUCTION,LOW,23.54
2026-06-07 03:45:00,WAREHOUSE,LOW,22.28
2026-06-07 03:45:00,OFFICE_A,LOW,22.36
2026-06-07 03:45:00,CONTROL_ROOM,LOW,21.27
2026-06-07 03:45:00,UTILITY,LOW,23.56
2026-06-07 03:45:00,BATTERY_FLEX,LOW,23.36
2026-06-07 04:00:00,PRODUCTION,LOW,23.48
2026-06-07 04:00:00,WAREHOUSE,LOW,23.24
2026-06-07 04:00:00,OFFICE_A,LOW,22.9
2026-06-07 04:00:00,CONTROL_ROOM,LOW,21.85
2026-06-07 04:00:00,UTILITY,LOW,24.39
2026-06-07 04:00:00,BATTERY_FLEX,LOW,23.1
2026-06-07 04:15:00,PRODUCTION,LOW,23.37
2026-06-07 04:15:00,WAREHOUSE,LOW,23.62
2026-06-07 04:15:00,OFFICE_A,LOW,22.81
2026-06-07 04:15:00,CONTROL_ROOM,LOW,21.81
2026-06-07 04:15:00,UTILITY,LOW,23.61
2026-06-07 04:15:00,BATTERY_FLEX,LOW,21.54
2026-06-07 04:30:00,PRODUCTION,LOW,23.85
2026-06-07 04:30:00,WAREHOUSE,LOW,23.29
2026-06-07 04:30:00,OFFICE_A,LOW,22.62
2026-06-07 04:30:00,CONTROL_ROOM,LOW,21.35
2026-06-07 04:30:00,UTILITY,LOW,23.68
2026-06-07 04:30:00,BATTERY_FLEX,LOW,23.03
2026-06-07 04:45:00,PRODUCTION,LOW,22.24
2026-06-07 04:45:00,WAREHOUSE,LOW,23.02
2026-06-07 04:45:00,OFFICE_A,LOW,22.5
2026-06-07 04:45:00,CONTROL_ROOM,LOW,21.64
2026-06-07 04:45:00,UTILITY,LOW,23.3
2026-06-07 04:45:00,BATTERY_FLEX,LOW,22.62
2026-06-07 05:00:00,PRODUCTION,LOW,24.19
2026-06-07 05:00:00,WAREHOUSE,LOW,22.77
2026-06-07 05:00:00,OFFICE_A,LOW,23.6
2026-06-07 05:00:00,CONTROL_ROOM,LOW,21.69
2026-06-07 05:00:00,UTILITY,LOW,24.44
2026-06-07 05:00:00,BATTERY_FLEX,LOW,22.92
2026-06-07 05:15:00,PRODUCTION,LOW,23.2
2026-06-07 05:15:00,WAREHOUSE,LOW,23.49
2026-06-07 05:15:00,OFFICE_A,LOW,22.65
2026-06-07 05:15:00,CONTROL_ROOM,LOW,21.5
2026-06-07 05:15:00,UTILITY,LOW,23.41
2026-06-07 05:15:00,BATTERY_FLEX,LOW,23.04
2026-06-07 05:30:00,PRODUCTION,LOW,23.35
2026-06-07 05:30:00,WAREHOUSE,LOW,23.8
2026-06-07 05:30:00,OFFICE_A,LOW,23.23
2026-06-07 05:30:00,CONTROL_ROOM,LOW,21.03
2026-06-07 05:30:00,UTILITY,LOW,23.41
2026-06-07 05:30:00,BATTERY_FLEX,LOW,22.07
2026-06-07 05:45:00,PRODUCTION,LOW,22.32
2026-06-07 05:45:00,WAREHOUSE,LOW,22.62
2026-06-07 05:45:00,OFFICE_A,LOW,22.77
2026-06-07 05:45:00,CONTROL_ROOM,LOW,21.94
2026-06-07 05:45:00,UTILITY,LOW,23.75
2026-06-07 05:45:00,BATTERY_FLEX,LOW,23.12
2026-06-07 06:00:00,PRODUCTION,LOW,23.53
2026-06-07 06:00:00,WAREHOUSE,LOW,22.38
2026-06-07 06:00:00,OFFICE_A,LOW,22.67
2026-06-07 06:00:00,CONTROL_ROOM,LOW,21.79
2026-06-07 06:00:00,UTILITY,LOW,24.12
2026-06-07 06:00:00,BATTERY_FLEX,LOW,21.75
2026-06-07 06:15:00,PRODUCTION,LOW,23.64
2026-06-07 06:15:00,WAREHOUSE,LOW,23.71
2026-06-07 06:15:00,OFFICE_A,LOW,22.49
2026-06-07 06:15:00,CONTROL_ROOM,LOW,22.22
2026-06-07 06:15:00,UTILITY,LOW,24.24
2026-06-07 06:15:00,BATTERY_FLEX,LOW,21.74
2026-06-07 06:30:00,PRODUCTION,LOW,22.68
2026-06-07 06:30:00,WAREHOUSE,LOW,23.54
2026-06-07 06:30:00,OFFICE_A,LOW,22.18
2026-06-07 06:30:00,CONTROL_ROOM,LOW,21.69
2026-06-07 06:30:00,UTILITY,LOW,23.55
2026-06-07 06:30:00,BATTERY_FLEX,LOW,22.93
2026-06-07 06:45:00,PRODUCTION,LOW,23.85
2026-06-07 06:45:00,WAREHOUSE,LOW,24.23
2026-06-07 06:45:00,OFFICE_A,LOW,22.09
2026-06-07 06:45:00,CONTROL_ROOM,LOW,22.01
2026-06-07 06:45:00,UTILITY,LOW,23.04
2026-06-07 06:45:00,BATTERY_FLEX,LOW,23.1
2026-06-07 07:00:00,PRODUCTION,LOW,23.34
2026-06-07 07:00:00,WAREHOUSE,LOW,23.26
2026-06-07 07:00:00,OFFICE_A,LOW,23.12
2026-06-07 07:00:00,CONTROL_ROOM,LOW,21.88
2026-06-07 07:00:00,UTILITY,LOW,22.93
2026-06-07 07:00:00,BATTERY_FLEX,LOW,22.96
2026-06-07 07:15:00,PRODUCTION,MEDIUM,22.63
2026-06-07 07:15:00,WAREHOUSE,MEDIUM,23.09
2026-06-07 07:15:00,OFFICE_A,MEDIUM,23.58
2026-06-07 07:15:00,CONTROL_ROOM,MEDIUM,22.01
2026-06-07 07:15:00,UTILITY,MEDIUM,23.51
2026-06-07 07:15:00,BATTERY_FLEX,MEDIUM,22.17
2026-06-07 07:30:00,PRODUCTION,MEDIUM,23.77
2026-06-07 07:30:00,WAREHOUSE,MEDIUM,22.19
2026-06-07 07:30:00,OFFICE_A,MEDIUM,23.62
2026-06-07 07:30:00,CONTROL_ROOM,MEDIUM,22.3
2026-06-07 07:30:00,UTILITY,MEDIUM,24.07
2026-06-07 07:30:00,BATTERY_FLEX,MEDIUM,22.9
2026-06-07 07:45:00,PRODUCTION,MEDIUM,23.07
2026-06-07 07:45:00,WAREHOUSE,MEDIUM,23.38
2026-06-07 07:45:00,OFFICE_A,MEDIUM,23.46
2026-06-07 07:45:00,CONTROL_ROOM,MEDIUM,22.8
2026-06-07 07:45:00,UTILITY,MEDIUM,23.83
2026-06-07 07:45:00,BATTERY_FLEX,MEDIUM,23.1
2026-06-07 08:00:00,PRODUCTION,MEDIUM,23.44
2026-06-07 08:00:00,WAREHOUSE,MEDIUM,23.29
2026-06-07 08:00:00,OFFICE_A,MEDIUM,22.61
2026-06-07 08:00:00,CONTROL_ROOM,MEDIUM,21.7
2026-06-07 08:00:00,UTILITY,MEDIUM,23.98
2026-06-07 08:00:00,BATTERY_FLEX,MEDIUM,23.1
2026-06-07 08:15:00,PRODUCTION,MEDIUM,23.66
2026-06-07 08:15:00,WAREHOUSE,MEDIUM,23.87
2026-06-07 08:15:00,OFFICE_A,MEDIUM,23.56
2026-06-07 08:15:00,CONTROL_ROOM,MEDIUM,22.55
2026-06-07 08:15:00,UTILITY,MEDIUM,24.62
2026-06-07 08:15:00,BATTERY_FLEX,MEDIUM,22.31
2026-06-07 08:30:00,PRODUCTION,MEDIUM,22.54
2026-06-07 08:30:00,WAREHOUSE,MEDIUM,23.08
2026-06-07 08:30:00,OFFICE_A,MEDIUM,22.95
2026-06-07 08:30:00,CONTROL_ROOM,MEDIUM,22.61
2026-06-07 08:30:00,UTILITY,MEDIUM,23.86
2026-06-07 08:30:00,BATTERY_FLEX,MEDIUM,22.38
2026-06-07 08:45:00,PRODUCTION,MEDIUM,23.51
2026-06-07 08:45:00,WAREHOUSE,MEDIUM,22.08
2026-06-07 08:45:00,OFFICE_A,MEDIUM,22.71
2026-06-07 08:45:00,CONTROL_ROOM,MEDIUM,21.89
2026-06-07 08:45:00,UTILITY,MEDIUM,23.73
2026-06-07 08:45:00,BATTERY_FLEX,MEDIUM,22.22
2026-06-07 09:00:00,PRODUCTION,HIGH,24.06
2026-06-07 09:00:00,WAREHOUSE,HIGH,23.41
2026-06-07 09:00:00,OFFICE_A,HIGH,23.35
2026-06-07 09:00:00,CONTROL_ROOM,HIGH,21.58
2026-06-07 09:00:00,UTILITY,HIGH,23.4
2026-06-07 09:00:00,BATTERY_FLEX,HIGH,22.51
2026-06-07 09:15:00,PRODUCTION,HIGH,24.32
2026-06-07 09:15:00,WAREHOUSE,HIGH,22.73
2026-06-07 09:15:00,OFFICE_A,HIGH,23.75
2026-06-07 09:15:00,CONTROL_ROOM,HIGH,22.73
2026-06-07 09:15:00,UTILITY,HIGH,23.32
2026-06-07 09:15:00,BATTERY_FLEX,HIGH,23.15
2026-06-07 09:30:00,PRODUCTION,HIGH,24.0
2026-06-07 09:30:00,WAREHOUSE,HIGH,23.11
2026-06-07 09:30:00,OFFICE_A,HIGH,23.38
2026-06-07 09:30:00,CONTROL_ROOM,HIGH,22.04
2026-06-07 09:30:00,UTILITY,HIGH,24.03
2026-06-07 09:30:00,BATTERY_FLEX,HIGH,22.7
2026-06-07 09:45:00,PRODUCTION,HIGH,23.41
2026-06-07 09:45:00,WAREHOUSE,HIGH,22.11
2026-06-07 09:45:00,OFFICE_A,HIGH,23.64
2026-06-07 09:45:00,CONTROL_ROOM,HIGH,21.75
2026-06-07 09:45:00,UTILITY,HIGH,23.78
2026-06-07 09:45:00,BATTERY_FLEX,HIGH,22.9
2026-06-07 10:00:00,PRODUCTION,HIGH,24.75
2026-06-07 10:00:00,WAREHOUSE,HIGH,24.09
2026-06-07 10:00:00,OFFICE_A,HIGH,23.91
2026-06-07 10:00:00,CONTROL_ROOM,HIGH,22.59
2026-06-07 10:00:00,UTILITY,HIGH,23.23
2026-06-07 10:00:00,BATTERY_FLEX,HIGH,23.09
2026-06-07 10:15:00,PRODUCTION,HIGH,23.83
2026-06-07 10:15:00,WAREHOUSE,HIGH,23.31
2026-06-07 10:15:00,OFFICE_A,HIGH,23.54
2026-06-07 10:15:00,CONTROL_ROOM,HIGH,22.66
2026-06-07 10:15:00,UTILITY,HIGH,23.44
2026-06-07 10:15:00,BATTERY_FLEX,HIGH,22.06
2026-06-07 10:30:00,PRODUCTION,HIGH,23.31
2026-06-07 10:30:00,WAREHOUSE,HIGH,22.86
2026-06-07 10:30:00,OFFICE_A,HIGH,23.73
2026-06-07 10:30:00,CONTROL_ROOM,HIGH,23.15
2026-06-07 10:30:00,UTILITY,HIGH,23.14
2026-06-07 10:30:00,BATTERY_FLEX,HIGH,22.68
2026-06-07 10:45:00,PRODUCTION,HIGH,23.19
2026-06-07 10:45:00,WAREHOUSE,HIGH,23.55
2026-06-07 10:45:00,OFFICE_A,HIGH,24.03
2026-06-07 10:45:00,CONTROL_ROOM,HIGH,22.43
2026-06-07 10:45:00,UTILITY,HIGH,23.94
2026-06-07 10:45:00,BATTERY_FLEX,HIGH,22.5
2026-06-07 11:00:00,PRODUCTION,HIGH,24.26
2026-06-07 11:00:00,WAREHOUSE,HIGH,24.0
2026-06-07 11:00:00,OFFICE_A,HIGH,22.99
2026-06-07 11:00:00,CONTROL_ROOM,HIGH,22.24
2026-06-07 11:00:00,UTILITY,HIGH,23.83
2026-06-07 11:00:00,BATTERY_FLEX,HIGH,22.47
2026-06-07 11:15:00,PRODUCTION,HIGH,24.02
2026-06-07 11:15:00,WAREHOUSE,HIGH,23.33
2026-06-07 11:15:00,OFFICE_A,HIGH,23.95
2026-06-07 11:15:00,CONTROL_ROOM,HIGH,22.68
2026-06-07 11:15:00,UTILITY,HIGH,23.98
2026-06-07 11:15:00,BATTERY_FLEX,HIGH,22.91
2026-06-07 11:30:00,PRODUCTION,HIGH,23.88
2026-06-07 11:30:00,WAREHOUSE,HIGH,24.11
2026-06-07 11:30:00,OFFICE_A,HIGH,24.22
2026-06-07 11:30:00,CONTROL_ROOM,HIGH,22.87
2026-06-07 11:30:00,UTILITY,HIGH,23.95
2026-06-07 11:30:00,BATTERY_FLEX,HIGH,22.72
2026-06-07 11:45:00,PRODUCTION,HIGH,24.18
2026-06-07 11:45:00,WAREHOUSE,HIGH,23.5
2026-06-07 11:45:00,OFFICE_A,HIGH,24.02
2026-06-07 11:45:00,CONTROL_ROOM,HIGH,22.22
2026-06-07 11:45:00,UTILITY,HIGH,23.42
2026-06-07 11:45:00,BATTERY_FLEX,HIGH,23.49
2026-06-07 12:00:00,PRODUCTION,HIGH,23.96
2026-06-07 12:00:00,WAREHOUSE,HIGH,23.27
2026-06-07 12:00:00,OFFICE_A,HIGH,23.75
2026-06-07 12:00:00,CONTROL_ROOM,HIGH,23.78
2026-06-07 12:00:00,UTILITY,HIGH,23.85
2026-06-07 12:00:00,BATTERY_FLEX,HIGH,23.09
2026-06-07 12:15:00,PRODUCTION,HIGH,24.27
2026-06-07 12:15:00,WAREHOUSE,HIGH,21.07
2026-06-07 12:15:00,OFFICE_A,HIGH,23.9
2026-06-07 12:15:00,CONTROL_ROOM,HIGH,23.52
2026-06-07 12:15:00,UTILITY,HIGH,22.77
2026-06-07 12:15:00,BATTERY_FLEX,HIGH,23.53
2026-06-07 12:30:00,PRODUCTION,HIGH,22.84
2026-06-07 12:30:00,WAREHOUSE,HIGH,23.48
2026-06-07 12:30:00,OFFICE_A,HIGH,24.1
2026-06-07 12:30:00,CONTROL_ROOM,HIGH,22.7
2026-06-07 12:30:00,UTILITY,HIGH,24.05
2026-06-07 12:30:00,BATTERY_FLEX,HIGH,22.55
2026-06-07 12:45:00,PRODUCTION,HIGH,24.65
2026-06-07 12:45:00,WAREHOUSE,HIGH,22.28
2026-06-07 12:45:00,OFFICE_A,HIGH,22.83
2026-06-07 12:45:00,CONTROL_ROOM,HIGH,22.16
2026-06-07 12:45:00,UTILITY,HIGH,22.97
2026-06-07 12:45:00,BATTERY_FLEX,HIGH,22.79
2026-06-07 13:00:00,PRODUCTION,HIGH,24.35
2026-06-07 13:00:00,WAREHOUSE,HIGH,22.99
2026-06-07 13:00:00,OFFICE_A,HIGH,23.46
2026-06-07 13:00:00,CONTROL_ROOM,HIGH,21.57
2026-06-07 13:00:00,UTILITY,HIGH,23.6
2026-06-07 13:00:00,BATTERY_FLEX,HIGH,22.77
2026-06-07 13:15:00,PRODUCTION,HIGH,23.9
2026-06-07 13:15:00,WAREHOUSE,HIGH,23.4
2026-06-07 13:15:00,OFFICE_A,HIGH,24.03
2026-06-07 13:15:00,CONTROL_ROOM,HIGH,22.48
2026-06-07 13:15:00,UTILITY,HIGH,23.92
2026-06-07 13:15:00,BATTERY_FLEX,HIGH,22.66
2026-06-07 13:30:00,PRODUCTION,HIGH,24.19
2026-06-07 13:30:00,WAREHOUSE,HIGH,23.26
2026-06-07 13:30:00,OFFICE_A,HIGH,23.35
2026-06-07 13:30:00,CONTROL_ROOM,HIGH,22.34
2026-06-07 13:30:00,UTILITY,HIGH,23.5
2026-06-07 13:30:00,BATTERY_FLEX,HIGH,21.93
2026-06-07 13:45:00,PRODUCTION,HIGH,23.78
2026-06-07 13:45:00,WAREHOUSE,HIGH,24.21
2026-06-07 13:45:00,OFFICE_A,HIGH,23.36
2026-06-07 13:45:00,CONTROL_ROOM,HIGH,22.11
2026-06-07 13:45:00,UTILITY,HIGH,23.27
2026-06-07 13:45:00,BATTERY_FLEX,HIGH,21.9
2026-06-07 14:00:00,PRODUCTION,HIGH,23.65
2026-06-07 14:00:00,WAREHOUSE,HIGH,24.18
2026-06-07 14:00:00,OFFICE_A,HIGH,23.43
2026-06-07 14:00:00,CONTROL_ROOM,HIGH,22.47
2026-06-07 14:00:00,UTILITY,HIGH,24.49
2026-06-07 14:00:00,BATTERY_FLEX,HIGH,23.1
2026-06-07 14:15:00,PRODUCTION,HIGH,23.77
2026-06-07 14:15:00,WAREHOUSE,HIGH,22.34
2026-06-07 14:15:00,OFFICE_A,HIGH,23.43
2026-06-07 14:15:00,CONTROL_ROOM,HIGH,23.15
2026-06-07 14:15:00,UTILITY,HIGH,24.07
2026-06-07 14:15:00,BATTERY_FLEX,HIGH,22.78
2026-06-07 14:30:00,PRODUCTION,HIGH,24.35
2026-06-07 14:30:00,WAREHOUSE,HIGH,23.37
2026-06-07 14:30:00,OFFICE_A,HIGH,23.23
2026-06-07 14:30:00,CONTROL_ROOM,HIGH,23.07
2026-06-07 14:30:00,UTILITY,HIGH,22.22
2026-06-07 14:30:00,BATTERY_FLEX,HIGH,22.97
2026-06-07 14:45:00,PRODUCTION,HIGH,24.09
2026-06-07 14:45:00,WAREHOUSE,HIGH,23.04
2026-06-07 14:45:00,OFFICE_A,HIGH,24.11
2026-06-07 14:45:00,CONTROL_ROOM,HIGH,22.83
2026-06-07 14:45:00,UTILITY,HIGH,23.85
2026-06-07 14:45:00,BATTERY_FLEX,HIGH,23.17
2026-06-07 15:00:00,PRODUCTION,HIGH,24.22
2026-06-07 15:00:00,WAREHOUSE,HIGH,22.42
2026-06-07 15:00:00,OFFICE_A,HIGH,23.35
2026-06-07 15:00:00,CONTROL_ROOM,HIGH,23.19
2026-06-07 15:00:00,UTILITY,HIGH,23.11
2026-06-07 15:00:00,BATTERY_FLEX,HIGH,21.7
2026-06-07 15:15:00,PRODUCTION,HIGH,23.95
2026-06-07 15:15:00,WAREHOUSE,HIGH,22.35
2026-06-07 15:15:00,OFFICE_A,HIGH,23.85
2026-06-07 15:15:00,CONTROL_ROOM,HIGH,22.95
2026-06-07 15:15:00,UTILITY,HIGH,22.89
2026-06-07 15:15:00,BATTERY_FLEX,HIGH,23.35
2026-06-07 15:30:00,PRODUCTION,HIGH,24.48
2026-06-07 15:30:00,WAREHOUSE,HIGH,23.55
2026-06-07 15:30:00,OFFICE_A,HIGH,24.08
2026-06-07 15:30:00,CONTROL_ROOM,HIGH,21.74
2026-06-07 15:30:00,UTILITY,HIGH,23.04
2026-06-07 15:30:00,BATTERY_FLEX,HIGH,22.42
2026-06-07 15:45:00,PRODUCTION,HIGH,24.71
2026-06-07 15:45:00,WAREHOUSE,HIGH,23.86
2026-06-07 15:45:00,OFFICE_A,HIGH,23.21
2026-06-07 15:45:00,CONTROL_ROOM,HIGH,22.77
2026-06-07 15:45:00,UTILITY,HIGH,23.36
2026-06-07 15:45:00,BATTERY_FLEX,HIGH,22.69
2026-06-07 16:00:00,PRODUCTION,HIGH,24.48
2026-06-07 16:00:00,WAREHOUSE,HIGH,23.0
2026-06-07 16:00:00,OFFICE_A,HIGH,24.66
2026-06-07 16:00:00,CONTROL_ROOM,HIGH,22.53
2026-06-07 16:00:00,UTILITY,HIGH,23.87
2026-06-07 16:00:00,BATTERY_FLEX,HIGH,22.56
2026-06-07 16:15:00,PRODUCTION,HIGH,24.76
2026-06-07 16:15:00,WAREHOUSE,HIGH,23.58
2026-06-07 16:15:00,OFFICE_A,HIGH,23.63
2026-06-07 16:15:00,CONTROL_ROOM,HIGH,23.21
2026-06-07 16:15:00,UTILITY,HIGH,25.06
2026-06-07 16:15:00,BATTERY_FLEX,HIGH,22.95
2026-06-07 16:30:00,PRODUCTION,HIGH,23.9
2026-06-07 16:30:00,WAREHOUSE,HIGH,23.16
2026-06-07 16:30:00,OFFICE_A,HIGH,22.93
2026-06-07 16:30:00,CONTROL_ROOM,HIGH,22.11
2026-06-07 16:30:00,UTILITY,HIGH,23.54
2026-06-07 16:30:00,BATTERY_FLEX,HIGH,22.77
2026-06-07 16:45:00,PRODUCTION,HIGH,23.77
2026-06-07 16:45:00,WAREHOUSE,HIGH,23.97
2026-06-07 16:45:00,OFFICE_A,HIGH,24.2
2026-06-07 16:45:00,CONTROL_ROOM,HIGH,22.65
2026-06-07 16:45:00,UTILITY,HIGH,23.56
2026-06-07 16:45:00,BATTERY_FLEX,HIGH,23.35
2026-06-07 17:00:00,PRODUCTION,HIGH,24.3
2026-06-07 17:00:00,WAREHOUSE,HIGH,22.91
2026-06-07 17:00:00,OFFICE_A,HIGH,23.91
2026-06-07 17:00:00,CONTROL_ROOM,HIGH,22.46
2026-06-07 17:00:00,UTILITY,HIGH,23.1
2026-06-07 17:00:00,BATTERY_FLEX,HIGH,23.15
2026-06-07 17:15:00,PRODUCTION,HIGH,23.6
2026-06-07 17:15:00,WAREHOUSE,HIGH,23.2
2026-06-07 17:15:00,OFFICE_A,HIGH,23.3
2026-06-07 17:15:00,CONTROL_ROOM,HIGH,22.08
2026-06-07 17:15:00,UTILITY,HIGH,24.72
2026-06-07 17:15:00,BATTERY_FLEX,HIGH,23.0
2026-06-07 17:30:00,PRODUCTION,HIGH,23.88
2026-06-07 17:30:00,WAREHOUSE,HIGH,23.41
2026-06-07 17:30:00,OFFICE_A,HIGH,23.45
2026-06-07 17:30:00,CONTROL_ROOM,HIGH,22.8
2026-06-07 17:30:00,UTILITY,HIGH,23.94
2026-06-07 17:30:00,BATTERY_FLEX,HIGH,22.58
2026-06-07 17:45:00,PRODUCTION,HIGH,23.06
2026-06-07 17:45:00,WAREHOUSE,HIGH,23.51
2026-06-07 17:45:00,OFFICE_A,HIGH,23.99
2026-06-07 17:45:00,CONTROL_ROOM,HIGH,23.77
2026-06-07 17:45:00,UTILITY,HIGH,23.56
2026-06-07 17:45:00,BATTERY_FLEX,HIGH,22.48
2026-06-07 18:00:00,PRODUCTION,HIGH,23.58
2026-06-07 18:00:00,WAREHOUSE,HIGH,23.16
2026-06-07 18:00:00,OFFICE_A,HIGH,22.49
2026-06-07 18:00:00,CONTROL_ROOM,HIGH,22.95
2026-06-07 18:00:00,UTILITY,HIGH,23.36
2026-06-07 18:00:00,BATTERY_FLEX,HIGH,22.73
2026-06-07 18:15:00,PRODUCTION,HIGH,23.92
2026-06-07 18:15:00,WAREHOUSE,HIGH,23.47
2026-06-07 18:15:00,OFFICE_A,HIGH,24.14
2026-06-07 18:15:00,CONTROL_ROOM,HIGH,22.79
2026-06-07 18:15:00,UTILITY,HIGH,24.21
2026-06-07 18:15:00,BATTERY_FLEX,HIGH,23.45
2026-06-07 18:30:00,PRODUCTION,HIGH,24.47
2026-06-07 18:30:00,WAREHOUSE,HIGH,23.56
2026-06-07 18:30:00,OFFICE_A,HIGH,22.7
2026-06-07 18:30:00,CONTROL_ROOM,HIGH,22.01
2026-06-07 18:30:00,UTILITY,HIGH,23.59
2026-06-07 18:30:00,BATTERY_FLEX,HIGH,23.12
2026-06-07 18:45:00,PRODUCTION,HIGH,24.5
2026-06-07 18:45:00,WAREHOUSE,HIGH,23.83
2026-06-07 18:45:00,OFFICE_A,HIGH,22.88
2026-06-07 18:45:00,CONTROL_ROOM,HIGH,22.64
2026-06-07 18:45:00,UTILITY,HIGH,23.42
2026-06-07 18:45:00,BATTERY_FLEX,HIGH,21.9
2026-06-07 19:00:00,PRODUCTION,MEDIUM,24.84
2026-06-07 19:00:00,WAREHOUSE,MEDIUM,23.3
2026-06-07 19:00:00,OFFICE_A,MEDIUM,24.55
2026-06-07 19:00:00,CONTROL_ROOM,MEDIUM,22.42
2026-06-07 19:00:00,UTILITY,MEDIUM,23.72
2026-06-07 19:00:00,BATTERY_FLEX,MEDIUM,22.07
2026-06-07 19:15:00,PRODUCTION,MEDIUM,24.39
2026-06-07 19:15:00,WAREHOUSE,MEDIUM,23.77
2026-06-07 19:15:00,OFFICE_A,MEDIUM,23.81
2026-06-07 19:15:00,CONTROL_ROOM,MEDIUM,22.06
2026-06-07 19:15:00,UTILITY,MEDIUM,23.66
2026-06-07 19:15:00,BATTERY_FLEX,MEDIUM,22.66
2026-06-07 19:30:00,PRODUCTION,MEDIUM,24.73
2026-06-07 19:30:00,WAREHOUSE,MEDIUM,23.63
2026-06-07 19:30:00,OFFICE_A,MEDIUM,23.12
2026-06-07 19:30:00,CONTROL_ROOM,MEDIUM,22.66
2026-06-07 19:30:00,UTILITY,MEDIUM,24.54
2026-06-07 19:30:00,BATTERY_FLEX,MEDIUM,23.68
2026-06-07 19:45:00,PRODUCTION,MEDIUM,23.97
2026-06-07 19:45:00,WAREHOUSE,MEDIUM,24.01
2026-06-07 19:45:00,OFFICE_A,MEDIUM,23.4
2026-06-07 19:45:00,CONTROL_ROOM,MEDIUM,22.41
2026-06-07 19:45:00,UTILITY,MEDIUM,23.7
2026-06-07 19:45:00,BATTERY_FLEX,MEDIUM,22.51
2026-06-07 20:00:00,PRODUCTION,MEDIUM,23.59
2026-06-07 20:00:00,WAREHOUSE,MEDIUM,23.2
2026-06-07 20:00:00,OFFICE_A,MEDIUM,22.77
2026-06-07 20:00:00,CONTROL_ROOM,MEDIUM,22.57
2026-06-07 20:00:00,UTILITY,MEDIUM,24.36
2026-06-07 20:00:00,BATTERY_FLEX,MEDIUM,23.49
2026-06-07 20:15:00,PRODUCTION,MEDIUM,23.86
2026-06-07 20:15:00,WAREHOUSE,MEDIUM,23.31
2026-06-07 20:15:00,OFFICE_A,MEDIUM,23.13
2026-06-07 20:15:00,CONTROL_ROOM,MEDIUM,22.17
2026-06-07 20:15:00,UTILITY,MEDIUM,23.88
2026-06-07 20:15:00,BATTERY_FLEX,MEDIUM,22.5
2026-06-07 20:30:00,PRODUCTION,MEDIUM,23.06
2026-06-07 20:30:00,WAREHOUSE,MEDIUM,22.54
2026-06-07 20:30:00,OFFICE_A,MEDIUM,22.68
2026-06-07 20:30:00,CONTROL_ROOM,MEDIUM,22.11
2026-06-07 20:30:00,UTILITY,MEDIUM,24.11
2026-06-07 20:30:00,BATTERY_FLEX,MEDIUM,22.96
2026-06-07 20:45:00,PRODUCTION,MEDIUM,23.37
2026-06-07 20:45:00,WAREHOUSE,MEDIUM,23.11
2026-06-07 20:45:00,OFFICE_A,MEDIUM,22.2
2026-06-07 20:45:00,CONTROL_ROOM,MEDIUM,21.42
2026-06-07 20:45:00,UTILITY,MEDIUM,23.06
2026-06-07 20:45:00,BATTERY_FLEX,MEDIUM,23.01
2026-06-07 21:00:00,PRODUCTION,LOW,22.43
2026-06-07 21:00:00,WAREHOUSE,LOW,23.38
2026-06-07 21:00:00,OFFICE_A,LOW,21.28
2026-06-07 21:00:00,CONTROL_ROOM,LOW,22.29
2026-06-07 21:00:00,UTILITY,LOW,22.63
2026-06-07 21:00:00,BATTERY_FLEX,LOW,22.97
2026-06-07 21:15:00,PRODUCTION,LOW,22.22
2026-06-07 21:15:00,WAREHOUSE,LOW,23.44
2026-06-07 21:15:00,OFFICE_A,LOW,21.95
2026-06-07 21:15:00,CONTROL_ROOM,LOW,22.07
2026-06-07 21:15:00,UTILITY,LOW,23.49
2026-06-07 21:15:00,BATTERY_FLEX,LOW,22.65
2026-06-07 21:30:00,PRODUCTION,LOW,23.81
2026-06-07 21:30:00,WAREHOUSE,LOW,22.84
2026-06-07 21:30:00,OFFICE_A,LOW,21.99
2026-06-07 21:30:00,CONTROL_ROOM,LOW,22.49
2026-06-07 21:30:00,UTILITY,LOW,23.51
2026-06-07 21:30:00,BATTERY_FLEX,LOW,23.5
2026-06-07 21:45:00,PRODUCTION,LOW,23.3
2026-06-07 21:45:00,WAREHOUSE,LOW,23.82
2026-06-07 21:45:00,OFFICE_A,LOW,22.96
2026-06-07 21:45:00,CONTROL_ROOM,LOW,21.83
2026-06-07 21:45:00,UTILITY,LOW,23.46
2026-06-07 21:45:00,BATTERY_FLEX,LOW,22.53
2026-06-07 22:00:00,PRODUCTION,LOW,22.94
2026-06-07 22:00:00,WAREHOUSE,LOW,22.78
2026-06-07 22:00:00,OFFICE_A,LOW,22.02
2026-06-07 22:00:00,CONTROL_ROOM,LOW,21.35
2026-06-07 22:00:00,UTILITY,LOW,24.31
2026-06-07 22:00:00,BATTERY_FLEX,LOW,22.45
2026-06-07 22:15:00,PRODUCTION,LOW,23.18
2026-06-07 22:15:00,WAREHOUSE,LOW,22.82
2026-06-07 22:15:00,OFFICE_A,LOW,22.85
2026-06-07 22:15:00,CONTROL_ROOM,LOW,21.51
2026-06-07 22:15:00,UTILITY,LOW,22.5
2026-06-07 22:15:00,BATTERY_FLEX,LOW,23.03
2026-06-07 22:30:00,PRODUCTION,LOW,22.47
2026-06-07 22:30:00,WAREHOUSE,LOW,23.16
2026-06-07 22:30:00,OFFICE_A,LOW,23.51
2026-06-07 22:30:00,CONTROL_ROOM,LOW,21.81
2026-06-07 22:30:00,UTILITY,LOW,22.86
2026-06-07 22:30:00,BATTERY_FLEX,LOW,22.66
2026-06-07 22:45:00,PRODUCTION,LOW,21.77
2026-06-07 22:45:00,WAREHOUSE,LOW,23.34
2026-06-07 22:45:00,OFFICE_A,LOW,22.26
2026-06-07 22:45:00,CONTROL_ROOM,LOW,21.05
2026-06-07 22:45:00,UTILITY,LOW,23.47
2026-06-07 22:45:00,BATTERY_FLEX,LOW,22.77
2026-06-07 23:00:00,PRODUCTION,LOW,23.29
2026-06-07 23:00:00,WAREHOUSE,LOW,22.63
2026-06-07 23:00:00,OFFICE_A,LOW,22.28
2026-06-07 23:00:00,CONTROL_ROOM,LOW,22.28
2026-06-07 23:00:00,UTILITY,LOW,22.81
2026-06-07 23:00:00,BATTERY_FLEX,LOW,23.1
2026-06-07 23:15:00,PRODUCTION,LOW,23.11
2026-06-07 23:15:00,WAREHOUSE,LOW,23.35
2026-06-07 23:15:00,OFFICE_A,LOW,22.01
2026-06-07 23:15:00,CONTROL_ROOM,LOW,21.93
2026-06-07 23:15:00,UTILITY,LOW,23.59
2026-06-07 23:15:00,BATTERY_FLEX,LOW,22.22
2026-06-07 23:30:00,PRODUCTION,LOW,24.06
2026-06-07 23:30:00,WAREHOUSE,LOW,23.78
2026-06-07 23:30:00,OFFICE_A,LOW,22.95
2026-06-07 23:30:00,CONTROL_ROOM,LOW,21.6
2026-06-07 23:30:00,UTILITY,LOW,23.25
2026-06-07 23:30:00,BATTERY_FLEX,LOW,22.41
2026-06-07 23:45:00,PRODUCTION,LOW,24.33
2026-06-07 23:45:00,WAREHOUSE,LOW,23.04
2026-06-07 23:45:00,OFFICE_A,LOW,22.1
2026-06-07 23:45:00,CONTROL_ROOM,LOW,21.09
2026-06-07 23:45:00,UTILITY,LOW,23.96
2026-06-07 23:45:00,BATTERY_FLEX,LOW,22.54
2026-06-08 00:00:00,PRODUCTION,LOW,23.13
2026-06-08 00:00:00,WAREHOUSE,LOW,22.69
2026-06-08 00:00:00,OFFICE_A,LOW,22.51
2026-06-08 00:00:00,CONTROL_ROOM,LOW,21.11
2026-06-08 00:00:00,UTILITY,LOW,24.55
2026-06-08 00:00:00,BATTERY_FLEX,LOW,22.5
2026-06-08 00:15:00,PRODUCTION,LOW,23.03
2026-06-08 00:15:00,WAREHOUSE,LOW,23.59
2026-06-08 00:15:00,OFFICE_A,LOW,22.38
2026-06-08 00:15:00,CONTROL_ROOM,LOW,21.21
2026-06-08 00:15:00,UTILITY,LOW,23.61
2026-06-08 00:15:00,BATTERY_FLEX,LOW,22.79
2026-06-08 00:30:00,PRODUCTION,LOW,23.56
2026-06-08 00:30:00,WAREHOUSE,LOW,22.47
2026-06-08 00:30:00,OFFICE_A,LOW,22.22
2026-06-08 00:30:00,CONTROL_ROOM,LOW,21.16
2026-06-08 00:30:00,UTILITY,LOW,22.88
2026-06-08 00:30:00,BATTERY_FLEX,LOW,22.95
2026-06-08 00:45:00,PRODUCTION,LOW,24.11
2026-06-08 00:45:00,WAREHOUSE,LOW,22.57
2026-06-08 00:45:00,OFFICE_A,LOW,23.61
2026-06-08 00:45:00,CONTROL_ROOM,LOW,20.86
2026-06-08 00:45:00,UTILITY,LOW,23.12
2026-06-08 00:45:00,BATTERY_FLEX,LOW,21.42
2026-06-08 01:00:00,PRODUCTION,LOW,22.46
2026-06-08 01:00:00,WAREHOUSE,LOW,23.42
2026-06-08 01:00:00,OFFICE_A,LOW,23.0
2026-06-08 01:00:00,CONTROL_ROOM,LOW,22.55
2026-06-08 01:00:00,UTILITY,LOW,23.19
2026-06-08 01:00:00,BATTERY_FLEX,LOW,22.64
2026-06-08 01:15:00,PRODUCTION,LOW,23.39
2026-06-08 01:15:00,WAREHOUSE,LOW,23.55
2026-06-08 01:15:00,OFFICE_A,LOW,23.16
2026-06-08 01:15:00,CONTROL_ROOM,LOW,21.24
2026-06-08 01:15:00,UTILITY,LOW,24.04
2026-06-08 01:15:00,BATTERY_FLEX,LOW,22.52
2026-06-08 01:30:00,PRODUCTION,LOW,24.03
2026-06-08 01:30:00,WAREHOUSE,LOW,23.19
2026-06-08 01:30:00,OFFICE_A,LOW,22.75
2026-06-08 01:30:00,CONTROL_ROOM,LOW,21.53
2026-06-08 01:30:00,UTILITY,LOW,24.76
2026-06-08 01:30:00,BATTERY_FLEX,LOW,23.19
2026-06-08 01:45:00,PRODUCTION,LOW,23.25
2026-06-08 01:45:00,WAREHOUSE,LOW,22.69
2026-06-08 01:45:00,OFFICE_A,LOW,22.89
2026-06-08 01:45:00,CONTROL_ROOM,LOW,22.4
2026-06-08 01:45:00,UTILITY,LOW,22.89
2026-06-08 01:45:00,BATTERY_FLEX,LOW,21.98
2026-06-08 02:00:00,PRODUCTION,LOW,23.75
2026-06-08 02:00:00,WAREHOUSE,LOW,23.54
2026-06-08 02:00:00,OFFICE_A,LOW,22.62
2026-06-08 02:00:00,CONTROL_ROOM,LOW,21.61
2026-06-08 02:00:00,UTILITY,LOW,22.84
2026-06-08 02:00:00,BATTERY_FLEX,LOW,22.95
2026-06-08 02:15:00,PRODUCTION,LOW,23.1
2026-06-08 02:15:00,WAREHOUSE,LOW,23.13
2026-06-08 02:15:00,OFFICE_A,LOW,23.12
2026-06-08 02:15:00,CONTROL_ROOM,LOW,20.94
2026-06-08 02:15:00,UTILITY,LOW,23.91
2026-06-08 02:15:00,BATTERY_FLEX,LOW,22.53
2026-06-08 02:30:00,PRODUCTION,LOW,23.9
2026-06-08 02:30:00,WAREHOUSE,LOW,23.88
2026-06-08 02:30:00,OFFICE_A,LOW,22.85
2026-06-08 02:30:00,CONTROL_ROOM,LOW,22.66
2026-06-08 02:30:00,UTILITY,LOW,23.52
2026-06-08 02:30:00,BATTERY_FLEX,LOW,23.02
2026-06-08 02:45:00,PRODUCTION,LOW,22.13
2026-06-08 02:45:00,WAREHOUSE,LOW,23.68
2026-06-08 02:45:00,OFFICE_A,LOW,22.33
2026-06-08 02:45:00,CONTROL_ROOM,LOW,21.25
2026-06-08 02:45:00,UTILITY,LOW,22.95
2026-06-08 02:45:00,BATTERY_FLEX,LOW,22.44
2026-06-08 03:00:00,PRODUCTION,LOW,22.94
2026-06-08 03:00:00,WAREHOUSE,LOW,22.51
2026-06-08 03:00:00,OFFICE_A,LOW,23.11
2026-06-08 03:00:00,CONTROL_ROOM,LOW,21.76
2026-06-08 03:00:00,UTILITY,LOW,23.21
2026-06-08 03:00:00,BATTERY_FLEX,LOW,22.57
2026-06-08 03:15:00,PRODUCTION,LOW,23.53
2026-06-08 03:15:00,WAREHOUSE,LOW,21.72
2026-06-08 03:15:00,OFFICE_A,LOW,22.67
2026-06-08 03:15:00,CONTROL_ROOM,LOW,22.74
2026-06-08 03:15:00,UTILITY,LOW,24.21
2026-06-08 03:15:00,BATTERY_FLEX,LOW,21.63
2026-06-08 03:30:00,PRODUCTION,LOW,23.36
2026-06-08 03:30:00,WAREHOUSE,LOW,22.68
2026-06-08 03:30:00,OFFICE_A,LOW,22.76
2026-06-08 03:30:00,CONTROL_ROOM,LOW,20.44
2026-06-08 03:30:00,UTILITY,LOW,23.02
2026-06-08 03:30:00,BATTERY_FLEX,LOW,22.58
2026-06-08 03:45:00,PRODUCTION,LOW,23.67
2026-06-08 03:45:00,WAREHOUSE,LOW,22.32
2026-06-08 03:45:00,OFFICE_A,LOW,22.78
2026-06-08 03:45:00,CONTROL_ROOM,LOW,21.7
2026-06-08 03:45:00,UTILITY,LOW,24.4
2026-06-08 03:45:00,BATTERY_FLEX,LOW,22.43
2026-06-08 04:00:00,PRODUCTION,LOW,23.02
2026-06-08 04:00:00,WAREHOUSE,LOW,22.81
2026-06-08 04:00:00,OFFICE_A,LOW,22.56
2026-06-08 04:00:00,CONTROL_ROOM,LOW,22.06
2026-06-08 04:00:00,UTILITY,LOW,23.81
2026-06-08 04:00:00,BATTERY_FLEX,LOW,22.16
2026-06-08 04:15:00,PRODUCTION,LOW,23.22
2026-06-08 04:15:00,WAREHOUSE,LOW,22.94
2026-06-08 04:15:00,OFFICE_A,LOW,22.62
2026-06-08 04:15:00,CONTROL_ROOM,LOW,20.83
2026-06-08 04:15:00,UTILITY,LOW,24.24
2026-06-08 04:15:00,BATTERY_FLEX,LOW,22.15
2026-06-08 04:30:00,PRODUCTION,LOW,23.76
2026-06-08 04:30:00,WAREHOUSE,LOW,23.54
2026-06-08 04:30:00,OFFICE_A,LOW,22.76
2026-06-08 04:30:00,CONTROL_ROOM,LOW,22.04
2026-06-08 04:30:00,UTILITY,LOW,23.4
2026-06-08 04:30:00,BATTERY_FLEX,LOW,22.54
2026-06-08 04:45:00,PRODUCTION,LOW,23.9
2026-06-08 04:45:00,WAREHOUSE,LOW,22.88
2026-06-08 04:45:00,OFFICE_A,LOW,22.67
2026-06-08 04:45:00,CONTROL_ROOM,LOW,22.03
2026-06-08 04:45:00,UTILITY,LOW,23.55
2026-06-08 04:45:00,BATTERY_FLEX,LOW,22.39
2026-06-08 05:00:00,PRODUCTION,LOW,23.09
2026-06-08 05:00:00,WAREHOUSE,LOW,23.04
2026-06-08 05:00:00,OFFICE_A,LOW,23.09
2026-06-08 05:00:00,CONTROL_ROOM,LOW,21.61
2026-06-08 05:00:00,UTILITY,LOW,24.44
2026-06-08 05:00:00,BATTERY_FLEX,LOW,22.46
2026-06-08 05:15:00,PRODUCTION,LOW,22.61
2026-06-08 05:15:00,WAREHOUSE,LOW,22.77
2026-06-08 05:15:00,OFFICE_A,LOW,23.2
2026-06-08 05:15:00,CONTROL_ROOM,LOW,21.62
2026-06-08 05:15:00,UTILITY,LOW,23.29
2026-06-08 05:15:00,BATTERY_FLEX,LOW,23.15
2026-06-08 05:30:00,PRODUCTION,LOW,22.9
2026-06-08 05:30:00,WAREHOUSE,LOW,23.94
2026-06-08 05:30:00,OFFICE_A,LOW,22.77
2026-06-08 05:30:00,CONTROL_ROOM,LOW,21.52
2026-06-08 05:30:00,UTILITY,LOW,23.9
2026-06-08 05:30:00,BATTERY_FLEX,LOW,23.04
2026-06-08 05:45:00,PRODUCTION,LOW,22.63
2026-06-08 05:45:00,WAREHOUSE,LOW,23.06
2026-06-08 05:45:00,OFFICE_A,LOW,22.16
2026-06-08 05:45:00,CONTROL_ROOM,LOW,21.22
2026-06-08 05:45:00,UTILITY,LOW,23.27
2026-06-08 05:45:00,BATTERY_FLEX,LOW,22.79
2026-06-08 06:00:00,PRODUCTION,LOW,22.61
2026-06-08 06:00:00,WAREHOUSE,LOW,23.26
2026-06-08 06:00:00,OFFICE_A,LOW,23.25
2026-06-08 06:00:00,CONTROL_ROOM,LOW,21.64
2026-06-08 06:00:00,UTILITY,LOW,23.44
2026-06-08 06:00:00,BATTERY_FLEX,LOW,22.73
2026-06-08 06:15:00,PRODUCTION,LOW,23.29
2026-06-08 06:15:00,WAREHOUSE,LOW,23.03
2026-06-08 06:15:00,OFFICE_A,LOW,23.22
2026-06-08 06:15:00,CONTROL_ROOM,LOW,22.67
2026-06-08 06:15:00,UTILITY,LOW,24.07
2026-06-08 06:15:00,BATTERY_FLEX,LOW,21.51
2026-06-08 06:30:00,PRODUCTION,LOW,22.74
2026-06-08 06:30:00,WAREHOUSE,LOW,23.22
2026-06-08 06:30:00,OFFICE_A,LOW,22.17
2026-06-08 06:30:00,CONTROL_ROOM,LOW,22.43
2026-06-08 06:30:00,UTILITY,LOW,23.1
2026-06-08 06:30:00,BATTERY_FLEX,LOW,22.62
2026-06-08 06:45:00,PRODUCTION,LOW,23.45
2026-06-08 06:45:00,WAREHOUSE,LOW,22.82
2026-06-08 06:45:00,OFFICE_A,LOW,22.33
2026-06-08 06:45:00,CONTROL_ROOM,LOW,20.96
2026-06-08 06:45:00,UTILITY,LOW,22.97
2026-06-08 06:45:00,BATTERY_FLEX,LOW,22.66
2026-06-08 07:00:00,PRODUCTION,MEDIUM,23.1
2026-06-08 07:00:00,WAREHOUSE,MEDIUM,23.0
2026-06-08 07:00:00,OFFICE_A,MEDIUM,22.42
2026-06-08 07:00:00,CONTROL_ROOM,MEDIUM,22.45
2026-06-08 07:00:00,UTILITY,MEDIUM,24.66
2026-06-08 07:00:00,BATTERY_FLEX,MEDIUM,21.73
2026-06-08 07:15:00,PRODUCTION,LOW,23.69
2026-06-08 07:15:00,WAREHOUSE,LOW,23.71
2026-06-08 07:15:00,OFFICE_A,LOW,22.94
2026-06-08 07:15:00,CONTROL_ROOM,LOW,22.18
2026-06-08 07:15:00,UTILITY,LOW,24.48
2026-06-08 07:15:00,BATTERY_FLEX,LOW,23.57
2026-06-08 07:30:00,PRODUCTION,MEDIUM,23.97
2026-06-08 07:30:00,WAREHOUSE,MEDIUM,22.43
2026-06-08 07:30:00,OFFICE_A,MEDIUM,22.85
2026-06-08 07:30:00,CONTROL_ROOM,MEDIUM,22.03
2026-06-08 07:30:00,UTILITY,MEDIUM,23.37
2026-06-08 07:30:00,BATTERY_FLEX,MEDIUM,22.76
2026-06-08 07:45:00,PRODUCTION,MEDIUM,24.06
2026-06-08 07:45:00,WAREHOUSE,MEDIUM,23.26
2026-06-08 07:45:00,OFFICE_A,MEDIUM,23.77
2026-06-08 07:45:00,CONTROL_ROOM,MEDIUM,22.13
2026-06-08 07:45:00,UTILITY,MEDIUM,23.51
2026-06-08 07:45:00,BATTERY_FLEX,MEDIUM,21.75
2026-06-08 08:00:00,PRODUCTION,MEDIUM,22.95
2026-06-08 08:00:00,WAREHOUSE,MEDIUM,23.79
2026-06-08 08:00:00,OFFICE_A,MEDIUM,23.15
2026-06-08 08:00:00,CONTROL_ROOM,MEDIUM,22.01
2026-06-08 08:00:00,UTILITY,MEDIUM,23.24
2026-06-08 08:00:00,BATTERY_FLEX,MEDIUM,22.97
2026-06-08 08:15:00,PRODUCTION,MEDIUM,23.9
2026-06-08 08:15:00,WAREHOUSE,MEDIUM,23.06
2026-06-08 08:15:00,OFFICE_A,MEDIUM,23.54
2026-06-08 08:15:00,CONTROL_ROOM,MEDIUM,22.22
2026-06-08 08:15:00,UTILITY,MEDIUM,23.87
2026-06-08 08:15:00,BATTERY_FLEX,MEDIUM,22.27
2026-06-08 08:30:00,PRODUCTION,MEDIUM,23.69
2026-06-08 08:30:00,WAREHOUSE,MEDIUM,23.6
2026-06-08 08:30:00,OFFICE_A,MEDIUM,23.65
2026-06-08 08:30:00,CONTROL_ROOM,MEDIUM,22.86
2026-06-08 08:30:00,UTILITY,MEDIUM,23.28
2026-06-08 08:30:00,BATTERY_FLEX,MEDIUM,23.23
2026-06-08 08:45:00,PRODUCTION,MEDIUM,23.52
2026-06-08 08:45:00,WAREHOUSE,MEDIUM,23.02
2026-06-08 08:45:00,OFFICE_A,MEDIUM,24.14
2026-06-08 08:45:00,CONTROL_ROOM,MEDIUM,21.78
2026-06-08 08:45:00,UTILITY,MEDIUM,23.23
2026-06-08 08:45:00,BATTERY_FLEX,MEDIUM,23.5
2026-06-08 09:00:00,PRODUCTION,MEDIUM,23.89
2026-06-08 09:00:00,WAREHOUSE,MEDIUM,22.88
2026-06-08 09:00:00,OFFICE_A,MEDIUM,23.4
2026-06-08 09:00:00,CONTROL_ROOM,MEDIUM,21.44
2026-06-08 09:00:00,UTILITY,MEDIUM,24.05
2026-06-08 09:00:00,BATTERY_FLEX,MEDIUM,22.87
2026-06-08 09:15:00,PRODUCTION,MEDIUM,24.19
2026-06-08 09:15:00,WAREHOUSE,MEDIUM,22.62
2026-06-08 09:15:00,OFFICE_A,MEDIUM,23.58
2026-06-08 09:15:00,CONTROL_ROOM,MEDIUM,23.37
2026-06-08 09:15:00,UTILITY,MEDIUM,24.45
2026-06-08 09:15:00,BATTERY_FLEX,MEDIUM,21.95
2026-06-08 09:30:00,PRODUCTION,HIGH,23.18
2026-06-08 09:30:00,WAREHOUSE,HIGH,23.41
2026-06-08 09:30:00,OFFICE_A,HIGH,23.37
2026-06-08 09:30:00,CONTROL_ROOM,HIGH,23.33
2026-06-08 09:30:00,UTILITY,HIGH,23.59
2026-06-08 09:30:00,BATTERY_FLEX,HIGH,23.3
2026-06-08 09:45:00,PRODUCTION,HIGH,24.47
2026-06-08 09:45:00,WAREHOUSE,HIGH,22.75
2026-06-08 09:45:00,OFFICE_A,HIGH,23.44
2026-06-08 09:45:00,CONTROL_ROOM,HIGH,21.74
2026-06-08 09:45:00,UTILITY,HIGH,23.64
2026-06-08 09:45:00,BATTERY_FLEX,HIGH,23.15
2026-06-08 10:00:00,PRODUCTION,HIGH,23.56
2026-06-08 10:00:00,WAREHOUSE,HIGH,24.1
2026-06-08 10:00:00,OFFICE_A,HIGH,23.42
2026-06-08 10:00:00,CONTROL_ROOM,HIGH,21.88
2026-06-08 10:00:00,UTILITY,HIGH,23.56
2026-06-08 10:00:00,BATTERY_FLEX,HIGH,21.92
2026-06-08 10:15:00,PRODUCTION,HIGH,24.88
2026-06-08 10:15:00,WAREHOUSE,HIGH,23.19
2026-06-08 10:15:00,OFFICE_A,HIGH,23.42
2026-06-08 10:15:00,CONTROL_ROOM,HIGH,22.76
2026-06-08 10:15:00,UTILITY,HIGH,22.4
2026-06-08 10:15:00,BATTERY_FLEX,HIGH,22.84
2026-06-08 10:30:00,PRODUCTION,HIGH,23.43
2026-06-08 10:30:00,WAREHOUSE,HIGH,23.87
2026-06-08 10:30:00,OFFICE_A,HIGH,23.36
2026-06-08 10:30:00,CONTROL_ROOM,HIGH,22.04
2026-06-08 10:30:00,UTILITY,HIGH,23.85
2026-06-08 10:30:00,BATTERY_FLEX,HIGH,22.65
2026-06-08 10:45:00,PRODUCTION,HIGH,24.44
2026-06-08 10:45:00,WAREHOUSE,HIGH,23.79
2026-06-08 10:45:00,OFFICE_A,HIGH,23.88
2026-06-08 10:45:00,CONTROL_ROOM,HIGH,23.2
2026-06-08 10:45:00,UTILITY,HIGH,24.05
2026-06-08 10:45:00,BATTERY_FLEX,HIGH,22.83
2026-06-08 11:00:00,PRODUCTION,HIGH,24.86
2026-06-08 11:00:00,WAREHOUSE,HIGH,24.06
2026-06-08 11:00:00,OFFICE_A,HIGH,23.5
2026-06-08 11:00:00,CONTROL_ROOM,HIGH,22.27
2026-06-08 11:00:00,UTILITY,HIGH,24.48
2026-06-08 11:00:00,BATTERY_FLEX,HIGH,23.15
2026-06-08 11:15:00,PRODUCTION,HIGH,24.02
2026-06-08 11:15:00,WAREHOUSE,HIGH,22.93
2026-06-08 11:15:00,OFFICE_A,HIGH,23.6
2026-06-08 11:15:00,CONTROL_ROOM,HIGH,22.66
2026-06-08 11:15:00,UTILITY,HIGH,23.57
2026-06-08 11:15:00,BATTERY_FLEX,HIGH,23.21
2026-06-08 11:30:00,PRODUCTION,HIGH,24.41
2026-06-08 11:30:00,WAREHOUSE,HIGH,23.3
2026-06-08 11:30:00,OFFICE_A,HIGH,22.91
2026-06-08 11:30:00,CONTROL_ROOM,HIGH,22.87
2026-06-08 11:30:00,UTILITY,HIGH,23.83
2026-06-08 11:30:00,BATTERY_FLEX,HIGH,24.05
2026-06-08 11:45:00,PRODUCTION,HIGH,24.15
2026-06-08 11:45:00,WAREHOUSE,HIGH,22.77
2026-06-08 11:45:00,OFFICE_A,HIGH,22.7
2026-06-08 11:45:00,CONTROL_ROOM,HIGH,22.13
2026-06-08 11:45:00,UTILITY,HIGH,23.74
2026-06-08 11:45:00,BATTERY_FLEX,HIGH,21.71
2026-06-08 12:00:00,PRODUCTION,HIGH,23.68
2026-06-08 12:00:00,WAREHOUSE,HIGH,23.08
2026-06-08 12:00:00,OFFICE_A,HIGH,24.37
2026-06-08 12:00:00,CONTROL_ROOM,HIGH,22.84
2026-06-08 12:00:00,UTILITY,HIGH,23.47
2026-06-08 12:00:00,BATTERY_FLEX,HIGH,22.72
2026-06-08 12:15:00,PRODUCTION,HIGH,24.5
2026-06-08 12:15:00,WAREHOUSE,HIGH,23.04
2026-06-08 12:15:00,OFFICE_A,HIGH,22.94
2026-06-08 12:15:00,CONTROL_ROOM,HIGH,22.47
2026-06-08 12:15:00,UTILITY,HIGH,23.81
2026-06-08 12:15:00,BATTERY_FLEX,HIGH,21.76
2026-06-08 12:30:00,PRODUCTION,HIGH,25.15
2026-06-08 12:30:00,WAREHOUSE,HIGH,23.88
2026-06-08 12:30:00,OFFICE_A,HIGH,24.26
2026-06-08 12:30:00,CONTROL_ROOM,HIGH,23.94
2026-06-08 12:30:00,UTILITY,HIGH,24.14
2026-06-08 12:30:00,BATTERY_FLEX,HIGH,22.84
2026-06-08 12:45:00,PRODUCTION,HIGH,23.7
2026-06-08 12:45:00,WAREHOUSE,HIGH,23.45
2026-06-08 12:45:00,OFFICE_A,HIGH,23.2
2026-06-08 12:45:00,CONTROL_ROOM,HIGH,22.18
2026-06-08 12:45:00,UTILITY,HIGH,23.96
2026-06-08 12:45:00,BATTERY_FLEX,HIGH,22.69
2026-06-08 13:00:00,PRODUCTION,HIGH,23.54
2026-06-08 13:00:00,WAREHOUSE,HIGH,23.45
2026-06-08 13:00:00,OFFICE_A,HIGH,23.59
2026-06-08 13:00:00,CONTROL_ROOM,HIGH,23.01
2026-06-08 13:00:00,UTILITY,HIGH,24.12
2026-06-08 13:00:00,BATTERY_FLEX,HIGH,23.28
2026-06-08 13:15:00,PRODUCTION,HIGH,24.52
2026-06-08 13:15:00,WAREHOUSE,HIGH,23.45
2026-06-08 13:15:00,OFFICE_A,HIGH,24.2
2026-06-08 13:15:00,CONTROL_ROOM,HIGH,21.39
2026-06-08 13:15:00,UTILITY,HIGH,23.62
2026-06-08 13:15:00,BATTERY_FLEX,HIGH,22.61
2026-06-08 13:30:00,PRODUCTION,HIGH,24.67
2026-06-08 13:30:00,WAREHOUSE,HIGH,22.66
2026-06-08 13:30:00,OFFICE_A,HIGH,22.9
2026-06-08 13:30:00,CONTROL_ROOM,HIGH,22.35
2026-06-08 13:30:00,UTILITY,HIGH,23.58
2026-06-08 13:30:00,BATTERY_FLEX,HIGH,21.96
2026-06-08 13:45:00,PRODUCTION,HIGH,23.84
2026-06-08 13:45:00,WAREHOUSE,HIGH,23.24
2026-06-08 13:45:00,OFFICE_A,HIGH,23.54
2026-06-08 13:45:00,CONTROL_ROOM,HIGH,23.4
2026-06-08 13:45:00,UTILITY,HIGH,22.35
2026-06-08 13:45:00,BATTERY_FLEX,HIGH,22.29
2026-06-08 14:00:00,PRODUCTION,HIGH,24.01
2026-06-08 14:00:00,WAREHOUSE,HIGH,22.94
2026-06-08 14:00:00,OFFICE_A,HIGH,23.6
2026-06-08 14:00:00,CONTROL_ROOM,HIGH,22.88
2026-06-08 14:00:00,UTILITY,HIGH,23.65
2026-06-08 14:00:00,BATTERY_FLEX,HIGH,22.54
2026-06-08 14:15:00,PRODUCTION,HIGH,24.26
2026-06-08 14:15:00,WAREHOUSE,HIGH,23.03
2026-06-08 14:15:00,OFFICE_A,HIGH,24.16
2026-06-08 14:15:00,CONTROL_ROOM,HIGH,22.82
2026-06-08 14:15:00,UTILITY,HIGH,24.34
2026-06-08 14:15:00,BATTERY_FLEX,HIGH,22.25
2026-06-08 14:30:00,PRODUCTION,HIGH,24.7
2026-06-08 14:30:00,WAREHOUSE,HIGH,24.01
2026-06-08 14:30:00,OFFICE_A,HIGH,23.0
2026-06-08 14:30:00,CONTROL_ROOM,HIGH,22.34
2026-06-08 14:30:00,UTILITY,HIGH,23.73
2026-06-08 14:30:00,BATTERY_FLEX,HIGH,23.06
2026-06-08 14:45:00,PRODUCTION,HIGH,23.15
2026-06-08 14:45:00,WAREHOUSE,HIGH,23.06
2026-06-08 14:45:00,OFFICE_A,HIGH,23.7
2026-06-08 14:45:00,CONTROL_ROOM,HIGH,22.83
2026-06-08 14:45:00,UTILITY,HIGH,23.71
2026-06-08 14:45:00,BATTERY_FLEX,HIGH,22.6
2026-06-08 15:00:00,PRODUCTION,HIGH,24.11
2026-06-08 15:00:00,WAREHOUSE,HIGH,23.46
2026-06-08 15:00:00,OFFICE_A,HIGH,24.45
2026-06-08 15:00:00,CONTROL_ROOM,HIGH,22.98
2026-06-08 15:00:00,UTILITY,HIGH,24.38
2026-06-08 15:00:00,BATTERY_FLEX,HIGH,22.47
2026-06-08 15:15:00,PRODUCTION,HIGH,23.61
2026-06-08 15:15:00,WAREHOUSE,HIGH,23.91
2026-06-08 15:15:00,OFFICE_A,HIGH,24.06
2026-06-08 15:15:00,CONTROL_ROOM,HIGH,22.46
2026-06-08 15:15:00,UTILITY,HIGH,24.1
2026-06-08 15:15:00,BATTERY_FLEX,HIGH,22.89
2026-06-08 15:30:00,PRODUCTION,HIGH,24.09
2026-06-08 15:30:00,WAREHOUSE,HIGH,23.59
2026-06-08 15:30:00,OFFICE_A,HIGH,23.31
2026-06-08 15:30:00,CONTROL_ROOM,HIGH,21.37
2026-06-08 15:30:00,UTILITY,HIGH,23.24
2026-06-08 15:30:00,BATTERY_FLEX,HIGH,22.75
2026-06-08 15:45:00,PRODUCTION,HIGH,24.2
2026-06-08 15:45:00,WAREHOUSE,HIGH,23.27
2026-06-08 15:45:00,OFFICE_A,HIGH,24.21
2026-06-08 15:45:00,CONTROL_ROOM,HIGH,22.36
2026-06-08 15:45:00,UTILITY,HIGH,23.72
2026-06-08 15:45:00,BATTERY_FLEX,HIGH,22.24
2026-06-08 16:00:00,PRODUCTION,HIGH,24.06
2026-06-08 16:00:00,WAREHOUSE,HIGH,23.53
2026-06-08 16:00:00,OFFICE_A,HIGH,23.49
2026-06-08 16:00:00,CONTROL_ROOM,HIGH,22.35
2026-06-08 16:00:00,UTILITY,HIGH,23.45
2026-06-08 16:00:00,BATTERY_FLEX,HIGH,22.95
2026-06-08 16:15:00,PRODUCTION,HIGH,24.14
2026-06-08 16:15:00,WAREHOUSE,HIGH,23.19
2026-06-08 16:15:00,OFFICE_A,HIGH,23.44
2026-06-08 16:15:00,CONTROL_ROOM,HIGH,22.7
2026-06-08 16:15:00,UTILITY,HIGH,24.15
2026-06-08 16:15:00,BATTERY_FLEX,HIGH,23.13
2026-06-08 16:30:00,PRODUCTION,HIGH,23.62
2026-06-08 16:30:00,WAREHOUSE,HIGH,22.99
2026-06-08 16:30:00,OFFICE_A,HIGH,23.65
2026-06-08 16:30:00,CONTROL_ROOM,HIGH,22.25
2026-06-08 16:30:00,UTILITY,HIGH,23.83
2026-06-08 16:30:00,BATTERY_FLEX,HIGH,22.3
2026-06-08 16:45:00,PRODUCTION,HIGH,23.73
2026-06-08 16:45:00,WAREHOUSE,HIGH,22.74
2026-06-08 16:45:00,OFFICE_A,HIGH,23.86
2026-06-08 16:45:00,CONTROL_ROOM,HIGH,23.34
2026-06-08 16:45:00,UTILITY,HIGH,23.59
2026-06-08 16:45:00,BATTERY_FLEX,HIGH,22.68
2026-06-08 17:00:00,PRODUCTION,HIGH,25.42
2026-06-08 17:00:00,WAREHOUSE,HIGH,21.95
2026-06-08 17:00:00,OFFICE_A,HIGH,23.65
2026-06-08 17:00:00,CONTROL_ROOM,HIGH,22.34
2026-06-08 17:00:00,UTILITY,HIGH,23.67
2026-06-08 17:00:00,BATTERY_FLEX,HIGH,22.59
2026-06-08 17:15:00,PRODUCTION,HIGH,23.98
2026-06-08 17:15:00,WAREHOUSE,HIGH,23.52
2026-06-08 17:15:00,OFFICE_A,HIGH,22.97
2026-06-08 17:15:00,CONTROL_ROOM,HIGH,21.74
2026-06-08 17:15:00,UTILITY,HIGH,24.76
2026-06-08 17:15:00,BATTERY_FLEX,HIGH,22.45
2026-06-08 17:30:00,PRODUCTION,HIGH,24.96
2026-06-08 17:30:00,WAREHOUSE,HIGH,23.56
2026-06-08 17:30:00,OFFICE_A,HIGH,22.82
2026-06-08 17:30:00,CONTROL_ROOM,HIGH,21.89
2026-06-08 17:30:00,UTILITY,HIGH,23.57
2026-06-08 17:30:00,BATTERY_FLEX,HIGH,22.64
2026-06-08 17:45:00,PRODUCTION,HIGH,24.72
2026-06-08 17:45:00,WAREHOUSE,HIGH,24.15
2026-06-08 17:45:00,OFFICE_A,HIGH,23.35
2026-06-08 17:45:00,CONTROL_ROOM,HIGH,22.7
2026-06-08 17:45:00,UTILITY,HIGH,23.13
2026-06-08 17:45:00,BATTERY_FLEX,HIGH,23.06
2026-06-08 18:00:00,PRODUCTION,HIGH,23.73
2026-06-08 18:00:00,WAREHOUSE,HIGH,23.08
2026-06-08 18:00:00,OFFICE_A,HIGH,23.94
2026-06-08 18:00:00,CONTROL_ROOM,HIGH,22.07
2026-06-08 18:00:00,UTILITY,HIGH,24.61
2026-06-08 18:00:00,BATTERY_FLEX,HIGH,22.08
2026-06-08 18:15:00,PRODUCTION,HIGH,23.69
2026-06-08 18:15:00,WAREHOUSE,HIGH,23.06
2026-06-08 18:15:00,OFFICE_A,HIGH,23.83
2026-06-08 18:15:00,CONTROL_ROOM,HIGH,23.18
2026-06-08 18:15:00,UTILITY,HIGH,24.33
2026-06-08 18:15:00,BATTERY_FLEX,HIGH,22.53
2026-06-08 18:30:00,PRODUCTION,HIGH,23.28
2026-06-08 18:30:00,WAREHOUSE,HIGH,23.0
2026-06-08 18:30:00,OFFICE_A,HIGH,23.48
2026-06-08 18:30:00,CONTROL_ROOM,HIGH,21.4
2026-06-08 18:30:00,UTILITY,HIGH,23.69
2026-06-08 18:30:00,BATTERY_FLEX,HIGH,23.47
2026-06-08 18:45:00,PRODUCTION,MEDIUM,24.03
2026-06-08 18:45:00,WAREHOUSE,MEDIUM,22.04
2026-06-08 18:45:00,OFFICE_A,MEDIUM,23.86
2026-06-08 18:45:00,CONTROL_ROOM,MEDIUM,22.19
2026-06-08 18:45:00,UTILITY,MEDIUM,24.62
2026-06-08 18:45:00,BATTERY_FLEX,MEDIUM,21.84
2026-06-08 19:00:00,PRODUCTION,MEDIUM,23.11
2026-06-08 19:00:00,WAREHOUSE,MEDIUM,23.5
2026-06-08 19:00:00,OFFICE_A,MEDIUM,23.64
2026-06-08 19:00:00,CONTROL_ROOM,MEDIUM,23.19
2026-06-08 19:00:00,UTILITY,MEDIUM,24.2
2026-06-08 19:00:00,BATTERY_FLEX,MEDIUM,22.4
2026-06-08 19:15:00,PRODUCTION,MEDIUM,23.43
2026-06-08 19:15:00,WAREHOUSE,MEDIUM,23.95
2026-06-08 19:15:00,OFFICE_A,MEDIUM,23.58
2026-06-08 19:15:00,CONTROL_ROOM,MEDIUM,22.49
2026-06-08 19:15:00,UTILITY,MEDIUM,23.55
2026-06-08 19:15:00,BATTERY_FLEX,MEDIUM,23.04
2026-06-08 19:30:00,PRODUCTION,MEDIUM,23.68
2026-06-08 19:30:00,WAREHOUSE,MEDIUM,22.79
2026-06-08 19:30:00,OFFICE_A,MEDIUM,23.55
2026-06-08 19:30:00,CONTROL_ROOM,MEDIUM,22.22
2026-06-08 19:30:00,UTILITY,MEDIUM,23.93
2026-06-08 19:30:00,BATTERY_FLEX,MEDIUM,22.46
2026-06-08 19:45:00,PRODUCTION,MEDIUM,24.18
2026-06-08 19:45:00,WAREHOUSE,MEDIUM,22.99
2026-06-08 19:45:00,OFFICE_A,MEDIUM,23.09
2026-06-08 19:45:00,CONTROL_ROOM,MEDIUM,22.93
2026-06-08 19:45:00,UTILITY,MEDIUM,23.51
2026-06-08 19:45:00,BATTERY_FLEX,MEDIUM,22.37
2026-06-08 20:00:00,PRODUCTION,MEDIUM,23.01
2026-06-08 20:00:00,WAREHOUSE,MEDIUM,23.44
2026-06-08 20:00:00,OFFICE_A,MEDIUM,24.24
2026-06-08 20:00:00,CONTROL_ROOM,MEDIUM,22.22
2026-06-08 20:00:00,UTILITY,MEDIUM,23.55
2026-06-08 20:00:00,BATTERY_FLEX,MEDIUM,22.09
2026-06-08 20:15:00,PRODUCTION,MEDIUM,22.98
2026-06-08 20:15:00,WAREHOUSE,MEDIUM,23.93
2026-06-08 20:15:00,OFFICE_A,MEDIUM,23.68
2026-06-08 20:15:00,CONTROL_ROOM,MEDIUM,22.08
2026-06-08 20:15:00,UTILITY,MEDIUM,23.07
2026-06-08 20:15:00,BATTERY_FLEX,MEDIUM,23.42
2026-06-08 20:30:00,PRODUCTION,MEDIUM,23.18
2026-06-08 20:30:00,WAREHOUSE,MEDIUM,22.4
2026-06-08 20:30:00,OFFICE_A,MEDIUM,22.69
2026-06-08 20:30:00,CONTROL_ROOM,MEDIUM,22.37
2026-06-08 20:30:00,UTILITY,MEDIUM,23.44
2026-06-08 20:30:00,BATTERY_FLEX,MEDIUM,22.8
2026-06-08 20:45:00,PRODUCTION,MEDIUM,23.42
2026-06-08 20:45:00,WAREHOUSE,MEDIUM,23.34
2026-06-08 20:45:00,OFFICE_A,MEDIUM,22.31
2026-06-08 20:45:00,CONTROL_ROOM,MEDIUM,22.85
2026-06-08 20:45:00,UTILITY,MEDIUM,23.41
2026-06-08 20:45:00,BATTERY_FLEX,MEDIUM,23.17
2026-06-08 21:00:00,PRODUCTION,LOW,23.04
2026-06-08 21:00:00,WAREHOUSE,LOW,23.61
2026-06-08 21:00:00,OFFICE_A,LOW,22.38
2026-06-08 21:00:00,CONTROL_ROOM,LOW,22.15
2026-06-08 21:00:00,UTILITY,LOW,23.37
2026-06-08 21:00:00,BATTERY_FLEX,LOW,22.74
2026-06-08 21:15:00,PRODUCTION,LOW,23.33
2026-06-08 21:15:00,WAREHOUSE,LOW,23.07
2026-06-08 21:15:00,OFFICE_A,LOW,22.43
2026-06-08 21:15:00,CONTROL_ROOM,LOW,21.67
2026-06-08 21:15:00,UTILITY,LOW,23.62
2026-06-08 21:15:00,BATTERY_FLEX,LOW,22.24
2026-06-08 21:30:00,PRODUCTION,LOW,23.85
2026-06-08 21:30:00,WAREHOUSE,LOW,23.22
2026-06-08 21:30:00,OFFICE_A,LOW,23.41
2026-06-08 21:30:00,CONTROL_ROOM,LOW,20.83
2026-06-08 21:30:00,UTILITY,LOW,22.3
2026-06-08 21:30:00,BATTERY_FLEX,LOW,22.38
2026-06-08 21:45:00,PRODUCTION,LOW,23.71
2026-06-08 21:45:00,WAREHOUSE,LOW,22.49
2026-06-08 21:45:00,OFFICE_A,LOW,22.95
2026-06-08 21:45:00,CONTROL_ROOM,LOW,21.75
2026-06-08 21:45:00,UTILITY,LOW,23.74
2026-06-08 21:45:00,BATTERY_FLEX,LOW,22.3
2026-06-08 22:00:00,PRODUCTION,LOW,22.91
2026-06-08 22:00:00,WAREHOUSE,LOW,23.45
2026-06-08 22:00:00,OFFICE_A,LOW,22.77
2026-06-08 22:00:00,CONTROL_ROOM,LOW,21.64
2026-06-08 22:00:00,UTILITY,LOW,23.89
2026-06-08 22:00:00,BATTERY_FLEX,LOW,22.43
2026-06-08 22:15:00,PRODUCTION,LOW,23.9
2026-06-08 22:15:00,WAREHOUSE,LOW,24.02
2026-06-08 22:15:00,OFFICE_A,LOW,22.78
2026-06-08 22:15:00,CONTROL_ROOM,LOW,21.14
2026-06-08 22:15:00,UTILITY,LOW,23.36
2026-06-08 22:15:00,BATTERY_FLEX,LOW,22.58
2026-06-08 22:30:00,PRODUCTION,LOW,23.56
2026-06-08 22:30:00,WAREHOUSE,LOW,23.07
2026-06-08 22:30:00,OFFICE_A,LOW,22.17
2026-06-08 22:30:00,CONTROL_ROOM,LOW,22.59
2026-06-08 22:30:00,UTILITY,LOW,23.62
2026-06-08 22:30:00,BATTERY_FLEX,LOW,22.44
2026-06-08 22:45:00,PRODUCTION,LOW,22.52
2026-06-08 22:45:00,WAREHOUSE,LOW,23.6
2026-06-08 22:45:00,OFFICE_A,LOW,22.69
2026-06-08 22:45:00,CONTROL_ROOM,LOW,22.32
2026-06-08 22:45:00,UTILITY,LOW,23.46
2026-06-08 22:45:00,BATTERY_FLEX,LOW,22.49
2026-06-08 23:00:00,PRODUCTION,LOW,22.97
2026-06-08 23:00:00,WAREHOUSE,LOW,23.05
2026-06-08 23:00:00,OFFICE_A,LOW,22.77
2026-06-08 23:00:00,CONTROL_ROOM,LOW,20.86
2026-06-08 23:00:00,UTILITY,LOW,23.44
2026-06-08 23:00:00,BATTERY_FLEX,LOW,22.95
2026-06-08 23:15:00,PRODUCTION,LOW,23.18
2026-06-08 23:15:00,WAREHOUSE,LOW,22.55
2026-06-08 23:15:00,OFFICE_A,LOW,22.73
2026-06-08 23:15:00,CONTROL_ROOM,LOW,22.24
2026-06-08 23:15:00,UTILITY,LOW,23.04
2026-06-08 23:15:00,BATTERY_FLEX,LOW,22.37
2026-06-08 23:30:00,PRODUCTION,LOW,22.81
2026-06-08 23:30:00,WAREHOUSE,LOW,23.11
2026-06-08 23:30:00,OFFICE_A,LOW,22.13
2026-06-08 23:30:00,CONTROL_ROOM,LOW,21.22
2026-06-08 23:30:00,UTILITY,LOW,22.83
2026-06-08 23:30:00,BATTERY_FLEX,LOW,22.03
2026-06-08 23:45:00,PRODUCTION,LOW,22.84
2026-06-08 23:45:00,WAREHOUSE,LOW,23.44
2026-06-08 23:45:00,OFFICE_A,LOW,22.24
2026-06-08 23:45:00,CONTROL_ROOM,LOW,21.78
2026-06-08 23:45:00,UTILITY,LOW,23.59
2026-06-08 23:45:00,BATTERY_FLEX,LOW,23.73
2026-06-09 00:00:00,PRODUCTION,LOW,24.27
2026-06-09 00:00:00,WAREHOUSE,LOW,22.24
2026-06-09 00:00:00,OFFICE_A,LOW,22.28
2026-06-09 00:00:00,CONTROL_ROOM,LOW,21.59
2026-06-09 00:00:00,UTILITY,LOW,23.34
2026-06-09 00:00:00,BATTERY_FLEX,LOW,22.38
2026-06-09 00:15:00,PRODUCTION,LOW,23.03
2026-06-09 00:15:00,WAREHOUSE,LOW,23.56
2026-06-09 00:15:00,OFFICE_A,LOW,22.61
2026-06-09 00:15:00,CONTROL_ROOM,LOW,21.14
2026-06-09 00:15:00,UTILITY,LOW,22.86
2026-06-09 00:15:00,BATTERY_FLEX,LOW,22.42
2026-06-09 00:30:00,PRODUCTION,LOW,23.54
2026-06-09 00:30:00,WAREHOUSE,LOW,23.09
2026-06-09 00:30:00,OFFICE_A,LOW,22.72
2026-06-09 00:30:00,CONTROL_ROOM,LOW,22.35
2026-06-09 00:30:00,UTILITY,LOW,23.31
2026-06-09 00:30:00,BATTERY_FLEX,LOW,22.17
2026-06-09 00:45:00,PRODUCTION,LOW,22.76
2026-06-09 00:45:00,WAREHOUSE,LOW,22.03
2026-06-09 00:45:00,OFFICE_A,LOW,22.4
2026-06-09 00:45:00,CONTROL_ROOM,LOW,21.86
2026-06-09 00:45:00,UTILITY,LOW,23.61
2026-06-09 00:45:00,BATTERY_FLEX,LOW,23.14
2026-06-09 01:00:00,PRODUCTION,LOW,23.61
2026-06-09 01:00:00,WAREHOUSE,LOW,23.91
2026-06-09 01:00:00,OFFICE_A,LOW,23.66
2026-06-09 01:00:00,CONTROL_ROOM,LOW,22.21
2026-06-09 01:00:00,UTILITY,LOW,23.91
2026-06-09 01:00:00,BATTERY_FLEX,LOW,22.45
2026-06-09 01:15:00,PRODUCTION,LOW,22.84
2026-06-09 01:15:00,WAREHOUSE,LOW,22.96
2026-06-09 01:15:00,OFFICE_A,LOW,21.52
2026-06-09 01:15:00,CONTROL_ROOM,LOW,22.56
2026-06-09 01:15:00,UTILITY,LOW,23.44
2026-06-09 01:15:00,BATTERY_FLEX,LOW,22.78
2026-06-09 01:30:00,PRODUCTION,LOW,22.61
2026-06-09 01:30:00,WAREHOUSE,LOW,24.26
2026-06-09 01:30:00,OFFICE_A,LOW,23.28
2026-06-09 01:30:00,CONTROL_ROOM,LOW,21.84
2026-06-09 01:30:00,UTILITY,LOW,24.27
2026-06-09 01:30:00,BATTERY_FLEX,LOW,21.97
2026-06-09 01:45:00,PRODUCTION,LOW,23.39
2026-06-09 01:45:00,WAREHOUSE,LOW,23.29
2026-06-09 01:45:00,OFFICE_A,LOW,23.6
2026-06-09 01:45:00,CONTROL_ROOM,LOW,20.82
2026-06-09 01:45:00,UTILITY,LOW,24.33
2026-06-09 01:45:00,BATTERY_FLEX,LOW,22.25
2026-06-09 02:00:00,PRODUCTION,LOW,23.34
2026-06-09 02:00:00,WAREHOUSE,LOW,22.48
2026-06-09 02:00:00,OFFICE_A,LOW,23.01
2026-06-09 02:00:00,CONTROL_ROOM,LOW,21.31
2026-06-09 02:00:00,UTILITY,LOW,22.93
2026-06-09 02:00:00,BATTERY_FLEX,LOW,22.27
2026-06-09 02:15:00,PRODUCTION,LOW,23.53
2026-06-09 02:15:00,WAREHOUSE,LOW,23.59
2026-06-09 02:15:00,OFFICE_A,LOW,22.53
2026-06-09 02:15:00,CONTROL_ROOM,LOW,21.16
2026-06-09 02:15:00,UTILITY,LOW,23.58
2026-06-09 02:15:00,BATTERY_FLEX,LOW,22.78
2026-06-09 02:30:00,PRODUCTION,LOW,23.05
2026-06-09 02:30:00,WAREHOUSE,LOW,22.66
2026-06-09 02:30:00,OFFICE_A,LOW,23.01
2026-06-09 02:30:00,CONTROL_ROOM,LOW,20.85
2026-06-09 02:30:00,UTILITY,LOW,22.75
2026-06-09 02:30:00,BATTERY_FLEX,LOW,22.37
2026-06-09 02:45:00,PRODUCTION,LOW,22.96
2026-06-09 02:45:00,WAREHOUSE,LOW,22.84
2026-06-09 02:45:00,OFFICE_A,LOW,22.73
2026-06-09 02:45:00,CONTROL_ROOM,LOW,21.33
2026-06-09 02:45:00,UTILITY,LOW,24.28
2026-06-09 02:45:00,BATTERY_FLEX,LOW,22.78
2026-06-09 03:00:00,PRODUCTION,LOW,23.79
2026-06-09 03:00:00,WAREHOUSE,LOW,22.75
2026-06-09 03:00:00,OFFICE_A,LOW,23.07
2026-06-09 03:00:00,CONTROL_ROOM,LOW,21.71
2026-06-09 03:00:00,UTILITY,LOW,24.29
2026-06-09 03:00:00,BATTERY_FLEX,LOW,23.19
2026-06-09 03:15:00,PRODUCTION,LOW,23.11
2026-06-09 03:15:00,WAREHOUSE,LOW,23.89
2026-06-09 03:15:00,OFFICE_A,LOW,22.74
2026-06-09 03:15:00,CONTROL_ROOM,LOW,21.5
2026-06-09 03:15:00,UTILITY,LOW,23.32
2026-06-09 03:15:00,BATTERY_FLEX,LOW,21.94
2026-06-09 03:30:00,PRODUCTION,LOW,22.57
2026-06-09 03:30:00,WAREHOUSE,LOW,23.12
2026-06-09 03:30:00,OFFICE_A,LOW,23.29
2026-06-09 03:30:00,CONTROL_ROOM,LOW,20.64
2026-06-09 03:30:00,UTILITY,LOW,24.56
2026-06-09 03:30:00,BATTERY_FLEX,LOW,22.34
2026-06-09 03:45:00,PRODUCTION,LOW,23.34
2026-06-09 03:45:00,WAREHOUSE,LOW,23.55
2026-06-09 03:45:00,OFFICE_A,LOW,22.97
2026-06-09 03:45:00,CONTROL_ROOM,LOW,22.59
2026-06-09 03:45:00,UTILITY,LOW,23.81
2026-06-09 03:45:00,BATTERY_FLEX,LOW,23.53
2026-06-09 04:00:00,PRODUCTION,LOW,22.99
2026-06-09 04:00:00,WAREHOUSE,LOW,23.82
2026-06-09 04:00:00,OFFICE_A,LOW,22.79
2026-06-09 04:00:00,CONTROL_ROOM,LOW,22.3
2026-06-09 04:00:00,UTILITY,LOW,23.22
2026-06-09 04:00:00,BATTERY_FLEX,LOW,22.88
2026-06-09 04:15:00,PRODUCTION,LOW,23.66
2026-06-09 04:15:00,WAREHOUSE,LOW,21.97
2026-06-09 04:15:00,OFFICE_A,LOW,22.65
2026-06-09 04:15:00,CONTROL_ROOM,LOW,21.9
2026-06-09 04:15:00,UTILITY,LOW,23.66
2026-06-09 04:15:00,BATTERY_FLEX,LOW,23.03
2026-06-09 04:30:00,PRODUCTION,LOW,22.08
2026-06-09 04:30:00,WAREHOUSE,LOW,23.35
2026-06-09 04:30:00,OFFICE_A,LOW,22.56
2026-06-09 04:30:00,CONTROL_ROOM,LOW,21.27
2026-06-09 04:30:00,UTILITY,LOW,23.72
2026-06-09 04:30:00,BATTERY_FLEX,LOW,23.17
2026-06-09 04:45:00,PRODUCTION,LOW,23.65
2026-06-09 04:45:00,WAREHOUSE,LOW,23.01
2026-06-09 04:45:00,OFFICE_A,LOW,22.36
2026-06-09 04:45:00,CONTROL_ROOM,LOW,21.39
2026-06-09 04:45:00,UTILITY,LOW,23.97
2026-06-09 04:45:00,BATTERY_FLEX,LOW,22.53
2026-06-09 05:00:00,PRODUCTION,LOW,22.94
2026-06-09 05:00:00,WAREHOUSE,LOW,23.22
2026-06-09 05:00:00,OFFICE_A,LOW,23.33
2026-06-09 05:00:00,CONTROL_ROOM,LOW,21.06
2026-06-09 05:00:00,UTILITY,LOW,23.53
2026-06-09 05:00:00,BATTERY_FLEX,LOW,22.47
2026-06-09 05:15:00,PRODUCTION,LOW,23.42
2026-06-09 05:15:00,WAREHOUSE,LOW,23.55
2026-06-09 05:15:00,OFFICE_A,LOW,22.54
2026-06-09 05:15:00,CONTROL_ROOM,LOW,21.56
2026-06-09 05:15:00,UTILITY,LOW,23.74
2026-06-09 05:15:00,BATTERY_FLEX,LOW,22.71
2026-06-09 05:30:00,PRODUCTION,LOW,23.64
2026-06-09 05:30:00,WAREHOUSE,LOW,23.62
2026-06-09 05:30:00,OFFICE_A,LOW,22.74
2026-06-09 05:30:00,CONTROL_ROOM,LOW,20.9
2026-06-09 05:30:00,UTILITY,LOW,23.48
2026-06-09 05:30:00,BATTERY_FLEX,LOW,22.63
2026-06-09 05:45:00,PRODUCTION,LOW,23.43
2026-06-09 05:45:00,WAREHOUSE,LOW,23.12
2026-06-09 05:45:00,OFFICE_A,LOW,21.81
2026-06-09 05:45:00,CONTROL_ROOM,LOW,21.8
2026-06-09 05:45:00,UTILITY,LOW,23.5
2026-06-09 05:45:00,BATTERY_FLEX,LOW,22.79
2026-06-09 06:00:00,PRODUCTION,LOW,22.88
2026-06-09 06:00:00,WAREHOUSE,LOW,23.05
2026-06-09 06:00:00,OFFICE_A,LOW,22.73
2026-06-09 06:00:00,CONTROL_ROOM,LOW,21.56
2026-06-09 06:00:00,UTILITY,LOW,23.33
2026-06-09 06:00:00,BATTERY_FLEX,LOW,22.36
2026-06-09 06:15:00,PRODUCTION,LOW,24.86
2026-06-09 06:15:00,WAREHOUSE,LOW,23.26
2026-06-09 06:15:00,OFFICE_A,LOW,22.02
2026-06-09 06:15:00,CONTROL_ROOM,LOW,22.14
2026-06-09 06:15:00,UTILITY,LOW,23.1
2026-06-09 06:15:00,BATTERY_FLEX,LOW,23.01
2026-06-09 06:30:00,PRODUCTION,LOW,23.63
2026-06-09 06:30:00,WAREHOUSE,LOW,23.57
2026-06-09 06:30:00,OFFICE_A,LOW,23.07
2026-06-09 06:30:00,CONTROL_ROOM,LOW,21.63
2026-06-09 06:30:00,UTILITY,LOW,23.89
2026-06-09 06:30:00,BATTERY_FLEX,LOW,23.19
2026-06-09 06:45:00,PRODUCTION,LOW,23.48
2026-06-09 06:45:00,WAREHOUSE,LOW,23.22
2026-06-09 06:45:00,OFFICE_A,LOW,22.94
2026-06-09 06:45:00,CONTROL_ROOM,LOW,21.25
2026-06-09 06:45:00,UTILITY,LOW,23.55
2026-06-09 06:45:00,BATTERY_FLEX,LOW,22.7
2026-06-09 07:00:00,PRODUCTION,LOW,23.79
2026-06-09 07:00:00,WAREHOUSE,LOW,23.43
2026-06-09 07:00:00,OFFICE_A,LOW,22.98
2026-06-09 07:00:00,CONTROL_ROOM,LOW,21.22
2026-06-09 07:00:00,UTILITY,LOW,24.5
2026-06-09 07:00:00,BATTERY_FLEX,LOW,22.53
2026-06-09 07:15:00,PRODUCTION,MEDIUM,24.21
2026-06-09 07:15:00,WAREHOUSE,MEDIUM,23.8
2026-06-09 07:15:00,OFFICE_A,MEDIUM,23.16
2026-06-09 07:15:00,CONTROL_ROOM,MEDIUM,21.88
2026-06-09 07:15:00,UTILITY,MEDIUM,23.92
2026-06-09 07:15:00,BATTERY_FLEX,MEDIUM,22.65
2026-06-09 07:30:00,PRODUCTION,MEDIUM,23.62
2026-06-09 07:30:00,WAREHOUSE,MEDIUM,23.23
2026-06-09 07:30:00,OFFICE_A,MEDIUM,23.3
2026-06-09 07:30:00,CONTROL_ROOM,MEDIUM,21.68
2026-06-09 07:30:00,UTILITY,MEDIUM,23.98
2026-06-09 07:30:00,BATTERY_FLEX,MEDIUM,22.17
2026-06-09 07:45:00,PRODUCTION,MEDIUM,24.03
2026-06-09 07:45:00,WAREHOUSE,MEDIUM,22.65
2026-06-09 07:45:00,OFFICE_A,MEDIUM,22.68
2026-06-09 07:45:00,CONTROL_ROOM,MEDIUM,22.65
2026-06-09 07:45:00,UTILITY,MEDIUM,23.35
2026-06-09 07:45:00,BATTERY_FLEX,MEDIUM,22.54
2026-06-09 08:00:00,PRODUCTION,MEDIUM,24.02
2026-06-09 08:00:00,WAREHOUSE,MEDIUM,23.43
2026-06-09 08:00:00,OFFICE_A,MEDIUM,23.19
2026-06-09 08:00:00,CONTROL_ROOM,MEDIUM,21.89
2026-06-09 08:00:00,UTILITY,MEDIUM,23.26
2026-06-09 08:00:00,BATTERY_FLEX,MEDIUM,23.31
2026-06-09 08:15:00,PRODUCTION,MEDIUM,23.53
2026-06-09 08:15:00,WAREHOUSE,MEDIUM,22.61
2026-06-09 08:15:00,OFFICE_A,MEDIUM,23.27
2026-06-09 08:15:00,CONTROL_ROOM,MEDIUM,21.97
2026-06-09 08:15:00,UTILITY,MEDIUM,23.19
2026-06-09 08:15:00,BATTERY_FLEX,MEDIUM,21.93
2026-06-09 08:30:00,PRODUCTION,MEDIUM,23.29
2026-06-09 08:30:00,WAREHOUSE,MEDIUM,23.51
2026-06-09 08:30:00,OFFICE_A,MEDIUM,23.19
2026-06-09 08:30:00,CONTROL_ROOM,MEDIUM,22.52
2026-06-09 08:30:00,UTILITY,MEDIUM,23.59
2026-06-09 08:30:00,BATTERY_FLEX,MEDIUM,22.29
2026-06-09 08:45:00,PRODUCTION,MEDIUM,23.34
2026-06-09 08:45:00,WAREHOUSE,MEDIUM,23.66
2026-06-09 08:45:00,OFFICE_A,MEDIUM,23.14
2026-06-09 08:45:00,CONTROL_ROOM,MEDIUM,22.84
2026-06-09 08:45:00,UTILITY,MEDIUM,23.14
2026-06-09 08:45:00,BATTERY_FLEX,MEDIUM,22.36
2026-06-09 09:00:00,PRODUCTION,HIGH,23.92
2026-06-09 09:00:00,WAREHOUSE,HIGH,24.14
2026-06-09 09:00:00,OFFICE_A,HIGH,23.26
2026-06-09 09:00:00,CONTROL_ROOM,HIGH,22.95
2026-06-09 09:00:00,UTILITY,HIGH,23.25
2026-06-09 09:00:00,BATTERY_FLEX,HIGH,22.94
2026-06-09 09:15:00,PRODUCTION,HIGH,23.22
2026-06-09 09:15:00,WAREHOUSE,HIGH,23.43
2026-06-09 09:15:00,OFFICE_A,HIGH,23.83
2026-06-09 09:15:00,CONTROL_ROOM,HIGH,22.13
2026-06-09 09:15:00,UTILITY,HIGH,23.23
2026-06-09 09:15:00,BATTERY_FLEX,HIGH,22.48
2026-06-09 09:30:00,PRODUCTION,HIGH,23.73
2026-06-09 09:30:00,WAREHOUSE,HIGH,24.06
2026-06-09 09:30:00,OFFICE_A,HIGH,23.02
2026-06-09 09:30:00,CONTROL_ROOM,HIGH,23.08
2026-06-09 09:30:00,UTILITY,HIGH,23.2
2026-06-09 09:30:00,BATTERY_FLEX,HIGH,22.76
2026-06-09 09:45:00,PRODUCTION,HIGH,24.16
2026-06-09 09:45:00,WAREHOUSE,HIGH,23.43
2026-06-09 09:45:00,OFFICE_A,HIGH,23.11
2026-06-09 09:45:00,CONTROL_ROOM,HIGH,22.69
2026-06-09 09:45:00,UTILITY,HIGH,24.65
2026-06-09 09:45:00,BATTERY_FLEX,HIGH,22.96
2026-06-09 10:00:00,PRODUCTION,HIGH,24.1
2026-06-09 10:00:00,WAREHOUSE,HIGH,22.71
2026-06-09 10:00:00,OFFICE_A,HIGH,23.07
2026-06-09 10:00:00,CONTROL_ROOM,HIGH,23.45
2026-06-09 10:00:00,UTILITY,HIGH,23.59
2026-06-09 10:00:00,BATTERY_FLEX,HIGH,22.35
2026-06-09 10:15:00,PRODUCTION,HIGH,24.55
2026-06-09 10:15:00,WAREHOUSE,HIGH,23.25
2026-06-09 10:15:00,OFFICE_A,HIGH,22.64
2026-06-09 10:15:00,CONTROL_ROOM,HIGH,22.7
2026-06-09 10:15:00,UTILITY,HIGH,23.53
2026-06-09 10:15:00,BATTERY_FLEX,HIGH,23.5
2026-06-09 10:30:00,PRODUCTION,HIGH,23.6
2026-06-09 10:30:00,WAREHOUSE,HIGH,23.16
2026-06-09 10:30:00,OFFICE_A,HIGH,23.72
2026-06-09 10:30:00,CONTROL_ROOM,HIGH,22.1
2026-06-09 10:30:00,UTILITY,HIGH,23.89
2026-06-09 10:30:00,BATTERY_FLEX,HIGH,22.64
2026-06-09 10:45:00,PRODUCTION,HIGH,24.06
2026-06-09 10:45:00,WAREHOUSE,HIGH,22.95
2026-06-09 10:45:00,OFFICE_A,HIGH,23.2
2026-06-09 10:45:00,CONTROL_ROOM,HIGH,22.42
2026-06-09 10:45:00,UTILITY,HIGH,23.72
2026-06-09 10:45:00,BATTERY_FLEX,HIGH,22.53
2026-06-09 11:00:00,PRODUCTION,HIGH,23.83
2026-06-09 11:00:00,WAREHOUSE,HIGH,22.82
2026-06-09 11:00:00,OFFICE_A,HIGH,24.29
2026-06-09 11:00:00,CONTROL_ROOM,HIGH,22.48
2026-06-09 11:00:00,UTILITY,HIGH,23.83
2026-06-09 11:00:00,BATTERY_FLEX,HIGH,22.5
2026-06-09 11:15:00,PRODUCTION,HIGH,23.55
2026-06-09 11:15:00,WAREHOUSE,HIGH,23.11
2026-06-09 11:15:00,OFFICE_A,HIGH,22.23
2026-06-09 11:15:00,CONTROL_ROOM,HIGH,21.95
2026-06-09 11:15:00,UTILITY,HIGH,24.49
2026-06-09 11:15:00,BATTERY_FLEX,HIGH,23.17
2026-06-09 11:30:00,PRODUCTION,HIGH,23.84
2026-06-09 11:30:00,WAREHOUSE,HIGH,22.75
2026-06-09 11:30:00,OFFICE_A,HIGH,24.14
2026-06-09 11:30:00,CONTROL_ROOM,HIGH,22.6
2026-06-09 11:30:00,UTILITY,HIGH,25.01
2026-06-09 11:30:00,BATTERY_FLEX,HIGH,22.58
2026-06-09 11:45:00,PRODUCTION,HIGH,24.96
2026-06-09 11:45:00,WAREHOUSE,HIGH,22.77
2026-06-09 11:45:00,OFFICE_A,HIGH,23.37
2026-06-09 11:45:00,CONTROL_ROOM,HIGH,22.09
2026-06-09 11:45:00,UTILITY,HIGH,23.16
2026-06-09 11:45:00,BATTERY_FLEX,HIGH,23.11
2026-06-09 12:00:00,PRODUCTION,HIGH,23.11
2026-06-09 12:00:00,WAREHOUSE,HIGH,23.9
2026-06-09 12:00:00,OFFICE_A,HIGH,23.37
2026-06-09 12:00:00,CONTROL_ROOM,HIGH,22.81
2026-06-09 12:00:00,UTILITY,HIGH,24.07
2026-06-09 12:00:00,BATTERY_FLEX,HIGH,23.45
2026-06-09 12:15:00,PRODUCTION,HIGH,24.12
2026-06-09 12:15:00,WAREHOUSE,HIGH,22.74
2026-06-09 12:15:00,OFFICE_A,HIGH,23.6
2026-06-09 12:15:00,CONTROL_ROOM,HIGH,22.34
2026-06-09 12:15:00,UTILITY,HIGH,23.08
2026-06-09 12:15:00,BATTERY_FLEX,HIGH,23.09
2026-06-09 12:30:00,PRODUCTION,HIGH,24.62
2026-06-09 12:30:00,WAREHOUSE,HIGH,23.23
2026-06-09 12:30:00,OFFICE_A,HIGH,23.54
2026-06-09 12:30:00,CONTROL_ROOM,HIGH,22.28
2026-06-09 12:30:00,UTILITY,HIGH,23.98
2026-06-09 12:30:00,BATTERY_FLEX,HIGH,23.43
2026-06-09 12:45:00,PRODUCTION,HIGH,23.35
2026-06-09 12:45:00,WAREHOUSE,HIGH,22.82
2026-06-09 12:45:00,OFFICE_A,HIGH,23.44
2026-06-09 12:45:00,CONTROL_ROOM,HIGH,22.18
2026-06-09 12:45:00,UTILITY,HIGH,23.23
2026-06-09 12:45:00,BATTERY_FLEX,HIGH,21.82
2026-06-09 13:00:00,PRODUCTION,HIGH,23.62
2026-06-09 13:00:00,WAREHOUSE,HIGH,23.29
2026-06-09 13:00:00,OFFICE_A,HIGH,23.3
2026-06-09 13:00:00,CONTROL_ROOM,HIGH,23.06
2026-06-09 13:00:00,UTILITY,HIGH,23.67
2026-06-09 13:00:00,BATTERY_FLEX,HIGH,23.1
2026-06-09 13:15:00,PRODUCTION,HIGH,23.4
2026-06-09 13:15:00,WAREHOUSE,HIGH,23.2
2026-06-09 13:15:00,OFFICE_A,HIGH,23.14
2026-06-09 13:15:00,CONTROL_ROOM,HIGH,22.71
2026-06-09 13:15:00,UTILITY,HIGH,23.08
2026-06-09 13:15:00,BATTERY_FLEX,HIGH,22.76
2026-06-09 13:30:00,PRODUCTION,HIGH,24.0
2026-06-09 13:30:00,WAREHOUSE,HIGH,23.34
2026-06-09 13:30:00,OFFICE_A,HIGH,24.27
2026-06-09 13:30:00,CONTROL_ROOM,HIGH,21.75
2026-06-09 13:30:00,UTILITY,HIGH,23.29
2026-06-09 13:30:00,BATTERY_FLEX,HIGH,24.15
2026-06-09 13:45:00,PRODUCTION,HIGH,22.61
2026-06-09 13:45:00,WAREHOUSE,HIGH,23.37
2026-06-09 13:45:00,OFFICE_A,HIGH,23.9
2026-06-09 13:45:00,CONTROL_ROOM,HIGH,22.04
2026-06-09 13:45:00,UTILITY,HIGH,23.51
2026-06-09 13:45:00,BATTERY_FLEX,HIGH,23.21
2026-06-09 14:00:00,PRODUCTION,HIGH,23.7
2026-06-09 14:00:00,WAREHOUSE,HIGH,23.12
2026-06-09 14:00:00,OFFICE_A,HIGH,22.94
2026-06-09 14:00:00,CONTROL_ROOM,HIGH,22.68
2026-06-09 14:00:00,UTILITY,HIGH,23.69
2026-06-09 14:00:00,BATTERY_FLEX,HIGH,23.04
2026-06-09 14:15:00,PRODUCTION,HIGH,24.28
2026-06-09 14:15:00,WAREHOUSE,HIGH,23.09
2026-06-09 14:15:00,OFFICE_A,HIGH,23.45
2026-06-09 14:15:00,CONTROL_ROOM,HIGH,23.06
2026-06-09 14:15:00,UTILITY,HIGH,23.4
2026-06-09 14:15:00,BATTERY_FLEX,HIGH,23.43
2026-06-09 14:30:00,PRODUCTION,HIGH,22.97
2026-06-09 14:30:00,WAREHOUSE,HIGH,23.8
2026-06-09 14:30:00,OFFICE_A,HIGH,23.62
2026-06-09 14:30:00,CONTROL_ROOM,HIGH,22.19
2026-06-09 14:30:00,UTILITY,HIGH,24.35
2026-06-09 14:30:00,BATTERY_FLEX,HIGH,22.33
2026-06-09 14:45:00,PRODUCTION,HIGH,24.01
2026-06-09 14:45:00,WAREHOUSE,HIGH,23.81
2026-06-09 14:45:00,OFFICE_A,HIGH,23.67
2026-06-09 14:45:00,CONTROL_ROOM,HIGH,23.19
2026-06-09 14:45:00,UTILITY,HIGH,24.33
2026-06-09 14:45:00,BATTERY_FLEX,HIGH,22.77
2026-06-09 15:00:00,PRODUCTION,HIGH,23.36
2026-06-09 15:00:00,WAREHOUSE,HIGH,23.12
2026-06-09 15:00:00,OFFICE_A,HIGH,23.81
2026-06-09 15:00:00,CONTROL_ROOM,HIGH,23.37
2026-06-09 15:00:00,UTILITY,HIGH,23.5
2026-06-09 15:00:00,BATTERY_FLEX,HIGH,22.46
2026-06-09 15:15:00,PRODUCTION,HIGH,24.64
2026-06-09 15:15:00,WAREHOUSE,HIGH,22.88
2026-06-09 15:15:00,OFFICE_A,HIGH,23.67
2026-06-09 15:15:00,CONTROL_ROOM,HIGH,22.84
2026-06-09 15:15:00,UTILITY,HIGH,23.58
2026-06-09 15:15:00,BATTERY_FLEX,HIGH,23.2
2026-06-09 15:30:00,PRODUCTION,HIGH,24.32
2026-06-09 15:30:00,WAREHOUSE,HIGH,22.97
2026-06-09 15:30:00,OFFICE_A,HIGH,23.32
2026-06-09 15:30:00,CONTROL_ROOM,HIGH,23.25
2026-06-09 15:30:00,UTILITY,HIGH,24.1
2026-06-09 15:30:00,BATTERY_FLEX,HIGH,22.27
2026-06-09 15:45:00,PRODUCTION,HIGH,24.6
2026-06-09 15:45:00,WAREHOUSE,HIGH,23.22
2026-06-09 15:45:00,OFFICE_A,HIGH,23.67
2026-06-09 15:45:00,CONTROL_ROOM,HIGH,21.11
2026-06-09 15:45:00,UTILITY,HIGH,23.58
2026-06-09 15:45:00,BATTERY_FLEX,HIGH,22.95
2026-06-09 16:00:00,PRODUCTION,HIGH,24.05
2026-06-09 16:00:00,WAREHOUSE,HIGH,22.62
2026-06-09 16:00:00,OFFICE_A,HIGH,23.53
2026-06-09 16:00:00,CONTROL_ROOM,HIGH,22.01
2026-06-09 16:00:00,UTILITY,HIGH,22.86
2026-06-09 16:00:00,BATTERY_FLEX,HIGH,22.24
2026-06-09 16:15:00,PRODUCTION,HIGH,23.9
2026-06-09 16:15:00,WAREHOUSE,HIGH,22.39
2026-06-09 16:15:00,OFFICE_A,HIGH,24.13
2026-06-09 16:15:00,CONTROL_ROOM,HIGH,21.57
2026-06-09 16:15:00,UTILITY,HIGH,23.51
2026-06-09 16:15:00,BATTERY_FLEX,HIGH,22.76
2026-06-09 16:30:00,PRODUCTION,HIGH,23.69
2026-06-09 16:30:00,WAREHOUSE,HIGH,22.9
2026-06-09 16:30:00,OFFICE_A,HIGH,23.21
2026-06-09 16:30:00,CONTROL_ROOM,HIGH,23.08
2026-06-09 16:30:00,UTILITY,HIGH,23.17
2026-06-09 16:30:00,BATTERY_FLEX,HIGH,22.92
2026-06-09 16:45:00,PRODUCTION,HIGH,24.56
2026-06-09 16:45:00,WAREHOUSE,HIGH,23.2
2026-06-09 16:45:00,OFFICE_A,HIGH,23.88
2026-06-09 16:45:00,CONTROL_ROOM,HIGH,21.91
2026-06-09 16:45:00,UTILITY,HIGH,22.47
2026-06-09 16:45:00,BATTERY_FLEX,HIGH,22.98
2026-06-09 17:00:00,PRODUCTION,HIGH,24.87
2026-06-09 17:00:00,WAREHOUSE,HIGH,23.05
2026-06-09 17:00:00,OFFICE_A,HIGH,23.83
2026-06-09 17:00:00,CONTROL_ROOM,HIGH,22.92
2026-06-09 17:00:00,UTILITY,HIGH,24.64
2026-06-09 17:00:00,BATTERY_FLEX,HIGH,22.62
2026-06-09 17:15:00,PRODUCTION,HIGH,24.37
2026-06-09 17:15:00,WAREHOUSE,HIGH,23.52
2026-06-09 17:15:00,OFFICE_A,HIGH,25.21
2026-06-09 17:15:00,CONTROL_ROOM,HIGH,22.82
2026-06-09 17:15:00,UTILITY,HIGH,23.14
2026-06-09 17:15:00,BATTERY_FLEX,HIGH,22.69
2026-06-09 17:30:00,PRODUCTION,HIGH,23.75
2026-06-09 17:30:00,WAREHOUSE,HIGH,22.56
2026-06-09 17:30:00,OFFICE_A,HIGH,24.34
2026-06-09 17:30:00,CONTROL_ROOM,HIGH,22.69
2026-06-09 17:30:00,UTILITY,HIGH,23.65
2026-06-09 17:30:00,BATTERY_FLEX,HIGH,23.14
2026-06-09 17:45:00,PRODUCTION,HIGH,24.11
2026-06-09 17:45:00,WAREHOUSE,HIGH,23.6
2026-06-09 17:45:00,OFFICE_A,HIGH,23.92
2026-06-09 17:45:00,CONTROL_ROOM,HIGH,22.62
2026-06-09 17:45:00,UTILITY,HIGH,23.65
2026-06-09 17:45:00,BATTERY_FLEX,HIGH,23.53
2026-06-09 18:00:00,PRODUCTION,HIGH,23.69
2026-06-09 18:00:00,WAREHOUSE,HIGH,22.84
2026-06-09 18:00:00,OFFICE_A,HIGH,23.31
2026-06-09 18:00:00,CONTROL_ROOM,HIGH,22.24
2026-06-09 18:00:00,UTILITY,HIGH,23.02
2026-06-09 18:00:00,BATTERY_FLEX,HIGH,22.42
2026-06-09 18:15:00,PRODUCTION,HIGH,22.65
2026-06-09 18:15:00,WAREHOUSE,HIGH,23.56
2026-06-09 18:15:00,OFFICE_A,HIGH,23.17
2026-06-09 18:15:00,CONTROL_ROOM,HIGH,22.68
2026-06-09 18:15:00,UTILITY,HIGH,23.73
2026-06-09 18:15:00,BATTERY_FLEX,HIGH,22.64
2026-06-09 18:30:00,PRODUCTION,HIGH,23.93
2026-06-09 18:30:00,WAREHOUSE,HIGH,23.78
2026-06-09 18:30:00,OFFICE_A,HIGH,23.91
2026-06-09 18:30:00,CONTROL_ROOM,HIGH,22.77
2026-06-09 18:30:00,UTILITY,HIGH,22.84
2026-06-09 18:30:00,BATTERY_FLEX,HIGH,23.29
2026-06-09 18:45:00,PRODUCTION,MEDIUM,23.22
2026-06-09 18:45:00,WAREHOUSE,MEDIUM,24.19
2026-06-09 18:45:00,OFFICE_A,MEDIUM,22.84
2026-06-09 18:45:00,CONTROL_ROOM,MEDIUM,22.89
2026-06-09 18:45:00,UTILITY,MEDIUM,23.76
2026-06-09 18:45:00,BATTERY_FLEX,MEDIUM,22.49
2026-06-09 19:00:00,PRODUCTION,MEDIUM,23.27
2026-06-09 19:00:00,WAREHOUSE,MEDIUM,23.0
2026-06-09 19:00:00,OFFICE_A,MEDIUM,23.77
2026-06-09 19:00:00,CONTROL_ROOM,MEDIUM,22.44
2026-06-09 19:00:00,UTILITY,MEDIUM,22.96
2026-06-09 19:00:00,BATTERY_FLEX,MEDIUM,23.13
2026-06-09 19:15:00,PRODUCTION,MEDIUM,23.71
2026-06-09 19:15:00,WAREHOUSE,MEDIUM,22.62
2026-06-09 19:15:00,OFFICE_A,MEDIUM,24.22
2026-06-09 19:15:00,CONTROL_ROOM,MEDIUM,22.29
2026-06-09 19:15:00,UTILITY,MEDIUM,23.66
2026-06-09 19:15:00,BATTERY_FLEX,MEDIUM,22.5
2026-06-09 19:30:00,PRODUCTION,MEDIUM,23.33
2026-06-09 19:30:00,WAREHOUSE,MEDIUM,23.83
2026-06-09 19:30:00,OFFICE_A,MEDIUM,23.59
2026-06-09 19:30:00,CONTROL_ROOM,MEDIUM,22.04
2026-06-09 19:30:00,UTILITY,MEDIUM,24.35
2026-06-09 19:30:00,BATTERY_FLEX,MEDIUM,23.04
2026-06-09 19:45:00,PRODUCTION,MEDIUM,23.28
2026-06-09 19:45:00,WAREHOUSE,MEDIUM,23.18
2026-06-09 19:45:00,OFFICE_A,MEDIUM,23.35
2026-06-09 19:45:00,CONTROL_ROOM,MEDIUM,21.35
2026-06-09 19:45:00,UTILITY,MEDIUM,23.58
2026-06-09 19:45:00,BATTERY_FLEX,MEDIUM,22.52
2026-06-09 20:00:00,PRODUCTION,MEDIUM,23.39
2026-06-09 20:00:00,WAREHOUSE,MEDIUM,23.64
2026-06-09 20:00:00,OFFICE_A,MEDIUM,23.11
2026-06-09 20:00:00,CONTROL_ROOM,MEDIUM,23.03
2026-06-09 20:00:00,UTILITY,MEDIUM,23.99
2026-06-09 20:00:00,BATTERY_FLEX,MEDIUM,22.45
2026-06-09 20:15:00,PRODUCTION,MEDIUM,22.97
2026-06-09 20:15:00,WAREHOUSE,MEDIUM,22.75
2026-06-09 20:15:00,OFFICE_A,MEDIUM,23.36
2026-06-09 20:15:00,CONTROL_ROOM,MEDIUM,22.75
2026-06-09 20:15:00,UTILITY,MEDIUM,22.56
2026-06-09 20:15:00,BATTERY_FLEX,MEDIUM,23.35
2026-06-09 20:30:00,PRODUCTION,MEDIUM,22.69
2026-06-09 20:30:00,WAREHOUSE,MEDIUM,23.1
2026-06-09 20:30:00,OFFICE_A,MEDIUM,22.92
2026-06-09 20:30:00,CONTROL_ROOM,MEDIUM,22.27
2026-06-09 20:30:00,UTILITY,MEDIUM,23.34
2026-06-09 20:30:00,BATTERY_FLEX,MEDIUM,22.06
2026-06-09 20:45:00,PRODUCTION,MEDIUM,23.13
2026-06-09 20:45:00,WAREHOUSE,MEDIUM,23.58
2026-06-09 20:45:00,OFFICE_A,MEDIUM,22.72
2026-06-09 20:45:00,CONTROL_ROOM,MEDIUM,21.59
2026-06-09 20:45:00,UTILITY,MEDIUM,23.36
2026-06-09 20:45:00,BATTERY_FLEX,MEDIUM,23.17
2026-06-09 21:00:00,PRODUCTION,LOW,24.34
2026-06-09 21:00:00,WAREHOUSE,LOW,23.17
2026-06-09 21:00:00,OFFICE_A,LOW,23.39
2026-06-09 21:00:00,CONTROL_ROOM,LOW,22.29
2026-06-09 21:00:00,UTILITY,LOW,23.27
2026-06-09 21:00:00,BATTERY_FLEX,LOW,22.58
2026-06-09 21:15:00,PRODUCTION,LOW,23.02
2026-06-09 21:15:00,WAREHOUSE,LOW,22.68
2026-06-09 21:15:00,OFFICE_A,LOW,22.57
2026-06-09 21:15:00,CONTROL_ROOM,LOW,21.98
2026-06-09 21:15:00,UTILITY,LOW,23.49
2026-06-09 21:15:00,BATTERY_FLEX,LOW,21.62
2026-06-09 21:30:00,PRODUCTION,LOW,23.5
2026-06-09 21:30:00,WAREHOUSE,LOW,23.19
2026-06-09 21:30:00,OFFICE_A,LOW,22.36
2026-06-09 21:30:00,CONTROL_ROOM,LOW,21.87
2026-06-09 21:30:00,UTILITY,LOW,23.33
2026-06-09 21:30:00,BATTERY_FLEX,LOW,21.99
2026-06-09 21:45:00,PRODUCTION,LOW,22.97
2026-06-09 21:45:00,WAREHOUSE,LOW,23.66
2026-06-09 21:45:00,OFFICE_A,LOW,22.53
2026-06-09 21:45:00,CONTROL_ROOM,LOW,22.1
2026-06-09 21:45:00,UTILITY,LOW,23.31
2026-06-09 21:45:00,BATTERY_FLEX,LOW,22.46
2026-06-09 22:00:00,PRODUCTION,LOW,23.04
2026-06-09 22:00:00,WAREHOUSE,LOW,23.94
2026-06-09 22:00:00,OFFICE_A,LOW,22.16
2026-06-09 22:00:00,CONTROL_ROOM,LOW,21.46
2026-06-09 22:00:00,UTILITY,LOW,23.11
2026-06-09 22:00:00,BATTERY_FLEX,LOW,22.28
2026-06-09 22:15:00,PRODUCTION,LOW,22.85
2026-06-09 22:15:00,WAREHOUSE,LOW,22.48
2026-06-09 22:15:00,OFFICE_A,LOW,23.37
2026-06-09 22:15:00,CONTROL_ROOM,LOW,22.28
2026-06-09 22:15:00,UTILITY,LOW,23.5
2026-06-09 22:15:00,BATTERY_FLEX,LOW,21.86
2026-06-09 22:30:00,PRODUCTION,LOW,22.23
2026-06-09 22:30:00,WAREHOUSE,LOW,22.9
2026-06-09 22:30:00,OFFICE_A,LOW,23.57
2026-06-09 22:30:00,CONTROL_ROOM,LOW,21.65
2026-06-09 22:30:00,UTILITY,LOW,24.31
2026-06-09 22:30:00,BATTERY_FLEX,LOW,22.89
2026-06-09 22:45:00,PRODUCTION,LOW,22.76
2026-06-09 22:45:00,WAREHOUSE,LOW,22.57
2026-06-09 22:45:00,OFFICE_A,LOW,23.49
2026-06-09 22:45:00,CONTROL_ROOM,LOW,21.25
2026-06-09 22:45:00,UTILITY,LOW,24.1
2026-06-09 22:45:00,BATTERY_FLEX,LOW,22.34
2026-06-09 23:00:00,PRODUCTION,LOW,23.5
2026-06-09 23:00:00,WAREHOUSE,LOW,22.03
2026-06-09 23:00:00,OFFICE_A,LOW,22.94
2026-06-09 23:00:00,CONTROL_ROOM,LOW,20.48
2026-06-09 23:00:00,UTILITY,LOW,23.44
2026-06-09 23:00:00,BATTERY_FLEX,LOW,22.98
2026-06-09 23:15:00,PRODUCTION,LOW,22.85
2026-06-09 23:15:00,WAREHOUSE,LOW,23.14
2026-06-09 23:15:00,OFFICE_A,LOW,21.68
2026-06-09 23:15:00,CONTROL_ROOM,LOW,21.69
2026-06-09 23:15:00,UTILITY,LOW,23.71
2026-06-09 23:15:00,BATTERY_FLEX,LOW,22.41
2026-06-09 23:30:00,PRODUCTION,LOW,22.25
2026-06-09 23:30:00,WAREHOUSE,LOW,23.12
2026-06-09 23:30:00,OFFICE_A,LOW,22.24
2026-06-09 23:30:00,CONTROL_ROOM,LOW,21.43
2026-06-09 23:30:00,UTILITY,LOW,23.79
2026-06-09 23:30:00,BATTERY_FLEX,LOW,23.26
2026-06-09 23:45:00,PRODUCTION,LOW,23.31
2026-06-09 23:45:00,WAREHOUSE,LOW,23.02
2026-06-09 23:45:00,OFFICE_A,LOW,23.3
2026-06-09 23:45:00,CONTROL_ROOM,LOW,21.42
2026-06-09 23:45:00,UTILITY,LOW,23.43
2026-06-09 23:45:00,BATTERY_FLEX,LOW,23.08
2026-06-10 00:00:00,PRODUCTION,LOW,25.23
2026-06-10 00:00:00,WAREHOUSE,LOW,25.54
2026-06-10 00:00:00,OFFICE_A,LOW,25.45
2026-06-10 00:00:00,CONTROL_ROOM,LOW,24.41
2026-06-10 00:00:00,UTILITY,LOW,25.97
2026-06-10 00:00:00,BATTERY_FLEX,LOW,24.98
2026-06-10 00:15:00,PRODUCTION,LOW,25.65
2026-06-10 00:15:00,WAREHOUSE,LOW,25.86
2026-06-10 00:15:00,OFFICE_A,LOW,25.09
2026-06-10 00:15:00,CONTROL_ROOM,LOW,24.08
2026-06-10 00:15:00,UTILITY,LOW,25.84
2026-06-10 00:15:00,BATTERY_FLEX,LOW,24.29
2026-06-10 00:30:00,PRODUCTION,LOW,25.12
2026-06-10 00:30:00,WAREHOUSE,LOW,25.27
2026-06-10 00:30:00,OFFICE_A,LOW,24.77
2026-06-10 00:30:00,CONTROL_ROOM,LOW,24.94
2026-06-10 00:30:00,UTILITY,LOW,25.62
2026-06-10 00:30:00,BATTERY_FLEX,LOW,25.34
2026-06-10 00:45:00,PRODUCTION,LOW,24.95
2026-06-10 00:45:00,WAREHOUSE,LOW,25.96
2026-06-10 00:45:00,OFFICE_A,LOW,24.5
2026-06-10 00:45:00,CONTROL_ROOM,LOW,24.33
2026-06-10 00:45:00,UTILITY,LOW,26.09
2026-06-10 00:45:00,BATTERY_FLEX,LOW,25.22
2026-06-10 01:00:00,PRODUCTION,LOW,26.0
2026-06-10 01:00:00,WAREHOUSE,LOW,25.22
2026-06-10 01:00:00,OFFICE_A,LOW,23.77
2026-06-10 01:00:00,CONTROL_ROOM,LOW,24.47
2026-06-10 01:00:00,UTILITY,LOW,25.52
2026-06-10 01:00:00,BATTERY_FLEX,LOW,25.27
2026-06-10 01:15:00,PRODUCTION,LOW,25.79
2026-06-10 01:15:00,WAREHOUSE,LOW,26.35
2026-06-10 01:15:00,OFFICE_A,LOW,24.68
2026-06-10 01:15:00,CONTROL_ROOM,LOW,24.21
2026-06-10 01:15:00,UTILITY,LOW,26.39
2026-06-10 01:15:00,BATTERY_FLEX,LOW,24.96
2026-06-10 01:30:00,PRODUCTION,LOW,26.82
2026-06-10 01:30:00,WAREHOUSE,LOW,25.7
2026-06-10 01:30:00,OFFICE_A,LOW,25.53
2026-06-10 01:30:00,CONTROL_ROOM,LOW,24.85
2026-06-10 01:30:00,UTILITY,LOW,25.47
2026-06-10 01:30:00,BATTERY_FLEX,LOW,24.41
2026-06-10 01:45:00,PRODUCTION,LOW,25.68
2026-06-10 01:45:00,WAREHOUSE,LOW,24.35
2026-06-10 01:45:00,OFFICE_A,LOW,25.08
2026-06-10 01:45:00,CONTROL_ROOM,LOW,23.8
2026-06-10 01:45:00,UTILITY,LOW,26.5
2026-06-10 01:45:00,BATTERY_FLEX,LOW,25.54
2026-06-10 02:00:00,PRODUCTION,LOW,25.92
2026-06-10 02:00:00,WAREHOUSE,LOW,25.85
2026-06-10 02:00:00,OFFICE_A,LOW,25.75
2026-06-10 02:00:00,CONTROL_ROOM,LOW,25.19
2026-06-10 02:00:00,UTILITY,LOW,25.19
2026-06-10 02:00:00,BATTERY_FLEX,LOW,24.84
2026-06-10 02:15:00,PRODUCTION,LOW,25.56
2026-06-10 02:15:00,WAREHOUSE,LOW,26.06
2026-06-10 02:15:00,OFFICE_A,LOW,24.63
2026-06-10 02:15:00,CONTROL_ROOM,LOW,23.66
2026-06-10 02:15:00,UTILITY,LOW,25.53
2026-06-10 02:15:00,BATTERY_FLEX,LOW,24.86
2026-06-10 02:30:00,PRODUCTION,LOW,25.28
2026-06-10 02:30:00,WAREHOUSE,LOW,25.98
2026-06-10 02:30:00,OFFICE_A,LOW,25.14
2026-06-10 02:30:00,CONTROL_ROOM,LOW,24.71
2026-06-10 02:30:00,UTILITY,LOW,25.95
2026-06-10 02:30:00,BATTERY_FLEX,LOW,25.03
2026-06-10 02:45:00,PRODUCTION,LOW,25.5
2026-06-10 02:45:00,WAREHOUSE,LOW,25.81
2026-06-10 02:45:00,OFFICE_A,LOW,24.8
2026-06-10 02:45:00,CONTROL_ROOM,LOW,24.59
2026-06-10 02:45:00,UTILITY,LOW,25.76
2026-06-10 02:45:00,BATTERY_FLEX,LOW,25.48
2026-06-10 03:00:00,PRODUCTION,LOW,24.9
2026-06-10 03:00:00,WAREHOUSE,LOW,25.23
2026-06-10 03:00:00,OFFICE_A,LOW,24.45
2026-06-10 03:00:00,CONTROL_ROOM,LOW,23.45
2026-06-10 03:00:00,UTILITY,LOW,26.35
2026-06-10 03:00:00,BATTERY_FLEX,LOW,25.03
2026-06-10 03:15:00,PRODUCTION,LOW,26.48
2026-06-10 03:15:00,WAREHOUSE,LOW,25.17
2026-06-10 03:15:00,OFFICE_A,LOW,24.5
2026-06-10 03:15:00,CONTROL_ROOM,LOW,24.56
2026-06-10 03:15:00,UTILITY,LOW,25.93
2026-06-10 03:15:00,BATTERY_FLEX,LOW,26.06
2026-06-10 03:30:00,PRODUCTION,LOW,25.46
2026-06-10 03:30:00,WAREHOUSE,LOW,25.18
2026-06-10 03:30:00,OFFICE_A,LOW,25.59
2026-06-10 03:30:00,CONTROL_ROOM,LOW,24.51
2026-06-10 03:30:00,UTILITY,LOW,25.35
2026-06-10 03:30:00,BATTERY_FLEX,LOW,24.49
2026-06-10 03:45:00,PRODUCTION,LOW,25.59
2026-06-10 03:45:00,WAREHOUSE,LOW,24.7
2026-06-10 03:45:00,OFFICE_A,LOW,24.62
2026-06-10 03:45:00,CONTROL_ROOM,LOW,23.93
2026-06-10 03:45:00,UTILITY,LOW,25.71
2026-06-10 03:45:00,BATTERY_FLEX,LOW,25.1
2026-06-10 04:00:00,PRODUCTION,LOW,26.24
2026-06-10 04:00:00,WAREHOUSE,LOW,25.13
2026-06-10 04:00:00,OFFICE_A,LOW,24.34
2026-06-10 04:00:00,CONTROL_ROOM,LOW,24.0
2026-06-10 04:00:00,UTILITY,LOW,25.25
2026-06-10 04:00:00,BATTERY_FLEX,LOW,25.05
2026-06-10 04:15:00,PRODUCTION,LOW,25.47
2026-06-10 04:15:00,WAREHOUSE,LOW,24.74
2026-06-10 04:15:00,OFFICE_A,LOW,25.69
2026-06-10 04:15:00,CONTROL_ROOM,LOW,23.88
2026-06-10 04:15:00,UTILITY,LOW,26.61
2026-06-10 04:15:00,BATTERY_FLEX,LOW,24.69
2026-06-10 04:30:00,PRODUCTION,LOW,26.09
2026-06-10 04:30:00,WAREHOUSE,LOW,25.51
2026-06-10 04:30:00,OFFICE_A,LOW,25.47
2026-06-10 04:30:00,CONTROL_ROOM,LOW,24.57
2026-06-10 04:30:00,UTILITY,LOW,26.15
2026-06-10 04:30:00,BATTERY_FLEX,LOW,24.98
2026-06-10 04:45:00,PRODUCTION,LOW,25.47
2026-06-10 04:45:00,WAREHOUSE,LOW,26.18
2026-06-10 04:45:00,OFFICE_A,LOW,24.47
2026-06-10 04:45:00,CONTROL_ROOM,LOW,25.0
2026-06-10 04:45:00,UTILITY,LOW,26.03
2026-06-10 04:45:00,BATTERY_FLEX,LOW,25.2
2026-06-10 05:00:00,PRODUCTION,LOW,25.84
2026-06-10 05:00:00,WAREHOUSE,LOW,25.88
2026-06-10 05:00:00,OFFICE_A,LOW,25.08
2026-06-10 05:00:00,CONTROL_ROOM,LOW,23.08
2026-06-10 05:00:00,UTILITY,LOW,25.27
2026-06-10 05:00:00,BATTERY_FLEX,LOW,26.07
2026-06-10 05:15:00,PRODUCTION,LOW,25.56
2026-06-10 05:15:00,WAREHOUSE,LOW,25.85
2026-06-10 05:15:00,OFFICE_A,LOW,24.74
2026-06-10 05:15:00,CONTROL_ROOM,LOW,24.94
2026-06-10 05:15:00,UTILITY,LOW,26.07
2026-06-10 05:15:00,BATTERY_FLEX,LOW,25.27
2026-06-10 05:30:00,PRODUCTION,LOW,25.67
2026-06-10 05:30:00,WAREHOUSE,LOW,26.42
2026-06-10 05:30:00,OFFICE_A,LOW,24.93
2026-06-10 05:30:00,CONTROL_ROOM,LOW,24.62
2026-06-10 05:30:00,UTILITY,LOW,26.3
2026-06-10 05:30:00,BATTERY_FLEX,LOW,24.52
2026-06-10 05:45:00,PRODUCTION,LOW,25.83
2026-06-10 05:45:00,WAREHOUSE,LOW,25.61
2026-06-10 05:45:00,OFFICE_A,LOW,25.11
2026-06-10 05:45:00,CONTROL_ROOM,LOW,24.11
2026-06-10 05:45:00,UTILITY,LOW,25.99
2026-06-10 05:45:00,BATTERY_FLEX,LOW,24.85
2026-06-10 06:00:00,PRODUCTION,LOW,25.07
2026-06-10 06:00:00,WAREHOUSE,LOW,25.28
2026-06-10 06:00:00,OFFICE_A,LOW,25.02
2026-06-10 06:00:00,CONTROL_ROOM,LOW,25.3
2026-06-10 06:00:00,UTILITY,LOW,25.41
2026-06-10 06:00:00,BATTERY_FLEX,LOW,25.28
2026-06-10 06:15:00,PRODUCTION,LOW,26.39
2026-06-10 06:15:00,WAREHOUSE,LOW,25.34
2026-06-10 06:15:00,OFFICE_A,LOW,25.38
2026-06-10 06:15:00,CONTROL_ROOM,LOW,23.35
2026-06-10 06:15:00,UTILITY,LOW,26.12
2026-06-10 06:15:00,BATTERY_FLEX,LOW,24.67
2026-06-10 06:30:00,PRODUCTION,LOW,24.96
2026-06-10 06:30:00,WAREHOUSE,LOW,25.65
2026-06-10 06:30:00,OFFICE_A,LOW,24.69
2026-06-10 06:30:00,CONTROL_ROOM,LOW,23.88
2026-06-10 06:30:00,UTILITY,LOW,26.65
2026-06-10 06:30:00,BATTERY_FLEX,LOW,25.37
2026-06-10 06:45:00,PRODUCTION,LOW,26.57
2026-06-10 06:45:00,WAREHOUSE,LOW,24.85
2026-06-10 06:45:00,OFFICE_A,LOW,25.69
2026-06-10 06:45:00,CONTROL_ROOM,LOW,24.07
2026-06-10 06:45:00,UTILITY,LOW,25.61
2026-06-10 06:45:00,BATTERY_FLEX,LOW,25.39
2026-06-10 07:00:00,PRODUCTION,LOW,25.97
2026-06-10 07:00:00,WAREHOUSE,LOW,25.87
2026-06-10 07:00:00,OFFICE_A,LOW,25.56
2026-06-10 07:00:00,CONTROL_ROOM,LOW,24.68
2026-06-10 07:00:00,UTILITY,LOW,26.2
2026-06-10 07:00:00,BATTERY_FLEX,LOW,25.52
2026-06-10 07:15:00,PRODUCTION,LOW,26.04
2026-06-10 07:15:00,WAREHOUSE,LOW,26.42
2026-06-10 07:15:00,OFFICE_A,LOW,25.17
2026-06-10 07:15:00,CONTROL_ROOM,LOW,24.47
2026-06-10 07:15:00,UTILITY,LOW,26.48
2026-06-10 07:15:00,BATTERY_FLEX,LOW,24.07
2026-06-10 07:30:00,PRODUCTION,LOW,25.42
2026-06-10 07:30:00,WAREHOUSE,LOW,26.15
2026-06-10 07:30:00,OFFICE_A,LOW,25.91
2026-06-10 07:30:00,CONTROL_ROOM,LOW,24.59
2026-06-10 07:30:00,UTILITY,LOW,26.54
2026-06-10 07:30:00,BATTERY_FLEX,LOW,25.21
2026-06-10 07:45:00,PRODUCTION,MEDIUM,25.75
2026-06-10 07:45:00,WAREHOUSE,MEDIUM,26.27
2026-06-10 07:45:00,OFFICE_A,MEDIUM,26.33
2026-06-10 07:45:00,CONTROL_ROOM,MEDIUM,25.26
2026-06-10 07:45:00,UTILITY,MEDIUM,25.94
2026-06-10 07:45:00,BATTERY_FLEX,MEDIUM,24.67
2026-06-10 08:00:00,PRODUCTION,MEDIUM,25.82
2026-06-10 08:00:00,WAREHOUSE,MEDIUM,25.87
2026-06-10 08:00:00,OFFICE_A,MEDIUM,25.09
2026-06-10 08:00:00,CONTROL_ROOM,MEDIUM,24.95
2026-06-10 08:00:00,UTILITY,MEDIUM,26.85
2026-06-10 08:00:00,BATTERY_FLEX,MEDIUM,25.97
2026-06-10 08:15:00,PRODUCTION,MEDIUM,27.25
2026-06-10 08:15:00,WAREHOUSE,MEDIUM,25.24
2026-06-10 08:15:00,OFFICE_A,MEDIUM,25.65
2026-06-10 08:15:00,CONTROL_ROOM,MEDIUM,25.39
2026-06-10 08:15:00,UTILITY,MEDIUM,26.48
2026-06-10 08:15:00,BATTERY_FLEX,MEDIUM,26.41
2026-06-10 08:30:00,PRODUCTION,MEDIUM,25.68
2026-06-10 08:30:00,WAREHOUSE,MEDIUM,25.6
2026-06-10 08:30:00,OFFICE_A,MEDIUM,25.74
2026-06-10 08:30:00,CONTROL_ROOM,MEDIUM,25.29
2026-06-10 08:30:00,UTILITY,MEDIUM,26.5
2026-06-10 08:30:00,BATTERY_FLEX,MEDIUM,25.42
2026-06-10 08:45:00,PRODUCTION,HIGH,26.78
2026-06-10 08:45:00,WAREHOUSE,HIGH,25.78
2026-06-10 08:45:00,OFFICE_A,HIGH,25.28
2026-06-10 08:45:00,CONTROL_ROOM,HIGH,24.61
2026-06-10 08:45:00,UTILITY,HIGH,26.13
2026-06-10 08:45:00,BATTERY_FLEX,HIGH,24.97
2026-06-10 09:00:00,PRODUCTION,HIGH,26.31
2026-06-10 09:00:00,WAREHOUSE,HIGH,25.12
2026-06-10 09:00:00,OFFICE_A,HIGH,26.55
2026-06-10 09:00:00,CONTROL_ROOM,HIGH,24.86
2026-06-10 09:00:00,UTILITY,HIGH,25.36
2026-06-10 09:00:00,BATTERY_FLEX,HIGH,25.58
2026-06-10 09:15:00,PRODUCTION,MEDIUM,26.28
2026-06-10 09:15:00,WAREHOUSE,MEDIUM,26.07
2026-06-10 09:15:00,OFFICE_A,MEDIUM,25.57
2026-06-10 09:15:00,CONTROL_ROOM,MEDIUM,24.41
2026-06-10 09:15:00,UTILITY,MEDIUM,26.57
2026-06-10 09:15:00,BATTERY_FLEX,MEDIUM,24.97
2026-06-10 09:30:00,PRODUCTION,MEDIUM,26.71
2026-06-10 09:30:00,WAREHOUSE,MEDIUM,25.83
2026-06-10 09:30:00,OFFICE_A,MEDIUM,26.29
2026-06-10 09:30:00,CONTROL_ROOM,MEDIUM,24.57
2026-06-10 09:30:00,UTILITY,MEDIUM,25.81
2026-06-10 09:30:00,BATTERY_FLEX,MEDIUM,25.89
2026-06-10 09:45:00,PRODUCTION,HIGH,26.88
2026-06-10 09:45:00,WAREHOUSE,HIGH,25.39
2026-06-10 09:45:00,OFFICE_A,HIGH,25.54
2026-06-10 09:45:00,CONTROL_ROOM,HIGH,24.84
2026-06-10 09:45:00,UTILITY,HIGH,25.59
2026-06-10 09:45:00,BATTERY_FLEX,HIGH,24.76
2026-06-10 10:00:00,PRODUCTION,HIGH,26.72
2026-06-10 10:00:00,WAREHOUSE,HIGH,25.95
2026-06-10 10:00:00,OFFICE_A,HIGH,26.64
2026-06-10 10:00:00,CONTROL_ROOM,HIGH,25.17
2026-06-10 10:00:00,UTILITY,HIGH,26.75
2026-06-10 10:00:00,BATTERY_FLEX,HIGH,25.46
2026-06-10 10:15:00,PRODUCTION,HIGH,26.42
2026-06-10 10:15:00,WAREHOUSE,HIGH,25.61
2026-06-10 10:15:00,OFFICE_A,HIGH,26.16
2026-06-10 10:15:00,CONTROL_ROOM,HIGH,25.25
2026-06-10 10:15:00,UTILITY,HIGH,26.43
2026-06-10 10:15:00,BATTERY_FLEX,HIGH,25.15
2026-06-10 10:30:00,PRODUCTION,HIGH,25.96
2026-06-10 10:30:00,WAREHOUSE,HIGH,25.65
2026-06-10 10:30:00,OFFICE_A,HIGH,25.1
2026-06-10 10:30:00,CONTROL_ROOM,HIGH,24.99
2026-06-10 10:30:00,UTILITY,HIGH,26.14
2026-06-10 10:30:00,BATTERY_FLEX,HIGH,24.96
2026-06-10 10:45:00,PRODUCTION,HIGH,27.6
2026-06-10 10:45:00,WAREHOUSE,HIGH,26.29
2026-06-10 10:45:00,OFFICE_A,HIGH,25.99
2026-06-10 10:45:00,CONTROL_ROOM,HIGH,24.44
2026-06-10 10:45:00,UTILITY,HIGH,25.57
2026-06-10 10:45:00,BATTERY_FLEX,HIGH,25.05
2026-06-10 11:00:00,PRODUCTION,HIGH,26.44
2026-06-10 11:00:00,WAREHOUSE,HIGH,25.99
2026-06-10 11:00:00,OFFICE_A,HIGH,25.37
2026-06-10 11:00:00,CONTROL_ROOM,HIGH,24.65
2026-06-10 11:00:00,UTILITY,HIGH,26.17
2026-06-10 11:00:00,BATTERY_FLEX,HIGH,25.15
2026-06-10 11:15:00,PRODUCTION,HIGH,26.67
2026-06-10 11:15:00,WAREHOUSE,HIGH,26.01
2026-06-10 11:15:00,OFFICE_A,HIGH,25.9
2026-06-10 11:15:00,CONTROL_ROOM,HIGH,24.36
2026-06-10 11:15:00,UTILITY,HIGH,27.12
2026-06-10 11:15:00,BATTERY_FLEX,HIGH,24.71
2026-06-10 11:30:00,PRODUCTION,HIGH,27.42
2026-06-10 11:30:00,WAREHOUSE,HIGH,26.05
2026-06-10 11:30:00,OFFICE_A,HIGH,25.78
2026-06-10 11:30:00,CONTROL_ROOM,HIGH,25.61
2026-06-10 11:30:00,UTILITY,HIGH,25.95
2026-06-10 11:30:00,BATTERY_FLEX,HIGH,25.35
2026-06-10 11:45:00,PRODUCTION,HIGH,26.75
2026-06-10 11:45:00,WAREHOUSE,HIGH,24.91
2026-06-10 11:45:00,OFFICE_A,HIGH,26.31
2026-06-10 11:45:00,CONTROL_ROOM,HIGH,24.65
2026-06-10 11:45:00,UTILITY,HIGH,26.91
2026-06-10 11:45:00,BATTERY_FLEX,HIGH,25.09
2026-06-10 12:00:00,PRODUCTION,HIGH,27.12
2026-06-10 12:00:00,WAREHOUSE,HIGH,25.75
2026-06-10 12:00:00,OFFICE_A,HIGH,25.91
2026-06-10 12:00:00,CONTROL_ROOM,HIGH,25.28
2026-06-10 12:00:00,UTILITY,HIGH,25.74
2026-06-10 12:00:00,BATTERY_FLEX,HIGH,24.6
2026-06-10 12:15:00,PRODUCTION,HIGH,26.9
2026-06-10 12:15:00,WAREHOUSE,HIGH,26.01
2026-06-10 12:15:00,OFFICE_A,HIGH,25.35
2026-06-10 12:15:00,CONTROL_ROOM,HIGH,24.67
2026-06-10 12:15:00,UTILITY,HIGH,25.79
2026-06-10 12:15:00,BATTERY_FLEX,HIGH,26.13
2026-06-10 12:30:00,PRODUCTION,HIGH,25.86
2026-06-10 12:30:00,WAREHOUSE,HIGH,25.42
2026-06-10 12:30:00,OFFICE_A,HIGH,26.09
2026-06-10 12:30:00,CONTROL_ROOM,HIGH,25.27
2026-06-10 12:30:00,UTILITY,HIGH,26.21
2026-06-10 12:30:00,BATTERY_FLEX,HIGH,25.38
2026-06-10 12:45:00,PRODUCTION,HIGH,26.3
2026-06-10 12:45:00,WAREHOUSE,HIGH,25.87
2026-06-10 12:45:00,OFFICE_A,HIGH,26.21
2026-06-10 12:45:00,CONTROL_ROOM,HIGH,25.11
2026-06-10 12:45:00,UTILITY,HIGH,25.66
2026-06-10 12:45:00,BATTERY_FLEX,HIGH,24.75
2026-06-10 13:00:00,PRODUCTION,HIGH,26.32
2026-06-10 13:00:00,WAREHOUSE,HIGH,25.87
2026-06-10 13:00:00,OFFICE_A,HIGH,25.46
2026-06-10 13:00:00,CONTROL_ROOM,HIGH,25.68
2026-06-10 13:00:00,UTILITY,HIGH,26.35
2026-06-10 13:00:00,BATTERY_FLEX,HIGH,24.92
2026-06-10 13:15:00,PRODUCTION,HIGH,26.47
2026-06-10 13:15:00,WAREHOUSE,HIGH,25.84
2026-06-10 13:15:00,OFFICE_A,HIGH,26.35
2026-06-10 13:15:00,CONTROL_ROOM,HIGH,24.7
2026-06-10 13:15:00,UTILITY,HIGH,26.36
2026-06-10 13:15:00,BATTERY_FLEX,HIGH,25.4
2026-06-10 13:30:00,PRODUCTION,HIGH,26.58
2026-06-10 13:30:00,WAREHOUSE,HIGH,25.77
2026-06-10 13:30:00,OFFICE_A,HIGH,26.15
2026-06-10 13:30:00,CONTROL_ROOM,HIGH,25.69
2026-06-10 13:30:00,UTILITY,HIGH,25.66
2026-06-10 13:30:00,BATTERY_FLEX,HIGH,25.08
2026-06-10 13:45:00,PRODUCTION,HIGH,27.91
2026-06-10 13:45:00,WAREHOUSE,HIGH,26.07
2026-06-10 13:45:00,OFFICE_A,HIGH,26.6
2026-06-10 13:45:00,CONTROL_ROOM,HIGH,24.88
2026-06-10 13:45:00,UTILITY,HIGH,25.76
2026-06-10 13:45:00,BATTERY_FLEX,HIGH,25.1
2026-06-10 14:00:00,PRODUCTION,HIGH,26.49
2026-06-10 14:00:00,WAREHOUSE,HIGH,25.59
2026-06-10 14:00:00,OFFICE_A,HIGH,26.0
2026-06-10 14:00:00,CONTROL_ROOM,HIGH,25.46
2026-06-10 14:00:00,UTILITY,HIGH,26.69
2026-06-10 14:00:00,BATTERY_FLEX,HIGH,24.77
2026-06-10 14:15:00,PRODUCTION,HIGH,26.51
2026-06-10 14:15:00,WAREHOUSE,HIGH,26.56
2026-06-10 14:15:00,OFFICE_A,HIGH,25.9
2026-06-10 14:15:00,CONTROL_ROOM,HIGH,25.19
2026-06-10 14:15:00,UTILITY,HIGH,26.58
2026-06-10 14:15:00,BATTERY_FLEX,HIGH,24.84
2026-06-10 14:30:00,PRODUCTION,HIGH,26.36
2026-06-10 14:30:00,WAREHOUSE,HIGH,26.33
2026-06-10 14:30:00,OFFICE_A,HIGH,25.78
2026-06-10 14:30:00,CONTROL_ROOM,HIGH,25.36
2026-06-10 14:30:00,UTILITY,HIGH,26.43
2026-06-10 14:30:00,BATTERY_FLEX,HIGH,24.57
2026-06-10 14:45:00,PRODUCTION,HIGH,26.37
2026-06-10 14:45:00,WAREHOUSE,HIGH,25.79
2026-06-10 14:45:00,OFFICE_A,HIGH,25.48
2026-06-10 14:45:00,CONTROL_ROOM,HIGH,25.19
2026-06-10 14:45:00,UTILITY,HIGH,26.75
2026-06-10 14:45:00,BATTERY_FLEX,HIGH,24.88
2026-06-10 15:00:00,PRODUCTION,HIGH,25.41
2026-06-10 15:00:00,WAREHOUSE,HIGH,26.79
2026-06-10 15:00:00,OFFICE_A,HIGH,26.39
2026-06-10 15:00:00,CONTROL_ROOM,HIGH,25.48
2026-06-10 15:00:00,UTILITY,HIGH,26.21
2026-06-10 15:00:00,BATTERY_FLEX,HIGH,24.35
2026-06-10 15:15:00,PRODUCTION,HIGH,26.53
2026-06-10 15:15:00,WAREHOUSE,HIGH,25.9
2026-06-10 15:15:00,OFFICE_A,HIGH,25.75
2026-06-10 15:15:00,CONTROL_ROOM,HIGH,25.57
2026-06-10 15:15:00,UTILITY,HIGH,25.69
2026-06-10 15:15:00,BATTERY_FLEX,HIGH,26.41
2026-06-10 15:30:00,PRODUCTION,HIGH,26.63
2026-06-10 15:30:00,WAREHOUSE,HIGH,26.38
2026-06-10 15:30:00,OFFICE_A,HIGH,26.13
2026-06-10 15:30:00,CONTROL_ROOM,HIGH,24.4
2026-06-10 15:30:00,UTILITY,HIGH,27.05
2026-06-10 15:30:00,BATTERY_FLEX,HIGH,25.86
2026-06-10 15:45:00,PRODUCTION,HIGH,25.7
2026-06-10 15:45:00,WAREHOUSE,HIGH,26.25
2026-06-10 15:45:00,OFFICE_A,HIGH,25.31
2026-06-10 15:45:00,CONTROL_ROOM,HIGH,25.26
2026-06-10 15:45:00,UTILITY,HIGH,25.86
2026-06-10 15:45:00,BATTERY_FLEX,HIGH,24.57
2026-06-10 16:00:00,PRODUCTION,HIGH,26.04
2026-06-10 16:00:00,WAREHOUSE,HIGH,25.41
2026-06-10 16:00:00,OFFICE_A,HIGH,24.98
2026-06-10 16:00:00,CONTROL_ROOM,HIGH,24.08
2026-06-10 16:00:00,UTILITY,HIGH,27.19
2026-06-10 16:00:00,BATTERY_FLEX,HIGH,26.34
2026-06-10 16:15:00,PRODUCTION,HIGH,27.08
2026-06-10 16:15:00,WAREHOUSE,HIGH,25.53
2026-06-10 16:15:00,OFFICE_A,HIGH,26.26
2026-06-10 16:15:00,CONTROL_ROOM,HIGH,25.13
2026-06-10 16:15:00,UTILITY,HIGH,26.0
2026-06-10 16:15:00,BATTERY_FLEX,HIGH,25.02
2026-06-10 16:30:00,PRODUCTION,HIGH,26.44
2026-06-10 16:30:00,WAREHOUSE,HIGH,25.86
2026-06-10 16:30:00,OFFICE_A,HIGH,26.87
2026-06-10 16:30:00,CONTROL_ROOM,HIGH,25.09
2026-06-10 16:30:00,UTILITY,HIGH,26.75
2026-06-10 16:30:00,BATTERY_FLEX,HIGH,24.4
2026-06-10 16:45:00,PRODUCTION,HIGH,25.72
2026-06-10 16:45:00,WAREHOUSE,HIGH,25.75
2026-06-10 16:45:00,OFFICE_A,HIGH,26.93
2026-06-10 16:45:00,CONTROL_ROOM,HIGH,24.81
2026-06-10 16:45:00,UTILITY,HIGH,26.19
2026-06-10 16:45:00,BATTERY_FLEX,HIGH,25.47
2026-06-10 17:00:00,PRODUCTION,HIGH,27.32
2026-06-10 17:00:00,WAREHOUSE,HIGH,25.61
2026-06-10 17:00:00,OFFICE_A,HIGH,25.79
2026-06-10 17:00:00,CONTROL_ROOM,HIGH,25.04
2026-06-10 17:00:00,UTILITY,HIGH,25.71
2026-06-10 17:00:00,BATTERY_FLEX,HIGH,25.53
2026-06-10 17:15:00,PRODUCTION,HIGH,26.04
2026-06-10 17:15:00,WAREHOUSE,HIGH,26.16
2026-06-10 17:15:00,OFFICE_A,HIGH,25.88
2026-06-10 17:15:00,CONTROL_ROOM,HIGH,25.7
2026-06-10 17:15:00,UTILITY,HIGH,26.08
2026-06-10 17:15:00,BATTERY_FLEX,HIGH,25.6
2026-06-10 17:30:00,PRODUCTION,HIGH,25.73
2026-06-10 17:30:00,WAREHOUSE,HIGH,26.27
2026-06-10 17:30:00,OFFICE_A,HIGH,26.02
2026-06-10 17:30:00,CONTROL_ROOM,HIGH,25.46
2026-06-10 17:30:00,UTILITY,HIGH,26.61
2026-06-10 17:30:00,BATTERY_FLEX,HIGH,24.88
2026-06-10 17:45:00,PRODUCTION,HIGH,26.97
2026-06-10 17:45:00,WAREHOUSE,HIGH,25.66
2026-06-10 17:45:00,OFFICE_A,HIGH,26.52
2026-06-10 17:45:00,CONTROL_ROOM,HIGH,25.22
2026-06-10 17:45:00,UTILITY,HIGH,26.4
2026-06-10 17:45:00,BATTERY_FLEX,HIGH,25.06
2026-06-10 18:00:00,PRODUCTION,HIGH,26.74
2026-06-10 18:00:00,WAREHOUSE,HIGH,25.77
2026-06-10 18:00:00,OFFICE_A,HIGH,26.04
2026-06-10 18:00:00,CONTROL_ROOM,HIGH,25.83
2026-06-10 18:00:00,UTILITY,HIGH,26.84
2026-06-10 18:00:00,BATTERY_FLEX,HIGH,25.28
2026-06-10 18:15:00,PRODUCTION,HIGH,26.58
2026-06-10 18:15:00,WAREHOUSE,HIGH,26.16
2026-06-10 18:15:00,OFFICE_A,HIGH,26.3
2026-06-10 18:15:00,CONTROL_ROOM,HIGH,24.37
2026-06-10 18:15:00,UTILITY,HIGH,26.72
2026-06-10 18:15:00,BATTERY_FLEX,HIGH,25.19
2026-06-10 18:30:00,PRODUCTION,HIGH,26.58
2026-06-10 18:30:00,WAREHOUSE,HIGH,26.09
2026-06-10 18:30:00,OFFICE_A,HIGH,26.33
2026-06-10 18:30:00,CONTROL_ROOM,HIGH,25.64
2026-06-10 18:30:00,UTILITY,HIGH,26.6
2026-06-10 18:30:00,BATTERY_FLEX,HIGH,24.57
2026-06-10 18:45:00,PRODUCTION,MEDIUM,25.82
2026-06-10 18:45:00,WAREHOUSE,MEDIUM,25.96
2026-06-10 18:45:00,OFFICE_A,MEDIUM,25.69
2026-06-10 18:45:00,CONTROL_ROOM,MEDIUM,25.0
2026-06-10 18:45:00,UTILITY,MEDIUM,26.58
2026-06-10 18:45:00,BATTERY_FLEX,MEDIUM,24.93
2026-06-10 19:00:00,PRODUCTION,MEDIUM,26.36
2026-06-10 19:00:00,WAREHOUSE,MEDIUM,25.03
2026-06-10 19:00:00,OFFICE_A,MEDIUM,25.66
2026-06-10 19:00:00,CONTROL_ROOM,MEDIUM,25.15
2026-06-10 19:00:00,UTILITY,MEDIUM,26.5
2026-06-10 19:00:00,BATTERY_FLEX,MEDIUM,24.8
2026-06-10 19:15:00,PRODUCTION,MEDIUM,26.49
2026-06-10 19:15:00,WAREHOUSE,MEDIUM,25.44
2026-06-10 19:15:00,OFFICE_A,MEDIUM,25.94
2026-06-10 19:15:00,CONTROL_ROOM,MEDIUM,25.54
2026-06-10 19:15:00,UTILITY,MEDIUM,26.3
2026-06-10 19:15:00,BATTERY_FLEX,MEDIUM,24.38
2026-06-10 19:30:00,PRODUCTION,MEDIUM,26.2
2026-06-10 19:30:00,WAREHOUSE,MEDIUM,25.56
2026-06-10 19:30:00,OFFICE_A,MEDIUM,25.73
2026-06-10 19:30:00,CONTROL_ROOM,MEDIUM,24.78
2026-06-10 19:30:00,UTILITY,MEDIUM,26.74
2026-06-10 19:30:00,BATTERY_FLEX,MEDIUM,25.21
2026-06-10 19:45:00,PRODUCTION,MEDIUM,25.84
2026-06-10 19:45:00,WAREHOUSE,MEDIUM,24.76
2026-06-10 19:45:00,OFFICE_A,MEDIUM,25.81
2026-06-10 19:45:00,CONTROL_ROOM,MEDIUM,25.7
2026-06-10 19:45:00,UTILITY,MEDIUM,26.4
2026-06-10 19:45:00,BATTERY_FLEX,MEDIUM,25.51
2026-06-10 20:00:00,PRODUCTION,MEDIUM,27.18
2026-06-10 20:00:00,WAREHOUSE,MEDIUM,26.41
2026-06-10 20:00:00,OFFICE_A,MEDIUM,26.08
2026-06-10 20:00:00,CONTROL_ROOM,MEDIUM,24.7
2026-06-10 20:00:00,UTILITY,MEDIUM,26.27
2026-06-10 20:00:00,BATTERY_FLEX,MEDIUM,24.79
2026-06-10 20:15:00,PRODUCTION,MEDIUM,25.96
2026-06-10 20:15:00,WAREHOUSE,MEDIUM,24.92
2026-06-10 20:15:00,OFFICE_A,MEDIUM,25.59
2026-06-10 20:15:00,CONTROL_ROOM,MEDIUM,24.45
2026-06-10 20:15:00,UTILITY,MEDIUM,25.56
2026-06-10 20:15:00,BATTERY_FLEX,MEDIUM,24.97
2026-06-10 20:30:00,PRODUCTION,MEDIUM,25.14
2026-06-10 20:30:00,WAREHOUSE,MEDIUM,24.66
2026-06-10 20:30:00,OFFICE_A,MEDIUM,25.6
2026-06-10 20:30:00,CONTROL_ROOM,MEDIUM,24.64
2026-06-10 20:30:00,UTILITY,MEDIUM,26.35
2026-06-10 20:30:00,BATTERY_FLEX,MEDIUM,24.88
2026-06-10 20:45:00,PRODUCTION,MEDIUM,26.78
2026-06-10 20:45:00,WAREHOUSE,MEDIUM,25.46
2026-06-10 20:45:00,OFFICE_A,MEDIUM,25.48
2026-06-10 20:45:00,CONTROL_ROOM,MEDIUM,25.74
2026-06-10 20:45:00,UTILITY,MEDIUM,26.03
2026-06-10 20:45:00,BATTERY_FLEX,MEDIUM,25.4
2026-06-10 21:00:00,PRODUCTION,LOW,25.85
2026-06-10 21:00:00,WAREHOUSE,LOW,25.61
2026-06-10 21:00:00,OFFICE_A,LOW,24.96
2026-06-10 21:00:00,CONTROL_ROOM,LOW,24.41
2026-06-10 21:00:00,UTILITY,LOW,27.08
2026-06-10 21:00:00,BATTERY_FLEX,LOW,25.67
2026-06-10 21:15:00,PRODUCTION,LOW,25.58
2026-06-10 21:15:00,WAREHOUSE,LOW,26.03
2026-06-10 21:15:00,OFFICE_A,LOW,25.95
2026-06-10 21:15:00,CONTROL_ROOM,LOW,23.82
2026-06-10 21:15:00,UTILITY,LOW,25.81
2026-06-10 21:15:00,BATTERY_FLEX,LOW,26.14
2026-06-10 21:30:00,PRODUCTION,LOW,25.87
2026-06-10 21:30:00,WAREHOUSE,LOW,25.41
2026-06-10 21:30:00,OFFICE_A,LOW,25.72
2026-06-10 21:30:00,CONTROL_ROOM,LOW,24.93
2026-06-10 21:30:00,UTILITY,LOW,25.54
2026-06-10 21:30:00,BATTERY_FLEX,LOW,24.89
2026-06-10 21:45:00,PRODUCTION,LOW,26.23
2026-06-10 21:45:00,WAREHOUSE,LOW,26.11
2026-06-10 21:45:00,OFFICE_A,LOW,25.0
2026-06-10 21:45:00,CONTROL_ROOM,LOW,24.33
2026-06-10 21:45:00,UTILITY,LOW,25.45
2026-06-10 21:45:00,BATTERY_FLEX,LOW,24.61
2026-06-10 22:00:00,PRODUCTION,LOW,25.35
2026-06-10 22:00:00,WAREHOUSE,LOW,25.02
2026-06-10 22:00:00,OFFICE_A,LOW,25.43
2026-06-10 22:00:00,CONTROL_ROOM,LOW,23.22
2026-06-10 22:00:00,UTILITY,LOW,25.55
2026-06-10 22:00:00,BATTERY_FLEX,LOW,24.12
2026-06-10 22:15:00,PRODUCTION,LOW,26.56
2026-06-10 22:15:00,WAREHOUSE,LOW,26.4
2026-06-10 22:15:00,OFFICE_A,LOW,24.34
2026-06-10 22:15:00,CONTROL_ROOM,LOW,24.39
2026-06-10 22:15:00,UTILITY,LOW,25.57
2026-06-10 22:15:00,BATTERY_FLEX,LOW,24.46
2026-06-10 22:30:00,PRODUCTION,LOW,25.4
2026-06-10 22:30:00,WAREHOUSE,LOW,25.92
2026-06-10 22:30:00,OFFICE_A,LOW,24.14
2026-06-10 22:30:00,CONTROL_ROOM,LOW,23.89
2026-06-10 22:30:00,UTILITY,LOW,25.65
2026-06-10 22:30:00,BATTERY_FLEX,LOW,25.1
2026-06-10 22:45:00,PRODUCTION,LOW,25.74
2026-06-10 22:45:00,WAREHOUSE,LOW,25.83
2026-06-10 22:45:00,OFFICE_A,LOW,25.31
2026-06-10 22:45:00,CONTROL_ROOM,LOW,24.09
2026-06-10 22:45:00,UTILITY,LOW,26.26
2026-06-10 22:45:00,BATTERY_FLEX,LOW,25.47
2026-06-10 23:00:00,PRODUCTION,LOW,25.23
2026-06-10 23:00:00,WAREHOUSE,LOW,26.47
2026-06-10 23:00:00,OFFICE_A,LOW,24.61
2026-06-10 23:00:00,CONTROL_ROOM,LOW,24.11
2026-06-10 23:00:00,UTILITY,LOW,25.6
2026-06-10 23:00:00,BATTERY_FLEX,LOW,26.16
2026-06-10 23:15:00,PRODUCTION,LOW,25.77
2026-06-10 23:15:00,WAREHOUSE,LOW,25.39
2026-06-10 23:15:00,OFFICE_A,LOW,25.16
2026-06-10 23:15:00,CONTROL_ROOM,LOW,22.46
2026-06-10 23:15:00,UTILITY,LOW,26.09
2026-06-10 23:15:00,BATTERY_FLEX,LOW,25.07
2026-06-10 23:30:00,PRODUCTION,LOW,26.14
2026-06-10 23:30:00,WAREHOUSE,LOW,25.01
2026-06-10 23:30:00,OFFICE_A,LOW,25.62
2026-06-10 23:30:00,CONTROL_ROOM,LOW,23.95
2026-06-10 23:30:00,UTILITY,LOW,25.47
2026-06-10 23:30:00,BATTERY_FLEX,LOW,24.97
2026-06-10 23:45:00,PRODUCTION,LOW,25.42
2026-06-10 23:45:00,WAREHOUSE,LOW,26.1
2026-06-10 23:45:00,OFFICE_A,LOW,24.97
2026-06-10 23:45:00,CONTROL_ROOM,LOW,24.41
2026-06-10 23:45:00,UTILITY,LOW,26.18
2026-06-10 23:45:00,BATTERY_FLEX,LOW,25.4
2026-06-11 00:00:00,PRODUCTION,LOW,24.08
2026-06-11 00:00:00,WAREHOUSE,LOW,22.76
2026-06-11 00:00:00,OFFICE_A,LOW,21.79
2026-06-11 00:00:00,CONTROL_ROOM,LOW,21.96
2026-06-11 00:00:00,UTILITY,LOW,23.39
2026-06-11 00:00:00,BATTERY_FLEX,LOW,22.49
2026-06-11 00:15:00,PRODUCTION,LOW,23.12
2026-06-11 00:15:00,WAREHOUSE,LOW,23.78
2026-06-11 00:15:00,OFFICE_A,LOW,22.69
2026-06-11 00:15:00,CONTROL_ROOM,LOW,21.05
2026-06-11 00:15:00,UTILITY,LOW,22.94
2026-06-11 00:15:00,BATTERY_FLEX,LOW,22.61
2026-06-11 00:30:00,PRODUCTION,LOW,23.55
2026-06-11 00:30:00,WAREHOUSE,LOW,22.87
2026-06-11 00:30:00,OFFICE_A,LOW,22.85
2026-06-11 00:30:00,CONTROL_ROOM,LOW,21.8
2026-06-11 00:30:00,UTILITY,LOW,23.85
2026-06-11 00:30:00,BATTERY_FLEX,LOW,22.85
2026-06-11 00:45:00,PRODUCTION,LOW,22.99
2026-06-11 00:45:00,WAREHOUSE,LOW,23.07
2026-06-11 00:45:00,OFFICE_A,LOW,23.07
2026-06-11 00:45:00,CONTROL_ROOM,LOW,21.74
2026-06-11 00:45:00,UTILITY,LOW,24.3
2026-06-11 00:45:00,BATTERY_FLEX,LOW,23.11
2026-06-11 01:00:00,PRODUCTION,LOW,22.91
2026-06-11 01:00:00,WAREHOUSE,LOW,22.34
2026-06-11 01:00:00,OFFICE_A,LOW,22.69
2026-06-11 01:00:00,CONTROL_ROOM,LOW,21.65
2026-06-11 01:00:00,UTILITY,LOW,23.87
2026-06-11 01:00:00,BATTERY_FLEX,LOW,23.22
2026-06-11 01:15:00,PRODUCTION,LOW,22.53
2026-06-11 01:15:00,WAREHOUSE,LOW,22.77
2026-06-11 01:15:00,OFFICE_A,LOW,22.5
2026-06-11 01:15:00,CONTROL_ROOM,LOW,21.98
2026-06-11 01:15:00,UTILITY,LOW,23.07
2026-06-11 01:15:00,BATTERY_FLEX,LOW,22.4
2026-06-11 01:30:00,PRODUCTION,LOW,23.53
2026-06-11 01:30:00,WAREHOUSE,LOW,23.64
2026-06-11 01:30:00,OFFICE_A,LOW,22.54
2026-06-11 01:30:00,CONTROL_ROOM,LOW,22.31
2026-06-11 01:30:00,UTILITY,LOW,22.87
2026-06-11 01:30:00,BATTERY_FLEX,LOW,21.86
2026-06-11 01:45:00,PRODUCTION,LOW,22.92
2026-06-11 01:45:00,WAREHOUSE,LOW,22.82
2026-06-11 01:45:00,OFFICE_A,LOW,22.62
2026-06-11 01:45:00,CONTROL_ROOM,LOW,22.01
2026-06-11 01:45:00,UTILITY,LOW,23.32
2026-06-11 01:45:00,BATTERY_FLEX,LOW,22.29
2026-06-11 02:00:00,PRODUCTION,LOW,23.27
2026-06-11 02:00:00,WAREHOUSE,LOW,22.69
2026-06-11 02:00:00,OFFICE_A,LOW,23.34
2026-06-11 02:00:00,CONTROL_ROOM,LOW,21.43
2026-06-11 02:00:00,UTILITY,LOW,24.27
2026-06-11 02:00:00,BATTERY_FLEX,LOW,23.26
2026-06-11 02:15:00,PRODUCTION,LOW,23.46
2026-06-11 02:15:00,WAREHOUSE,LOW,22.9
2026-06-11 02:15:00,OFFICE_A,LOW,23.24
2026-06-11 02:15:00,CONTROL_ROOM,LOW,22.11
2026-06-11 02:15:00,UTILITY,LOW,24.22
2026-06-11 02:15:00,BATTERY_FLEX,LOW,22.23
2026-06-11 02:30:00,PRODUCTION,LOW,23.19
2026-06-11 02:30:00,WAREHOUSE,LOW,23.19
2026-06-11 02:30:00,OFFICE_A,LOW,22.63
2026-06-11 02:30:00,CONTROL_ROOM,LOW,21.58
2026-06-11 02:30:00,UTILITY,LOW,23.12
2026-06-11 02:30:00,BATTERY_FLEX,LOW,22.95
2026-06-11 02:45:00,PRODUCTION,LOW,23.42
2026-06-11 02:45:00,WAREHOUSE,LOW,23.05
2026-06-11 02:45:00,OFFICE_A,LOW,21.94
2026-06-11 02:45:00,CONTROL_ROOM,LOW,21.05
2026-06-11 02:45:00,UTILITY,LOW,23.16
2026-06-11 02:45:00,BATTERY_FLEX,LOW,21.48
2026-06-11 03:00:00,PRODUCTION,LOW,22.08
2026-06-11 03:00:00,WAREHOUSE,LOW,22.13
2026-06-11 03:00:00,OFFICE_A,LOW,22.68
2026-06-11 03:00:00,CONTROL_ROOM,LOW,22.66
2026-06-11 03:00:00,UTILITY,LOW,23.2
2026-06-11 03:00:00,BATTERY_FLEX,LOW,22.98
2026-06-11 03:15:00,PRODUCTION,LOW,23.05
2026-06-11 03:15:00,WAREHOUSE,LOW,22.71
2026-06-11 03:15:00,OFFICE_A,LOW,23.43
2026-06-11 03:15:00,CONTROL_ROOM,LOW,21.75
2026-06-11 03:15:00,UTILITY,LOW,24.1
2026-06-11 03:15:00,BATTERY_FLEX,LOW,22.21
2026-06-11 03:30:00,PRODUCTION,LOW,23.26
2026-06-11 03:30:00,WAREHOUSE,LOW,22.8
2026-06-11 03:30:00,OFFICE_A,LOW,22.69
2026-06-11 03:30:00,CONTROL_ROOM,LOW,21.47
2026-06-11 03:30:00,UTILITY,LOW,24.03
2026-06-11 03:30:00,BATTERY_FLEX,LOW,22.45
2026-06-11 03:45:00,PRODUCTION,LOW,23.43
2026-06-11 03:45:00,WAREHOUSE,LOW,22.45
2026-06-11 03:45:00,OFFICE_A,LOW,22.77
2026-06-11 03:45:00,CONTROL_ROOM,LOW,21.69
2026-06-11 03:45:00,UTILITY,LOW,23.5
2026-06-11 03:45:00,BATTERY_FLEX,LOW,22.75
2026-06-11 04:00:00,PRODUCTION,LOW,23.38
2026-06-11 04:00:00,WAREHOUSE,LOW,23.86
2026-06-11 04:00:00,OFFICE_A,LOW,23.51
2026-06-11 04:00:00,CONTROL_ROOM,LOW,20.99
2026-06-11 04:00:00,UTILITY,LOW,23.37
2026-06-11 04:00:00,BATTERY_FLEX,LOW,21.76
2026-06-11 04:15:00,PRODUCTION,LOW,23.28
2026-06-11 04:15:00,WAREHOUSE,LOW,23.74
2026-06-11 04:15:00,OFFICE_A,LOW,23.3
2026-06-11 04:15:00,CONTROL_ROOM,LOW,22.27
2026-06-11 04:15:00,UTILITY,LOW,23.78
2026-06-11 04:15:00,BATTERY_FLEX,LOW,22.37
2026-06-11 04:30:00,PRODUCTION,LOW,23.0
2026-06-11 04:30:00,WAREHOUSE,LOW,23.61
2026-06-11 04:30:00,OFFICE_A,LOW,23.51
2026-06-11 04:30:00,CONTROL_ROOM,LOW,21.3
2026-06-11 04:30:00,UTILITY,LOW,23.41
2026-06-11 04:30:00,BATTERY_FLEX,LOW,22.72
2026-06-11 04:45:00,PRODUCTION,LOW,23.46
2026-06-11 04:45:00,WAREHOUSE,LOW,23.33
2026-06-11 04:45:00,OFFICE_A,LOW,23.63
2026-06-11 04:45:00,CONTROL_ROOM,LOW,21.52
2026-06-11 04:45:00,UTILITY,LOW,23.52
2026-06-11 04:45:00,BATTERY_FLEX,LOW,21.94
2026-06-11 05:00:00,PRODUCTION,LOW,23.42
2026-06-11 05:00:00,WAREHOUSE,LOW,22.91
2026-06-11 05:00:00,OFFICE_A,LOW,22.66
2026-06-11 05:00:00,CONTROL_ROOM,LOW,22.09
2026-06-11 05:00:00,UTILITY,LOW,22.98
2026-06-11 05:00:00,BATTERY_FLEX,LOW,22.65
2026-06-11 05:15:00,PRODUCTION,LOW,22.37
2026-06-11 05:15:00,WAREHOUSE,LOW,22.99
2026-06-11 05:15:00,OFFICE_A,LOW,22.12
2026-06-11 05:15:00,CONTROL_ROOM,LOW,22.42
2026-06-11 05:15:00,UTILITY,LOW,22.97
2026-06-11 05:15:00,BATTERY_FLEX,LOW,21.73
2026-06-11 05:30:00,PRODUCTION,LOW,23.39
2026-06-11 05:30:00,WAREHOUSE,LOW,22.04
2026-06-11 05:30:00,OFFICE_A,LOW,22.11
2026-06-11 05:30:00,CONTROL_ROOM,LOW,21.34
2026-06-11 05:30:00,UTILITY,LOW,23.93
2026-06-11 05:30:00,BATTERY_FLEX,LOW,23.18
2026-06-11 05:45:00,PRODUCTION,LOW,23.29
2026-06-11 05:45:00,WAREHOUSE,LOW,23.76
2026-06-11 05:45:00,OFFICE_A,LOW,23.21
2026-06-11 05:45:00,CONTROL_ROOM,LOW,21.82
2026-06-11 05:45:00,UTILITY,LOW,22.93
2026-06-11 05:45:00,BATTERY_FLEX,LOW,22.26
2026-06-11 06:00:00,PRODUCTION,LOW,23.61
2026-06-11 06:00:00,WAREHOUSE,LOW,22.82
2026-06-11 06:00:00,OFFICE_A,LOW,22.05
2026-06-11 06:00:00,CONTROL_ROOM,LOW,22.4
2026-06-11 06:00:00,UTILITY,LOW,23.77
2026-06-11 06:00:00,BATTERY_FLEX,LOW,22.34
2026-06-11 06:15:00,PRODUCTION,LOW,23.93
2026-06-11 06:15:00,WAREHOUSE,LOW,23.51
2026-06-11 06:15:00,OFFICE_A,LOW,22.47
2026-06-11 06:15:00,CONTROL_ROOM,LOW,21.48
2026-06-11 06:15:00,UTILITY,LOW,24.28
2026-06-11 06:15:00,BATTERY_FLEX,LOW,23.29
2026-06-11 06:30:00,PRODUCTION,LOW,22.77
2026-06-11 06:30:00,WAREHOUSE,LOW,23.2
2026-06-11 06:30:00,OFFICE_A,LOW,22.11
2026-06-11 06:30:00,CONTROL_ROOM,LOW,21.55
2026-06-11 06:30:00,UTILITY,LOW,23.17
2026-06-11 06:30:00,BATTERY_FLEX,LOW,22.32
2026-06-11 06:45:00,PRODUCTION,LOW,23.65
2026-06-11 06:45:00,WAREHOUSE,LOW,24.0
2026-06-11 06:45:00,OFFICE_A,LOW,22.82
2026-06-11 06:45:00,CONTROL_ROOM,LOW,21.63
2026-06-11 06:45:00,UTILITY,LOW,24.48
2026-06-11 06:45:00,BATTERY_FLEX,LOW,22.31
2026-06-11 07:00:00,PRODUCTION,LOW,23.71
2026-06-11 07:00:00,WAREHOUSE,LOW,23.38
2026-06-11 07:00:00,OFFICE_A,LOW,23.49
2026-06-11 07:00:00,CONTROL_ROOM,LOW,22.3
2026-06-11 07:00:00,UTILITY,LOW,24.24
2026-06-11 07:00:00,BATTERY_FLEX,LOW,22.53
2026-06-11 07:15:00,PRODUCTION,LOW,22.69
2026-06-11 07:15:00,WAREHOUSE,LOW,23.38
2026-06-11 07:15:00,OFFICE_A,LOW,23.71
2026-06-11 07:15:00,CONTROL_ROOM,LOW,21.99
2026-06-11 07:15:00,UTILITY,LOW,24.1
2026-06-11 07:15:00,BATTERY_FLEX,LOW,21.6
2026-06-11 07:30:00,PRODUCTION,MEDIUM,22.76
2026-06-11 07:30:00,WAREHOUSE,MEDIUM,22.5
2026-06-11 07:30:00,OFFICE_A,MEDIUM,23.3
2026-06-11 07:30:00,CONTROL_ROOM,MEDIUM,22.57
2026-06-11 07:30:00,UTILITY,MEDIUM,23.56
2026-06-11 07:30:00,BATTERY_FLEX,MEDIUM,22.92
2026-06-11 07:45:00,PRODUCTION,MEDIUM,23.81
2026-06-11 07:45:00,WAREHOUSE,MEDIUM,23.44
2026-06-11 07:45:00,OFFICE_A,MEDIUM,23.47
2026-06-11 07:45:00,CONTROL_ROOM,MEDIUM,22.18
2026-06-11 07:45:00,UTILITY,MEDIUM,23.05
2026-06-11 07:45:00,BATTERY_FLEX,MEDIUM,22.98
2026-06-11 08:00:00,PRODUCTION,MEDIUM,23.26
2026-06-11 08:00:00,WAREHOUSE,MEDIUM,23.6
2026-06-11 08:00:00,OFFICE_A,MEDIUM,22.4
2026-06-11 08:00:00,CONTROL_ROOM,MEDIUM,21.61
2026-06-11 08:00:00,UTILITY,MEDIUM,23.49
2026-06-11 08:00:00,BATTERY_FLEX,MEDIUM,23.46
2026-06-11 08:15:00,PRODUCTION,MEDIUM,24.4
2026-06-11 08:15:00,WAREHOUSE,MEDIUM,22.59
2026-06-11 08:15:00,OFFICE_A,MEDIUM,21.96
2026-06-11 08:15:00,CONTROL_ROOM,MEDIUM,22.19
2026-06-11 08:15:00,UTILITY,MEDIUM,24.24
2026-06-11 08:15:00,BATTERY_FLEX,MEDIUM,23.48
2026-06-11 08:30:00,PRODUCTION,MEDIUM,23.47
2026-06-11 08:30:00,WAREHOUSE,MEDIUM,22.95
2026-06-11 08:30:00,OFFICE_A,MEDIUM,23.73
2026-06-11 08:30:00,CONTROL_ROOM,MEDIUM,22.8
2026-06-11 08:30:00,UTILITY,MEDIUM,24.14
2026-06-11 08:30:00,BATTERY_FLEX,MEDIUM,21.99
2026-06-11 08:45:00,PRODUCTION,MEDIUM,22.69
2026-06-11 08:45:00,WAREHOUSE,MEDIUM,23.7
2026-06-11 08:45:00,OFFICE_A,MEDIUM,23.13
2026-06-11 08:45:00,CONTROL_ROOM,MEDIUM,21.58
2026-06-11 08:45:00,UTILITY,MEDIUM,23.58
2026-06-11 08:45:00,BATTERY_FLEX,MEDIUM,22.86
2026-06-11 09:00:00,PRODUCTION,HIGH,24.41
2026-06-11 09:00:00,WAREHOUSE,HIGH,23.06
2026-06-11 09:00:00,OFFICE_A,HIGH,23.26
2026-06-11 09:00:00,CONTROL_ROOM,HIGH,22.59
2026-06-11 09:00:00,UTILITY,HIGH,23.16
2026-06-11 09:00:00,BATTERY_FLEX,HIGH,22.89
2026-06-11 09:15:00,PRODUCTION,MEDIUM,23.26
2026-06-11 09:15:00,WAREHOUSE,MEDIUM,24.03
2026-06-11 09:15:00,OFFICE_A,MEDIUM,23.35
2026-06-11 09:15:00,CONTROL_ROOM,MEDIUM,22.42
2026-06-11 09:15:00,UTILITY,MEDIUM,22.7
2026-06-11 09:15:00,BATTERY_FLEX,MEDIUM,22.41
2026-06-11 09:30:00,PRODUCTION,MEDIUM,23.91
2026-06-11 09:30:00,WAREHOUSE,MEDIUM,23.38
2026-06-11 09:30:00,OFFICE_A,MEDIUM,23.94
2026-06-11 09:30:00,CONTROL_ROOM,MEDIUM,21.97
2026-06-11 09:30:00,UTILITY,MEDIUM,22.58
2026-06-11 09:30:00,BATTERY_FLEX,MEDIUM,22.2
2026-06-11 09:45:00,PRODUCTION,MEDIUM,23.58
2026-06-11 09:45:00,WAREHOUSE,MEDIUM,23.91
2026-06-11 09:45:00,OFFICE_A,MEDIUM,23.31
2026-06-11 09:45:00,CONTROL_ROOM,MEDIUM,22.75
2026-06-11 09:45:00,UTILITY,MEDIUM,22.88
2026-06-11 09:45:00,BATTERY_FLEX,MEDIUM,21.9
2026-06-11 10:00:00,PRODUCTION,HIGH,23.36
2026-06-11 10:00:00,WAREHOUSE,HIGH,23.28
2026-06-11 10:00:00,OFFICE_A,HIGH,22.85
2026-06-11 10:00:00,CONTROL_ROOM,HIGH,23.02
2026-06-11 10:00:00,UTILITY,HIGH,25.09
2026-06-11 10:00:00,BATTERY_FLEX,HIGH,22.97
2026-06-11 10:15:00,PRODUCTION,HIGH,24.66
2026-06-11 10:15:00,WAREHOUSE,HIGH,22.71
2026-06-11 10:15:00,OFFICE_A,HIGH,23.19
2026-06-11 10:15:00,CONTROL_ROOM,HIGH,22.71
2026-06-11 10:15:00,UTILITY,HIGH,24.46
2026-06-11 10:15:00,BATTERY_FLEX,HIGH,22.62
2026-06-11 10:30:00,PRODUCTION,HIGH,23.65
2026-06-11 10:30:00,WAREHOUSE,HIGH,23.44
2026-06-11 10:30:00,OFFICE_A,HIGH,23.53
2026-06-11 10:30:00,CONTROL_ROOM,HIGH,23.5
2026-06-11 10:30:00,UTILITY,HIGH,23.95
2026-06-11 10:30:00,BATTERY_FLEX,HIGH,23.31
2026-06-11 10:45:00,PRODUCTION,HIGH,24.15
2026-06-11 10:45:00,WAREHOUSE,HIGH,23.58
2026-06-11 10:45:00,OFFICE_A,HIGH,23.48
2026-06-11 10:45:00,CONTROL_ROOM,HIGH,23.66
2026-06-11 10:45:00,UTILITY,HIGH,24.45
2026-06-11 10:45:00,BATTERY_FLEX,HIGH,23.33
2026-06-11 11:00:00,PRODUCTION,HIGH,24.63
2026-06-11 11:00:00,WAREHOUSE,HIGH,22.74
2026-06-11 11:00:00,OFFICE_A,HIGH,23.17
2026-06-11 11:00:00,CONTROL_ROOM,HIGH,22.73
2026-06-11 11:00:00,UTILITY,HIGH,24.35
2026-06-11 11:00:00,BATTERY_FLEX,HIGH,22.16
2026-06-11 11:15:00,PRODUCTION,HIGH,24.44
2026-06-11 11:15:00,WAREHOUSE,HIGH,24.97
2026-06-11 11:15:00,OFFICE_A,HIGH,23.72
2026-06-11 11:15:00,CONTROL_ROOM,HIGH,22.15
2026-06-11 11:15:00,UTILITY,HIGH,23.11
2026-06-11 11:15:00,BATTERY_FLEX,HIGH,22.59
2026-06-11 11:30:00,PRODUCTION,HIGH,23.82
2026-06-11 11:30:00,WAREHOUSE,HIGH,24.26
2026-06-11 11:30:00,OFFICE_A,HIGH,23.19
2026-06-11 11:30:00,CONTROL_ROOM,HIGH,22.5
2026-06-11 11:30:00,UTILITY,HIGH,24.08
2026-06-11 11:30:00,BATTERY_FLEX,HIGH,23.21
2026-06-11 11:45:00,PRODUCTION,HIGH,23.77
2026-06-11 11:45:00,WAREHOUSE,HIGH,23.73
2026-06-11 11:45:00,OFFICE_A,HIGH,24.05
2026-06-11 11:45:00,CONTROL_ROOM,HIGH,23.35
2026-06-11 11:45:00,UTILITY,HIGH,22.94
2026-06-11 11:45:00,BATTERY_FLEX,HIGH,22.32
2026-06-11 12:00:00,PRODUCTION,HIGH,24.57
2026-06-11 12:00:00,WAREHOUSE,HIGH,22.97
2026-06-11 12:00:00,OFFICE_A,HIGH,23.32
2026-06-11 12:00:00,CONTROL_ROOM,HIGH,22.0
2026-06-11 12:00:00,UTILITY,HIGH,23.5
2026-06-11 12:00:00,BATTERY_FLEX,HIGH,22.51
2026-06-11 12:15:00,PRODUCTION,HIGH,23.87
2026-06-11 12:15:00,WAREHOUSE,HIGH,24.19
2026-06-11 12:15:00,OFFICE_A,HIGH,23.31
2026-06-11 12:15:00,CONTROL_ROOM,HIGH,22.68
2026-06-11 12:15:00,UTILITY,HIGH,23.46
2026-06-11 12:15:00,BATTERY_FLEX,HIGH,22.46
2026-06-11 12:30:00,PRODUCTION,HIGH,24.07
2026-06-11 12:30:00,WAREHOUSE,HIGH,23.78
2026-06-11 12:30:00,OFFICE_A,HIGH,22.58
2026-06-11 12:30:00,CONTROL_ROOM,HIGH,22.2
2026-06-11 12:30:00,UTILITY,HIGH,23.06
2026-06-11 12:30:00,BATTERY_FLEX,HIGH,22.61
2026-06-11 12:45:00,PRODUCTION,HIGH,24.75
2026-06-11 12:45:00,WAREHOUSE,HIGH,23.48
2026-06-11 12:45:00,OFFICE_A,HIGH,23.14
2026-06-11 12:45:00,CONTROL_ROOM,HIGH,22.6
2026-06-11 12:45:00,UTILITY,HIGH,23.34
2026-06-11 12:45:00,BATTERY_FLEX,HIGH,22.96
2026-06-11 13:00:00,PRODUCTION,HIGH,23.97
2026-06-11 13:00:00,WAREHOUSE,HIGH,23.53
2026-06-11 13:00:00,OFFICE_A,HIGH,23.94
2026-06-11 13:00:00,CONTROL_ROOM,HIGH,22.77
2026-06-11 13:00:00,UTILITY,HIGH,23.6
2026-06-11 13:00:00,BATTERY_FLEX,HIGH,23.22
2026-06-11 13:15:00,PRODUCTION,HIGH,23.87
2026-06-11 13:15:00,WAREHOUSE,HIGH,22.82
2026-06-11 13:15:00,OFFICE_A,HIGH,23.6
2026-06-11 13:15:00,CONTROL_ROOM,HIGH,21.42
2026-06-11 13:15:00,UTILITY,HIGH,23.4
2026-06-11 13:15:00,BATTERY_FLEX,HIGH,22.96
2026-06-11 13:30:00,PRODUCTION,HIGH,23.98
2026-06-11 13:30:00,WAREHOUSE,HIGH,23.55
2026-06-11 13:30:00,OFFICE_A,HIGH,23.98
2026-06-11 13:30:00,CONTROL_ROOM,HIGH,22.55
2026-06-11 13:30:00,UTILITY,HIGH,23.34
2026-06-11 13:30:00,BATTERY_FLEX,HIGH,22.52
2026-06-11 13:45:00,PRODUCTION,HIGH,23.82
2026-06-11 13:45:00,WAREHOUSE,HIGH,23.2
2026-06-11 13:45:00,OFFICE_A,HIGH,23.01
2026-06-11 13:45:00,CONTROL_ROOM,HIGH,21.59
2026-06-11 13:45:00,UTILITY,HIGH,24.01
2026-06-11 13:45:00,BATTERY_FLEX,HIGH,23.24
2026-06-11 14:00:00,PRODUCTION,HIGH,24.42
2026-06-11 14:00:00,WAREHOUSE,HIGH,23.07
2026-06-11 14:00:00,OFFICE_A,HIGH,23.15
2026-06-11 14:00:00,CONTROL_ROOM,HIGH,22.66
2026-06-11 14:00:00,UTILITY,HIGH,23.9
2026-06-11 14:00:00,BATTERY_FLEX,HIGH,22.83
2026-06-11 14:15:00,PRODUCTION,HIGH,24.34
2026-06-11 14:15:00,WAREHOUSE,HIGH,23.38
2026-06-11 14:15:00,OFFICE_A,HIGH,23.66
2026-06-11 14:15:00,CONTROL_ROOM,HIGH,23.44
2026-06-11 14:15:00,UTILITY,HIGH,23.46
2026-06-11 14:15:00,BATTERY_FLEX,HIGH,23.42
2026-06-11 14:30:00,PRODUCTION,HIGH,23.99
2026-06-11 14:30:00,WAREHOUSE,HIGH,24.12
2026-06-11 14:30:00,OFFICE_A,HIGH,23.87
2026-06-11 14:30:00,CONTROL_ROOM,HIGH,22.2
2026-06-11 14:30:00,UTILITY,HIGH,23.6
2026-06-11 14:30:00,BATTERY_FLEX,HIGH,23.35
2026-06-11 14:45:00,PRODUCTION,HIGH,24.2
2026-06-11 14:45:00,WAREHOUSE,HIGH,23.02
2026-06-11 14:45:00,OFFICE_A,HIGH,24.78
2026-06-11 14:45:00,CONTROL_ROOM,HIGH,22.72
2026-06-11 14:45:00,UTILITY,HIGH,23.74
2026-06-11 14:45:00,BATTERY_FLEX,HIGH,23.37
2026-06-11 15:00:00,PRODUCTION,HIGH,23.83
2026-06-11 15:00:00,WAREHOUSE,HIGH,23.79
2026-06-11 15:00:00,OFFICE_A,HIGH,24.34
2026-06-11 15:00:00,CONTROL_ROOM,HIGH,22.17
2026-06-11 15:00:00,UTILITY,HIGH,23.32
2026-06-11 15:00:00,BATTERY_FLEX,HIGH,23.05
2026-06-11 15:15:00,PRODUCTION,HIGH,23.88
2026-06-11 15:15:00,WAREHOUSE,HIGH,22.31
2026-06-11 15:15:00,OFFICE_A,HIGH,23.0
2026-06-11 15:15:00,CONTROL_ROOM,HIGH,22.66
2026-06-11 15:15:00,UTILITY,HIGH,22.86
2026-06-11 15:15:00,BATTERY_FLEX,HIGH,22.64
2026-06-11 15:30:00,PRODUCTION,HIGH,23.67
2026-06-11 15:30:00,WAREHOUSE,HIGH,23.43
2026-06-11 15:30:00,OFFICE_A,HIGH,23.22
2026-06-11 15:30:00,CONTROL_ROOM,HIGH,22.55
2026-06-11 15:30:00,UTILITY,HIGH,24.7
2026-06-11 15:30:00,BATTERY_FLEX,HIGH,22.57
2026-06-11 15:45:00,PRODUCTION,HIGH,22.55
2026-06-11 15:45:00,WAREHOUSE,HIGH,23.07
2026-06-11 15:45:00,OFFICE_A,HIGH,23.65
2026-06-11 15:45:00,CONTROL_ROOM,HIGH,22.35
2026-06-11 15:45:00,UTILITY,HIGH,24.23
2026-06-11 15:45:00,BATTERY_FLEX,HIGH,23.4
2026-06-11 16:00:00,PRODUCTION,HIGH,24.74
2026-06-11 16:00:00,WAREHOUSE,HIGH,23.35
2026-06-11 16:00:00,OFFICE_A,HIGH,23.34
2026-06-11 16:00:00,CONTROL_ROOM,HIGH,22.39
2026-06-11 16:00:00,UTILITY,HIGH,23.76
2026-06-11 16:00:00,BATTERY_FLEX,HIGH,22.88
2026-06-11 16:15:00,PRODUCTION,HIGH,23.52
2026-06-11 16:15:00,WAREHOUSE,HIGH,22.87
2026-06-11 16:15:00,OFFICE_A,HIGH,23.05
2026-06-11 16:15:00,CONTROL_ROOM,HIGH,22.41
2026-06-11 16:15:00,UTILITY,HIGH,24.0
2026-06-11 16:15:00,BATTERY_FLEX,HIGH,22.84
2026-06-11 16:30:00,PRODUCTION,HIGH,24.18
2026-06-11 16:30:00,WAREHOUSE,HIGH,23.7
2026-06-11 16:30:00,OFFICE_A,HIGH,24.04
2026-06-11 16:30:00,CONTROL_ROOM,HIGH,22.59
2026-06-11 16:30:00,UTILITY,HIGH,23.88
2026-06-11 16:30:00,BATTERY_FLEX,HIGH,22.42
2026-06-11 16:45:00,PRODUCTION,HIGH,24.18
2026-06-11 16:45:00,WAREHOUSE,HIGH,23.06
2026-06-11 16:45:00,OFFICE_A,HIGH,23.58
2026-06-11 16:45:00,CONTROL_ROOM,HIGH,22.62
2026-06-11 16:45:00,UTILITY,HIGH,24.45
2026-06-11 16:45:00,BATTERY_FLEX,HIGH,24.42
2026-06-11 17:00:00,PRODUCTION,HIGH,24.5
2026-06-11 17:00:00,WAREHOUSE,HIGH,22.83
2026-06-11 17:00:00,OFFICE_A,HIGH,23.03
2026-06-11 17:00:00,CONTROL_ROOM,HIGH,22.63
2026-06-11 17:00:00,UTILITY,HIGH,24.19
2026-06-11 17:00:00,BATTERY_FLEX,HIGH,21.98
2026-06-11 17:15:00,PRODUCTION,HIGH,24.81
2026-06-11 17:15:00,WAREHOUSE,HIGH,22.57
2026-06-11 17:15:00,OFFICE_A,HIGH,24.78
2026-06-11 17:15:00,CONTROL_ROOM,HIGH,21.83
2026-06-11 17:15:00,UTILITY,HIGH,22.76
2026-06-11 17:15:00,BATTERY_FLEX,HIGH,22.75
2026-06-11 17:30:00,PRODUCTION,HIGH,23.96
2026-06-11 17:30:00,WAREHOUSE,HIGH,22.84
2026-06-11 17:30:00,OFFICE_A,HIGH,23.77
2026-06-11 17:30:00,CONTROL_ROOM,HIGH,22.4
2026-06-11 17:30:00,UTILITY,HIGH,24.32
2026-06-11 17:30:00,BATTERY_FLEX,HIGH,22.67
2026-06-11 17:45:00,PRODUCTION,HIGH,23.38
2026-06-11 17:45:00,WAREHOUSE,HIGH,22.58
2026-06-11 17:45:00,OFFICE_A,HIGH,23.77
2026-06-11 17:45:00,CONTROL_ROOM,HIGH,21.62
2026-06-11 17:45:00,UTILITY,HIGH,24.46
2026-06-11 17:45:00,BATTERY_FLEX,HIGH,22.83
2026-06-11 18:00:00,PRODUCTION,HIGH,24.0
2026-06-11 18:00:00,WAREHOUSE,HIGH,22.91
2026-06-11 18:00:00,OFFICE_A,HIGH,23.6
2026-06-11 18:00:00,CONTROL_ROOM,HIGH,21.66
2026-06-11 18:00:00,UTILITY,HIGH,22.93
2026-06-11 18:00:00,BATTERY_FLEX,HIGH,22.19
2026-06-11 18:15:00,PRODUCTION,HIGH,23.51
2026-06-11 18:15:00,WAREHOUSE,HIGH,23.53
2026-06-11 18:15:00,OFFICE_A,HIGH,23.41
2026-06-11 18:15:00,CONTROL_ROOM,HIGH,22.0
2026-06-11 18:15:00,UTILITY,HIGH,23.94
2026-06-11 18:15:00,BATTERY_FLEX,HIGH,22.71
2026-06-11 18:30:00,PRODUCTION,HIGH,23.81
2026-06-11 18:30:00,WAREHOUSE,HIGH,23.02
2026-06-11 18:30:00,OFFICE_A,HIGH,22.74
2026-06-11 18:30:00,CONTROL_ROOM,HIGH,22.43
2026-06-11 18:30:00,UTILITY,HIGH,23.32
2026-06-11 18:30:00,BATTERY_FLEX,HIGH,22.21
2026-06-11 18:45:00,PRODUCTION,HIGH,23.59
2026-06-11 18:45:00,WAREHOUSE,HIGH,22.93
2026-06-11 18:45:00,OFFICE_A,HIGH,23.68
2026-06-11 18:45:00,CONTROL_ROOM,HIGH,21.16
2026-06-11 18:45:00,UTILITY,HIGH,24.11
2026-06-11 18:45:00,BATTERY_FLEX,HIGH,21.78
2026-06-11 19:00:00,PRODUCTION,HIGH,24.73
2026-06-11 19:00:00,WAREHOUSE,HIGH,23.58
2026-06-11 19:00:00,OFFICE_A,HIGH,23.57
2026-06-11 19:00:00,CONTROL_ROOM,HIGH,21.46
2026-06-11 19:00:00,UTILITY,HIGH,23.8
2026-06-11 19:00:00,BATTERY_FLEX,HIGH,22.45
2026-06-11 19:15:00,PRODUCTION,MEDIUM,24.19
2026-06-11 19:15:00,WAREHOUSE,MEDIUM,22.22
2026-06-11 19:15:00,OFFICE_A,MEDIUM,23.29
2026-06-11 19:15:00,CONTROL_ROOM,MEDIUM,21.81
2026-06-11 19:15:00,UTILITY,MEDIUM,23.48
2026-06-11 19:15:00,BATTERY_FLEX,MEDIUM,22.84
2026-06-11 19:30:00,PRODUCTION,MEDIUM,23.39
2026-06-11 19:30:00,WAREHOUSE,MEDIUM,22.94
2026-06-11 19:30:00,OFFICE_A,MEDIUM,23.14
2026-06-11 19:30:00,CONTROL_ROOM,MEDIUM,21.84
2026-06-11 19:30:00,UTILITY,MEDIUM,23.68
2026-06-11 19:30:00,BATTERY_FLEX,MEDIUM,22.54
2026-06-11 19:45:00,PRODUCTION,MEDIUM,23.51
2026-06-11 19:45:00,WAREHOUSE,MEDIUM,23.25
2026-06-11 19:45:00,OFFICE_A,MEDIUM,22.69
2026-06-11 19:45:00,CONTROL_ROOM,MEDIUM,21.98
2026-06-11 19:45:00,UTILITY,MEDIUM,23.52
2026-06-11 19:45:00,BATTERY_FLEX,MEDIUM,22.05
2026-06-11 20:00:00,PRODUCTION,MEDIUM,23.35
2026-06-11 20:00:00,WAREHOUSE,MEDIUM,24.64
2026-06-11 20:00:00,OFFICE_A,MEDIUM,22.8
2026-06-11 20:00:00,CONTROL_ROOM,MEDIUM,21.1
2026-06-11 20:00:00,UTILITY,MEDIUM,22.86
2026-06-11 20:00:00,BATTERY_FLEX,MEDIUM,23.04
2026-06-11 20:15:00,PRODUCTION,MEDIUM,24.02
2026-06-11 20:15:00,WAREHOUSE,MEDIUM,23.07
2026-06-11 20:15:00,OFFICE_A,MEDIUM,23.02
2026-06-11 20:15:00,CONTROL_ROOM,MEDIUM,22.24
2026-06-11 20:15:00,UTILITY,MEDIUM,24.1
2026-06-11 20:15:00,BATTERY_FLEX,MEDIUM,22.86
2026-06-11 20:30:00,PRODUCTION,MEDIUM,23.76
2026-06-11 20:30:00,WAREHOUSE,MEDIUM,23.59
2026-06-11 20:30:00,OFFICE_A,MEDIUM,23.4
2026-06-11 20:30:00,CONTROL_ROOM,MEDIUM,22.27
2026-06-11 20:30:00,UTILITY,MEDIUM,23.71
2026-06-11 20:30:00,BATTERY_FLEX,MEDIUM,23.11
2026-06-11 20:45:00,PRODUCTION,MEDIUM,23.69
2026-06-11 20:45:00,WAREHOUSE,MEDIUM,23.09
2026-06-11 20:45:00,OFFICE_A,MEDIUM,22.84
2026-06-11 20:45:00,CONTROL_ROOM,MEDIUM,23.34
2026-06-11 20:45:00,UTILITY,MEDIUM,22.85
2026-06-11 20:45:00,BATTERY_FLEX,MEDIUM,23.1
2026-06-11 21:00:00,PRODUCTION,LOW,22.85
2026-06-11 21:00:00,WAREHOUSE,LOW,22.72
2026-06-11 21:00:00,OFFICE_A,LOW,22.82
2026-06-11 21:00:00,CONTROL_ROOM,LOW,21.41
2026-06-11 21:00:00,UTILITY,LOW,24.03
2026-06-11 21:00:00,BATTERY_FLEX,LOW,22.32
2026-06-11 21:15:00,PRODUCTION,LOW,23.06
2026-06-11 21:15:00,WAREHOUSE,LOW,22.26
2026-06-11 21:15:00,OFFICE_A,LOW,23.43
2026-06-11 21:15:00,CONTROL_ROOM,LOW,20.91
2026-06-11 21:15:00,UTILITY,LOW,23.02
2026-06-11 21:15:00,BATTERY_FLEX,LOW,22.75
2026-06-11 21:30:00,PRODUCTION,LOW,22.81
2026-06-11 21:30:00,WAREHOUSE,LOW,22.98
2026-06-11 21:30:00,OFFICE_A,LOW,22.71
2026-06-11 21:30:00,CONTROL_ROOM,LOW,22.17
2026-06-11 21:30:00,UTILITY,LOW,23.81
2026-06-11 21:30:00,BATTERY_FLEX,LOW,22.16
2026-06-11 21:45:00,PRODUCTION,LOW,22.68
2026-06-11 21:45:00,WAREHOUSE,LOW,24.08
2026-06-11 21:45:00,OFFICE_A,LOW,22.39
2026-06-11 21:45:00,CONTROL_ROOM,LOW,21.76
2026-06-11 21:45:00,UTILITY,LOW,22.99
2026-06-11 21:45:00,BATTERY_FLEX,LOW,21.92
2026-06-11 22:00:00,PRODUCTION,LOW,22.74
2026-06-11 22:00:00,WAREHOUSE,LOW,23.4
2026-06-11 22:00:00,OFFICE_A,LOW,22.33
2026-06-11 22:00:00,CONTROL_ROOM,LOW,21.28
2026-06-11 22:00:00,UTILITY,LOW,23.36
2026-06-11 22:00:00,BATTERY_FLEX,LOW,23.05
2026-06-11 22:15:00,PRODUCTION,LOW,22.62
2026-06-11 22:15:00,WAREHOUSE,LOW,22.41
2026-06-11 22:15:00,OFFICE_A,LOW,23.34
2026-06-11 22:15:00,CONTROL_ROOM,LOW,21.95
2026-06-11 22:15:00,UTILITY,LOW,23.12
2026-06-11 22:15:00,BATTERY_FLEX,LOW,22.26
2026-06-11 22:30:00,PRODUCTION,LOW,23.11
2026-06-11 22:30:00,WAREHOUSE,LOW,24.1
2026-06-11 22:30:00,OFFICE_A,LOW,23.38
2026-06-11 22:30:00,CONTROL_ROOM,LOW,22.41
2026-06-11 22:30:00,UTILITY,LOW,23.9
2026-06-11 22:30:00,BATTERY_FLEX,LOW,22.35
2026-06-11 22:45:00,PRODUCTION,LOW,23.5
2026-06-11 22:45:00,WAREHOUSE,LOW,23.21
2026-06-11 22:45:00,OFFICE_A,LOW,22.86
2026-06-11 22:45:00,CONTROL_ROOM,LOW,22.67
2026-06-11 22:45:00,UTILITY,LOW,22.86
2026-06-11 22:45:00,BATTERY_FLEX,LOW,23.49
2026-06-11 23:00:00,PRODUCTION,LOW,22.39
2026-06-11 23:00:00,WAREHOUSE,LOW,23.38
2026-06-11 23:00:00,OFFICE_A,LOW,22.19
2026-06-11 23:00:00,CONTROL_ROOM,LOW,21.8
2026-06-11 23:00:00,UTILITY,LOW,24.12
2026-06-11 23:00:00,BATTERY_FLEX,LOW,22.22
2026-06-11 23:15:00,PRODUCTION,LOW,24.51
2026-06-11 23:15:00,WAREHOUSE,LOW,23.45
2026-06-11 23:15:00,OFFICE_A,LOW,22.59
2026-06-11 23:15:00,CONTROL_ROOM,LOW,21.42
2026-06-11 23:15:00,UTILITY,LOW,23.54
2026-06-11 23:15:00,BATTERY_FLEX,LOW,22.62
2026-06-11 23:30:00,PRODUCTION,LOW,22.73
2026-06-11 23:30:00,WAREHOUSE,LOW,23.24
2026-06-11 23:30:00,OFFICE_A,LOW,22.12
2026-06-11 23:30:00,CONTROL_ROOM,LOW,22.07
2026-06-11 23:30:00,UTILITY,LOW,23.54
2026-06-11 23:30:00,BATTERY_FLEX,LOW,21.64
2026-06-11 23:45:00,PRODUCTION,LOW,23.14
2026-06-11 23:45:00,WAREHOUSE,LOW,23.99
2026-06-11 23:45:00,OFFICE_A,LOW,23.3
2026-06-11 23:45:00,CONTROL_ROOM,LOW,21.23
2026-06-11 23:45:00,UTILITY,LOW,22.56
2026-06-11 23:45:00,BATTERY_FLEX,LOW,22.19
2026-06-12 00:00:00,PRODUCTION,LOW,23.65
2026-06-12 00:00:00,WAREHOUSE,LOW,22.9
2026-06-12 00:00:00,OFFICE_A,LOW,22.59
2026-06-12 00:00:00,CONTROL_ROOM,LOW,21.66
2026-06-12 00:00:00,UTILITY,LOW,24.1
2026-06-12 00:00:00,BATTERY_FLEX,LOW,22.7
2026-06-12 00:15:00,PRODUCTION,LOW,22.94
2026-06-12 00:15:00,WAREHOUSE,LOW,21.63
2026-06-12 00:15:00,OFFICE_A,LOW,22.99
2026-06-12 00:15:00,CONTROL_ROOM,LOW,21.72
2026-06-12 00:15:00,UTILITY,LOW,23.59
2026-06-12 00:15:00,BATTERY_FLEX,LOW,22.34
2026-06-12 00:30:00,PRODUCTION,LOW,23.52
2026-06-12 00:30:00,WAREHOUSE,LOW,22.93
2026-06-12 00:30:00,OFFICE_A,LOW,23.17
2026-06-12 00:30:00,CONTROL_ROOM,LOW,21.66
2026-06-12 00:30:00,UTILITY,LOW,23.3
2026-06-12 00:30:00,BATTERY_FLEX,LOW,22.65
2026-06-12 00:45:00,PRODUCTION,LOW,22.61
2026-06-12 00:45:00,WAREHOUSE,LOW,22.02
2026-06-12 00:45:00,OFFICE_A,LOW,22.54
2026-06-12 00:45:00,CONTROL_ROOM,LOW,22.43
2026-06-12 00:45:00,UTILITY,LOW,23.47
2026-06-12 00:45:00,BATTERY_FLEX,LOW,22.85
2026-06-12 01:00:00,PRODUCTION,LOW,22.84
2026-06-12 01:00:00,WAREHOUSE,LOW,23.04
2026-06-12 01:00:00,OFFICE_A,LOW,22.34
2026-06-12 01:00:00,CONTROL_ROOM,LOW,21.37
2026-06-12 01:00:00,UTILITY,LOW,24.03
2026-06-12 01:00:00,BATTERY_FLEX,LOW,23.05
2026-06-12 01:15:00,PRODUCTION,LOW,23.46
2026-06-12 01:15:00,WAREHOUSE,LOW,23.61
2026-06-12 01:15:00,OFFICE_A,LOW,24.01
2026-06-12 01:15:00,CONTROL_ROOM,LOW,21.43
2026-06-12 01:15:00,UTILITY,LOW,23.33
2026-06-12 01:15:00,BATTERY_FLEX,LOW,22.84
2026-06-12 01:30:00,PRODUCTION,LOW,21.85
2026-06-12 01:30:00,WAREHOUSE,LOW,23.1
2026-06-12 01:30:00,OFFICE_A,LOW,22.57
2026-06-12 01:30:00,CONTROL_ROOM,LOW,22.3
2026-06-12 01:30:00,UTILITY,LOW,23.54
2026-06-12 01:30:00,BATTERY_FLEX,LOW,21.91
2026-06-12 01:45:00,PRODUCTION,LOW,23.45
2026-06-12 01:45:00,WAREHOUSE,LOW,22.91
2026-06-12 01:45:00,OFFICE_A,LOW,23.1
2026-06-12 01:45:00,CONTROL_ROOM,LOW,20.65
2026-06-12 01:45:00,UTILITY,LOW,23.41
2026-06-12 01:45:00,BATTERY_FLEX,LOW,22.3
2026-06-12 02:00:00,PRODUCTION,LOW,23.97
2026-06-12 02:00:00,WAREHOUSE,LOW,22.87
2026-06-12 02:00:00,OFFICE_A,LOW,23.37
2026-06-12 02:00:00,CONTROL_ROOM,LOW,21.18
2026-06-12 02:00:00,UTILITY,LOW,23.01
2026-06-12 02:00:00,BATTERY_FLEX,LOW,22.93
2026-06-12 02:15:00,PRODUCTION,LOW,23.72
2026-06-12 02:15:00,WAREHOUSE,LOW,23.02
2026-06-12 02:15:00,OFFICE_A,LOW,22.71
2026-06-12 02:15:00,CONTROL_ROOM,LOW,21.94
2026-06-12 02:15:00,UTILITY,LOW,23.21
2026-06-12 02:15:00,BATTERY_FLEX,LOW,22.19
2026-06-12 02:30:00,PRODUCTION,LOW,23.12
2026-06-12 02:30:00,WAREHOUSE,LOW,23.84
2026-06-12 02:30:00,OFFICE_A,LOW,22.44
2026-06-12 02:30:00,CONTROL_ROOM,LOW,21.43
2026-06-12 02:30:00,UTILITY,LOW,22.69
2026-06-12 02:30:00,BATTERY_FLEX,LOW,22.52
2026-06-12 02:45:00,PRODUCTION,LOW,23.66
2026-06-12 02:45:00,WAREHOUSE,LOW,23.41
2026-06-12 02:45:00,OFFICE_A,LOW,23.24
2026-06-12 02:45:00,CONTROL_ROOM,LOW,22.18
2026-06-12 02:45:00,UTILITY,LOW,24.33
2026-06-12 02:45:00,BATTERY_FLEX,LOW,22.46
2026-06-12 03:00:00,PRODUCTION,LOW,23.99
2026-06-12 03:00:00,WAREHOUSE,LOW,23.69
2026-06-12 03:00:00,OFFICE_A,LOW,23.68
2026-06-12 03:00:00,CONTROL_ROOM,LOW,22.02
2026-06-12 03:00:00,UTILITY,LOW,23.67
2026-06-12 03:00:00,BATTERY_FLEX,LOW,21.86
2026-06-12 03:15:00,PRODUCTION,LOW,23.21
2026-06-12 03:15:00,WAREHOUSE,LOW,23.28
2026-06-12 03:15:00,OFFICE_A,LOW,22.64
2026-06-12 03:15:00,CONTROL_ROOM,LOW,22.16
2026-06-12 03:15:00,UTILITY,LOW,22.19
2026-06-12 03:15:00,BATTERY_FLEX,LOW,22.64
2026-06-12 03:30:00,PRODUCTION,LOW,24.05
2026-06-12 03:30:00,WAREHOUSE,LOW,23.14
2026-06-12 03:30:00,OFFICE_A,LOW,22.71
2026-06-12 03:30:00,CONTROL_ROOM,LOW,21.97
2026-06-12 03:30:00,UTILITY,LOW,23.55
2026-06-12 03:30:00,BATTERY_FLEX,LOW,22.16
2026-06-12 03:45:00,PRODUCTION,LOW,23.2
2026-06-12 03:45:00,WAREHOUSE,LOW,22.87
2026-06-12 03:45:00,OFFICE_A,LOW,22.42
2026-06-12 03:45:00,CONTROL_ROOM,LOW,21.95
2026-06-12 03:45:00,UTILITY,LOW,23.94
2026-06-12 03:45:00,BATTERY_FLEX,LOW,21.98
2026-06-12 04:00:00,PRODUCTION,LOW,23.4
2026-06-12 04:00:00,WAREHOUSE,LOW,23.84
2026-06-12 04:00:00,OFFICE_A,LOW,23.44
2026-06-12 04:00:00,CONTROL_ROOM,LOW,22.0
2026-06-12 04:00:00,UTILITY,LOW,23.89
2026-06-12 04:00:00,BATTERY_FLEX,LOW,23.66
2026-06-12 04:15:00,PRODUCTION,LOW,23.04
2026-06-12 04:15:00,WAREHOUSE,LOW,23.67
2026-06-12 04:15:00,OFFICE_A,LOW,22.69
2026-06-12 04:15:00,CONTROL_ROOM,LOW,21.78
2026-06-12 04:15:00,UTILITY,LOW,23.42
2026-06-12 04:15:00,BATTERY_FLEX,LOW,22.29
2026-06-12 04:30:00,PRODUCTION,LOW,23.63
2026-06-12 04:30:00,WAREHOUSE,LOW,23.36
2026-06-12 04:30:00,OFFICE_A,LOW,23.2
2026-06-12 04:30:00,CONTROL_ROOM,LOW,21.09
2026-06-12 04:30:00,UTILITY,LOW,22.69
2026-06-12 04:30:00,BATTERY_FLEX,LOW,22.54
2026-06-12 04:45:00,PRODUCTION,LOW,23.37
2026-06-12 04:45:00,WAREHOUSE,LOW,23.4
2026-06-12 04:45:00,OFFICE_A,LOW,21.98
2026-06-12 04:45:00,CONTROL_ROOM,LOW,22.34
2026-06-12 04:45:00,UTILITY,LOW,23.46
2026-06-12 04:45:00,BATTERY_FLEX,LOW,22.49
2026-06-12 05:00:00,PRODUCTION,LOW,22.3
2026-06-12 05:00:00,WAREHOUSE,LOW,23.2
2026-06-12 05:00:00,OFFICE_A,LOW,21.63
2026-06-12 05:00:00,CONTROL_ROOM,LOW,21.5
2026-06-12 05:00:00,UTILITY,LOW,24.13
2026-06-12 05:00:00,BATTERY_FLEX,LOW,22.83
2026-06-12 05:15:00,PRODUCTION,LOW,22.97
2026-06-12 05:15:00,WAREHOUSE,LOW,23.27
2026-06-12 05:15:00,OFFICE_A,LOW,22.55
2026-06-12 05:15:00,CONTROL_ROOM,LOW,22.25
2026-06-12 05:15:00,UTILITY,LOW,23.54
2026-06-12 05:15:00,BATTERY_FLEX,LOW,23.43
2026-06-12 05:30:00,PRODUCTION,LOW,23.19
2026-06-12 05:30:00,WAREHOUSE,LOW,23.32
2026-06-12 05:30:00,OFFICE_A,LOW,22.83
2026-06-12 05:30:00,CONTROL_ROOM,LOW,21.88
2026-06-12 05:30:00,UTILITY,LOW,23.45
2026-06-12 05:30:00,BATTERY_FLEX,LOW,22.2
2026-06-12 05:45:00,PRODUCTION,LOW,22.59
2026-06-12 05:45:00,WAREHOUSE,LOW,22.94
2026-06-12 05:45:00,OFFICE_A,LOW,23.03
2026-06-12 05:45:00,CONTROL_ROOM,LOW,22.13
2026-06-12 05:45:00,UTILITY,LOW,22.67
2026-06-12 05:45:00,BATTERY_FLEX,LOW,22.51
2026-06-12 06:00:00,PRODUCTION,LOW,22.82
2026-06-12 06:00:00,WAREHOUSE,LOW,22.03
2026-06-12 06:00:00,OFFICE_A,LOW,23.13
2026-06-12 06:00:00,CONTROL_ROOM,LOW,21.46
2026-06-12 06:00:00,UTILITY,LOW,22.68
2026-06-12 06:00:00,BATTERY_FLEX,LOW,22.48
2026-06-12 06:15:00,PRODUCTION,LOW,22.9
2026-06-12 06:15:00,WAREHOUSE,LOW,23.12
2026-06-12 06:15:00,OFFICE_A,LOW,22.21
2026-06-12 06:15:00,CONTROL_ROOM,LOW,21.84
2026-06-12 06:15:00,UTILITY,LOW,23.51
2026-06-12 06:15:00,BATTERY_FLEX,LOW,21.84
2026-06-12 06:30:00,PRODUCTION,LOW,23.76
2026-06-12 06:30:00,WAREHOUSE,LOW,23.98
2026-06-12 06:30:00,OFFICE_A,LOW,23.34
2026-06-12 06:30:00,CONTROL_ROOM,LOW,21.17
2026-06-12 06:30:00,UTILITY,LOW,23.68
2026-06-12 06:30:00,BATTERY_FLEX,LOW,21.63
2026-06-12 06:45:00,PRODUCTION,LOW,23.31
2026-06-12 06:45:00,WAREHOUSE,LOW,23.3
2026-06-12 06:45:00,OFFICE_A,LOW,22.69
2026-06-12 06:45:00,CONTROL_ROOM,LOW,22.58
2026-06-12 06:45:00,UTILITY,LOW,23.94
2026-06-12 06:45:00,BATTERY_FLEX,LOW,22.9
2026-06-12 07:00:00,PRODUCTION,LOW,24.24
2026-06-12 07:00:00,WAREHOUSE,LOW,24.1
2026-06-12 07:00:00,OFFICE_A,LOW,23.13
2026-06-12 07:00:00,CONTROL_ROOM,LOW,22.39
2026-06-12 07:00:00,UTILITY,LOW,22.05
2026-06-12 07:00:00,BATTERY_FLEX,LOW,22.5
2026-06-12 07:15:00,PRODUCTION,LOW,23.26
2026-06-12 07:15:00,WAREHOUSE,LOW,21.83
2026-06-12 07:15:00,OFFICE_A,LOW,23.12
2026-06-12 07:15:00,CONTROL_ROOM,LOW,20.97
2026-06-12 07:15:00,UTILITY,LOW,24.17
2026-06-12 07:15:00,BATTERY_FLEX,LOW,23.19
2026-06-12 07:30:00,PRODUCTION,MEDIUM,23.62
2026-06-12 07:30:00,WAREHOUSE,MEDIUM,22.55
2026-06-12 07:30:00,OFFICE_A,MEDIUM,23.31
2026-06-12 07:30:00,CONTROL_ROOM,MEDIUM,21.18
2026-06-12 07:30:00,UTILITY,MEDIUM,22.71
2026-06-12 07:30:00,BATTERY_FLEX,MEDIUM,22.56
2026-06-12 07:45:00,PRODUCTION,MEDIUM,24.48
2026-06-12 07:45:00,WAREHOUSE,MEDIUM,23.22
2026-06-12 07:45:00,OFFICE_A,MEDIUM,23.16
2026-06-12 07:45:00,CONTROL_ROOM,MEDIUM,22.14
2026-06-12 07:45:00,UTILITY,MEDIUM,24.14
2026-06-12 07:45:00,BATTERY_FLEX,MEDIUM,22.92
2026-06-12 08:00:00,PRODUCTION,MEDIUM,22.66
2026-06-12 08:00:00,WAREHOUSE,MEDIUM,23.1
2026-06-12 08:00:00,OFFICE_A,MEDIUM,22.96
2026-06-12 08:00:00,CONTROL_ROOM,MEDIUM,22.34
2026-06-12 08:00:00,UTILITY,MEDIUM,23.65
2026-06-12 08:00:00,BATTERY_FLEX,MEDIUM,22.93
2026-06-12 08:15:00,PRODUCTION,MEDIUM,23.82
2026-06-12 08:15:00,WAREHOUSE,MEDIUM,22.22
2026-06-12 08:15:00,OFFICE_A,MEDIUM,23.3
2026-06-12 08:15:00,CONTROL_ROOM,MEDIUM,21.39
2026-06-12 08:15:00,UTILITY,MEDIUM,23.46
2026-06-12 08:15:00,BATTERY_FLEX,MEDIUM,23.1
2026-06-12 08:30:00,PRODUCTION,MEDIUM,22.96
2026-06-12 08:30:00,WAREHOUSE,MEDIUM,22.33
2026-06-12 08:30:00,OFFICE_A,MEDIUM,23.26
2026-06-12 08:30:00,CONTROL_ROOM,MEDIUM,22.49
2026-06-12 08:30:00,UTILITY,MEDIUM,23.9
2026-06-12 08:30:00,BATTERY_FLEX,MEDIUM,22.98
2026-06-12 08:45:00,PRODUCTION,MEDIUM,23.53
2026-06-12 08:45:00,WAREHOUSE,MEDIUM,22.53
2026-06-12 08:45:00,OFFICE_A,MEDIUM,22.82
2026-06-12 08:45:00,CONTROL_ROOM,MEDIUM,22.29
2026-06-12 08:45:00,UTILITY,MEDIUM,23.63
2026-06-12 08:45:00,BATTERY_FLEX,MEDIUM,24.22
2026-06-12 09:00:00,PRODUCTION,MEDIUM,23.59
2026-06-12 09:00:00,WAREHOUSE,MEDIUM,23.02
2026-06-12 09:00:00,OFFICE_A,MEDIUM,23.71
2026-06-12 09:00:00,CONTROL_ROOM,MEDIUM,22.06
2026-06-12 09:00:00,UTILITY,MEDIUM,23.6
2026-06-12 09:00:00,BATTERY_FLEX,MEDIUM,22.48
2026-06-12 09:15:00,PRODUCTION,HIGH,23.88
2026-06-12 09:15:00,WAREHOUSE,HIGH,23.49
2026-06-12 09:15:00,OFFICE_A,HIGH,23.23
2026-06-12 09:15:00,CONTROL_ROOM,HIGH,22.22
2026-06-12 09:15:00,UTILITY,HIGH,22.85
2026-06-12 09:15:00,BATTERY_FLEX,HIGH,22.98
2026-06-12 09:30:00,PRODUCTION,HIGH,23.83
2026-06-12 09:30:00,WAREHOUSE,HIGH,22.72
2026-06-12 09:30:00,OFFICE_A,HIGH,23.42
2026-06-12 09:30:00,CONTROL_ROOM,HIGH,22.6
2026-06-12 09:30:00,UTILITY,HIGH,23.57
2026-06-12 09:30:00,BATTERY_FLEX,HIGH,22.45
2026-06-12 09:45:00,PRODUCTION,HIGH,23.06
2026-06-12 09:45:00,WAREHOUSE,HIGH,23.45
2026-06-12 09:45:00,OFFICE_A,HIGH,23.0
2026-06-12 09:45:00,CONTROL_ROOM,HIGH,22.49
2026-06-12 09:45:00,UTILITY,HIGH,23.8
2026-06-12 09:45:00,BATTERY_FLEX,HIGH,21.78
2026-06-12 10:00:00,PRODUCTION,HIGH,24.0
2026-06-12 10:00:00,WAREHOUSE,HIGH,22.25
2026-06-12 10:00:00,OFFICE_A,HIGH,24.08
2026-06-12 10:00:00,CONTROL_ROOM,HIGH,22.65
2026-06-12 10:00:00,UTILITY,HIGH,23.13
2026-06-12 10:00:00,BATTERY_FLEX,HIGH,22.34
2026-06-12 10:15:00,PRODUCTION,HIGH,24.34
2026-06-12 10:15:00,WAREHOUSE,HIGH,22.33
2026-06-12 10:15:00,OFFICE_A,HIGH,22.9
2026-06-12 10:15:00,CONTROL_ROOM,HIGH,21.39
2026-06-12 10:15:00,UTILITY,HIGH,23.28
2026-06-12 10:15:00,BATTERY_FLEX,HIGH,23.48
2026-06-12 10:30:00,PRODUCTION,HIGH,23.83
2026-06-12 10:30:00,WAREHOUSE,HIGH,23.47
2026-06-12 10:30:00,OFFICE_A,HIGH,22.66
2026-06-12 10:30:00,CONTROL_ROOM,HIGH,22.15
2026-06-12 10:30:00,UTILITY,HIGH,24.45
2026-06-12 10:30:00,BATTERY_FLEX,HIGH,22.21
2026-06-12 10:45:00,PRODUCTION,HIGH,23.68
2026-06-12 10:45:00,WAREHOUSE,HIGH,23.29
2026-06-12 10:45:00,OFFICE_A,HIGH,23.79
2026-06-12 10:45:00,CONTROL_ROOM,HIGH,23.47
2026-06-12 10:45:00,UTILITY,HIGH,23.68
2026-06-12 10:45:00,BATTERY_FLEX,HIGH,22.73
2026-06-12 11:00:00,PRODUCTION,HIGH,24.08
2026-06-12 11:00:00,WAREHOUSE,HIGH,23.78
2026-06-12 11:00:00,OFFICE_A,HIGH,23.63
2026-06-12 11:00:00,CONTROL_ROOM,HIGH,22.4
2026-06-12 11:00:00,UTILITY,HIGH,23.01
2026-06-12 11:00:00,BATTERY_FLEX,HIGH,22.71
2026-06-12 11:15:00,PRODUCTION,HIGH,23.82
2026-06-12 11:15:00,WAREHOUSE,HIGH,22.9
2026-06-12 11:15:00,OFFICE_A,HIGH,23.64
2026-06-12 11:15:00,CONTROL_ROOM,HIGH,22.73
2026-06-12 11:15:00,UTILITY,HIGH,23.97
2026-06-12 11:15:00,BATTERY_FLEX,HIGH,22.26
2026-06-12 11:30:00,PRODUCTION,HIGH,24.94
2026-06-12 11:30:00,WAREHOUSE,HIGH,24.2
2026-06-12 11:30:00,OFFICE_A,HIGH,24.52
2026-06-12 11:30:00,CONTROL_ROOM,HIGH,22.05
2026-06-12 11:30:00,UTILITY,HIGH,24.04
2026-06-12 11:30:00,BATTERY_FLEX,HIGH,23.19
2026-06-12 11:45:00,PRODUCTION,HIGH,24.11
2026-06-12 11:45:00,WAREHOUSE,HIGH,23.34
2026-06-12 11:45:00,OFFICE_A,HIGH,22.84
2026-06-12 11:45:00,CONTROL_ROOM,HIGH,22.93
2026-06-12 11:45:00,UTILITY,HIGH,23.65
2026-06-12 11:45:00,BATTERY_FLEX,HIGH,23.01
2026-06-12 12:00:00,PRODUCTION,HIGH,24.41
2026-06-12 12:00:00,WAREHOUSE,HIGH,23.16
2026-06-12 12:00:00,OFFICE_A,HIGH,22.79
2026-06-12 12:00:00,CONTROL_ROOM,HIGH,22.8
2026-06-12 12:00:00,UTILITY,HIGH,23.35
2026-06-12 12:00:00,BATTERY_FLEX,HIGH,22.09
2026-06-12 12:15:00,PRODUCTION,HIGH,22.95
2026-06-12 12:15:00,WAREHOUSE,HIGH,23.06
2026-06-12 12:15:00,OFFICE_A,HIGH,24.1
2026-06-12 12:15:00,CONTROL_ROOM,HIGH,22.29
2026-06-12 12:15:00,UTILITY,HIGH,23.67
2026-06-12 12:15:00,BATTERY_FLEX,HIGH,23.28
2026-06-12 12:30:00,PRODUCTION,HIGH,24.79
2026-06-12 12:30:00,WAREHOUSE,HIGH,23.55
2026-06-12 12:30:00,OFFICE_A,HIGH,24.65
2026-06-12 12:30:00,CONTROL_ROOM,HIGH,22.03
2026-06-12 12:30:00,UTILITY,HIGH,22.85
2026-06-12 12:30:00,BATTERY_FLEX,HIGH,22.73
2026-06-12 12:45:00,PRODUCTION,HIGH,24.02
2026-06-12 12:45:00,WAREHOUSE,HIGH,23.14
2026-06-12 12:45:00,OFFICE_A,HIGH,23.82
2026-06-12 12:45:00,CONTROL_ROOM,HIGH,22.43
2026-06-12 12:45:00,UTILITY,HIGH,23.59
2026-06-12 12:45:00,BATTERY_FLEX,HIGH,23.28
2026-06-12 13:00:00,PRODUCTION,HIGH,22.94
2026-06-12 13:00:00,WAREHOUSE,HIGH,23.18
2026-06-12 13:00:00,OFFICE_A,HIGH,23.13
2026-06-12 13:00:00,CONTROL_ROOM,HIGH,22.45
2026-06-12 13:00:00,UTILITY,HIGH,23.42
2026-06-12 13:00:00,BATTERY_FLEX,HIGH,22.74
2026-06-12 13:15:00,PRODUCTION,HIGH,23.58
2026-06-12 13:15:00,WAREHOUSE,HIGH,23.27
2026-06-12 13:15:00,OFFICE_A,HIGH,24.04
2026-06-12 13:15:00,CONTROL_ROOM,HIGH,23.02
2026-06-12 13:15:00,UTILITY,HIGH,24.16
2026-06-12 13:15:00,BATTERY_FLEX,HIGH,22.92
2026-06-12 13:30:00,PRODUCTION,HIGH,23.12
2026-06-12 13:30:00,WAREHOUSE,HIGH,22.99
2026-06-12 13:30:00,OFFICE_A,HIGH,23.88
2026-06-12 13:30:00,CONTROL_ROOM,HIGH,22.22
2026-06-12 13:30:00,UTILITY,HIGH,24.57
2026-06-12 13:30:00,BATTERY_FLEX,HIGH,22.73
2026-06-12 13:45:00,PRODUCTION,HIGH,24.1
2026-06-12 13:45:00,WAREHOUSE,HIGH,23.7
2026-06-12 13:45:00,OFFICE_A,HIGH,22.78
2026-06-12 13:45:00,CONTROL_ROOM,HIGH,22.37
2026-06-12 13:45:00,UTILITY,HIGH,24.17
2026-06-12 13:45:00,BATTERY_FLEX,HIGH,22.79
2026-06-12 14:00:00,PRODUCTION,HIGH,24.4
2026-06-12 14:00:00,WAREHOUSE,HIGH,23.69
2026-06-12 14:00:00,OFFICE_A,HIGH,23.42
2026-06-12 14:00:00,CONTROL_ROOM,HIGH,22.72
2026-06-12 14:00:00,UTILITY,HIGH,24.13
2026-06-12 14:00:00,BATTERY_FLEX,HIGH,22.35
2026-06-12 14:15:00,PRODUCTION,HIGH,23.54
2026-06-12 14:15:00,WAREHOUSE,HIGH,23.18
2026-06-12 14:15:00,OFFICE_A,HIGH,23.5
2026-06-12 14:15:00,CONTROL_ROOM,HIGH,22.83
2026-06-12 14:15:00,UTILITY,HIGH,23.78
2026-06-12 14:15:00,BATTERY_FLEX,HIGH,22.51
2026-06-12 14:30:00,PRODUCTION,HIGH,23.29
2026-06-12 14:30:00,WAREHOUSE,HIGH,22.91
2026-06-12 14:30:00,OFFICE_A,HIGH,23.84
2026-06-12 14:30:00,CONTROL_ROOM,HIGH,22.75
2026-06-12 14:30:00,UTILITY,HIGH,24.07
2026-06-12 14:30:00,BATTERY_FLEX,HIGH,23.05
2026-06-12 14:45:00,PRODUCTION,HIGH,23.52
2026-06-12 14:45:00,WAREHOUSE,HIGH,22.91
2026-06-12 14:45:00,OFFICE_A,HIGH,23.06
2026-06-12 14:45:00,CONTROL_ROOM,HIGH,22.59
2026-06-12 14:45:00,UTILITY,HIGH,24.39
2026-06-12 14:45:00,BATTERY_FLEX,HIGH,23.53
2026-06-12 15:00:00,PRODUCTION,HIGH,23.28
2026-06-12 15:00:00,WAREHOUSE,HIGH,23.8
2026-06-12 15:00:00,OFFICE_A,HIGH,22.68
2026-06-12 15:00:00,CONTROL_ROOM,HIGH,22.22
2026-06-12 15:00:00,UTILITY,HIGH,24.03
2026-06-12 15:00:00,BATTERY_FLEX,HIGH,22.72
2026-06-12 15:15:00,PRODUCTION,HIGH,24.62
2026-06-12 15:15:00,WAREHOUSE,HIGH,23.29
2026-06-12 15:15:00,OFFICE_A,HIGH,23.2
2026-06-12 15:15:00,CONTROL_ROOM,HIGH,22.0
2026-06-12 15:15:00,UTILITY,HIGH,23.38
2026-06-12 15:15:00,BATTERY_FLEX,HIGH,22.98
2026-06-12 15:30:00,PRODUCTION,HIGH,24.26
2026-06-12 15:30:00,WAREHOUSE,HIGH,22.81
2026-06-12 15:30:00,OFFICE_A,HIGH,23.89
2026-06-12 15:30:00,CONTROL_ROOM,HIGH,22.17
2026-06-12 15:30:00,UTILITY,HIGH,23.27
2026-06-12 15:30:00,BATTERY_FLEX,HIGH,22.84
2026-06-12 15:45:00,PRODUCTION,HIGH,24.32
2026-06-12 15:45:00,WAREHOUSE,HIGH,22.41
2026-06-12 15:45:00,OFFICE_A,HIGH,23.08
2026-06-12 15:45:00,CONTROL_ROOM,HIGH,21.39
2026-06-12 15:45:00,UTILITY,HIGH,24.65
2026-06-12 15:45:00,BATTERY_FLEX,HIGH,23.55
2026-06-12 16:00:00,PRODUCTION,HIGH,23.98
2026-06-12 16:00:00,WAREHOUSE,HIGH,24.17
2026-06-12 16:00:00,OFFICE_A,HIGH,23.65
2026-06-12 16:00:00,CONTROL_ROOM,HIGH,22.31
2026-06-12 16:00:00,UTILITY,HIGH,22.89
2026-06-12 16:00:00,BATTERY_FLEX,HIGH,23.46
2026-06-12 16:15:00,PRODUCTION,HIGH,23.48
2026-06-12 16:15:00,WAREHOUSE,HIGH,23.21
2026-06-12 16:15:00,OFFICE_A,HIGH,23.72
2026-06-12 16:15:00,CONTROL_ROOM,HIGH,22.37
2026-06-12 16:15:00,UTILITY,HIGH,24.17
2026-06-12 16:15:00,BATTERY_FLEX,HIGH,22.82
2026-06-12 16:30:00,PRODUCTION,HIGH,23.92
2026-06-12 16:30:00,WAREHOUSE,HIGH,22.85
2026-06-12 16:30:00,OFFICE_A,HIGH,23.19
2026-06-12 16:30:00,CONTROL_ROOM,HIGH,22.59
2026-06-12 16:30:00,UTILITY,HIGH,22.94
2026-06-12 16:30:00,BATTERY_FLEX,HIGH,22.95
2026-06-12 16:45:00,PRODUCTION,HIGH,23.93
2026-06-12 16:45:00,WAREHOUSE,HIGH,23.58
2026-06-12 16:45:00,OFFICE_A,HIGH,24.77
2026-06-12 16:45:00,CONTROL_ROOM,HIGH,22.08
2026-06-12 16:45:00,UTILITY,HIGH,23.7
2026-06-12 16:45:00,BATTERY_FLEX,HIGH,22.42
2026-06-12 17:00:00,PRODUCTION,HIGH,23.93
2026-06-12 17:00:00,WAREHOUSE,HIGH,24.42
2026-06-12 17:00:00,OFFICE_A,HIGH,23.88
2026-06-12 17:00:00,CONTROL_ROOM,HIGH,22.16
2026-06-12 17:00:00,UTILITY,HIGH,23.61
2026-06-12 17:00:00,BATTERY_FLEX,HIGH,22.39
2026-06-12 17:15:00,PRODUCTION,HIGH,23.75
2026-06-12 17:15:00,WAREHOUSE,HIGH,23.6
2026-06-12 17:15:00,OFFICE_A,HIGH,24.17
2026-06-12 17:15:00,CONTROL_ROOM,HIGH,23.24
2026-06-12 17:15:00,UTILITY,HIGH,24.03
2026-06-12 17:15:00,BATTERY_FLEX,HIGH,22.72
2026-06-12 17:30:00,PRODUCTION,HIGH,24.21
2026-06-12 17:30:00,WAREHOUSE,HIGH,22.74
2026-06-12 17:30:00,OFFICE_A,HIGH,23.46
2026-06-12 17:30:00,CONTROL_ROOM,HIGH,22.55
2026-06-12 17:30:00,UTILITY,HIGH,23.87
2026-06-12 17:30:00,BATTERY_FLEX,HIGH,23.22
2026-06-12 17:45:00,PRODUCTION,HIGH,24.05
2026-06-12 17:45:00,WAREHOUSE,HIGH,22.95
2026-06-12 17:45:00,OFFICE_A,HIGH,23.4
2026-06-12 17:45:00,CONTROL_ROOM,HIGH,23.81
2026-06-12 17:45:00,UTILITY,HIGH,23.84
2026-06-12 17:45:00,BATTERY_FLEX,HIGH,22.98
2026-06-12 18:00:00,PRODUCTION,HIGH,24.39
2026-06-12 18:00:00,WAREHOUSE,HIGH,23.36
2026-06-12 18:00:00,OFFICE_A,HIGH,24.02
2026-06-12 18:00:00,CONTROL_ROOM,HIGH,23.14
2026-06-12 18:00:00,UTILITY,HIGH,23.89
2026-06-12 18:00:00,BATTERY_FLEX,HIGH,22.69
2026-06-12 18:15:00,PRODUCTION,HIGH,23.88
2026-06-12 18:15:00,WAREHOUSE,HIGH,22.36
2026-06-12 18:15:00,OFFICE_A,HIGH,23.82
2026-06-12 18:15:00,CONTROL_ROOM,HIGH,21.93
2026-06-12 18:15:00,UTILITY,HIGH,23.49
2026-06-12 18:15:00,BATTERY_FLEX,HIGH,22.62
2026-06-12 18:30:00,PRODUCTION,HIGH,23.86
2026-06-12 18:30:00,WAREHOUSE,HIGH,23.0
2026-06-12 18:30:00,OFFICE_A,HIGH,23.0
2026-06-12 18:30:00,CONTROL_ROOM,HIGH,22.93
2026-06-12 18:30:00,UTILITY,HIGH,22.67
2026-06-12 18:30:00,BATTERY_FLEX,HIGH,22.62
2026-06-12 18:45:00,PRODUCTION,MEDIUM,23.55
2026-06-12 18:45:00,WAREHOUSE,MEDIUM,23.15
2026-06-12 18:45:00,OFFICE_A,MEDIUM,23.83
2026-06-12 18:45:00,CONTROL_ROOM,MEDIUM,22.46
2026-06-12 18:45:00,UTILITY,MEDIUM,23.11
2026-06-12 18:45:00,BATTERY_FLEX,MEDIUM,22.46
2026-06-12 19:00:00,PRODUCTION,MEDIUM,23.8
2026-06-12 19:00:00,WAREHOUSE,MEDIUM,23.01
2026-06-12 19:00:00,OFFICE_A,MEDIUM,24.66
2026-06-12 19:00:00,CONTROL_ROOM,MEDIUM,22.1
2026-06-12 19:00:00,UTILITY,MEDIUM,23.93
2026-06-12 19:00:00,BATTERY_FLEX,MEDIUM,22.32
2026-06-12 19:15:00,PRODUCTION,MEDIUM,23.72
2026-06-12 19:15:00,WAREHOUSE,MEDIUM,22.74
2026-06-12 19:15:00,OFFICE_A,MEDIUM,22.68
2026-06-12 19:15:00,CONTROL_ROOM,MEDIUM,22.77
2026-06-12 19:15:00,UTILITY,MEDIUM,23.41
2026-06-12 19:15:00,BATTERY_FLEX,MEDIUM,21.48
2026-06-12 19:30:00,PRODUCTION,MEDIUM,24.54
2026-06-12 19:30:00,WAREHOUSE,MEDIUM,23.11
2026-06-12 19:30:00,OFFICE_A,MEDIUM,23.14
2026-06-12 19:30:00,CONTROL_ROOM,MEDIUM,21.6
2026-06-12 19:30:00,UTILITY,MEDIUM,22.86
2026-06-12 19:30:00,BATTERY_FLEX,MEDIUM,22.6
2026-06-12 19:45:00,PRODUCTION,MEDIUM,23.68
2026-06-12 19:45:00,WAREHOUSE,MEDIUM,22.25
2026-06-12 19:45:00,OFFICE_A,MEDIUM,23.4
2026-06-12 19:45:00,CONTROL_ROOM,MEDIUM,22.25
2026-06-12 19:45:00,UTILITY,MEDIUM,24.65
2026-06-12 19:45:00,BATTERY_FLEX,MEDIUM,22.67
2026-06-12 20:00:00,PRODUCTION,MEDIUM,23.85
2026-06-12 20:00:00,WAREHOUSE,MEDIUM,23.17
2026-06-12 20:00:00,OFFICE_A,MEDIUM,22.5
2026-06-12 20:00:00,CONTROL_ROOM,MEDIUM,21.32
2026-06-12 20:00:00,UTILITY,MEDIUM,23.79
2026-06-12 20:00:00,BATTERY_FLEX,MEDIUM,23.35
2026-06-12 20:15:00,PRODUCTION,MEDIUM,23.77
2026-06-12 20:15:00,WAREHOUSE,MEDIUM,22.75
2026-06-12 20:15:00,OFFICE_A,MEDIUM,23.24
2026-06-12 20:15:00,CONTROL_ROOM,MEDIUM,22.74
2026-06-12 20:15:00,UTILITY,MEDIUM,23.92
2026-06-12 20:15:00,BATTERY_FLEX,MEDIUM,23.03
2026-06-12 20:30:00,PRODUCTION,MEDIUM,23.53
2026-06-12 20:30:00,WAREHOUSE,MEDIUM,23.72
2026-06-12 20:30:00,OFFICE_A,MEDIUM,21.88
2026-06-12 20:30:00,CONTROL_ROOM,MEDIUM,22.07
2026-06-12 20:30:00,UTILITY,MEDIUM,23.6
2026-06-12 20:30:00,BATTERY_FLEX,MEDIUM,21.95
2026-06-12 20:45:00,PRODUCTION,MEDIUM,24.43
2026-06-12 20:45:00,WAREHOUSE,MEDIUM,23.63
2026-06-12 20:45:00,OFFICE_A,MEDIUM,23.3
2026-06-12 20:45:00,CONTROL_ROOM,MEDIUM,22.2
2026-06-12 20:45:00,UTILITY,MEDIUM,23.54
2026-06-12 20:45:00,BATTERY_FLEX,MEDIUM,23.63
2026-06-12 21:00:00,PRODUCTION,LOW,23.47
2026-06-12 21:00:00,WAREHOUSE,LOW,23.02
2026-06-12 21:00:00,OFFICE_A,LOW,21.98
2026-06-12 21:00:00,CONTROL_ROOM,LOW,21.9
2026-06-12 21:00:00,UTILITY,LOW,23.41
2026-06-12 21:00:00,BATTERY_FLEX,LOW,22.81
2026-06-12 21:15:00,PRODUCTION,LOW,23.01
2026-06-12 21:15:00,WAREHOUSE,LOW,22.85
2026-06-12 21:15:00,OFFICE_A,LOW,22.5
2026-06-12 21:15:00,CONTROL_ROOM,LOW,22.33
2026-06-12 21:15:00,UTILITY,LOW,23.43
2026-06-12 21:15:00,BATTERY_FLEX,LOW,23.25
2026-06-12 21:30:00,PRODUCTION,LOW,23.66
2026-06-12 21:30:00,WAREHOUSE,LOW,22.86
2026-06-12 21:30:00,OFFICE_A,LOW,22.2
2026-06-12 21:30:00,CONTROL_ROOM,LOW,21.34
2026-06-12 21:30:00,UTILITY,LOW,23.33
2026-06-12 21:30:00,BATTERY_FLEX,LOW,23.18
2026-06-12 21:45:00,PRODUCTION,LOW,23.1
2026-06-12 21:45:00,WAREHOUSE,LOW,22.87
2026-06-12 21:45:00,OFFICE_A,LOW,23.04
2026-06-12 21:45:00,CONTROL_ROOM,LOW,22.17
2026-06-12 21:45:00,UTILITY,LOW,24.06
2026-06-12 21:45:00,BATTERY_FLEX,LOW,22.43
2026-06-12 22:00:00,PRODUCTION,LOW,22.66
2026-06-12 22:00:00,WAREHOUSE,LOW,22.65
2026-06-12 22:00:00,OFFICE_A,LOW,22.61
2026-06-12 22:00:00,CONTROL_ROOM,LOW,22.06
2026-06-12 22:00:00,UTILITY,LOW,24.19
2026-06-12 22:00:00,BATTERY_FLEX,LOW,21.88
2026-06-12 22:15:00,PRODUCTION,LOW,23.0
2026-06-12 22:15:00,WAREHOUSE,LOW,22.85
2026-06-12 22:15:00,OFFICE_A,LOW,22.06
2026-06-12 22:15:00,CONTROL_ROOM,LOW,22.01
2026-06-12 22:15:00,UTILITY,LOW,23.49
2026-06-12 22:15:00,BATTERY_FLEX,LOW,22.24
2026-06-12 22:30:00,PRODUCTION,LOW,22.78
2026-06-12 22:30:00,WAREHOUSE,LOW,23.68
2026-06-12 22:30:00,OFFICE_A,LOW,22.74
2026-06-12 22:30:00,CONTROL_ROOM,LOW,22.04
2026-06-12 22:30:00,UTILITY,LOW,23.75
2026-06-12 22:30:00,BATTERY_FLEX,LOW,22.53
2026-06-12 22:45:00,PRODUCTION,LOW,23.82
2026-06-12 22:45:00,WAREHOUSE,LOW,22.48
2026-06-12 22:45:00,OFFICE_A,LOW,23.43
2026-06-12 22:45:00,CONTROL_ROOM,LOW,21.6
2026-06-12 22:45:00,UTILITY,LOW,23.19
2026-06-12 22:45:00,BATTERY_FLEX,LOW,22.49
2026-06-12 23:00:00,PRODUCTION,LOW,23.65
2026-06-12 23:00:00,WAREHOUSE,LOW,23.13
2026-06-12 23:00:00,OFFICE_A,LOW,22.44
2026-06-12 23:00:00,CONTROL_ROOM,LOW,21.38
2026-06-12 23:00:00,UTILITY,LOW,23.76
2026-06-12 23:00:00,BATTERY_FLEX,LOW,22.52
2026-06-12 23:15:00,PRODUCTION,LOW,24.02
2026-06-12 23:15:00,WAREHOUSE,LOW,22.35
2026-06-12 23:15:00,OFFICE_A,LOW,22.63
2026-06-12 23:15:00,CONTROL_ROOM,LOW,21.37
2026-06-12 23:15:00,UTILITY,LOW,23.07
2026-06-12 23:15:00,BATTERY_FLEX,LOW,22.31
2026-06-12 23:30:00,PRODUCTION,LOW,22.3
2026-06-12 23:30:00,WAREHOUSE,LOW,22.19
2026-06-12 23:30:00,OFFICE_A,LOW,22.44
2026-06-12 23:30:00,CONTROL_ROOM,LOW,21.39
2026-06-12 23:30:00,UTILITY,LOW,23.44
2026-06-12 23:30:00,BATTERY_FLEX,LOW,21.42
2026-06-12 23:45:00,PRODUCTION,LOW,22.35
2026-06-12 23:45:00,WAREHOUSE,LOW,22.67
2026-06-12 23:45:00,OFFICE_A,LOW,22.37
2026-06-12 23:45:00,CONTROL_ROOM,LOW,21.87
2026-06-12 23:45:00,UTILITY,LOW,22.96
2026-06-12 23:45:00,BATTERY_FLEX,LOW,23.42
2026-06-13 00:00:00,PRODUCTION,LOW,23.23
2026-06-13 00:00:00,WAREHOUSE,LOW,23.26
2026-06-13 00:00:00,OFFICE_A,LOW,22.36
2026-06-13 00:00:00,CONTROL_ROOM,LOW,21.05
2026-06-13 00:00:00,UTILITY,LOW,23.25
2026-06-13 00:00:00,BATTERY_FLEX,LOW,23.65
2026-06-13 00:15:00,PRODUCTION,LOW,23.6
2026-06-13 00:15:00,WAREHOUSE,LOW,22.36
2026-06-13 00:15:00,OFFICE_A,LOW,21.86
2026-06-13 00:15:00,CONTROL_ROOM,LOW,21.37
2026-06-13 00:15:00,UTILITY,LOW,24.51
2026-06-13 00:15:00,BATTERY_FLEX,LOW,23.49
2026-06-13 00:30:00,PRODUCTION,LOW,23.16
2026-06-13 00:30:00,WAREHOUSE,LOW,23.11
2026-06-13 00:30:00,OFFICE_A,LOW,23.02
2026-06-13 00:30:00,CONTROL_ROOM,LOW,22.08
2026-06-13 00:30:00,UTILITY,LOW,23.43
2026-06-13 00:30:00,BATTERY_FLEX,LOW,22.81
2026-06-13 00:45:00,PRODUCTION,LOW,23.39
2026-06-13 00:45:00,WAREHOUSE,LOW,23.23
2026-06-13 00:45:00,OFFICE_A,LOW,22.7
2026-06-13 00:45:00,CONTROL_ROOM,LOW,22.06
2026-06-13 00:45:00,UTILITY,LOW,22.76
2026-06-13 00:45:00,BATTERY_FLEX,LOW,22.01
2026-06-13 01:00:00,PRODUCTION,LOW,22.98
2026-06-13 01:00:00,WAREHOUSE,LOW,23.7
2026-06-13 01:00:00,OFFICE_A,LOW,22.74
2026-06-13 01:00:00,CONTROL_ROOM,LOW,22.18
2026-06-13 01:00:00,UTILITY,LOW,23.69
2026-06-13 01:00:00,BATTERY_FLEX,LOW,22.27
2026-06-13 01:15:00,PRODUCTION,LOW,23.16
2026-06-13 01:15:00,WAREHOUSE,LOW,22.23
2026-06-13 01:15:00,OFFICE_A,LOW,21.86
2026-06-13 01:15:00,CONTROL_ROOM,LOW,21.56
2026-06-13 01:15:00,UTILITY,LOW,22.39
2026-06-13 01:15:00,BATTERY_FLEX,LOW,23.45
2026-06-13 01:30:00,PRODUCTION,LOW,23.65
2026-06-13 01:30:00,WAREHOUSE,LOW,22.48
2026-06-13 01:30:00,OFFICE_A,LOW,22.13
2026-06-13 01:30:00,CONTROL_ROOM,LOW,21.26
2026-06-13 01:30:00,UTILITY,LOW,23.59
2026-06-13 01:30:00,BATTERY_FLEX,LOW,22.85
2026-06-13 01:45:00,PRODUCTION,LOW,23.69
2026-06-13 01:45:00,WAREHOUSE,LOW,22.71
2026-06-13 01:45:00,OFFICE_A,LOW,21.77
2026-06-13 01:45:00,CONTROL_ROOM,LOW,21.34
2026-06-13 01:45:00,UTILITY,LOW,23.14
2026-06-13 01:45:00,BATTERY_FLEX,LOW,22.23
2026-06-13 02:00:00,PRODUCTION,LOW,24.06
2026-06-13 02:00:00,WAREHOUSE,LOW,22.19
2026-06-13 02:00:00,OFFICE_A,LOW,22.06
2026-06-13 02:00:00,CONTROL_ROOM,LOW,21.31
2026-06-13 02:00:00,UTILITY,LOW,23.93
2026-06-13 02:00:00,BATTERY_FLEX,LOW,22.45
2026-06-13 02:15:00,PRODUCTION,LOW,23.21
2026-06-13 02:15:00,WAREHOUSE,LOW,22.65
2026-06-13 02:15:00,OFFICE_A,LOW,22.85
2026-06-13 02:15:00,CONTROL_ROOM,LOW,21.6
2026-06-13 02:15:00,UTILITY,LOW,23.43
2026-06-13 02:15:00,BATTERY_FLEX,LOW,22.3
2026-06-13 02:30:00,PRODUCTION,LOW,23.89
2026-06-13 02:30:00,WAREHOUSE,LOW,23.28
2026-06-13 02:30:00,OFFICE_A,LOW,22.46
2026-06-13 02:30:00,CONTROL_ROOM,LOW,22.24
2026-06-13 02:30:00,UTILITY,LOW,23.79
2026-06-13 02:30:00,BATTERY_FLEX,LOW,23.86
2026-06-13 02:45:00,PRODUCTION,LOW,23.14
2026-06-13 02:45:00,WAREHOUSE,LOW,22.92
2026-06-13 02:45:00,OFFICE_A,LOW,22.84
2026-06-13 02:45:00,CONTROL_ROOM,LOW,21.95
2026-06-13 02:45:00,UTILITY,LOW,24.12
2026-06-13 02:45:00,BATTERY_FLEX,LOW,22.7
2026-06-13 03:00:00,PRODUCTION,LOW,23.96
2026-06-13 03:00:00,WAREHOUSE,LOW,22.76
2026-06-13 03:00:00,OFFICE_A,LOW,23.12
2026-06-13 03:00:00,CONTROL_ROOM,LOW,21.77
2026-06-13 03:00:00,UTILITY,LOW,23.68
2026-06-13 03:00:00,BATTERY_FLEX,LOW,22.47
2026-06-13 03:15:00,PRODUCTION,LOW,23.3
2026-06-13 03:15:00,WAREHOUSE,LOW,23.62
2026-06-13 03:15:00,OFFICE_A,LOW,23.43
2026-06-13 03:15:00,CONTROL_ROOM,LOW,21.54
2026-06-13 03:15:00,UTILITY,LOW,23.77
2026-06-13 03:15:00,BATTERY_FLEX,LOW,22.58
2026-06-13 03:30:00,PRODUCTION,LOW,22.95
2026-06-13 03:30:00,WAREHOUSE,LOW,22.89
2026-06-13 03:30:00,OFFICE_A,LOW,22.61
2026-06-13 03:30:00,CONTROL_ROOM,LOW,22.76
2026-06-13 03:30:00,UTILITY,LOW,22.63
2026-06-13 03:30:00,BATTERY_FLEX,LOW,22.8
2026-06-13 03:45:00,PRODUCTION,LOW,23.5
2026-06-13 03:45:00,WAREHOUSE,LOW,23.4
2026-06-13 03:45:00,OFFICE_A,LOW,22.76
2026-06-13 03:45:00,CONTROL_ROOM,LOW,22.22
2026-06-13 03:45:00,UTILITY,LOW,24.18
2026-06-13 03:45:00,BATTERY_FLEX,LOW,22.95
2026-06-13 04:00:00,PRODUCTION,LOW,22.79
2026-06-13 04:00:00,WAREHOUSE,LOW,22.26
2026-06-13 04:00:00,OFFICE_A,LOW,21.69
2026-06-13 04:00:00,CONTROL_ROOM,LOW,21.73
2026-06-13 04:00:00,UTILITY,LOW,23.7
2026-06-13 04:00:00,BATTERY_FLEX,LOW,21.96
2026-06-13 04:15:00,PRODUCTION,LOW,23.41
2026-06-13 04:15:00,WAREHOUSE,LOW,22.52
2026-06-13 04:15:00,OFFICE_A,LOW,22.96
2026-06-13 04:15:00,CONTROL_ROOM,LOW,22.06
2026-06-13 04:15:00,UTILITY,LOW,23.28
2026-06-13 04:15:00,BATTERY_FLEX,LOW,21.84
2026-06-13 04:30:00,PRODUCTION,LOW,23.02
2026-06-13 04:30:00,WAREHOUSE,LOW,23.92
2026-06-13 04:30:00,OFFICE_A,LOW,21.66
2026-06-13 04:30:00,CONTROL_ROOM,LOW,21.79
2026-06-13 04:30:00,UTILITY,LOW,24.27
2026-06-13 04:30:00,BATTERY_FLEX,LOW,22.11
2026-06-13 04:45:00,PRODUCTION,LOW,23.28
2026-06-13 04:45:00,WAREHOUSE,LOW,22.39
2026-06-13 04:45:00,OFFICE_A,LOW,22.6
2026-06-13 04:45:00,CONTROL_ROOM,LOW,21.91
2026-06-13 04:45:00,UTILITY,LOW,23.43
2026-06-13 04:45:00,BATTERY_FLEX,LOW,22.04
2026-06-13 05:00:00,PRODUCTION,LOW,22.5
2026-06-13 05:00:00,WAREHOUSE,LOW,22.56
2026-06-13 05:00:00,OFFICE_A,LOW,22.92
2026-06-13 05:00:00,CONTROL_ROOM,LOW,21.78
2026-06-13 05:00:00,UTILITY,LOW,23.93
2026-06-13 05:00:00,BATTERY_FLEX,LOW,22.37
2026-06-13 05:15:00,PRODUCTION,LOW,23.25
2026-06-13 05:15:00,WAREHOUSE,LOW,22.27
2026-06-13 05:15:00,OFFICE_A,LOW,22.38
2026-06-13 05:15:00,CONTROL_ROOM,LOW,22.16
2026-06-13 05:15:00,UTILITY,LOW,23.18
2026-06-13 05:15:00,BATTERY_FLEX,LOW,22.95
2026-06-13 05:30:00,PRODUCTION,LOW,24.05
2026-06-13 05:30:00,WAREHOUSE,LOW,22.46
2026-06-13 05:30:00,OFFICE_A,LOW,23.01
2026-06-13 05:30:00,CONTROL_ROOM,LOW,22.2
2026-06-13 05:30:00,UTILITY,LOW,23.18
2026-06-13 05:30:00,BATTERY_FLEX,LOW,22.36
2026-06-13 05:45:00,PRODUCTION,LOW,23.8
2026-06-13 05:45:00,WAREHOUSE,LOW,23.3
2026-06-13 05:45:00,OFFICE_A,LOW,22.59
2026-06-13 05:45:00,CONTROL_ROOM,LOW,21.72
2026-06-13 05:45:00,UTILITY,LOW,23.83
2026-06-13 05:45:00,BATTERY_FLEX,LOW,22.93
2026-06-13 06:00:00,PRODUCTION,LOW,23.57
2026-06-13 06:00:00,WAREHOUSE,LOW,22.64
2026-06-13 06:00:00,OFFICE_A,LOW,22.22
2026-06-13 06:00:00,CONTROL_ROOM,LOW,21.56
2026-06-13 06:00:00,UTILITY,LOW,23.59
2026-06-13 06:00:00,BATTERY_FLEX,LOW,21.67
2026-06-13 06:15:00,PRODUCTION,LOW,22.92
2026-06-13 06:15:00,WAREHOUSE,LOW,22.67
2026-06-13 06:15:00,OFFICE_A,LOW,22.91
2026-06-13 06:15:00,CONTROL_ROOM,LOW,21.68
2026-06-13 06:15:00,UTILITY,LOW,23.79
2026-06-13 06:15:00,BATTERY_FLEX,LOW,22.86
2026-06-13 06:30:00,PRODUCTION,LOW,23.12
2026-06-13 06:30:00,WAREHOUSE,LOW,23.03
2026-06-13 06:30:00,OFFICE_A,LOW,23.23
2026-06-13 06:30:00,CONTROL_ROOM,LOW,22.28
2026-06-13 06:30:00,UTILITY,LOW,24.27
2026-06-13 06:30:00,BATTERY_FLEX,LOW,22.79
2026-06-13 06:45:00,PRODUCTION,LOW,23.95
2026-06-13 06:45:00,WAREHOUSE,LOW,22.91
2026-06-13 06:45:00,OFFICE_A,LOW,23.04
2026-06-13 06:45:00,CONTROL_ROOM,LOW,22.12
2026-06-13 06:45:00,UTILITY,LOW,22.95
2026-06-13 06:45:00,BATTERY_FLEX,LOW,22.11
2026-06-13 07:00:00,PRODUCTION,LOW,23.32
2026-06-13 07:00:00,WAREHOUSE,LOW,23.64
2026-06-13 07:00:00,OFFICE_A,LOW,23.35
2026-06-13 07:00:00,CONTROL_ROOM,LOW,21.15
2026-06-13 07:00:00,UTILITY,LOW,24.41
2026-06-13 07:00:00,BATTERY_FLEX,LOW,23.08
2026-06-13 07:15:00,PRODUCTION,MEDIUM,23.73
2026-06-13 07:15:00,WAREHOUSE,MEDIUM,22.39
2026-06-13 07:15:00,OFFICE_A,MEDIUM,22.88
2026-06-13 07:15:00,CONTROL_ROOM,MEDIUM,23.56
2026-06-13 07:15:00,UTILITY,MEDIUM,23.63
2026-06-13 07:15:00,BATTERY_FLEX,MEDIUM,22.25
2026-06-13 07:30:00,PRODUCTION,MEDIUM,24.24
2026-06-13 07:30:00,WAREHOUSE,MEDIUM,23.26
2026-06-13 07:30:00,OFFICE_A,MEDIUM,23.67
2026-06-13 07:30:00,CONTROL_ROOM,MEDIUM,21.62
2026-06-13 07:30:00,UTILITY,MEDIUM,23.72
2026-06-13 07:30:00,BATTERY_FLEX,MEDIUM,22.78
2026-06-13 07:45:00,PRODUCTION,MEDIUM,23.57
2026-06-13 07:45:00,WAREHOUSE,MEDIUM,22.3
2026-06-13 07:45:00,OFFICE_A,MEDIUM,21.88
2026-06-13 07:45:00,CONTROL_ROOM,MEDIUM,22.46
2026-06-13 07:45:00,UTILITY,MEDIUM,23.45
2026-06-13 07:45:00,BATTERY_FLEX,MEDIUM,22.5
2026-06-13 08:00:00,PRODUCTION,MEDIUM,24.6
2026-06-13 08:00:00,WAREHOUSE,MEDIUM,23.41
2026-06-13 08:00:00,OFFICE_A,MEDIUM,23.29
2026-06-13 08:00:00,CONTROL_ROOM,MEDIUM,22.26
2026-06-13 08:00:00,UTILITY,MEDIUM,23.02
2026-06-13 08:00:00,BATTERY_FLEX,MEDIUM,23.14
2026-06-13 08:15:00,PRODUCTION,MEDIUM,23.28
2026-06-13 08:15:00,WAREHOUSE,MEDIUM,22.94
2026-06-13 08:15:00,OFFICE_A,MEDIUM,24.1
2026-06-13 08:15:00,CONTROL_ROOM,MEDIUM,22.73
2026-06-13 08:15:00,UTILITY,MEDIUM,23.33
2026-06-13 08:15:00,BATTERY_FLEX,MEDIUM,22.43
2026-06-13 08:30:00,PRODUCTION,MEDIUM,22.74
2026-06-13 08:30:00,WAREHOUSE,MEDIUM,23.23
2026-06-13 08:30:00,OFFICE_A,MEDIUM,23.44
2026-06-13 08:30:00,CONTROL_ROOM,MEDIUM,22.7
2026-06-13 08:30:00,UTILITY,MEDIUM,23.64
2026-06-13 08:30:00,BATTERY_FLEX,MEDIUM,22.49
2026-06-13 08:45:00,PRODUCTION,MEDIUM,23.54
2026-06-13 08:45:00,WAREHOUSE,MEDIUM,23.55
2026-06-13 08:45:00,OFFICE_A,MEDIUM,22.58
2026-06-13 08:45:00,CONTROL_ROOM,MEDIUM,22.08
2026-06-13 08:45:00,UTILITY,MEDIUM,23.1
2026-06-13 08:45:00,BATTERY_FLEX,MEDIUM,22.4
2026-06-13 09:00:00,PRODUCTION,HIGH,24.62
2026-06-13 09:00:00,WAREHOUSE,HIGH,23.2
2026-06-13 09:00:00,OFFICE_A,HIGH,23.86
2026-06-13 09:00:00,CONTROL_ROOM,HIGH,22.63
2026-06-13 09:00:00,UTILITY,HIGH,23.77
2026-06-13 09:00:00,BATTERY_FLEX,HIGH,23.09
2026-06-13 09:15:00,PRODUCTION,MEDIUM,23.32
2026-06-13 09:15:00,WAREHOUSE,MEDIUM,23.7
2026-06-13 09:15:00,OFFICE_A,MEDIUM,23.89
2026-06-13 09:15:00,CONTROL_ROOM,MEDIUM,22.06
2026-06-13 09:15:00,UTILITY,MEDIUM,22.64
2026-06-13 09:15:00,BATTERY_FLEX,MEDIUM,22.37
2026-06-13 09:30:00,PRODUCTION,HIGH,23.62
2026-06-13 09:30:00,WAREHOUSE,HIGH,23.73
2026-06-13 09:30:00,OFFICE_A,HIGH,23.56
2026-06-13 09:30:00,CONTROL_ROOM,HIGH,22.68
2026-06-13 09:30:00,UTILITY,HIGH,23.8
2026-06-13 09:30:00,BATTERY_FLEX,HIGH,22.98
2026-06-13 09:45:00,PRODUCTION,HIGH,24.31
2026-06-13 09:45:00,WAREHOUSE,HIGH,23.81
2026-06-13 09:45:00,OFFICE_A,HIGH,23.62
2026-06-13 09:45:00,CONTROL_ROOM,HIGH,21.93
2026-06-13 09:45:00,UTILITY,HIGH,23.32
2026-06-13 09:45:00,BATTERY_FLEX,HIGH,22.51
2026-06-13 10:00:00,PRODUCTION,HIGH,23.31
2026-06-13 10:00:00,WAREHOUSE,HIGH,22.17
2026-06-13 10:00:00,OFFICE_A,HIGH,21.82
2026-06-13 10:00:00,CONTROL_ROOM,HIGH,22.31
2026-06-13 10:00:00,UTILITY,HIGH,24.88
2026-06-13 10:00:00,BATTERY_FLEX,HIGH,23.62
2026-06-13 10:15:00,PRODUCTION,HIGH,23.23
2026-06-13 10:15:00,WAREHOUSE,HIGH,22.62
2026-06-13 10:15:00,OFFICE_A,HIGH,23.27
2026-06-13 10:15:00,CONTROL_ROOM,HIGH,22.3
2026-06-13 10:15:00,UTILITY,HIGH,23.85
2026-06-13 10:15:00,BATTERY_FLEX,HIGH,23.05
2026-06-13 10:30:00,PRODUCTION,HIGH,23.25
2026-06-13 10:30:00,WAREHOUSE,HIGH,22.48
2026-06-13 10:30:00,OFFICE_A,HIGH,23.75
2026-06-13 10:30:00,CONTROL_ROOM,HIGH,22.25
2026-06-13 10:30:00,UTILITY,HIGH,22.79
2026-06-13 10:30:00,BATTERY_FLEX,HIGH,22.7
2026-06-13 10:45:00,PRODUCTION,HIGH,24.3
2026-06-13 10:45:00,WAREHOUSE,HIGH,23.78
2026-06-13 10:45:00,OFFICE_A,HIGH,22.98
2026-06-13 10:45:00,CONTROL_ROOM,HIGH,22.5
2026-06-13 10:45:00,UTILITY,HIGH,24.02
2026-06-13 10:45:00,BATTERY_FLEX,HIGH,22.8
2026-06-13 11:00:00,PRODUCTION,HIGH,23.78
2026-06-13 11:00:00,WAREHOUSE,HIGH,23.43
2026-06-13 11:00:00,OFFICE_A,HIGH,23.98
2026-06-13 11:00:00,CONTROL_ROOM,HIGH,22.85
2026-06-13 11:00:00,UTILITY,HIGH,23.93
2026-06-13 11:00:00,BATTERY_FLEX,HIGH,23.08
2026-06-13 11:15:00,PRODUCTION,HIGH,24.1
2026-06-13 11:15:00,WAREHOUSE,HIGH,23.72
2026-06-13 11:15:00,OFFICE_A,HIGH,23.27
2026-06-13 11:15:00,CONTROL_ROOM,HIGH,21.85
2026-06-13 11:15:00,UTILITY,HIGH,24.0
2026-06-13 11:15:00,BATTERY_FLEX,HIGH,22.65
2026-06-13 11:30:00,PRODUCTION,HIGH,23.28
2026-06-13 11:30:00,WAREHOUSE,HIGH,23.78
2026-06-13 11:30:00,OFFICE_A,HIGH,22.32
2026-06-13 11:30:00,CONTROL_ROOM,HIGH,22.39
2026-06-13 11:30:00,UTILITY,HIGH,24.69
2026-06-13 11:30:00,BATTERY_FLEX,HIGH,22.61
2026-06-13 11:45:00,PRODUCTION,HIGH,24.03
2026-06-13 11:45:00,WAREHOUSE,HIGH,23.28
2026-06-13 11:45:00,OFFICE_A,HIGH,24.43
2026-06-13 11:45:00,CONTROL_ROOM,HIGH,21.88
2026-06-13 11:45:00,UTILITY,HIGH,23.56
2026-06-13 11:45:00,BATTERY_FLEX,HIGH,22.29
2026-06-13 12:00:00,PRODUCTION,HIGH,23.74
2026-06-13 12:00:00,WAREHOUSE,HIGH,23.0
2026-06-13 12:00:00,OFFICE_A,HIGH,23.24
2026-06-13 12:00:00,CONTROL_ROOM,HIGH,22.28
2026-06-13 12:00:00,UTILITY,HIGH,23.12
2026-06-13 12:00:00,BATTERY_FLEX,HIGH,22.63
2026-06-13 12:15:00,PRODUCTION,HIGH,24.15
2026-06-13 12:15:00,WAREHOUSE,HIGH,22.98
2026-06-13 12:15:00,OFFICE_A,HIGH,23.45
2026-06-13 12:15:00,CONTROL_ROOM,HIGH,23.6
2026-06-13 12:15:00,UTILITY,HIGH,24.82
2026-06-13 12:15:00,BATTERY_FLEX,HIGH,22.23
2026-06-13 12:30:00,PRODUCTION,HIGH,23.86
2026-06-13 12:30:00,WAREHOUSE,HIGH,23.38
2026-06-13 12:30:00,OFFICE_A,HIGH,24.56
2026-06-13 12:30:00,CONTROL_ROOM,HIGH,22.55
2026-06-13 12:30:00,UTILITY,HIGH,24.12
2026-06-13 12:30:00,BATTERY_FLEX,HIGH,23.02
2026-06-13 12:45:00,PRODUCTION,HIGH,24.66
2026-06-13 12:45:00,WAREHOUSE,HIGH,22.95
2026-06-13 12:45:00,OFFICE_A,HIGH,23.25
2026-06-13 12:45:00,CONTROL_ROOM,HIGH,21.95
2026-06-13 12:45:00,UTILITY,HIGH,23.29
2026-06-13 12:45:00,BATTERY_FLEX,HIGH,22.53
2026-06-13 13:00:00,PRODUCTION,HIGH,24.4
2026-06-13 13:00:00,WAREHOUSE,HIGH,23.46
2026-06-13 13:00:00,OFFICE_A,HIGH,23.15
2026-06-13 13:00:00,CONTROL_ROOM,HIGH,22.27
2026-06-13 13:00:00,UTILITY,HIGH,23.63
2026-06-13 13:00:00,BATTERY_FLEX,HIGH,23.49
2026-06-13 13:15:00,PRODUCTION,HIGH,23.24
2026-06-13 13:15:00,WAREHOUSE,HIGH,23.4
2026-06-13 13:15:00,OFFICE_A,HIGH,23.58
2026-06-13 13:15:00,CONTROL_ROOM,HIGH,23.12
2026-06-13 13:15:00,UTILITY,HIGH,24.27
2026-06-13 13:15:00,BATTERY_FLEX,HIGH,23.94
2026-06-13 13:30:00,PRODUCTION,HIGH,24.32
2026-06-13 13:30:00,WAREHOUSE,HIGH,23.3
2026-06-13 13:30:00,OFFICE_A,HIGH,23.8
2026-06-13 13:30:00,CONTROL_ROOM,HIGH,21.9
2026-06-13 13:30:00,UTILITY,HIGH,23.92
2026-06-13 13:30:00,BATTERY_FLEX,HIGH,22.85
2026-06-13 13:45:00,PRODUCTION,HIGH,25.09
2026-06-13 13:45:00,WAREHOUSE,HIGH,22.71
2026-06-13 13:45:00,OFFICE_A,HIGH,23.92
2026-06-13 13:45:00,CONTROL_ROOM,HIGH,21.12
2026-06-13 13:45:00,UTILITY,HIGH,24.1
2026-06-13 13:45:00,BATTERY_FLEX,HIGH,21.83
2026-06-13 14:00:00,PRODUCTION,HIGH,24.49
2026-06-13 14:00:00,WAREHOUSE,HIGH,22.34
2026-06-13 14:00:00,OFFICE_A,HIGH,23.39
2026-06-13 14:00:00,CONTROL_ROOM,HIGH,22.32
2026-06-13 14:00:00,UTILITY,HIGH,24.56
2026-06-13 14:00:00,BATTERY_FLEX,HIGH,22.98
2026-06-13 14:15:00,PRODUCTION,HIGH,24.5
2026-06-13 14:15:00,WAREHOUSE,HIGH,22.83
2026-06-13 14:15:00,OFFICE_A,HIGH,23.51
2026-06-13 14:15:00,CONTROL_ROOM,HIGH,22.53
2026-06-13 14:15:00,UTILITY,HIGH,23.52
2026-06-13 14:15:00,BATTERY_FLEX,HIGH,21.93
2026-06-13 14:30:00,PRODUCTION,HIGH,24.03
2026-06-13 14:30:00,WAREHOUSE,HIGH,23.34
2026-06-13 14:30:00,OFFICE_A,HIGH,24.69
2026-06-13 14:30:00,CONTROL_ROOM,HIGH,22.59
2026-06-13 14:30:00,UTILITY,HIGH,24.32
2026-06-13 14:30:00,BATTERY_FLEX,HIGH,22.47
2026-06-13 14:45:00,PRODUCTION,HIGH,23.97
2026-06-13 14:45:00,WAREHOUSE,HIGH,23.71
2026-06-13 14:45:00,OFFICE_A,HIGH,23.18
2026-06-13 14:45:00,CONTROL_ROOM,HIGH,22.58
2026-06-13 14:45:00,UTILITY,HIGH,24.12
2026-06-13 14:45:00,BATTERY_FLEX,HIGH,22.36
2026-06-13 15:00:00,PRODUCTION,HIGH,23.1
2026-06-13 15:00:00,WAREHOUSE,HIGH,23.09
2026-06-13 15:00:00,OFFICE_A,HIGH,23.79
2026-06-13 15:00:00,CONTROL_ROOM,HIGH,23.48
2026-06-13 15:00:00,UTILITY,HIGH,24.06
2026-06-13 15:00:00,BATTERY_FLEX,HIGH,23.34
2026-06-13 15:15:00,PRODUCTION,HIGH,23.72
2026-06-13 15:15:00,WAREHOUSE,HIGH,23.77
2026-06-13 15:15:00,OFFICE_A,HIGH,24.03
2026-06-13 15:15:00,CONTROL_ROOM,HIGH,22.8
2026-06-13 15:15:00,UTILITY,HIGH,23.63
2026-06-13 15:15:00,BATTERY_FLEX,HIGH,22.3
2026-06-13 15:30:00,PRODUCTION,HIGH,23.93
2026-06-13 15:30:00,WAREHOUSE,HIGH,23.3
2026-06-13 15:30:00,OFFICE_A,HIGH,23.72
2026-06-13 15:30:00,CONTROL_ROOM,HIGH,22.84
2026-06-13 15:30:00,UTILITY,HIGH,24.15
2026-06-13 15:30:00,BATTERY_FLEX,HIGH,22.39
2026-06-13 15:45:00,PRODUCTION,HIGH,23.91
2026-06-13 15:45:00,WAREHOUSE,HIGH,23.01
2026-06-13 15:45:00,OFFICE_A,HIGH,23.82
2026-06-13 15:45:00,CONTROL_ROOM,HIGH,23.56
2026-06-13 15:45:00,UTILITY,HIGH,22.8
2026-06-13 15:45:00,BATTERY_FLEX,HIGH,23.91
2026-06-13 16:00:00,PRODUCTION,HIGH,24.59
2026-06-13 16:00:00,WAREHOUSE,HIGH,23.29
2026-06-13 16:00:00,OFFICE_A,HIGH,23.56
2026-06-13 16:00:00,CONTROL_ROOM,HIGH,21.62
2026-06-13 16:00:00,UTILITY,HIGH,23.81
2026-06-13 16:00:00,BATTERY_FLEX,HIGH,23.2
2026-06-13 16:15:00,PRODUCTION,HIGH,23.87
2026-06-13 16:15:00,WAREHOUSE,HIGH,24.1
2026-06-13 16:15:00,OFFICE_A,HIGH,23.72
2026-06-13 16:15:00,CONTROL_ROOM,HIGH,22.72
2026-06-13 16:15:00,UTILITY,HIGH,23.85
2026-06-13 16:15:00,BATTERY_FLEX,HIGH,22.83
2026-06-13 16:30:00,PRODUCTION,HIGH,24.92
2026-06-13 16:30:00,WAREHOUSE,HIGH,24.07
2026-06-13 16:30:00,OFFICE_A,HIGH,24.04
2026-06-13 16:30:00,CONTROL_ROOM,HIGH,22.49
2026-06-13 16:30:00,UTILITY,HIGH,23.27
2026-06-13 16:30:00,BATTERY_FLEX,HIGH,22.45
2026-06-13 16:45:00,PRODUCTION,HIGH,24.6
2026-06-13 16:45:00,WAREHOUSE,HIGH,24.02
2026-06-13 16:45:00,OFFICE_A,HIGH,24.41
2026-06-13 16:45:00,CONTROL_ROOM,HIGH,23.1
2026-06-13 16:45:00,UTILITY,HIGH,24.37
2026-06-13 16:45:00,BATTERY_FLEX,HIGH,22.8
2026-06-13 17:00:00,PRODUCTION,HIGH,24.09
2026-06-13 17:00:00,WAREHOUSE,HIGH,23.2
2026-06-13 17:00:00,OFFICE_A,HIGH,23.18
2026-06-13 17:00:00,CONTROL_ROOM,HIGH,22.16
2026-06-13 17:00:00,UTILITY,HIGH,24.71
2026-06-13 17:00:00,BATTERY_FLEX,HIGH,23.73
2026-06-13 17:15:00,PRODUCTION,HIGH,24.38
2026-06-13 17:15:00,WAREHOUSE,HIGH,24.15
2026-06-13 17:15:00,OFFICE_A,HIGH,22.8
2026-06-13 17:15:00,CONTROL_ROOM,HIGH,22.8
2026-06-13 17:15:00,UTILITY,HIGH,24.04
2026-06-13 17:15:00,BATTERY_FLEX,HIGH,23.03
2026-06-13 17:30:00,PRODUCTION,HIGH,24.39
2026-06-13 17:30:00,WAREHOUSE,HIGH,23.3
2026-06-13 17:30:00,OFFICE_A,HIGH,23.23
2026-06-13 17:30:00,CONTROL_ROOM,HIGH,22.68
2026-06-13 17:30:00,UTILITY,HIGH,24.1
2026-06-13 17:30:00,BATTERY_FLEX,HIGH,22.87
2026-06-13 17:45:00,PRODUCTION,HIGH,23.58
2026-06-13 17:45:00,WAREHOUSE,HIGH,23.41
2026-06-13 17:45:00,OFFICE_A,HIGH,23.71
2026-06-13 17:45:00,CONTROL_ROOM,HIGH,22.99
2026-06-13 17:45:00,UTILITY,HIGH,23.32
2026-06-13 17:45:00,BATTERY_FLEX,HIGH,22.46
2026-06-13 18:00:00,PRODUCTION,HIGH,23.89
2026-06-13 18:00:00,WAREHOUSE,HIGH,23.81
2026-06-13 18:00:00,OFFICE_A,HIGH,24.06
2026-06-13 18:00:00,CONTROL_ROOM,HIGH,23.03
2026-06-13 18:00:00,UTILITY,HIGH,23.76
2026-06-13 18:00:00,BATTERY_FLEX,HIGH,22.31
2026-06-13 18:15:00,PRODUCTION,HIGH,24.63
2026-06-13 18:15:00,WAREHOUSE,HIGH,22.96
2026-06-13 18:15:00,OFFICE_A,HIGH,24.12
2026-06-13 18:15:00,CONTROL_ROOM,HIGH,23.16
2026-06-13 18:15:00,UTILITY,HIGH,23.27
2026-06-13 18:15:00,BATTERY_FLEX,HIGH,23.02
2026-06-13 18:30:00,PRODUCTION,HIGH,24.58
2026-06-13 18:30:00,WAREHOUSE,HIGH,23.23
2026-06-13 18:30:00,OFFICE_A,HIGH,22.75
2026-06-13 18:30:00,CONTROL_ROOM,HIGH,22.31
2026-06-13 18:30:00,UTILITY,HIGH,23.72
2026-06-13 18:30:00,BATTERY_FLEX,HIGH,22.19
2026-06-13 18:45:00,PRODUCTION,HIGH,23.59
2026-06-13 18:45:00,WAREHOUSE,HIGH,23.14
2026-06-13 18:45:00,OFFICE_A,HIGH,23.36
2026-06-13 18:45:00,CONTROL_ROOM,HIGH,22.47
2026-06-13 18:45:00,UTILITY,HIGH,24.27
2026-06-13 18:45:00,BATTERY_FLEX,HIGH,22.85
2026-06-13 19:00:00,PRODUCTION,MEDIUM,24.38
2026-06-13 19:00:00,WAREHOUSE,MEDIUM,23.85
2026-06-13 19:00:00,OFFICE_A,MEDIUM,24.2
2026-06-13 19:00:00,CONTROL_ROOM,MEDIUM,22.38
2026-06-13 19:00:00,UTILITY,MEDIUM,24.09
2026-06-13 19:00:00,BATTERY_FLEX,MEDIUM,21.98
2026-06-13 19:15:00,PRODUCTION,MEDIUM,25.28
2026-06-13 19:15:00,WAREHOUSE,MEDIUM,23.34
2026-06-13 19:15:00,OFFICE_A,MEDIUM,22.83
2026-06-13 19:15:00,CONTROL_ROOM,MEDIUM,22.47
2026-06-13 19:15:00,UTILITY,MEDIUM,23.43
2026-06-13 19:15:00,BATTERY_FLEX,MEDIUM,22.21
2026-06-13 19:30:00,PRODUCTION,MEDIUM,23.54
2026-06-13 19:30:00,WAREHOUSE,MEDIUM,23.03
2026-06-13 19:30:00,OFFICE_A,MEDIUM,24.01
2026-06-13 19:30:00,CONTROL_ROOM,MEDIUM,22.39
2026-06-13 19:30:00,UTILITY,MEDIUM,22.14
2026-06-13 19:30:00,BATTERY_FLEX,MEDIUM,23.9
2026-06-13 19:45:00,PRODUCTION,MEDIUM,23.96
2026-06-13 19:45:00,WAREHOUSE,MEDIUM,23.55
2026-06-13 19:45:00,OFFICE_A,MEDIUM,23.01
2026-06-13 19:45:00,CONTROL_ROOM,MEDIUM,21.61
2026-06-13 19:45:00,UTILITY,MEDIUM,23.82
2026-06-13 19:45:00,BATTERY_FLEX,MEDIUM,23.4
2026-06-13 20:00:00,PRODUCTION,MEDIUM,23.46
2026-06-13 20:00:00,WAREHOUSE,MEDIUM,22.97
2026-06-13 20:00:00,OFFICE_A,MEDIUM,23.0
2026-06-13 20:00:00,CONTROL_ROOM,MEDIUM,22.16
2026-06-13 20:00:00,UTILITY,MEDIUM,22.89
2026-06-13 20:00:00,BATTERY_FLEX,MEDIUM,22.4
2026-06-13 20:15:00,PRODUCTION,MEDIUM,24.57
2026-06-13 20:15:00,WAREHOUSE,MEDIUM,23.92
2026-06-13 20:15:00,OFFICE_A,MEDIUM,23.6
2026-06-13 20:15:00,CONTROL_ROOM,MEDIUM,22.07
2026-06-13 20:15:00,UTILITY,MEDIUM,23.35
2026-06-13 20:15:00,BATTERY_FLEX,MEDIUM,22.67
2026-06-13 20:30:00,PRODUCTION,MEDIUM,23.52
2026-06-13 20:30:00,WAREHOUSE,MEDIUM,23.54
2026-06-13 20:30:00,OFFICE_A,MEDIUM,23.72
2026-06-13 20:30:00,CONTROL_ROOM,MEDIUM,22.53
2026-06-13 20:30:00,UTILITY,MEDIUM,23.63
2026-06-13 20:30:00,BATTERY_FLEX,MEDIUM,22.23
2026-06-13 20:45:00,PRODUCTION,MEDIUM,23.79
2026-06-13 20:45:00,WAREHOUSE,MEDIUM,22.43
2026-06-13 20:45:00,OFFICE_A,MEDIUM,22.78
2026-06-13 20:45:00,CONTROL_ROOM,MEDIUM,22.15
2026-06-13 20:45:00,UTILITY,MEDIUM,23.18
2026-06-13 20:45:00,BATTERY_FLEX,MEDIUM,22.85
2026-06-13 21:00:00,PRODUCTION,LOW,23.44
2026-06-13 21:00:00,WAREHOUSE,LOW,22.64
2026-06-13 21:00:00,OFFICE_A,LOW,22.62
2026-06-13 21:00:00,CONTROL_ROOM,LOW,21.98
2026-06-13 21:00:00,UTILITY,LOW,23.18
2026-06-13 21:00:00,BATTERY_FLEX,LOW,21.73
2026-06-13 21:15:00,PRODUCTION,LOW,23.02
2026-06-13 21:15:00,WAREHOUSE,LOW,23.88
2026-06-13 21:15:00,OFFICE_A,LOW,22.0
2026-06-13 21:15:00,CONTROL_ROOM,LOW,21.55
2026-06-13 21:15:00,UTILITY,LOW,24.61
2026-06-13 21:15:00,BATTERY_FLEX,LOW,22.75
2026-06-13 21:30:00,PRODUCTION,LOW,24.1
2026-06-13 21:30:00,WAREHOUSE,LOW,22.8
2026-06-13 21:30:00,OFFICE_A,LOW,22.38
2026-06-13 21:30:00,CONTROL_ROOM,LOW,21.07
2026-06-13 21:30:00,UTILITY,LOW,23.62
2026-06-13 21:30:00,BATTERY_FLEX,LOW,21.86
2026-06-13 21:45:00,PRODUCTION,LOW,23.02
2026-06-13 21:45:00,WAREHOUSE,LOW,23.27
2026-06-13 21:45:00,OFFICE_A,LOW,21.98
2026-06-13 21:45:00,CONTROL_ROOM,LOW,21.84
2026-06-13 21:45:00,UTILITY,LOW,22.97
2026-06-13 21:45:00,BATTERY_FLEX,LOW,22.36
2026-06-13 22:00:00,PRODUCTION,LOW,24.83
2026-06-13 22:00:00,WAREHOUSE,LOW,22.6
2026-06-13 22:00:00,OFFICE_A,LOW,23.32
2026-06-13 22:00:00,CONTROL_ROOM,LOW,20.97
2026-06-13 22:00:00,UTILITY,LOW,23.44
2026-06-13 22:00:00,BATTERY_FLEX,LOW,21.88
2026-06-13 22:15:00,PRODUCTION,LOW,23.77
2026-06-13 22:15:00,WAREHOUSE,LOW,22.77
2026-06-13 22:15:00,OFFICE_A,LOW,22.89
2026-06-13 22:15:00,CONTROL_ROOM,LOW,22.14
2026-06-13 22:15:00,UTILITY,LOW,22.82
2026-06-13 22:15:00,BATTERY_FLEX,LOW,22.18
2026-06-13 22:30:00,PRODUCTION,LOW,23.18
2026-06-13 22:30:00,WAREHOUSE,LOW,22.91
2026-06-13 22:30:00,OFFICE_A,LOW,22.35
2026-06-13 22:30:00,CONTROL_ROOM,LOW,21.96
2026-06-13 22:30:00,UTILITY,LOW,23.42
2026-06-13 22:30:00,BATTERY_FLEX,LOW,22.44
2026-06-13 22:45:00,PRODUCTION,LOW,22.83
2026-06-13 22:45:00,WAREHOUSE,LOW,23.27
2026-06-13 22:45:00,OFFICE_A,LOW,21.21
2026-06-13 22:45:00,CONTROL_ROOM,LOW,21.42
2026-06-13 22:45:00,UTILITY,LOW,22.98
2026-06-13 22:45:00,BATTERY_FLEX,LOW,23.16
2026-06-13 23:00:00,PRODUCTION,LOW,22.94
2026-06-13 23:00:00,WAREHOUSE,LOW,22.86
2026-06-13 23:00:00,OFFICE_A,LOW,22.79
2026-06-13 23:00:00,CONTROL_ROOM,LOW,21.53
2026-06-13 23:00:00,UTILITY,LOW,23.34
2026-06-13 23:00:00,BATTERY_FLEX,LOW,22.05
2026-06-13 23:15:00,PRODUCTION,LOW,22.54
2026-06-13 23:15:00,WAREHOUSE,LOW,23.44
2026-06-13 23:15:00,OFFICE_A,LOW,23.13
2026-06-13 23:15:00,CONTROL_ROOM,LOW,22.24
2026-06-13 23:15:00,UTILITY,LOW,23.71
2026-06-13 23:15:00,BATTERY_FLEX,LOW,22.88
2026-06-13 23:30:00,PRODUCTION,LOW,22.44
2026-06-13 23:30:00,WAREHOUSE,LOW,23.93
2026-06-13 23:30:00,OFFICE_A,LOW,23.59
2026-06-13 23:30:00,CONTROL_ROOM,LOW,21.24
2026-06-13 23:30:00,UTILITY,LOW,23.19
2026-06-13 23:30:00,BATTERY_FLEX,LOW,22.39
2026-06-13 23:45:00,PRODUCTION,LOW,24.25
2026-06-13 23:45:00,WAREHOUSE,LOW,23.2
2026-06-13 23:45:00,OFFICE_A,LOW,22.9
2026-06-13 23:45:00,CONTROL_ROOM,LOW,21.57
2026-06-13 23:45:00,UTILITY,LOW,23.78
2026-06-13 23:45:00,BATTERY_FLEX,LOW,21.79
2026-06-14 00:00:00,PRODUCTION,LOW,22.95
2026-06-14 00:00:00,WAREHOUSE,LOW,22.84
2026-06-14 00:00:00,OFFICE_A,LOW,22.45
2026-06-14 00:00:00,CONTROL_ROOM,LOW,21.32
2026-06-14 00:00:00,UTILITY,LOW,23.03
2026-06-14 00:00:00,BATTERY_FLEX,LOW,21.61
2026-06-14 00:15:00,PRODUCTION,LOW,23.16
2026-06-14 00:15:00,WAREHOUSE,LOW,22.89
2026-06-14 00:15:00,OFFICE_A,LOW,22.4
2026-06-14 00:15:00,CONTROL_ROOM,LOW,20.55
2026-06-14 00:15:00,UTILITY,LOW,23.87
2026-06-14 00:15:00,BATTERY_FLEX,LOW,21.92
2026-06-14 00:30:00,PRODUCTION,LOW,23.74
2026-06-14 00:30:00,WAREHOUSE,LOW,23.31
2026-06-14 00:30:00,OFFICE_A,LOW,23.23
2026-06-14 00:30:00,CONTROL_ROOM,LOW,21.83
2026-06-14 00:30:00,UTILITY,LOW,23.74
2026-06-14 00:30:00,BATTERY_FLEX,LOW,21.65
2026-06-14 00:45:00,PRODUCTION,LOW,22.97
2026-06-14 00:45:00,WAREHOUSE,LOW,23.19
2026-06-14 00:45:00,OFFICE_A,LOW,22.84
2026-06-14 00:45:00,CONTROL_ROOM,LOW,22.3
2026-06-14 00:45:00,UTILITY,LOW,23.49
2026-06-14 00:45:00,BATTERY_FLEX,LOW,22.97
2026-06-14 01:00:00,PRODUCTION,LOW,23.49
2026-06-14 01:00:00,WAREHOUSE,LOW,23.36
2026-06-14 01:00:00,OFFICE_A,LOW,23.05
2026-06-14 01:00:00,CONTROL_ROOM,LOW,21.26
2026-06-14 01:00:00,UTILITY,LOW,23.24
2026-06-14 01:00:00,BATTERY_FLEX,LOW,22.46
2026-06-14 01:15:00,PRODUCTION,LOW,23.37
2026-06-14 01:15:00,WAREHOUSE,LOW,23.72
2026-06-14 01:15:00,OFFICE_A,LOW,22.58
2026-06-14 01:15:00,CONTROL_ROOM,LOW,21.51
2026-06-14 01:15:00,UTILITY,LOW,23.49
2026-06-14 01:15:00,BATTERY_FLEX,LOW,22.06
2026-06-14 01:30:00,PRODUCTION,LOW,23.49
2026-06-14 01:30:00,WAREHOUSE,LOW,23.77
2026-06-14 01:30:00,OFFICE_A,LOW,21.9
2026-06-14 01:30:00,CONTROL_ROOM,LOW,22.67
2026-06-14 01:30:00,UTILITY,LOW,22.77
2026-06-14 01:30:00,BATTERY_FLEX,LOW,21.96
2026-06-14 01:45:00,PRODUCTION,LOW,23.07
2026-06-14 01:45:00,WAREHOUSE,LOW,22.65
2026-06-14 01:45:00,OFFICE_A,LOW,22.0
2026-06-14 01:45:00,CONTROL_ROOM,LOW,22.25
2026-06-14 01:45:00,UTILITY,LOW,23.95
2026-06-14 01:45:00,BATTERY_FLEX,LOW,23.22
2026-06-14 02:00:00,PRODUCTION,LOW,23.37
2026-06-14 02:00:00,WAREHOUSE,LOW,22.85
2026-06-14 02:00:00,OFFICE_A,LOW,22.36
2026-06-14 02:00:00,CONTROL_ROOM,LOW,21.08
2026-06-14 02:00:00,UTILITY,LOW,24.01
2026-06-14 02:00:00,BATTERY_FLEX,LOW,22.76
2026-06-14 02:15:00,PRODUCTION,LOW,22.52
2026-06-14 02:15:00,WAREHOUSE,LOW,22.98
2026-06-14 02:15:00,OFFICE_A,LOW,21.42
2026-06-14 02:15:00,CONTROL_ROOM,LOW,20.9
2026-06-14 02:15:00,UTILITY,LOW,23.39
2026-06-14 02:15:00,BATTERY_FLEX,LOW,23.73
2026-06-14 02:30:00,PRODUCTION,LOW,24.07
2026-06-14 02:30:00,WAREHOUSE,LOW,23.15
2026-06-14 02:30:00,OFFICE_A,LOW,23.04
2026-06-14 02:30:00,CONTROL_ROOM,LOW,21.52
2026-06-14 02:30:00,UTILITY,LOW,23.29
2026-06-14 02:30:00,BATTERY_FLEX,LOW,22.59
2026-06-14 02:45:00,PRODUCTION,LOW,23.57
2026-06-14 02:45:00,WAREHOUSE,LOW,23.05
2026-06-14 02:45:00,OFFICE_A,LOW,22.51
2026-06-14 02:45:00,CONTROL_ROOM,LOW,20.8
2026-06-14 02:45:00,UTILITY,LOW,23.04
2026-06-14 02:45:00,BATTERY_FLEX,LOW,23.13
2026-06-14 03:00:00,PRODUCTION,LOW,23.13
2026-06-14 03:00:00,WAREHOUSE,LOW,22.35
2026-06-14 03:00:00,OFFICE_A,LOW,22.7
2026-06-14 03:00:00,CONTROL_ROOM,LOW,21.83
2026-06-14 03:00:00,UTILITY,LOW,23.7
2026-06-14 03:00:00,BATTERY_FLEX,LOW,22.09
2026-06-14 03:15:00,PRODUCTION,LOW,23.03
2026-06-14 03:15:00,WAREHOUSE,LOW,23.99
2026-06-14 03:15:00,OFFICE_A,LOW,22.2
2026-06-14 03:15:00,CONTROL_ROOM,LOW,22.21
2026-06-14 03:15:00,UTILITY,LOW,22.97
2026-06-14 03:15:00,BATTERY_FLEX,LOW,22.87
2026-06-14 03:30:00,PRODUCTION,LOW,22.15
2026-06-14 03:30:00,WAREHOUSE,LOW,22.73
2026-06-14 03:30:00,OFFICE_A,LOW,22.9
2026-06-14 03:30:00,CONTROL_ROOM,LOW,21.1
2026-06-14 03:30:00,UTILITY,LOW,23.58
2026-06-14 03:30:00,BATTERY_FLEX,LOW,21.8
2026-06-14 03:45:00,PRODUCTION,LOW,22.93
2026-06-14 03:45:00,WAREHOUSE,LOW,22.45
2026-06-14 03:45:00,OFFICE_A,LOW,22.35
2026-06-14 03:45:00,CONTROL_ROOM,LOW,21.21
2026-06-14 03:45:00,UTILITY,LOW,22.89
2026-06-14 03:45:00,BATTERY_FLEX,LOW,23.09
2026-06-14 04:00:00,PRODUCTION,LOW,23.61
2026-06-14 04:00:00,WAREHOUSE,LOW,22.66
2026-06-14 04:00:00,OFFICE_A,LOW,23.41
2026-06-14 04:00:00,CONTROL_ROOM,LOW,21.23
2026-06-14 04:00:00,UTILITY,LOW,23.79
2026-06-14 04:00:00,BATTERY_FLEX,LOW,23.06
2026-06-14 04:15:00,PRODUCTION,LOW,23.73
2026-06-14 04:15:00,WAREHOUSE,LOW,22.63
2026-06-14 04:15:00,OFFICE_A,LOW,23.13
2026-06-14 04:15:00,CONTROL_ROOM,LOW,21.43
2026-06-14 04:15:00,UTILITY,LOW,23.61
2026-06-14 04:15:00,BATTERY_FLEX,LOW,21.84
2026-06-14 04:30:00,PRODUCTION,LOW,23.23
2026-06-14 04:30:00,WAREHOUSE,LOW,23.28
2026-06-14 04:30:00,OFFICE_A,LOW,22.44
2026-06-14 04:30:00,CONTROL_ROOM,LOW,21.22
2026-06-14 04:30:00,UTILITY,LOW,23.64
2026-06-14 04:30:00,BATTERY_FLEX,LOW,22.03
2026-06-14 04:45:00,PRODUCTION,LOW,23.4
2026-06-14 04:45:00,WAREHOUSE,LOW,23.0
2026-06-14 04:45:00,OFFICE_A,LOW,21.84
2026-06-14 04:45:00,CONTROL_ROOM,LOW,21.14
2026-06-14 04:45:00,UTILITY,LOW,24.07
2026-06-14 04:45:00,BATTERY_FLEX,LOW,22.58
2026-06-14 05:00:00,PRODUCTION,LOW,22.72
2026-06-14 05:00:00,WAREHOUSE,LOW,22.47
2026-06-14 05:00:00,OFFICE_A,LOW,23.16
2026-06-14 05:00:00,CONTROL_ROOM,LOW,20.68
2026-06-14 05:00:00,UTILITY,LOW,23.12
2026-06-14 05:00:00,BATTERY_FLEX,LOW,22.6
2026-06-14 05:15:00,PRODUCTION,LOW,23.91
2026-06-14 05:15:00,WAREHOUSE,LOW,22.36
2026-06-14 05:15:00,OFFICE_A,LOW,22.78
2026-06-14 05:15:00,CONTROL_ROOM,LOW,21.89
2026-06-14 05:15:00,UTILITY,LOW,23.1
2026-06-14 05:15:00,BATTERY_FLEX,LOW,22.89
2026-06-14 05:30:00,PRODUCTION,LOW,23.28
2026-06-14 05:30:00,WAREHOUSE,LOW,22.82
2026-06-14 05:30:00,OFFICE_A,LOW,23.19
2026-06-14 05:30:00,CONTROL_ROOM,LOW,21.59
2026-06-14 05:30:00,UTILITY,LOW,24.15
2026-06-14 05:30:00,BATTERY_FLEX,LOW,22.78
2026-06-14 05:45:00,PRODUCTION,LOW,23.44
2026-06-14 05:45:00,WAREHOUSE,LOW,21.91
2026-06-14 05:45:00,OFFICE_A,LOW,22.22
2026-06-14 05:45:00,CONTROL_ROOM,LOW,22.4
2026-06-14 05:45:00,UTILITY,LOW,22.92
2026-06-14 05:45:00,BATTERY_FLEX,LOW,22.99
2026-06-14 06:00:00,PRODUCTION,LOW,22.82
2026-06-14 06:00:00,WAREHOUSE,LOW,24.07
2026-06-14 06:00:00,OFFICE_A,LOW,22.18
2026-06-14 06:00:00,CONTROL_ROOM,LOW,21.21
2026-06-14 06:00:00,UTILITY,LOW,23.03
2026-06-14 06:00:00,BATTERY_FLEX,LOW,23.13
2026-06-14 06:15:00,PRODUCTION,LOW,23.58
2026-06-14 06:15:00,WAREHOUSE,LOW,22.61
2026-06-14 06:15:00,OFFICE_A,LOW,22.17
2026-06-14 06:15:00,CONTROL_ROOM,LOW,22.36
2026-06-14 06:15:00,UTILITY,LOW,23.58
2026-06-14 06:15:00,BATTERY_FLEX,LOW,21.8
2026-06-14 06:30:00,PRODUCTION,LOW,22.22
2026-06-14 06:30:00,WAREHOUSE,LOW,22.51
2026-06-14 06:30:00,OFFICE_A,LOW,22.29
2026-06-14 06:30:00,CONTROL_ROOM,LOW,21.51
2026-06-14 06:30:00,UTILITY,LOW,24.41
2026-06-14 06:30:00,BATTERY_FLEX,LOW,22.43
2026-06-14 06:45:00,PRODUCTION,LOW,23.54
2026-06-14 06:45:00,WAREHOUSE,LOW,23.22
2026-06-14 06:45:00,OFFICE_A,LOW,22.9
2026-06-14 06:45:00,CONTROL_ROOM,LOW,23.22
2026-06-14 06:45:00,UTILITY,LOW,24.04
2026-06-14 06:45:00,BATTERY_FLEX,LOW,22.04
2026-06-14 07:00:00,PRODUCTION,LOW,22.73
2026-06-14 07:00:00,WAREHOUSE,LOW,22.55
2026-06-14 07:00:00,OFFICE_A,LOW,23.09
2026-06-14 07:00:00,CONTROL_ROOM,LOW,22.41
2026-06-14 07:00:00,UTILITY,LOW,23.86
2026-06-14 07:00:00,BATTERY_FLEX,LOW,23.03
2026-06-14 07:15:00,PRODUCTION,MEDIUM,23.84
2026-06-14 07:15:00,WAREHOUSE,MEDIUM,23.62
2026-06-14 07:15:00,OFFICE_A,MEDIUM,22.91
2026-06-14 07:15:00,CONTROL_ROOM,MEDIUM,21.88
2026-06-14 07:15:00,UTILITY,MEDIUM,24.4
2026-06-14 07:15:00,BATTERY_FLEX,MEDIUM,22.6
2026-06-14 07:30:00,PRODUCTION,MEDIUM,23.1
2026-06-14 07:30:00,WAREHOUSE,MEDIUM,23.32
2026-06-14 07:30:00,OFFICE_A,MEDIUM,22.99
2026-06-14 07:30:00,CONTROL_ROOM,MEDIUM,22.93
2026-06-14 07:30:00,UTILITY,MEDIUM,24.02
2026-06-14 07:30:00,BATTERY_FLEX,MEDIUM,22.33
2026-06-14 07:45:00,PRODUCTION,MEDIUM,23.35
2026-06-14 07:45:00,WAREHOUSE,MEDIUM,23.25
2026-06-14 07:45:00,OFFICE_A,MEDIUM,23.06
2026-06-14 07:45:00,CONTROL_ROOM,MEDIUM,22.14
2026-06-14 07:45:00,UTILITY,MEDIUM,23.21
2026-06-14 07:45:00,BATTERY_FLEX,MEDIUM,22.94
2026-06-14 08:00:00,PRODUCTION,MEDIUM,23.41
2026-06-14 08:00:00,WAREHOUSE,MEDIUM,23.55
2026-06-14 08:00:00,OFFICE_A,MEDIUM,22.72
2026-06-14 08:00:00,CONTROL_ROOM,MEDIUM,22.66
2026-06-14 08:00:00,UTILITY,MEDIUM,24.2
2026-06-14 08:00:00,BATTERY_FLEX,MEDIUM,23.28
2026-06-14 08:15:00,PRODUCTION,MEDIUM,23.87
2026-06-14 08:15:00,WAREHOUSE,MEDIUM,22.89
2026-06-14 08:15:00,OFFICE_A,MEDIUM,23.85
2026-06-14 08:15:00,CONTROL_ROOM,MEDIUM,22.47
2026-06-14 08:15:00,UTILITY,MEDIUM,23.22
2026-06-14 08:15:00,BATTERY_FLEX,MEDIUM,23.61
2026-06-14 08:30:00,PRODUCTION,MEDIUM,24.44
2026-06-14 08:30:00,WAREHOUSE,MEDIUM,24.09
2026-06-14 08:30:00,OFFICE_A,MEDIUM,23.7
2026-06-14 08:30:00,CONTROL_ROOM,MEDIUM,22.86
2026-06-14 08:30:00,UTILITY,MEDIUM,24.28
2026-06-14 08:30:00,BATTERY_FLEX,MEDIUM,22.95
2026-06-14 08:45:00,PRODUCTION,MEDIUM,23.44
2026-06-14 08:45:00,WAREHOUSE,MEDIUM,23.57
2026-06-14 08:45:00,OFFICE_A,MEDIUM,24.04
2026-06-14 08:45:00,CONTROL_ROOM,MEDIUM,22.21
2026-06-14 08:45:00,UTILITY,MEDIUM,23.55
2026-06-14 08:45:00,BATTERY_FLEX,MEDIUM,22.94
2026-06-14 09:00:00,PRODUCTION,HIGH,23.66
2026-06-14 09:00:00,WAREHOUSE,HIGH,23.23
2026-06-14 09:00:00,OFFICE_A,HIGH,23.08
2026-06-14 09:00:00,CONTROL_ROOM,HIGH,23.02
2026-06-14 09:00:00,UTILITY,HIGH,24.15
2026-06-14 09:00:00,BATTERY_FLEX,HIGH,22.6
2026-06-14 09:15:00,PRODUCTION,HIGH,23.97
2026-06-14 09:15:00,WAREHOUSE,HIGH,23.27
2026-06-14 09:15:00,OFFICE_A,HIGH,23.49
2026-06-14 09:15:00,CONTROL_ROOM,HIGH,22.76
2026-06-14 09:15:00,UTILITY,HIGH,23.7
2026-06-14 09:15:00,BATTERY_FLEX,HIGH,22.95
2026-06-14 09:30:00,PRODUCTION,HIGH,23.97
2026-06-14 09:30:00,WAREHOUSE,HIGH,23.5
2026-06-14 09:30:00,OFFICE_A,HIGH,23.16
2026-06-14 09:30:00,CONTROL_ROOM,HIGH,22.37
2026-06-14 09:30:00,UTILITY,HIGH,23.72
2026-06-14 09:30:00,BATTERY_FLEX,HIGH,22.26
2026-06-14 09:45:00,PRODUCTION,HIGH,24.36
2026-06-14 09:45:00,WAREHOUSE,HIGH,23.56
2026-06-14 09:45:00,OFFICE_A,HIGH,22.59
2026-06-14 09:45:00,CONTROL_ROOM,HIGH,22.07
2026-06-14 09:45:00,UTILITY,HIGH,24.44
2026-06-14 09:45:00,BATTERY_FLEX,HIGH,24.82
2026-06-14 10:00:00,PRODUCTION,HIGH,23.52
2026-06-14 10:00:00,WAREHOUSE,HIGH,23.73
2026-06-14 10:00:00,OFFICE_A,HIGH,22.89
2026-06-14 10:00:00,CONTROL_ROOM,HIGH,21.83
2026-06-14 10:00:00,UTILITY,HIGH,23.1
2026-06-14 10:00:00,BATTERY_FLEX,HIGH,23.22
2026-06-14 10:15:00,PRODUCTION,HIGH,23.38
2026-06-14 10:15:00,WAREHOUSE,HIGH,22.9
2026-06-14 10:15:00,OFFICE_A,HIGH,23.13
2026-06-14 10:15:00,CONTROL_ROOM,HIGH,21.74
2026-06-14 10:15:00,UTILITY,HIGH,23.48
2026-06-14 10:15:00,BATTERY_FLEX,HIGH,22.19
2026-06-14 10:30:00,PRODUCTION,HIGH,23.77
2026-06-14 10:30:00,WAREHOUSE,HIGH,24.16
2026-06-14 10:30:00,OFFICE_A,HIGH,22.92
2026-06-14 10:30:00,CONTROL_ROOM,HIGH,22.63
2026-06-14 10:30:00,UTILITY,HIGH,23.78
2026-06-14 10:30:00,BATTERY_FLEX,HIGH,23.27
2026-06-14 10:45:00,PRODUCTION,HIGH,24.02
2026-06-14 10:45:00,WAREHOUSE,HIGH,23.2
2026-06-14 10:45:00,OFFICE_A,HIGH,22.82
2026-06-14 10:45:00,CONTROL_ROOM,HIGH,23.1
2026-06-14 10:45:00,UTILITY,HIGH,24.28
2026-06-14 10:45:00,BATTERY_FLEX,HIGH,22.22
2026-06-14 11:00:00,PRODUCTION,HIGH,23.02
2026-06-14 11:00:00,WAREHOUSE,HIGH,22.9
2026-06-14 11:00:00,OFFICE_A,HIGH,23.28
2026-06-14 11:00:00,CONTROL_ROOM,HIGH,21.74
2026-06-14 11:00:00,UTILITY,HIGH,23.83
2026-06-14 11:00:00,BATTERY_FLEX,HIGH,23.32
2026-06-14 11:15:00,PRODUCTION,HIGH,24.31
2026-06-14 11:15:00,WAREHOUSE,HIGH,23.31
2026-06-14 11:15:00,OFFICE_A,HIGH,23.67
2026-06-14 11:15:00,CONTROL_ROOM,HIGH,23.42
2026-06-14 11:15:00,UTILITY,HIGH,23.33
2026-06-14 11:15:00,BATTERY_FLEX,HIGH,21.3
2026-06-14 11:30:00,PRODUCTION,HIGH,23.43
2026-06-14 11:30:00,WAREHOUSE,HIGH,22.55
2026-06-14 11:30:00,OFFICE_A,HIGH,23.36
2026-06-14 11:30:00,CONTROL_ROOM,HIGH,21.92
2026-06-14 11:30:00,UTILITY,HIGH,24.02
2026-06-14 11:30:00,BATTERY_FLEX,HIGH,22.55
2026-06-14 11:45:00,PRODUCTION,HIGH,24.09
2026-06-14 11:45:00,WAREHOUSE,HIGH,23.37
2026-06-14 11:45:00,OFFICE_A,HIGH,23.66
2026-06-14 11:45:00,CONTROL_ROOM,HIGH,22.53
2026-06-14 11:45:00,UTILITY,HIGH,23.25
2026-06-14 11:45:00,BATTERY_FLEX,HIGH,22.4
2026-06-14 12:00:00,PRODUCTION,HIGH,23.76
2026-06-14 12:00:00,WAREHOUSE,HIGH,23.29
2026-06-14 12:00:00,OFFICE_A,HIGH,23.32
2026-06-14 12:00:00,CONTROL_ROOM,HIGH,23.01
2026-06-14 12:00:00,UTILITY,HIGH,23.59
2026-06-14 12:00:00,BATTERY_FLEX,HIGH,22.63
2026-06-14 12:15:00,PRODUCTION,HIGH,24.0
2026-06-14 12:15:00,WAREHOUSE,HIGH,23.24
2026-06-14 12:15:00,OFFICE_A,HIGH,23.59
2026-06-14 12:15:00,CONTROL_ROOM,HIGH,22.64
2026-06-14 12:15:00,UTILITY,HIGH,23.34
2026-06-14 12:15:00,BATTERY_FLEX,HIGH,23.24
2026-06-14 12:30:00,PRODUCTION,HIGH,24.01
2026-06-14 12:30:00,WAREHOUSE,HIGH,22.3
2026-06-14 12:30:00,OFFICE_A,HIGH,23.18
2026-06-14 12:30:00,CONTROL_ROOM,HIGH,22.19
2026-06-14 12:30:00,UTILITY,HIGH,23.89
2026-06-14 12:30:00,BATTERY_FLEX,HIGH,23.68
2026-06-14 12:45:00,PRODUCTION,HIGH,24.61
2026-06-14 12:45:00,WAREHOUSE,HIGH,24.19
2026-06-14 12:45:00,OFFICE_A,HIGH,23.18
2026-06-14 12:45:00,CONTROL_ROOM,HIGH,22.14
2026-06-14 12:45:00,UTILITY,HIGH,24.1
2026-06-14 12:45:00,BATTERY_FLEX,HIGH,22.76
2026-06-14 13:00:00,PRODUCTION,HIGH,24.81
2026-06-14 13:00:00,WAREHOUSE,HIGH,22.7
2026-06-14 13:00:00,OFFICE_A,HIGH,23.84
2026-06-14 13:00:00,CONTROL_ROOM,HIGH,22.76
2026-06-14 13:00:00,UTILITY,HIGH,22.96
2026-06-14 13:00:00,BATTERY_FLEX,HIGH,22.33
2026-06-14 13:15:00,PRODUCTION,HIGH,23.96
2026-06-14 13:15:00,WAREHOUSE,HIGH,22.52
2026-06-14 13:15:00,OFFICE_A,HIGH,24.67
2026-06-14 13:15:00,CONTROL_ROOM,HIGH,22.54
2026-06-14 13:15:00,UTILITY,HIGH,24.0
2026-06-14 13:15:00,BATTERY_FLEX,HIGH,22.48
2026-06-14 13:30:00,PRODUCTION,HIGH,24.09
2026-06-14 13:30:00,WAREHOUSE,HIGH,22.63
2026-06-14 13:30:00,OFFICE_A,HIGH,23.25
2026-06-14 13:30:00,CONTROL_ROOM,HIGH,22.13
2026-06-14 13:30:00,UTILITY,HIGH,23.24
2026-06-14 13:30:00,BATTERY_FLEX,HIGH,22.76
2026-06-14 13:45:00,PRODUCTION,HIGH,23.34
2026-06-14 13:45:00,WAREHOUSE,HIGH,24.01
2026-06-14 13:45:00,OFFICE_A,HIGH,23.22
2026-06-14 13:45:00,CONTROL_ROOM,HIGH,22.4
2026-06-14 13:45:00,UTILITY,HIGH,23.46
2026-06-14 13:45:00,BATTERY_FLEX,HIGH,22.71
2026-06-14 14:00:00,PRODUCTION,HIGH,24.65
2026-06-14 14:00:00,WAREHOUSE,HIGH,24.13
2026-06-14 14:00:00,OFFICE_A,HIGH,23.73
2026-06-14 14:00:00,CONTROL_ROOM,HIGH,23.39
2026-06-14 14:00:00,UTILITY,HIGH,24.17
2026-06-14 14:00:00,BATTERY_FLEX,HIGH,22.85
2026-06-14 14:15:00,PRODUCTION,HIGH,23.33
2026-06-14 14:15:00,WAREHOUSE,HIGH,22.46
2026-06-14 14:15:00,OFFICE_A,HIGH,23.69
2026-06-14 14:15:00,CONTROL_ROOM,HIGH,22.04
2026-06-14 14:15:00,UTILITY,HIGH,23.77
2026-06-14 14:15:00,BATTERY_FLEX,HIGH,22.84
2026-06-14 14:30:00,PRODUCTION,HIGH,24.08
2026-06-14 14:30:00,WAREHOUSE,HIGH,23.5
2026-06-14 14:30:00,OFFICE_A,HIGH,23.03
2026-06-14 14:30:00,CONTROL_ROOM,HIGH,22.54
2026-06-14 14:30:00,UTILITY,HIGH,24.33
2026-06-14 14:30:00,BATTERY_FLEX,HIGH,23.27
2026-06-14 14:45:00,PRODUCTION,HIGH,23.74
2026-06-14 14:45:00,WAREHOUSE,HIGH,22.57
2026-06-14 14:45:00,OFFICE_A,HIGH,23.5
2026-06-14 14:45:00,CONTROL_ROOM,HIGH,22.88
2026-06-14 14:45:00,UTILITY,HIGH,23.37
2026-06-14 14:45:00,BATTERY_FLEX,HIGH,22.72
2026-06-14 15:00:00,PRODUCTION,HIGH,23.8
2026-06-14 15:00:00,WAREHOUSE,HIGH,22.85
2026-06-14 15:00:00,OFFICE_A,HIGH,23.02
2026-06-14 15:00:00,CONTROL_ROOM,HIGH,22.85
2026-06-14 15:00:00,UTILITY,HIGH,23.7
2026-06-14 15:00:00,BATTERY_FLEX,HIGH,22.8
2026-06-14 15:15:00,PRODUCTION,HIGH,24.38
2026-06-14 15:15:00,WAREHOUSE,HIGH,23.38
2026-06-14 15:15:00,OFFICE_A,HIGH,23.33
2026-06-14 15:15:00,CONTROL_ROOM,HIGH,22.72
2026-06-14 15:15:00,UTILITY,HIGH,22.9
2026-06-14 15:15:00,BATTERY_FLEX,HIGH,23.5
2026-06-14 15:30:00,PRODUCTION,HIGH,23.26
2026-06-14 15:30:00,WAREHOUSE,HIGH,23.12
2026-06-14 15:30:00,OFFICE_A,HIGH,23.37
2026-06-14 15:30:00,CONTROL_ROOM,HIGH,21.94
2026-06-14 15:30:00,UTILITY,HIGH,24.17
2026-06-14 15:30:00,BATTERY_FLEX,HIGH,23.42
2026-06-14 15:45:00,PRODUCTION,HIGH,24.14
2026-06-14 15:45:00,WAREHOUSE,HIGH,22.75
2026-06-14 15:45:00,OFFICE_A,HIGH,23.33
2026-06-14 15:45:00,CONTROL_ROOM,HIGH,22.5
2026-06-14 15:45:00,UTILITY,HIGH,23.91
2026-06-14 15:45:00,BATTERY_FLEX,HIGH,22.79
2026-06-14 16:00:00,PRODUCTION,HIGH,24.17
2026-06-14 16:00:00,WAREHOUSE,HIGH,24.57
2026-06-14 16:00:00,OFFICE_A,HIGH,23.47
2026-06-14 16:00:00,CONTROL_ROOM,HIGH,22.83
2026-06-14 16:00:00,UTILITY,HIGH,25.21
2026-06-14 16:00:00,BATTERY_FLEX,HIGH,22.89
2026-06-14 16:15:00,PRODUCTION,HIGH,23.62
2026-06-14 16:15:00,WAREHOUSE,HIGH,23.51
2026-06-14 16:15:00,OFFICE_A,HIGH,23.46
2026-06-14 16:15:00,CONTROL_ROOM,HIGH,22.61
2026-06-14 16:15:00,UTILITY,HIGH,23.09
2026-06-14 16:15:00,BATTERY_FLEX,HIGH,23.47
2026-06-14 16:30:00,PRODUCTION,HIGH,23.95
2026-06-14 16:30:00,WAREHOUSE,HIGH,23.47
2026-06-14 16:30:00,OFFICE_A,HIGH,24.12
2026-06-14 16:30:00,CONTROL_ROOM,HIGH,22.94
2026-06-14 16:30:00,UTILITY,HIGH,22.7
2026-06-14 16:30:00,BATTERY_FLEX,HIGH,23.15
2026-06-14 16:45:00,PRODUCTION,HIGH,23.36
2026-06-14 16:45:00,WAREHOUSE,HIGH,23.39
2026-06-14 16:45:00,OFFICE_A,HIGH,22.98
2026-06-14 16:45:00,CONTROL_ROOM,HIGH,22.52
2026-06-14 16:45:00,UTILITY,HIGH,23.87
2026-06-14 16:45:00,BATTERY_FLEX,HIGH,23.33
2026-06-14 17:00:00,PRODUCTION,HIGH,23.96
2026-06-14 17:00:00,WAREHOUSE,HIGH,22.74
2026-06-14 17:00:00,OFFICE_A,HIGH,22.95
2026-06-14 17:00:00,CONTROL_ROOM,HIGH,22.81
2026-06-14 17:00:00,UTILITY,HIGH,23.42
2026-06-14 17:00:00,BATTERY_FLEX,HIGH,23.39
2026-06-14 17:15:00,PRODUCTION,HIGH,23.76
2026-06-14 17:15:00,WAREHOUSE,HIGH,23.28
2026-06-14 17:15:00,OFFICE_A,HIGH,24.1
2026-06-14 17:15:00,CONTROL_ROOM,HIGH,22.67
2026-06-14 17:15:00,UTILITY,HIGH,23.84
2026-06-14 17:15:00,BATTERY_FLEX,HIGH,22.88
2026-06-14 17:30:00,PRODUCTION,HIGH,24.51
2026-06-14 17:30:00,WAREHOUSE,HIGH,23.57
2026-06-14 17:30:00,OFFICE_A,HIGH,23.46
2026-06-14 17:30:00,CONTROL_ROOM,HIGH,23.08
2026-06-14 17:30:00,UTILITY,HIGH,23.62
2026-06-14 17:30:00,BATTERY_FLEX,HIGH,22.89
2026-06-14 17:45:00,PRODUCTION,HIGH,24.83
2026-06-14 17:45:00,WAREHOUSE,HIGH,24.26
2026-06-14 17:45:00,OFFICE_A,HIGH,23.94
2026-06-14 17:45:00,CONTROL_ROOM,HIGH,23.27
2026-06-14 17:45:00,UTILITY,HIGH,22.98
2026-06-14 17:45:00,BATTERY_FLEX,HIGH,22.04
2026-06-14 18:00:00,PRODUCTION,HIGH,23.15
2026-06-14 18:00:00,WAREHOUSE,HIGH,23.82
2026-06-14 18:00:00,OFFICE_A,HIGH,24.54
2026-06-14 18:00:00,CONTROL_ROOM,HIGH,23.11
2026-06-14 18:00:00,UTILITY,HIGH,24.28
2026-06-14 18:00:00,BATTERY_FLEX,HIGH,22.86
2026-06-14 18:15:00,PRODUCTION,HIGH,23.83
2026-06-14 18:15:00,WAREHOUSE,HIGH,23.02
2026-06-14 18:15:00,OFFICE_A,HIGH,24.06
2026-06-14 18:15:00,CONTROL_ROOM,HIGH,23.1
2026-06-14 18:15:00,UTILITY,HIGH,23.33
2026-06-14 18:15:00,BATTERY_FLEX,HIGH,22.62
2026-06-14 18:30:00,PRODUCTION,HIGH,23.53
2026-06-14 18:30:00,WAREHOUSE,HIGH,23.78
2026-06-14 18:30:00,OFFICE_A,HIGH,23.48
2026-06-14 18:30:00,CONTROL_ROOM,HIGH,23.6
2026-06-14 18:30:00,UTILITY,HIGH,23.89
2026-06-14 18:30:00,BATTERY_FLEX,HIGH,22.68
2026-06-14 18:45:00,PRODUCTION,MEDIUM,23.67
2026-06-14 18:45:00,WAREHOUSE,MEDIUM,23.07
2026-06-14 18:45:00,OFFICE_A,MEDIUM,22.49
2026-06-14 18:45:00,CONTROL_ROOM,MEDIUM,22.25
2026-06-14 18:45:00,UTILITY,MEDIUM,22.66
2026-06-14 18:45:00,BATTERY_FLEX,MEDIUM,22.52
2026-06-14 19:00:00,PRODUCTION,MEDIUM,23.75
2026-06-14 19:00:00,WAREHOUSE,MEDIUM,22.81
2026-06-14 19:00:00,OFFICE_A,MEDIUM,23.3
2026-06-14 19:00:00,CONTROL_ROOM,MEDIUM,22.32
2026-06-14 19:00:00,UTILITY,MEDIUM,23.25
2026-06-14 19:00:00,BATTERY_FLEX,MEDIUM,22.83
2026-06-14 19:15:00,PRODUCTION,HIGH,23.79
2026-06-14 19:15:00,WAREHOUSE,HIGH,23.07
2026-06-14 19:15:00,OFFICE_A,HIGH,23.14
2026-06-14 19:15:00,CONTROL_ROOM,HIGH,21.87
2026-06-14 19:15:00,UTILITY,HIGH,24.06
2026-06-14 19:15:00,BATTERY_FLEX,HIGH,22.37
2026-06-14 19:30:00,PRODUCTION,MEDIUM,22.82
2026-06-14 19:30:00,WAREHOUSE,MEDIUM,22.94
2026-06-14 19:30:00,OFFICE_A,MEDIUM,23.63
2026-06-14 19:30:00,CONTROL_ROOM,MEDIUM,22.29
2026-06-14 19:30:00,UTILITY,MEDIUM,24.45
2026-06-14 19:30:00,BATTERY_FLEX,MEDIUM,23.05
2026-06-14 19:45:00,PRODUCTION,MEDIUM,23.71
2026-06-14 19:45:00,WAREHOUSE,MEDIUM,23.16
2026-06-14 19:45:00,OFFICE_A,MEDIUM,23.95
2026-06-14 19:45:00,CONTROL_ROOM,MEDIUM,22.18
2026-06-14 19:45:00,UTILITY,MEDIUM,23.35
2026-06-14 19:45:00,BATTERY_FLEX,MEDIUM,22.96
2026-06-14 20:00:00,PRODUCTION,MEDIUM,23.57
2026-06-14 20:00:00,WAREHOUSE,MEDIUM,23.45
2026-06-14 20:00:00,OFFICE_A,MEDIUM,22.42
2026-06-14 20:00:00,CONTROL_ROOM,MEDIUM,22.24
2026-06-14 20:00:00,UTILITY,MEDIUM,23.43
2026-06-14 20:00:00,BATTERY_FLEX,MEDIUM,24.1
2026-06-14 20:15:00,PRODUCTION,MEDIUM,24.21
2026-06-14 20:15:00,WAREHOUSE,MEDIUM,22.96
2026-06-14 20:15:00,OFFICE_A,MEDIUM,22.66
2026-06-14 20:15:00,CONTROL_ROOM,MEDIUM,22.22
2026-06-14 20:15:00,UTILITY,MEDIUM,23.96
2026-06-14 20:15:00,BATTERY_FLEX,MEDIUM,22.96
2026-06-14 20:30:00,PRODUCTION,MEDIUM,23.74
2026-06-14 20:30:00,WAREHOUSE,MEDIUM,23.36
2026-06-14 20:30:00,OFFICE_A,MEDIUM,23.62
2026-06-14 20:30:00,CONTROL_ROOM,MEDIUM,22.1
2026-06-14 20:30:00,UTILITY,MEDIUM,23.23
2026-06-14 20:30:00,BATTERY_FLEX,MEDIUM,22.57
2026-06-14 20:45:00,PRODUCTION,MEDIUM,23.92
2026-06-14 20:45:00,WAREHOUSE,MEDIUM,23.87
2026-06-14 20:45:00,OFFICE_A,MEDIUM,22.32
2026-06-14 20:45:00,CONTROL_ROOM,MEDIUM,22.01
2026-06-14 20:45:00,UTILITY,MEDIUM,23.41
2026-06-14 20:45:00,BATTERY_FLEX,MEDIUM,22.48
2026-06-14 21:00:00,PRODUCTION,LOW,23.05
2026-06-14 21:00:00,WAREHOUSE,LOW,22.98
2026-06-14 21:00:00,OFFICE_A,LOW,22.14
2026-06-14 21:00:00,CONTROL_ROOM,LOW,22.09
2026-06-14 21:00:00,UTILITY,LOW,23.34
2026-06-14 21:00:00,BATTERY_FLEX,LOW,22.34
2026-06-14 21:15:00,PRODUCTION,LOW,22.8
2026-06-14 21:15:00,WAREHOUSE,LOW,22.37
2026-06-14 21:15:00,OFFICE_A,LOW,22.62
2026-06-14 21:15:00,CONTROL_ROOM,LOW,21.8
2026-06-14 21:15:00,UTILITY,LOW,22.95
2026-06-14 21:15:00,BATTERY_FLEX,LOW,21.87
2026-06-14 21:30:00,PRODUCTION,LOW,23.67
2026-06-14 21:30:00,WAREHOUSE,LOW,22.73
2026-06-14 21:30:00,OFFICE_A,LOW,23.26
2026-06-14 21:30:00,CONTROL_ROOM,LOW,21.7
2026-06-14 21:30:00,UTILITY,LOW,23.69
2026-06-14 21:30:00,BATTERY_FLEX,LOW,22.44
2026-06-14 21:45:00,PRODUCTION,LOW,23.42
2026-06-14 21:45:00,WAREHOUSE,LOW,22.16
2026-06-14 21:45:00,OFFICE_A,LOW,22.71
2026-06-14 21:45:00,CONTROL_ROOM,LOW,21.17
2026-06-14 21:45:00,UTILITY,LOW,23.68
2026-06-14 21:45:00,BATTERY_FLEX,LOW,22.55
2026-06-14 22:00:00,PRODUCTION,LOW,23.69
2026-06-14 22:00:00,WAREHOUSE,LOW,22.89
2026-06-14 22:00:00,OFFICE_A,LOW,24.17
2026-06-14 22:00:00,CONTROL_ROOM,LOW,21.15
2026-06-14 22:00:00,UTILITY,LOW,23.3
2026-06-14 22:00:00,BATTERY_FLEX,LOW,23.01
2026-06-14 22:15:00,PRODUCTION,LOW,22.22
2026-06-14 22:15:00,WAREHOUSE,LOW,23.86
2026-06-14 22:15:00,OFFICE_A,LOW,22.66
2026-06-14 22:15:00,CONTROL_ROOM,LOW,22.39
2026-06-14 22:15:00,UTILITY,LOW,22.55
2026-06-14 22:15:00,BATTERY_FLEX,LOW,22.69
2026-06-14 22:30:00,PRODUCTION,LOW,23.43
2026-06-14 22:30:00,WAREHOUSE,LOW,22.53
2026-06-14 22:30:00,OFFICE_A,LOW,22.72
2026-06-14 22:30:00,CONTROL_ROOM,LOW,21.66
2026-06-14 22:30:00,UTILITY,LOW,23.81
2026-06-14 22:30:00,BATTERY_FLEX,LOW,23.06
2026-06-14 22:45:00,PRODUCTION,LOW,24.55
2026-06-14 22:45:00,WAREHOUSE,LOW,23.88
2026-06-14 22:45:00,OFFICE_A,LOW,21.26
2026-06-14 22:45:00,CONTROL_ROOM,LOW,21.78
2026-06-14 22:45:00,UTILITY,LOW,24.03
2026-06-14 22:45:00,BATTERY_FLEX,LOW,22.47
2026-06-14 23:00:00,PRODUCTION,LOW,22.69
2026-06-14 23:00:00,WAREHOUSE,LOW,23.66
2026-06-14 23:00:00,OFFICE_A,LOW,22.73
2026-06-14 23:00:00,CONTROL_ROOM,LOW,21.29
2026-06-14 23:00:00,UTILITY,LOW,24.13
2026-06-14 23:00:00,BATTERY_FLEX,LOW,21.79
2026-06-14 23:15:00,PRODUCTION,LOW,22.97
2026-06-14 23:15:00,WAREHOUSE,LOW,22.0
2026-06-14 23:15:00,OFFICE_A,LOW,22.53
2026-06-14 23:15:00,CONTROL_ROOM,LOW,22.04
2026-06-14 23:15:00,UTILITY,LOW,23.97
2026-06-14 23:15:00,BATTERY_FLEX,LOW,23.72
2026-06-14 23:30:00,PRODUCTION,LOW,24.02
2026-06-14 23:30:00,WAREHOUSE,LOW,22.87
2026-06-14 23:30:00,OFFICE_A,LOW,22.38
2026-06-14 23:30:00,CONTROL_ROOM,LOW,21.5
2026-06-14 23:30:00,UTILITY,LOW,22.93
2026-06-14 23:30:00,BATTERY_FLEX,LOW,22.32
2026-06-14 23:45:00,PRODUCTION,LOW,22.59
2026-06-14 23:45:00,WAREHOUSE,LOW,22.25
2026-06-14 23:45:00,OFFICE_A,LOW,22.83
2026-06-14 23:45:00,CONTROL_ROOM,LOW,21.76
2026-06-14 23:45:00,UTILITY,LOW,23.28
2026-06-14 23:45:00,BATTERY_FLEX,LOW,22.32
2026-06-15 00:00:00,PRODUCTION,LOW,32.2
2026-06-15 00:00:00,WAREHOUSE,LOW,32.52
2026-06-15 00:00:00,OFFICE_A,LOW,31.26
2026-06-15 00:00:00,CONTROL_ROOM,LOW,30.64
2026-06-15 00:00:00,UTILITY,LOW,32.52
2026-06-15 00:00:00,BATTERY_FLEX,LOW,30.88
2026-06-15 00:15:00,PRODUCTION,LOW,31.61
2026-06-15 00:15:00,WAREHOUSE,LOW,32.05
2026-06-15 00:15:00,OFFICE_A,LOW,32.39
2026-06-15 00:15:00,CONTROL_ROOM,LOW,31.74
2026-06-15 00:15:00,UTILITY,LOW,33.19
2026-06-15 00:15:00,BATTERY_FLEX,LOW,30.96
2026-06-15 00:30:00,PRODUCTION,LOW,31.8
2026-06-15 00:30:00,WAREHOUSE,LOW,31.19
2026-06-15 00:30:00,OFFICE_A,LOW,31.52
2026-06-15 00:30:00,CONTROL_ROOM,LOW,31.05
2026-06-15 00:30:00,UTILITY,LOW,32.69
2026-06-15 00:30:00,BATTERY_FLEX,LOW,31.75
2026-06-15 00:45:00,PRODUCTION,LOW,32.06
2026-06-15 00:45:00,WAREHOUSE,LOW,32.09
2026-06-15 00:45:00,OFFICE_A,LOW,32.57
2026-06-15 00:45:00,CONTROL_ROOM,LOW,30.77
2026-06-15 00:45:00,UTILITY,LOW,32.57
2026-06-15 00:45:00,BATTERY_FLEX,LOW,31.6
2026-06-15 01:00:00,PRODUCTION,LOW,31.93
2026-06-15 01:00:00,WAREHOUSE,LOW,31.97
2026-06-15 01:00:00,OFFICE_A,LOW,31.29
2026-06-15 01:00:00,CONTROL_ROOM,LOW,30.74
2026-06-15 01:00:00,UTILITY,LOW,32.84
2026-06-15 01:00:00,BATTERY_FLEX,LOW,31.44
2026-06-15 01:15:00,PRODUCTION,LOW,31.69
2026-06-15 01:15:00,WAREHOUSE,LOW,32.43
2026-06-15 01:15:00,OFFICE_A,LOW,30.99
2026-06-15 01:15:00,CONTROL_ROOM,LOW,31.21
2026-06-15 01:15:00,UTILITY,LOW,32.52
2026-06-15 01:15:00,BATTERY_FLEX,LOW,30.41
2026-06-15 01:30:00,PRODUCTION,LOW,31.79
2026-06-15 01:30:00,WAREHOUSE,LOW,31.98
2026-06-15 01:30:00,OFFICE_A,LOW,31.42
2026-06-15 01:30:00,CONTROL_ROOM,LOW,29.73
2026-06-15 01:30:00,UTILITY,LOW,33.18
2026-06-15 01:30:00,BATTERY_FLEX,LOW,31.42
2026-06-15 01:45:00,PRODUCTION,LOW,31.56
2026-06-15 01:45:00,WAREHOUSE,LOW,32.12
2026-06-15 01:45:00,OFFICE_A,LOW,31.42
2026-06-15 01:45:00,CONTROL_ROOM,LOW,30.45
2026-06-15 01:45:00,UTILITY,LOW,32.0
2026-06-15 01:45:00,BATTERY_FLEX,LOW,31.24
2026-06-15 02:00:00,PRODUCTION,LOW,32.11
2026-06-15 02:00:00,WAREHOUSE,LOW,32.48
2026-06-15 02:00:00,OFFICE_A,LOW,30.82
2026-06-15 02:00:00,CONTROL_ROOM,LOW,30.65
2026-06-15 02:00:00,UTILITY,LOW,32.06
2026-06-15 02:00:00,BATTERY_FLEX,LOW,31.01
2026-06-15 02:15:00,PRODUCTION,LOW,32.8
2026-06-15 02:15:00,WAREHOUSE,LOW,32.49
2026-06-15 02:15:00,OFFICE_A,LOW,30.67
2026-06-15 02:15:00,CONTROL_ROOM,LOW,29.9
2026-06-15 02:15:00,UTILITY,LOW,32.83
2026-06-15 02:15:00,BATTERY_FLEX,LOW,31.39
2026-06-15 02:30:00,PRODUCTION,LOW,31.68
2026-06-15 02:30:00,WAREHOUSE,LOW,32.29
2026-06-15 02:30:00,OFFICE_A,LOW,31.05
2026-06-15 02:30:00,CONTROL_ROOM,LOW,31.34
2026-06-15 02:30:00,UTILITY,LOW,32.76
2026-06-15 02:30:00,BATTERY_FLEX,LOW,31.14
2026-06-15 02:45:00,PRODUCTION,LOW,32.45
2026-06-15 02:45:00,WAREHOUSE,LOW,31.83
2026-06-15 02:45:00,OFFICE_A,LOW,31.71
2026-06-15 02:45:00,CONTROL_ROOM,LOW,29.92
2026-06-15 02:45:00,UTILITY,LOW,32.54
2026-06-15 02:45:00,BATTERY_FLEX,LOW,31.56
2026-06-15 03:00:00,PRODUCTION,LOW,32.81
2026-06-15 03:00:00,WAREHOUSE,LOW,31.92
2026-06-15 03:00:00,OFFICE_A,LOW,31.58
2026-06-15 03:00:00,CONTROL_ROOM,LOW,30.25
2026-06-15 03:00:00,UTILITY,LOW,32.08
2026-06-15 03:00:00,BATTERY_FLEX,LOW,30.63
2026-06-15 03:15:00,PRODUCTION,LOW,31.79
2026-06-15 03:15:00,WAREHOUSE,LOW,31.81
2026-06-15 03:15:00,OFFICE_A,LOW,31.46
2026-06-15 03:15:00,CONTROL_ROOM,LOW,30.66
2026-06-15 03:15:00,UTILITY,LOW,32.28
2026-06-15 03:15:00,BATTERY_FLEX,LOW,31.02
2026-06-15 03:30:00,PRODUCTION,LOW,31.88
2026-06-15 03:30:00,WAREHOUSE,LOW,31.98
2026-06-15 03:30:00,OFFICE_A,LOW,30.66
2026-06-15 03:30:00,CONTROL_ROOM,LOW,30.61
2026-06-15 03:30:00,UTILITY,LOW,32.35
2026-06-15 03:30:00,BATTERY_FLEX,LOW,31.08
2026-06-15 03:45:00,PRODUCTION,LOW,32.76
2026-06-15 03:45:00,WAREHOUSE,LOW,31.59
2026-06-15 03:45:00,OFFICE_A,LOW,31.46
2026-06-15 03:45:00,CONTROL_ROOM,LOW,30.47
2026-06-15 03:45:00,UTILITY,LOW,32.96
2026-06-15 03:45:00,BATTERY_FLEX,LOW,31.63
2026-06-15 04:00:00,PRODUCTION,LOW,32.84
2026-06-15 04:00:00,WAREHOUSE,LOW,32.04
2026-06-15 04:00:00,OFFICE_A,LOW,31.23
2026-06-15 04:00:00,CONTROL_ROOM,LOW,30.54
2026-06-15 04:00:00,UTILITY,LOW,33.16
2026-06-15 04:00:00,BATTERY_FLEX,LOW,31.33
2026-06-15 04:15:00,PRODUCTION,LOW,32.48
2026-06-15 04:15:00,WAREHOUSE,LOW,31.6
2026-06-15 04:15:00,OFFICE_A,LOW,32.06
2026-06-15 04:15:00,CONTROL_ROOM,LOW,30.83
2026-06-15 04:15:00,UTILITY,LOW,32.1
2026-06-15 04:15:00,BATTERY_FLEX,LOW,31.5
2026-06-15 04:30:00,PRODUCTION,LOW,32.06
2026-06-15 04:30:00,WAREHOUSE,LOW,32.33
2026-06-15 04:30:00,OFFICE_A,LOW,31.76
2026-06-15 04:30:00,CONTROL_ROOM,LOW,30.76
2026-06-15 04:30:00,UTILITY,LOW,32.48
2026-06-15 04:30:00,BATTERY_FLEX,LOW,31.13
2026-06-15 04:45:00,PRODUCTION,LOW,32.65
2026-06-15 04:45:00,WAREHOUSE,LOW,32.09
2026-06-15 04:45:00,OFFICE_A,LOW,31.53
2026-06-15 04:45:00,CONTROL_ROOM,LOW,31.32
2026-06-15 04:45:00,UTILITY,LOW,31.62
2026-06-15 04:45:00,BATTERY_FLEX,LOW,32.17
2026-06-15 05:00:00,PRODUCTION,LOW,31.7
2026-06-15 05:00:00,WAREHOUSE,LOW,32.7
2026-06-15 05:00:00,OFFICE_A,LOW,32.59
2026-06-15 05:00:00,CONTROL_ROOM,LOW,30.55
2026-06-15 05:00:00,UTILITY,LOW,32.71
2026-06-15 05:00:00,BATTERY_FLEX,LOW,31.57
2026-06-15 05:15:00,PRODUCTION,LOW,31.83
2026-06-15 05:15:00,WAREHOUSE,LOW,30.87
2026-06-15 05:15:00,OFFICE_A,LOW,31.51
2026-06-15 05:15:00,CONTROL_ROOM,LOW,31.62
2026-06-15 05:15:00,UTILITY,LOW,32.22
2026-06-15 05:15:00,BATTERY_FLEX,LOW,31.94
2026-06-15 05:30:00,PRODUCTION,LOW,31.33
2026-06-15 05:30:00,WAREHOUSE,LOW,31.69
2026-06-15 05:30:00,OFFICE_A,LOW,32.14
2026-06-15 05:30:00,CONTROL_ROOM,LOW,30.71
2026-06-15 05:30:00,UTILITY,LOW,32.73
2026-06-15 05:30:00,BATTERY_FLEX,LOW,31.61
2026-06-15 05:45:00,PRODUCTION,LOW,32.3
2026-06-15 05:45:00,WAREHOUSE,LOW,32.91
2026-06-15 05:45:00,OFFICE_A,LOW,31.13
2026-06-15 05:45:00,CONTROL_ROOM,LOW,30.83
2026-06-15 05:45:00,UTILITY,LOW,32.36
2026-06-15 05:45:00,BATTERY_FLEX,LOW,31.63
2026-06-15 06:00:00,PRODUCTION,LOW,31.89
2026-06-15 06:00:00,WAREHOUSE,LOW,31.64
2026-06-15 06:00:00,OFFICE_A,LOW,31.73
2026-06-15 06:00:00,CONTROL_ROOM,LOW,30.7
2026-06-15 06:00:00,UTILITY,LOW,32.46
2026-06-15 06:00:00,BATTERY_FLEX,LOW,31.08
2026-06-15 06:15:00,PRODUCTION,LOW,32.29
2026-06-15 06:15:00,WAREHOUSE,LOW,32.4
2026-06-15 06:15:00,OFFICE_A,LOW,32.07
2026-06-15 06:15:00,CONTROL_ROOM,LOW,30.37
2026-06-15 06:15:00,UTILITY,LOW,32.76
2026-06-15 06:15:00,BATTERY_FLEX,LOW,32.54
2026-06-15 06:30:00,PRODUCTION,LOW,32.47
2026-06-15 06:30:00,WAREHOUSE,LOW,32.17
2026-06-15 06:30:00,OFFICE_A,LOW,32.09
2026-06-15 06:30:00,CONTROL_ROOM,LOW,31.2
2026-06-15 06:30:00,UTILITY,LOW,31.9
2026-06-15 06:30:00,BATTERY_FLEX,LOW,31.7
2026-06-15 06:45:00,PRODUCTION,LOW,32.03
2026-06-15 06:45:00,WAREHOUSE,LOW,31.4
2026-06-15 06:45:00,OFFICE_A,LOW,32.29
2026-06-15 06:45:00,CONTROL_ROOM,LOW,30.18
2026-06-15 06:45:00,UTILITY,LOW,31.63
2026-06-15 06:45:00,BATTERY_FLEX,LOW,32.05
2026-06-15 07:00:00,PRODUCTION,LOW,31.69
2026-06-15 07:00:00,WAREHOUSE,LOW,31.5
2026-06-15 07:00:00,OFFICE_A,LOW,31.75
2026-06-15 07:00:00,CONTROL_ROOM,LOW,30.25
2026-06-15 07:00:00,UTILITY,LOW,32.75
2026-06-15 07:00:00,BATTERY_FLEX,LOW,31.36
2026-06-15 07:15:00,PRODUCTION,MEDIUM,32.72
2026-06-15 07:15:00,WAREHOUSE,MEDIUM,31.95
2026-06-15 07:15:00,OFFICE_A,MEDIUM,32.06
2026-06-15 07:15:00,CONTROL_ROOM,MEDIUM,31.09
2026-06-15 07:15:00,UTILITY,MEDIUM,31.4
2026-06-15 07:15:00,BATTERY_FLEX,MEDIUM,31.94
2026-06-15 07:30:00,PRODUCTION,MEDIUM,32.31
2026-06-15 07:30:00,WAREHOUSE,MEDIUM,31.57
2026-06-15 07:30:00,OFFICE_A,MEDIUM,32.34
2026-06-15 07:30:00,CONTROL_ROOM,MEDIUM,30.26
2026-06-15 07:30:00,UTILITY,MEDIUM,32.15
2026-06-15 07:30:00,BATTERY_FLEX,MEDIUM,31.88
2026-06-15 07:45:00,PRODUCTION,MEDIUM,33.07
2026-06-15 07:45:00,WAREHOUSE,MEDIUM,32.51
2026-06-15 07:45:00,OFFICE_A,MEDIUM,32.52
2026-06-15 07:45:00,CONTROL_ROOM,MEDIUM,30.98
2026-06-15 07:45:00,UTILITY,MEDIUM,32.55
2026-06-15 07:45:00,BATTERY_FLEX,MEDIUM,31.33
2026-06-15 08:00:00,PRODUCTION,MEDIUM,32.9
2026-06-15 08:00:00,WAREHOUSE,MEDIUM,32.74
2026-06-15 08:00:00,OFFICE_A,MEDIUM,32.3
2026-06-15 08:00:00,CONTROL_ROOM,MEDIUM,32.0
2026-06-15 08:00:00,UTILITY,MEDIUM,32.3
2026-06-15 08:00:00,BATTERY_FLEX,MEDIUM,30.73
2026-06-15 08:15:00,PRODUCTION,MEDIUM,31.78
2026-06-15 08:15:00,WAREHOUSE,MEDIUM,31.72
2026-06-15 08:15:00,OFFICE_A,MEDIUM,31.41
2026-06-15 08:15:00,CONTROL_ROOM,MEDIUM,30.95
2026-06-15 08:15:00,UTILITY,MEDIUM,32.47
2026-06-15 08:15:00,BATTERY_FLEX,MEDIUM,31.71
2026-06-15 08:30:00,PRODUCTION,MEDIUM,32.98
2026-06-15 08:30:00,WAREHOUSE,MEDIUM,32.22
2026-06-15 08:30:00,OFFICE_A,MEDIUM,32.12
2026-06-15 08:30:00,CONTROL_ROOM,MEDIUM,31.16
2026-06-15 08:30:00,UTILITY,MEDIUM,32.77
2026-06-15 08:30:00,BATTERY_FLEX,MEDIUM,31.32
2026-06-15 08:45:00,PRODUCTION,MEDIUM,32.24
2026-06-15 08:45:00,WAREHOUSE,MEDIUM,32.16
2026-06-15 08:45:00,OFFICE_A,MEDIUM,31.69
2026-06-15 08:45:00,CONTROL_ROOM,MEDIUM,30.4
2026-06-15 08:45:00,UTILITY,MEDIUM,32.52
2026-06-15 08:45:00,BATTERY_FLEX,MEDIUM,32.41
2026-06-15 09:00:00,PRODUCTION,MEDIUM,32.98
2026-06-15 09:00:00,WAREHOUSE,MEDIUM,32.24
2026-06-15 09:00:00,OFFICE_A,MEDIUM,31.93
2026-06-15 09:00:00,CONTROL_ROOM,MEDIUM,31.35
2026-06-15 09:00:00,UTILITY,MEDIUM,32.78
2026-06-15 09:00:00,BATTERY_FLEX,MEDIUM,31.16
2026-06-15 09:15:00,PRODUCTION,HIGH,32.42
2026-06-15 09:15:00,WAREHOUSE,HIGH,32.12
2026-06-15 09:15:00,OFFICE_A,HIGH,32.78
2026-06-15 09:15:00,CONTROL_ROOM,HIGH,30.74
2026-06-15 09:15:00,UTILITY,HIGH,33.0
2026-06-15 09:15:00,BATTERY_FLEX,HIGH,31.37
2026-06-15 09:30:00,PRODUCTION,HIGH,33.62
2026-06-15 09:30:00,WAREHOUSE,HIGH,31.51
2026-06-15 09:30:00,OFFICE_A,HIGH,32.6
2026-06-15 09:30:00,CONTROL_ROOM,HIGH,32.23
2026-06-15 09:30:00,UTILITY,HIGH,33.06
2026-06-15 09:30:00,BATTERY_FLEX,HIGH,31.05
2026-06-15 09:45:00,PRODUCTION,HIGH,33.02
2026-06-15 09:45:00,WAREHOUSE,HIGH,31.59
2026-06-15 09:45:00,OFFICE_A,HIGH,31.97
2026-06-15 09:45:00,CONTROL_ROOM,HIGH,31.0
2026-06-15 09:45:00,UTILITY,HIGH,32.64
2026-06-15 09:45:00,BATTERY_FLEX,HIGH,32.72
2026-06-15 10:00:00,PRODUCTION,HIGH,33.2
2026-06-15 10:00:00,WAREHOUSE,HIGH,32.2
2026-06-15 10:00:00,OFFICE_A,HIGH,31.93
2026-06-15 10:00:00,CONTROL_ROOM,HIGH,31.2
2026-06-15 10:00:00,UTILITY,HIGH,32.32
2026-06-15 10:00:00,BATTERY_FLEX,HIGH,31.87
2026-06-15 10:15:00,PRODUCTION,HIGH,32.6
2026-06-15 10:15:00,WAREHOUSE,HIGH,31.56
2026-06-15 10:15:00,OFFICE_A,HIGH,32.8
2026-06-15 10:15:00,CONTROL_ROOM,HIGH,31.78
2026-06-15 10:15:00,UTILITY,HIGH,32.5
2026-06-15 10:15:00,BATTERY_FLEX,HIGH,32.34
2026-06-15 10:30:00,PRODUCTION,HIGH,32.88
2026-06-15 10:30:00,WAREHOUSE,HIGH,31.77
2026-06-15 10:30:00,OFFICE_A,HIGH,32.4
2026-06-15 10:30:00,CONTROL_ROOM,HIGH,31.89
2026-06-15 10:30:00,UTILITY,HIGH,32.49
2026-06-15 10:30:00,BATTERY_FLEX,HIGH,31.96
2026-06-15 10:45:00,PRODUCTION,HIGH,32.39
2026-06-15 10:45:00,WAREHOUSE,HIGH,32.14
2026-06-15 10:45:00,OFFICE_A,HIGH,32.96
2026-06-15 10:45:00,CONTROL_ROOM,HIGH,30.86
2026-06-15 10:45:00,UTILITY,HIGH,32.21
2026-06-15 10:45:00,BATTERY_FLEX,HIGH,31.71
2026-06-15 11:00:00,PRODUCTION,HIGH,33.15
2026-06-15 11:00:00,WAREHOUSE,HIGH,31.96
2026-06-15 11:00:00,OFFICE_A,HIGH,32.6
2026-06-15 11:00:00,CONTROL_ROOM,HIGH,31.29
2026-06-15 11:00:00,UTILITY,HIGH,32.58
2026-06-15 11:00:00,BATTERY_FLEX,HIGH,30.92
2026-06-15 11:15:00,PRODUCTION,HIGH,33.57
2026-06-15 11:15:00,WAREHOUSE,HIGH,32.55
2026-06-15 11:15:00,OFFICE_A,HIGH,32.49
2026-06-15 11:15:00,CONTROL_ROOM,HIGH,31.21
2026-06-15 11:15:00,UTILITY,HIGH,32.51
2026-06-15 11:15:00,BATTERY_FLEX,HIGH,31.02
2026-06-15 11:30:00,PRODUCTION,HIGH,33.37
2026-06-15 11:30:00,WAREHOUSE,HIGH,31.84
2026-06-15 11:30:00,OFFICE_A,HIGH,31.88
2026-06-15 11:30:00,CONTROL_ROOM,HIGH,31.5
2026-06-15 11:30:00,UTILITY,HIGH,33.18
2026-06-15 11:30:00,BATTERY_FLEX,HIGH,31.67
2026-06-15 11:45:00,PRODUCTION,HIGH,32.29
2026-06-15 11:45:00,WAREHOUSE,HIGH,33.07
2026-06-15 11:45:00,OFFICE_A,HIGH,32.03
2026-06-15 11:45:00,CONTROL_ROOM,HIGH,31.98
2026-06-15 11:45:00,UTILITY,HIGH,32.64
2026-06-15 11:45:00,BATTERY_FLEX,HIGH,31.71
2026-06-15 12:00:00,PRODUCTION,HIGH,33.57
2026-06-15 12:00:00,WAREHOUSE,HIGH,32.96
2026-06-15 12:00:00,OFFICE_A,HIGH,32.7
2026-06-15 12:00:00,CONTROL_ROOM,HIGH,32.39
2026-06-15 12:00:00,UTILITY,HIGH,32.81
2026-06-15 12:00:00,BATTERY_FLEX,HIGH,32.3
2026-06-15 12:15:00,PRODUCTION,HIGH,33.28
2026-06-15 12:15:00,WAREHOUSE,HIGH,32.24
2026-06-15 12:15:00,OFFICE_A,HIGH,32.73
2026-06-15 12:15:00,CONTROL_ROOM,HIGH,31.96
2026-06-15 12:15:00,UTILITY,HIGH,32.74
2026-06-15 12:15:00,BATTERY_FLEX,HIGH,30.28
2026-06-15 12:30:00,PRODUCTION,HIGH,32.43
2026-06-15 12:30:00,WAREHOUSE,HIGH,32.08
2026-06-15 12:30:00,OFFICE_A,HIGH,32.21
2026-06-15 12:30:00,CONTROL_ROOM,HIGH,31.12
2026-06-15 12:30:00,UTILITY,HIGH,32.41
2026-06-15 12:30:00,BATTERY_FLEX,HIGH,32.01
2026-06-15 12:45:00,PRODUCTION,HIGH,32.87
2026-06-15 12:45:00,WAREHOUSE,HIGH,32.32
2026-06-15 12:45:00,OFFICE_A,HIGH,32.77
2026-06-15 12:45:00,CONTROL_ROOM,HIGH,31.23
2026-06-15 12:45:00,UTILITY,HIGH,32.55
2026-06-15 12:45:00,BATTERY_FLEX,HIGH,32.19
2026-06-15 13:00:00,PRODUCTION,HIGH,32.83
2026-06-15 13:00:00,WAREHOUSE,HIGH,31.52
2026-06-15 13:00:00,OFFICE_A,HIGH,32.51
2026-06-15 13:00:00,CONTROL_ROOM,HIGH,31.6
2026-06-15 13:00:00,UTILITY,HIGH,32.61
2026-06-15 13:00:00,BATTERY_FLEX,HIGH,31.87
2026-06-15 13:15:00,PRODUCTION,HIGH,32.85
2026-06-15 13:15:00,WAREHOUSE,HIGH,32.45
2026-06-15 13:15:00,OFFICE_A,HIGH,33.27
2026-06-15 13:15:00,CONTROL_ROOM,HIGH,31.34
2026-06-15 13:15:00,UTILITY,HIGH,33.02
2026-06-15 13:15:00,BATTERY_FLEX,HIGH,32.18
2026-06-15 13:30:00,PRODUCTION,HIGH,33.75
2026-06-15 13:30:00,WAREHOUSE,HIGH,32.5
2026-06-15 13:30:00,OFFICE_A,HIGH,33.74
2026-06-15 13:30:00,CONTROL_ROOM,HIGH,31.26
2026-06-15 13:30:00,UTILITY,HIGH,33.83
2026-06-15 13:30:00,BATTERY_FLEX,HIGH,32.15
2026-06-15 13:45:00,PRODUCTION,HIGH,33.76
2026-06-15 13:45:00,WAREHOUSE,HIGH,31.72
2026-06-15 13:45:00,OFFICE_A,HIGH,32.47
2026-06-15 13:45:00,CONTROL_ROOM,HIGH,30.48
2026-06-15 13:45:00,UTILITY,HIGH,32.67
2026-06-15 13:45:00,BATTERY_FLEX,HIGH,31.35
2026-06-15 14:00:00,PRODUCTION,HIGH,32.42
2026-06-15 14:00:00,WAREHOUSE,HIGH,32.56
2026-06-15 14:00:00,OFFICE_A,HIGH,33.04
2026-06-15 14:00:00,CONTROL_ROOM,HIGH,31.47
2026-06-15 14:00:00,UTILITY,HIGH,32.87
2026-06-15 14:00:00,BATTERY_FLEX,HIGH,31.92
2026-06-15 14:15:00,PRODUCTION,HIGH,33.14
2026-06-15 14:15:00,WAREHOUSE,HIGH,31.92
2026-06-15 14:15:00,OFFICE_A,HIGH,32.2
2026-06-15 14:15:00,CONTROL_ROOM,HIGH,31.55
2026-06-15 14:15:00,UTILITY,HIGH,33.22
2026-06-15 14:15:00,BATTERY_FLEX,HIGH,31.74
2026-06-15 14:30:00,PRODUCTION,HIGH,32.93
2026-06-15 14:30:00,WAREHOUSE,HIGH,32.57
2026-06-15 14:30:00,OFFICE_A,HIGH,32.21
2026-06-15 14:30:00,CONTROL_ROOM,HIGH,32.57
2026-06-15 14:30:00,UTILITY,HIGH,31.93
2026-06-15 14:30:00,BATTERY_FLEX,HIGH,32.63
2026-06-15 14:45:00,PRODUCTION,HIGH,33.58
2026-06-15 14:45:00,WAREHOUSE,HIGH,31.92
2026-06-15 14:45:00,OFFICE_A,HIGH,32.95
2026-06-15 14:45:00,CONTROL_ROOM,HIGH,32.59
2026-06-15 14:45:00,UTILITY,HIGH,32.34
2026-06-15 14:45:00,BATTERY_FLEX,HIGH,32.85
2026-06-15 15:00:00,PRODUCTION,HIGH,32.97
2026-06-15 15:00:00,WAREHOUSE,HIGH,31.29
2026-06-15 15:00:00,OFFICE_A,HIGH,32.37
2026-06-15 15:00:00,CONTROL_ROOM,HIGH,31.45
2026-06-15 15:00:00,UTILITY,HIGH,32.23
2026-06-15 15:00:00,BATTERY_FLEX,HIGH,32.14
2026-06-15 15:15:00,PRODUCTION,HIGH,33.29
2026-06-15 15:15:00,WAREHOUSE,HIGH,32.31
2026-06-15 15:15:00,OFFICE_A,HIGH,32.26
2026-06-15 15:15:00,CONTROL_ROOM,HIGH,31.67
2026-06-15 15:15:00,UTILITY,HIGH,32.75
2026-06-15 15:15:00,BATTERY_FLEX,HIGH,31.21
2026-06-15 15:30:00,PRODUCTION,HIGH,33.03
2026-06-15 15:30:00,WAREHOUSE,HIGH,32.63
2026-06-15 15:30:00,OFFICE_A,HIGH,32.16
2026-06-15 15:30:00,CONTROL_ROOM,HIGH,31.17
2026-06-15 15:30:00,UTILITY,HIGH,32.66
2026-06-15 15:30:00,BATTERY_FLEX,HIGH,32.54
2026-06-15 15:45:00,PRODUCTION,HIGH,33.05
2026-06-15 15:45:00,WAREHOUSE,HIGH,33.42
2026-06-15 15:45:00,OFFICE_A,HIGH,32.44
2026-06-15 15:45:00,CONTROL_ROOM,HIGH,31.19
2026-06-15 15:45:00,UTILITY,HIGH,32.71
2026-06-15 15:45:00,BATTERY_FLEX,HIGH,31.67
2026-06-15 16:00:00,PRODUCTION,HIGH,33.39
2026-06-15 16:00:00,WAREHOUSE,HIGH,32.06
2026-06-15 16:00:00,OFFICE_A,HIGH,32.37
2026-06-15 16:00:00,CONTROL_ROOM,HIGH,32.17
2026-06-15 16:00:00,UTILITY,HIGH,31.95
2026-06-15 16:00:00,BATTERY_FLEX,HIGH,31.22
2026-06-15 16:15:00,PRODUCTION,HIGH,33.35
2026-06-15 16:15:00,WAREHOUSE,HIGH,32.3
2026-06-15 16:15:00,OFFICE_A,HIGH,33.29
2026-06-15 16:15:00,CONTROL_ROOM,HIGH,30.85
2026-06-15 16:15:00,UTILITY,HIGH,33.15
2026-06-15 16:15:00,BATTERY_FLEX,HIGH,31.69
2026-06-15 16:30:00,PRODUCTION,HIGH,33.11
2026-06-15 16:30:00,WAREHOUSE,HIGH,31.79
2026-06-15 16:30:00,OFFICE_A,HIGH,32.02
2026-06-15 16:30:00,CONTROL_ROOM,HIGH,31.37
2026-06-15 16:30:00,UTILITY,HIGH,32.86
2026-06-15 16:30:00,BATTERY_FLEX,HIGH,31.41
2026-06-15 16:45:00,PRODUCTION,HIGH,33.67
2026-06-15 16:45:00,WAREHOUSE,HIGH,32.64
2026-06-15 16:45:00,OFFICE_A,HIGH,32.61
2026-06-15 16:45:00,CONTROL_ROOM,HIGH,31.78
2026-06-15 16:45:00,UTILITY,HIGH,32.37
2026-06-15 16:45:00,BATTERY_FLEX,HIGH,32.6
2026-06-15 17:00:00,PRODUCTION,HIGH,32.86
2026-06-15 17:00:00,WAREHOUSE,HIGH,31.67
2026-06-15 17:00:00,OFFICE_A,HIGH,32.35
2026-06-15 17:00:00,CONTROL_ROOM,HIGH,31.59
2026-06-15 17:00:00,UTILITY,HIGH,33.96
2026-06-15 17:00:00,BATTERY_FLEX,HIGH,31.66
2026-06-15 17:15:00,PRODUCTION,HIGH,33.64
2026-06-15 17:15:00,WAREHOUSE,HIGH,32.04
2026-06-15 17:15:00,OFFICE_A,HIGH,31.7
2026-06-15 17:15:00,CONTROL_ROOM,HIGH,31.08
2026-06-15 17:15:00,UTILITY,HIGH,33.65
2026-06-15 17:15:00,BATTERY_FLEX,HIGH,32.13
2026-06-15 17:30:00,PRODUCTION,HIGH,33.11
2026-06-15 17:30:00,WAREHOUSE,HIGH,32.27
2026-06-15 17:30:00,OFFICE_A,HIGH,32.34
2026-06-15 17:30:00,CONTROL_ROOM,HIGH,31.49
2026-06-15 17:30:00,UTILITY,HIGH,32.04
2026-06-15 17:30:00,BATTERY_FLEX,HIGH,31.04
2026-06-15 17:45:00,PRODUCTION,HIGH,33.94
2026-06-15 17:45:00,WAREHOUSE,HIGH,31.87
2026-06-15 17:45:00,OFFICE_A,HIGH,33.33
2026-06-15 17:45:00,CONTROL_ROOM,HIGH,31.28
2026-06-15 17:45:00,UTILITY,HIGH,31.96
2026-06-15 17:45:00,BATTERY_FLEX,HIGH,32.38
2026-06-15 18:00:00,PRODUCTION,HIGH,32.51
2026-06-15 18:00:00,WAREHOUSE,HIGH,32.18
2026-06-15 18:00:00,OFFICE_A,HIGH,32.52
2026-06-15 18:00:00,CONTROL_ROOM,HIGH,31.29
2026-06-15 18:00:00,UTILITY,HIGH,31.83
2026-06-15 18:00:00,BATTERY_FLEX,HIGH,31.45
2026-06-15 18:15:00,PRODUCTION,HIGH,32.46
2026-06-15 18:15:00,WAREHOUSE,HIGH,31.93
2026-06-15 18:15:00,OFFICE_A,HIGH,33.13
2026-06-15 18:15:00,CONTROL_ROOM,HIGH,30.85
2026-06-15 18:15:00,UTILITY,HIGH,33.09
2026-06-15 18:15:00,BATTERY_FLEX,HIGH,31.75
2026-06-15 18:30:00,PRODUCTION,HIGH,32.88
2026-06-15 18:30:00,WAREHOUSE,HIGH,31.96
2026-06-15 18:30:00,OFFICE_A,HIGH,32.55
2026-06-15 18:30:00,CONTROL_ROOM,HIGH,31.61
2026-06-15 18:30:00,UTILITY,HIGH,33.81
2026-06-15 18:30:00,BATTERY_FLEX,HIGH,31.86
2026-06-15 18:45:00,PRODUCTION,HIGH,33.85
2026-06-15 18:45:00,WAREHOUSE,HIGH,32.95
2026-06-15 18:45:00,OFFICE_A,HIGH,32.09
2026-06-15 18:45:00,CONTROL_ROOM,HIGH,31.7
2026-06-15 18:45:00,UTILITY,HIGH,32.41
2026-06-15 18:45:00,BATTERY_FLEX,HIGH,31.71
2026-06-15 19:00:00,PRODUCTION,HIGH,32.88
2026-06-15 19:00:00,WAREHOUSE,HIGH,33.45
2026-06-15 19:00:00,OFFICE_A,HIGH,32.16
2026-06-15 19:00:00,CONTROL_ROOM,HIGH,30.54
2026-06-15 19:00:00,UTILITY,HIGH,32.0
2026-06-15 19:00:00,BATTERY_FLEX,HIGH,32.45
2026-06-15 19:15:00,PRODUCTION,MEDIUM,32.52
2026-06-15 19:15:00,WAREHOUSE,MEDIUM,31.79
2026-06-15 19:15:00,OFFICE_A,MEDIUM,32.48
2026-06-15 19:15:00,CONTROL_ROOM,MEDIUM,31.2
2026-06-15 19:15:00,UTILITY,MEDIUM,32.9
2026-06-15 19:15:00,BATTERY_FLEX,MEDIUM,31.86
2026-06-15 19:30:00,PRODUCTION,MEDIUM,34.19
2026-06-15 19:30:00,WAREHOUSE,MEDIUM,32.91
2026-06-15 19:30:00,OFFICE_A,MEDIUM,32.84
2026-06-15 19:30:00,CONTROL_ROOM,MEDIUM,30.83
2026-06-15 19:30:00,UTILITY,MEDIUM,32.67
2026-06-15 19:30:00,BATTERY_FLEX,MEDIUM,31.26
2026-06-15 19:45:00,PRODUCTION,MEDIUM,33.15
2026-06-15 19:45:00,WAREHOUSE,MEDIUM,31.7
2026-06-15 19:45:00,OFFICE_A,MEDIUM,32.08
2026-06-15 19:45:00,CONTROL_ROOM,MEDIUM,31.61
2026-06-15 19:45:00,UTILITY,MEDIUM,32.4
2026-06-15 19:45:00,BATTERY_FLEX,MEDIUM,31.72
2026-06-15 20:00:00,PRODUCTION,MEDIUM,32.33
2026-06-15 20:00:00,WAREHOUSE,MEDIUM,31.89
2026-06-15 20:00:00,OFFICE_A,MEDIUM,31.59
2026-06-15 20:00:00,CONTROL_ROOM,MEDIUM,30.37
2026-06-15 20:00:00,UTILITY,MEDIUM,32.61
2026-06-15 20:00:00,BATTERY_FLEX,MEDIUM,32.07
2026-06-15 20:15:00,PRODUCTION,MEDIUM,31.71
2026-06-15 20:15:00,WAREHOUSE,MEDIUM,32.02
2026-06-15 20:15:00,OFFICE_A,MEDIUM,32.96
2026-06-15 20:15:00,CONTROL_ROOM,MEDIUM,31.41
2026-06-15 20:15:00,UTILITY,MEDIUM,31.72
2026-06-15 20:15:00,BATTERY_FLEX,MEDIUM,31.99
2026-06-15 20:30:00,PRODUCTION,MEDIUM,32.51
2026-06-15 20:30:00,WAREHOUSE,MEDIUM,31.87
2026-06-15 20:30:00,OFFICE_A,MEDIUM,32.04
2026-06-15 20:30:00,CONTROL_ROOM,MEDIUM,30.75
2026-06-15 20:30:00,UTILITY,MEDIUM,32.52
2026-06-15 20:30:00,BATTERY_FLEX,MEDIUM,31.05
2026-06-15 20:45:00,PRODUCTION,MEDIUM,32.96
2026-06-15 20:45:00,WAREHOUSE,MEDIUM,32.03
2026-06-15 20:45:00,OFFICE_A,MEDIUM,32.04
2026-06-15 20:45:00,CONTROL_ROOM,MEDIUM,31.35
2026-06-15 20:45:00,UTILITY,MEDIUM,32.78
2026-06-15 20:45:00,BATTERY_FLEX,MEDIUM,32.2
2026-06-15 21:00:00,PRODUCTION,LOW,32.5
2026-06-15 21:00:00,WAREHOUSE,LOW,32.26
2026-06-15 21:00:00,OFFICE_A,LOW,32.36
2026-06-15 21:00:00,CONTROL_ROOM,LOW,31.11
2026-06-15 21:00:00,UTILITY,LOW,32.34
2026-06-15 21:00:00,BATTERY_FLEX,LOW,31.24
2026-06-15 21:15:00,PRODUCTION,LOW,31.14
2026-06-15 21:15:00,WAREHOUSE,LOW,31.28
2026-06-15 21:15:00,OFFICE_A,LOW,32.69
2026-06-15 21:15:00,CONTROL_ROOM,LOW,30.37
2026-06-15 21:15:00,UTILITY,LOW,33.5
2026-06-15 21:15:00,BATTERY_FLEX,LOW,31.75
2026-06-15 21:30:00,PRODUCTION,LOW,33.19
2026-06-15 21:30:00,WAREHOUSE,LOW,32.84
2026-06-15 21:30:00,OFFICE_A,LOW,31.88
2026-06-15 21:30:00,CONTROL_ROOM,LOW,30.17
2026-06-15 21:30:00,UTILITY,LOW,32.08
2026-06-15 21:30:00,BATTERY_FLEX,LOW,31.13
2026-06-15 21:45:00,PRODUCTION,LOW,32.1
2026-06-15 21:45:00,WAREHOUSE,LOW,32.84
2026-06-15 21:45:00,OFFICE_A,LOW,31.26
2026-06-15 21:45:00,CONTROL_ROOM,LOW,30.77
2026-06-15 21:45:00,UTILITY,LOW,32.79
2026-06-15 21:45:00,BATTERY_FLEX,LOW,31.13
2026-06-15 22:00:00,PRODUCTION,LOW,33.25
2026-06-15 22:00:00,WAREHOUSE,LOW,32.13
2026-06-15 22:00:00,OFFICE_A,LOW,31.66
2026-06-15 22:00:00,CONTROL_ROOM,LOW,30.49
2026-06-15 22:00:00,UTILITY,LOW,32.57
2026-06-15 22:00:00,BATTERY_FLEX,LOW,31.3
2026-06-15 22:15:00,PRODUCTION,LOW,32.13
2026-06-15 22:15:00,WAREHOUSE,LOW,31.96
2026-06-15 22:15:00,OFFICE_A,LOW,31.57
2026-06-15 22:15:00,CONTROL_ROOM,LOW,30.5
2026-06-15 22:15:00,UTILITY,LOW,32.94
2026-06-15 22:15:00,BATTERY_FLEX,LOW,30.67
2026-06-15 22:30:00,PRODUCTION,LOW,32.62
2026-06-15 22:30:00,WAREHOUSE,LOW,31.71
2026-06-15 22:30:00,OFFICE_A,LOW,31.3
2026-06-15 22:30:00,CONTROL_ROOM,LOW,30.25
2026-06-15 22:30:00,UTILITY,LOW,32.44
2026-06-15 22:30:00,BATTERY_FLEX,LOW,31.92
2026-06-15 22:45:00,PRODUCTION,LOW,31.96
2026-06-15 22:45:00,WAREHOUSE,LOW,32.62
2026-06-15 22:45:00,OFFICE_A,LOW,31.57
2026-06-15 22:45:00,CONTROL_ROOM,LOW,30.24
2026-06-15 22:45:00,UTILITY,LOW,32.21
2026-06-15 22:45:00,BATTERY_FLEX,LOW,30.02
2026-06-15 23:00:00,PRODUCTION,LOW,31.99
2026-06-15 23:00:00,WAREHOUSE,LOW,30.89
2026-06-15 23:00:00,OFFICE_A,LOW,30.9
2026-06-15 23:00:00,CONTROL_ROOM,LOW,31.31
2026-06-15 23:00:00,UTILITY,LOW,32.86
2026-06-15 23:00:00,BATTERY_FLEX,LOW,30.91
2026-06-15 23:15:00,PRODUCTION,LOW,31.19
2026-06-15 23:15:00,WAREHOUSE,LOW,31.97
2026-06-15 23:15:00,OFFICE_A,LOW,31.98
2026-06-15 23:15:00,CONTROL_ROOM,LOW,30.99
2026-06-15 23:15:00,UTILITY,LOW,32.99
2026-06-15 23:15:00,BATTERY_FLEX,LOW,30.77
2026-06-15 23:30:00,PRODUCTION,LOW,32.13
2026-06-15 23:30:00,WAREHOUSE,LOW,31.73
2026-06-15 23:30:00,OFFICE_A,LOW,30.23
2026-06-15 23:30:00,CONTROL_ROOM,LOW,31.32
2026-06-15 23:30:00,UTILITY,LOW,32.72
2026-06-15 23:30:00,BATTERY_FLEX,LOW,30.82
2026-06-15 23:45:00,PRODUCTION,LOW,31.84
2026-06-15 23:45:00,WAREHOUSE,LOW,32.32
2026-06-15 23:45:00,OFFICE_A,LOW,31.33
2026-06-15 23:45:00,CONTROL_ROOM,LOW,30.18
2026-06-15 23:45:00,UTILITY,LOW,33.12
2026-06-15 23:45:00,BATTERY_FLEX,LOW,31.47
2026-06-16 00:00:00,PRODUCTION,LOW,22.92
2026-06-16 00:00:00,WAREHOUSE,LOW,23.19
2026-06-16 00:00:00,OFFICE_A,LOW,21.89
2026-06-16 00:00:00,CONTROL_ROOM,LOW,21.77
2026-06-16 00:00:00,UTILITY,LOW,23.16
2026-06-16 00:00:00,BATTERY_FLEX,LOW,22.97
2026-06-16 00:15:00,PRODUCTION,LOW,23.07
2026-06-16 00:15:00,WAREHOUSE,LOW,22.44
2026-06-16 00:15:00,OFFICE_A,LOW,22.6
2026-06-16 00:15:00,CONTROL_ROOM,LOW,20.46
2026-06-16 00:15:00,UTILITY,LOW,22.76
2026-06-16 00:15:00,BATTERY_FLEX,LOW,23.13
2026-06-16 00:30:00,PRODUCTION,LOW,22.61
2026-06-16 00:30:00,WAREHOUSE,LOW,23.14
2026-06-16 00:30:00,OFFICE_A,LOW,22.48
2026-06-16 00:30:00,CONTROL_ROOM,LOW,22.42
2026-06-16 00:30:00,UTILITY,LOW,23.44
2026-06-16 00:30:00,BATTERY_FLEX,LOW,22.57
2026-06-16 00:45:00,PRODUCTION,LOW,23.0
2026-06-16 00:45:00,WAREHOUSE,LOW,22.8
2026-06-16 00:45:00,OFFICE_A,LOW,22.85
2026-06-16 00:45:00,CONTROL_ROOM,LOW,22.44
2026-06-16 00:45:00,UTILITY,LOW,23.62
2026-06-16 00:45:00,BATTERY_FLEX,LOW,23.12
2026-06-16 01:00:00,PRODUCTION,LOW,23.05
2026-06-16 01:00:00,WAREHOUSE,LOW,22.94
2026-06-16 01:00:00,OFFICE_A,LOW,22.93
2026-06-16 01:00:00,CONTROL_ROOM,LOW,22.05
2026-06-16 01:00:00,UTILITY,LOW,23.6
2026-06-16 01:00:00,BATTERY_FLEX,LOW,22.98
2026-06-16 01:15:00,PRODUCTION,LOW,23.56
2026-06-16 01:15:00,WAREHOUSE,LOW,23.12
2026-06-16 01:15:00,OFFICE_A,LOW,23.07
2026-06-16 01:15:00,CONTROL_ROOM,LOW,21.27
2026-06-16 01:15:00,UTILITY,LOW,23.65
2026-06-16 01:15:00,BATTERY_FLEX,LOW,22.7
2026-06-16 01:30:00,PRODUCTION,LOW,22.92
2026-06-16 01:30:00,WAREHOUSE,LOW,23.05
2026-06-16 01:30:00,OFFICE_A,LOW,22.27
2026-06-16 01:30:00,CONTROL_ROOM,LOW,21.68
2026-06-16 01:30:00,UTILITY,LOW,23.57
2026-06-16 01:30:00,BATTERY_FLEX,LOW,22.12
2026-06-16 01:45:00,PRODUCTION,LOW,23.21
2026-06-16 01:45:00,WAREHOUSE,LOW,22.48
2026-06-16 01:45:00,OFFICE_A,LOW,22.27
2026-06-16 01:45:00,CONTROL_ROOM,LOW,22.34
2026-06-16 01:45:00,UTILITY,LOW,23.36
2026-06-16 01:45:00,BATTERY_FLEX,LOW,21.88
2026-06-16 02:00:00,PRODUCTION,LOW,23.67
2026-06-16 02:00:00,WAREHOUSE,LOW,23.19
2026-06-16 02:00:00,OFFICE_A,LOW,23.9
2026-06-16 02:00:00,CONTROL_ROOM,LOW,20.84
2026-06-16 02:00:00,UTILITY,LOW,23.14
2026-06-16 02:00:00,BATTERY_FLEX,LOW,22.42
2026-06-16 02:15:00,PRODUCTION,LOW,22.83
2026-06-16 02:15:00,WAREHOUSE,LOW,22.72
2026-06-16 02:15:00,OFFICE_A,LOW,22.31
2026-06-16 02:15:00,CONTROL_ROOM,LOW,21.33
2026-06-16 02:15:00,UTILITY,LOW,24.3
2026-06-16 02:15:00,BATTERY_FLEX,LOW,22.43
2026-06-16 02:30:00,PRODUCTION,LOW,23.15
2026-06-16 02:30:00,WAREHOUSE,LOW,22.48
2026-06-16 02:30:00,OFFICE_A,LOW,22.47
2026-06-16 02:30:00,CONTROL_ROOM,LOW,21.33
2026-06-16 02:30:00,UTILITY,LOW,23.21
2026-06-16 02:30:00,BATTERY_FLEX,LOW,22.64
2026-06-16 02:45:00,PRODUCTION,LOW,22.76
2026-06-16 02:45:00,WAREHOUSE,LOW,23.39
2026-06-16 02:45:00,OFFICE_A,LOW,22.59
2026-06-16 02:45:00,CONTROL_ROOM,LOW,21.45
2026-06-16 02:45:00,UTILITY,LOW,23.15
2026-06-16 02:45:00,BATTERY_FLEX,LOW,22.43
2026-06-16 03:00:00,PRODUCTION,LOW,23.6
2026-06-16 03:00:00,WAREHOUSE,LOW,22.8
2026-06-16 03:00:00,OFFICE_A,LOW,22.78
2026-06-16 03:00:00,CONTROL_ROOM,LOW,21.34
2026-06-16 03:00:00,UTILITY,LOW,24.18
2026-06-16 03:00:00,BATTERY_FLEX,LOW,22.24
2026-06-16 03:15:00,PRODUCTION,LOW,23.87
2026-06-16 03:15:00,WAREHOUSE,LOW,23.13
2026-06-16 03:15:00,OFFICE_A,LOW,23.81
2026-06-16 03:15:00,CONTROL_ROOM,LOW,21.53
2026-06-16 03:15:00,UTILITY,LOW,23.67
2026-06-16 03:15:00,BATTERY_FLEX,LOW,23.49
2026-06-16 03:30:00,PRODUCTION,LOW,23.56
2026-06-16 03:30:00,WAREHOUSE,LOW,22.23
2026-06-16 03:30:00,OFFICE_A,LOW,22.95
2026-06-16 03:30:00,CONTROL_ROOM,LOW,21.91
2026-06-16 03:30:00,UTILITY,LOW,24.55
2026-06-16 03:30:00,BATTERY_FLEX,LOW,23.06
2026-06-16 03:45:00,PRODUCTION,LOW,22.97
2026-06-16 03:45:00,WAREHOUSE,LOW,22.48
2026-06-16 03:45:00,OFFICE_A,LOW,22.41
2026-06-16 03:45:00,CONTROL_ROOM,LOW,21.68
2026-06-16 03:45:00,UTILITY,LOW,23.64
2026-06-16 03:45:00,BATTERY_FLEX,LOW,21.48
2026-06-16 04:00:00,PRODUCTION,LOW,24.01
2026-06-16 04:00:00,WAREHOUSE,LOW,23.14
2026-06-16 04:00:00,OFFICE_A,LOW,22.24
2026-06-16 04:00:00,CONTROL_ROOM,LOW,20.79
2026-06-16 04:00:00,UTILITY,LOW,23.89
2026-06-16 04:00:00,BATTERY_FLEX,LOW,22.12
2026-06-16 04:15:00,PRODUCTION,LOW,23.4
2026-06-16 04:15:00,WAREHOUSE,LOW,23.68
2026-06-16 04:15:00,OFFICE_A,LOW,23.13
2026-06-16 04:15:00,CONTROL_ROOM,LOW,20.58
2026-06-16 04:15:00,UTILITY,LOW,23.1
2026-06-16 04:15:00,BATTERY_FLEX,LOW,21.89
2026-06-16 04:30:00,PRODUCTION,LOW,22.93
2026-06-16 04:30:00,WAREHOUSE,LOW,23.42
2026-06-16 04:30:00,OFFICE_A,LOW,22.66
2026-06-16 04:30:00,CONTROL_ROOM,LOW,21.66
2026-06-16 04:30:00,UTILITY,LOW,23.34
2026-06-16 04:30:00,BATTERY_FLEX,LOW,21.99
2026-06-16 04:45:00,PRODUCTION,LOW,23.55
2026-06-16 04:45:00,WAREHOUSE,LOW,23.09
2026-06-16 04:45:00,OFFICE_A,LOW,23.25
2026-06-16 04:45:00,CONTROL_ROOM,LOW,21.51
2026-06-16 04:45:00,UTILITY,LOW,22.83
2026-06-16 04:45:00,BATTERY_FLEX,LOW,22.79
2026-06-16 05:00:00,PRODUCTION,LOW,24.03
2026-06-16 05:00:00,WAREHOUSE,LOW,23.39
2026-06-16 05:00:00,OFFICE_A,LOW,22.49
2026-06-16 05:00:00,CONTROL_ROOM,LOW,21.17
2026-06-16 05:00:00,UTILITY,LOW,24.07
2026-06-16 05:00:00,BATTERY_FLEX,LOW,21.98
2026-06-16 05:15:00,PRODUCTION,LOW,23.15
2026-06-16 05:15:00,WAREHOUSE,LOW,23.85
2026-06-16 05:15:00,OFFICE_A,LOW,22.37
2026-06-16 05:15:00,CONTROL_ROOM,LOW,21.75
2026-06-16 05:15:00,UTILITY,LOW,23.96
2026-06-16 05:15:00,BATTERY_FLEX,LOW,22.89
2026-06-16 05:30:00,PRODUCTION,LOW,23.81
2026-06-16 05:30:00,WAREHOUSE,LOW,22.69
2026-06-16 05:30:00,OFFICE_A,LOW,22.97
2026-06-16 05:30:00,CONTROL_ROOM,LOW,21.57
2026-06-16 05:30:00,UTILITY,LOW,23.65
2026-06-16 05:30:00,BATTERY_FLEX,LOW,22.59
2026-06-16 05:45:00,PRODUCTION,LOW,23.13
2026-06-16 05:45:00,WAREHOUSE,LOW,23.83
2026-06-16 05:45:00,OFFICE_A,LOW,23.19
2026-06-16 05:45:00,CONTROL_ROOM,LOW,21.83
2026-06-16 05:45:00,UTILITY,LOW,23.16
2026-06-16 05:45:00,BATTERY_FLEX,LOW,22.13
2026-06-16 06:00:00,PRODUCTION,LOW,23.36
2026-06-16 06:00:00,WAREHOUSE,LOW,22.89
2026-06-16 06:00:00,OFFICE_A,LOW,22.18
2026-06-16 06:00:00,CONTROL_ROOM,LOW,21.29
2026-06-16 06:00:00,UTILITY,LOW,23.27
2026-06-16 06:00:00,BATTERY_FLEX,LOW,22.19
2026-06-16 06:15:00,PRODUCTION,LOW,23.27
2026-06-16 06:15:00,WAREHOUSE,LOW,23.39
2026-06-16 06:15:00,OFFICE_A,LOW,22.54
2026-06-16 06:15:00,CONTROL_ROOM,LOW,22.17
2026-06-16 06:15:00,UTILITY,LOW,22.92
2026-06-16 06:15:00,BATTERY_FLEX,LOW,23.14
2026-06-16 06:30:00,PRODUCTION,LOW,22.65
2026-06-16 06:30:00,WAREHOUSE,LOW,22.23
2026-06-16 06:30:00,OFFICE_A,LOW,22.38
2026-06-16 06:30:00,CONTROL_ROOM,LOW,22.06
2026-06-16 06:30:00,UTILITY,LOW,23.09
2026-06-16 06:30:00,BATTERY_FLEX,LOW,21.79
2026-06-16 06:45:00,PRODUCTION,LOW,23.27
2026-06-16 06:45:00,WAREHOUSE,LOW,23.6
2026-06-16 06:45:00,OFFICE_A,LOW,23.46
2026-06-16 06:45:00,CONTROL_ROOM,LOW,22.84
2026-06-16 06:45:00,UTILITY,LOW,22.77
2026-06-16 06:45:00,BATTERY_FLEX,LOW,22.16
2026-06-16 07:00:00,PRODUCTION,MEDIUM,23.53
2026-06-16 07:00:00,WAREHOUSE,MEDIUM,23.9
2026-06-16 07:00:00,OFFICE_A,MEDIUM,23.45
2026-06-16 07:00:00,CONTROL_ROOM,MEDIUM,22.46
2026-06-16 07:00:00,UTILITY,MEDIUM,23.4
2026-06-16 07:00:00,BATTERY_FLEX,MEDIUM,22.56
2026-06-16 07:15:00,PRODUCTION,MEDIUM,23.88
2026-06-16 07:15:00,WAREHOUSE,MEDIUM,22.95
2026-06-16 07:15:00,OFFICE_A,MEDIUM,23.66
2026-06-16 07:15:00,CONTROL_ROOM,MEDIUM,21.69
2026-06-16 07:15:00,UTILITY,MEDIUM,22.71
2026-06-16 07:15:00,BATTERY_FLEX,MEDIUM,23.13
2026-06-16 07:30:00,PRODUCTION,MEDIUM,23.71
2026-06-16 07:30:00,WAREHOUSE,MEDIUM,23.55
2026-06-16 07:30:00,OFFICE_A,MEDIUM,23.31
2026-06-16 07:30:00,CONTROL_ROOM,MEDIUM,22.29
2026-06-16 07:30:00,UTILITY,MEDIUM,23.23
2026-06-16 07:30:00,BATTERY_FLEX,MEDIUM,22.78
2026-06-16 07:45:00,PRODUCTION,MEDIUM,23.34
2026-06-16 07:45:00,WAREHOUSE,MEDIUM,22.47
2026-06-16 07:45:00,OFFICE_A,MEDIUM,22.65
2026-06-16 07:45:00,CONTROL_ROOM,MEDIUM,22.02
2026-06-16 07:45:00,UTILITY,MEDIUM,23.36
2026-06-16 07:45:00,BATTERY_FLEX,MEDIUM,23.2
2026-06-16 08:00:00,PRODUCTION,MEDIUM,24.23
2026-06-16 08:00:00,WAREHOUSE,MEDIUM,23.61
2026-06-16 08:00:00,OFFICE_A,MEDIUM,22.55
2026-06-16 08:00:00,CONTROL_ROOM,MEDIUM,21.77
2026-06-16 08:00:00,UTILITY,MEDIUM,23.89
2026-06-16 08:00:00,BATTERY_FLEX,MEDIUM,22.83
2026-06-16 08:15:00,PRODUCTION,MEDIUM,24.29
2026-06-16 08:15:00,WAREHOUSE,MEDIUM,23.43
2026-06-16 08:15:00,OFFICE_A,MEDIUM,22.58
2026-06-16 08:15:00,CONTROL_ROOM,MEDIUM,21.88
2026-06-16 08:15:00,UTILITY,MEDIUM,23.39
2026-06-16 08:15:00,BATTERY_FLEX,MEDIUM,22.74
2026-06-16 08:30:00,PRODUCTION,MEDIUM,23.95
2026-06-16 08:30:00,WAREHOUSE,MEDIUM,23.31
2026-06-16 08:30:00,OFFICE_A,MEDIUM,23.23
2026-06-16 08:30:00,CONTROL_ROOM,MEDIUM,22.32
2026-06-16 08:30:00,UTILITY,MEDIUM,23.36
2026-06-16 08:30:00,BATTERY_FLEX,MEDIUM,22.76
2026-06-16 08:45:00,PRODUCTION,MEDIUM,23.51
2026-06-16 08:45:00,WAREHOUSE,MEDIUM,21.76
2026-06-16 08:45:00,OFFICE_A,MEDIUM,23.81
2026-06-16 08:45:00,CONTROL_ROOM,MEDIUM,22.67
2026-06-16 08:45:00,UTILITY,MEDIUM,23.42
2026-06-16 08:45:00,BATTERY_FLEX,MEDIUM,21.98
2026-06-16 09:00:00,PRODUCTION,MEDIUM,24.18
2026-06-16 09:00:00,WAREHOUSE,MEDIUM,23.25
2026-06-16 09:00:00,OFFICE_A,MEDIUM,23.82
2026-06-16 09:00:00,CONTROL_ROOM,MEDIUM,22.52
2026-06-16 09:00:00,UTILITY,MEDIUM,24.12
2026-06-16 09:00:00,BATTERY_FLEX,MEDIUM,21.66
2026-06-16 09:15:00,PRODUCTION,HIGH,24.84
2026-06-16 09:15:00,WAREHOUSE,HIGH,23.14
2026-06-16 09:15:00,OFFICE_A,HIGH,23.09
2026-06-16 09:15:00,CONTROL_ROOM,HIGH,21.42
2026-06-16 09:15:00,UTILITY,HIGH,24.16
2026-06-16 09:15:00,BATTERY_FLEX,HIGH,22.45
2026-06-16 09:30:00,PRODUCTION,HIGH,24.33
2026-06-16 09:30:00,WAREHOUSE,HIGH,22.72
2026-06-16 09:30:00,OFFICE_A,HIGH,23.57
2026-06-16 09:30:00,CONTROL_ROOM,HIGH,22.84
2026-06-16 09:30:00,UTILITY,HIGH,23.63
2026-06-16 09:30:00,BATTERY_FLEX,HIGH,23.16
2026-06-16 09:45:00,PRODUCTION,HIGH,23.31
2026-06-16 09:45:00,WAREHOUSE,HIGH,23.19
2026-06-16 09:45:00,OFFICE_A,HIGH,23.49
2026-06-16 09:45:00,CONTROL_ROOM,HIGH,21.46
2026-06-16 09:45:00,UTILITY,HIGH,23.81
2026-06-16 09:45:00,BATTERY_FLEX,HIGH,22.68
2026-06-16 10:00:00,PRODUCTION,HIGH,24.87
2026-06-16 10:00:00,WAREHOUSE,HIGH,23.34
2026-06-16 10:00:00,OFFICE_A,HIGH,23.93
2026-06-16 10:00:00,CONTROL_ROOM,HIGH,22.35
2026-06-16 10:00:00,UTILITY,HIGH,22.79
2026-06-16 10:00:00,BATTERY_FLEX,HIGH,23.06
2026-06-16 10:15:00,PRODUCTION,HIGH,23.94
2026-06-16 10:15:00,WAREHOUSE,HIGH,23.76
2026-06-16 10:15:00,OFFICE_A,HIGH,23.87
2026-06-16 10:15:00,CONTROL_ROOM,HIGH,23.2
2026-06-16 10:15:00,UTILITY,HIGH,24.59
2026-06-16 10:15:00,BATTERY_FLEX,HIGH,21.7
2026-06-16 10:30:00,PRODUCTION,HIGH,23.64
2026-06-16 10:30:00,WAREHOUSE,HIGH,23.0
2026-06-16 10:30:00,OFFICE_A,HIGH,23.37
2026-06-16 10:30:00,CONTROL_ROOM,HIGH,22.67
2026-06-16 10:30:00,UTILITY,HIGH,23.0
2026-06-16 10:30:00,BATTERY_FLEX,HIGH,22.12
2026-06-16 10:45:00,PRODUCTION,HIGH,23.58
2026-06-16 10:45:00,WAREHOUSE,HIGH,22.17
2026-06-16 10:45:00,OFFICE_A,HIGH,23.96
2026-06-16 10:45:00,CONTROL_ROOM,HIGH,22.11
2026-06-16 10:45:00,UTILITY,HIGH,23.17
2026-06-16 10:45:00,BATTERY_FLEX,HIGH,21.89
2026-06-16 11:00:00,PRODUCTION,HIGH,23.39
2026-06-16 11:00:00,WAREHOUSE,HIGH,23.34
2026-06-16 11:00:00,OFFICE_A,HIGH,23.37
2026-06-16 11:00:00,CONTROL_ROOM,HIGH,23.6
2026-06-16 11:00:00,UTILITY,HIGH,22.9
2026-06-16 11:00:00,BATTERY_FLEX,HIGH,22.83
2026-06-16 11:15:00,PRODUCTION,HIGH,24.41
2026-06-16 11:15:00,WAREHOUSE,HIGH,23.3
2026-06-16 11:15:00,OFFICE_A,HIGH,24.22
2026-06-16 11:15:00,CONTROL_ROOM,HIGH,21.43
2026-06-16 11:15:00,UTILITY,HIGH,23.33
2026-06-16 11:15:00,BATTERY_FLEX,HIGH,23.49
2026-06-16 11:30:00,PRODUCTION,HIGH,23.13
2026-06-16 11:30:00,WAREHOUSE,HIGH,23.67
2026-06-16 11:30:00,OFFICE_A,HIGH,24.12
2026-06-16 11:30:00,CONTROL_ROOM,HIGH,22.26
2026-06-16 11:30:00,UTILITY,HIGH,25.09
2026-06-16 11:30:00,BATTERY_FLEX,HIGH,22.87
2026-06-16 11:45:00,PRODUCTION,HIGH,24.62
2026-06-16 11:45:00,WAREHOUSE,HIGH,23.53
2026-06-16 11:45:00,OFFICE_A,HIGH,23.24
2026-06-16 11:45:00,CONTROL_ROOM,HIGH,23.29
2026-06-16 11:45:00,UTILITY,HIGH,24.23
2026-06-16 11:45:00,BATTERY_FLEX,HIGH,22.34
2026-06-16 12:00:00,PRODUCTION,HIGH,23.84
2026-06-16 12:00:00,WAREHOUSE,HIGH,23.27
2026-06-16 12:00:00,OFFICE_A,HIGH,22.97
2026-06-16 12:00:00,CONTROL_ROOM,HIGH,21.39
2026-06-16 12:00:00,UTILITY,HIGH,23.87
2026-06-16 12:00:00,BATTERY_FLEX,HIGH,21.76
2026-06-16 12:15:00,PRODUCTION,HIGH,24.17
2026-06-16 12:15:00,WAREHOUSE,HIGH,23.13
2026-06-16 12:15:00,OFFICE_A,HIGH,23.33
2026-06-16 12:15:00,CONTROL_ROOM,HIGH,21.8
2026-06-16 12:15:00,UTILITY,HIGH,23.41
2026-06-16 12:15:00,BATTERY_FLEX,HIGH,22.93
2026-06-16 12:30:00,PRODUCTION,HIGH,23.93
2026-06-16 12:30:00,WAREHOUSE,HIGH,22.34
2026-06-16 12:30:00,OFFICE_A,HIGH,23.18
2026-06-16 12:30:00,CONTROL_ROOM,HIGH,22.51
2026-06-16 12:30:00,UTILITY,HIGH,23.38
2026-06-16 12:30:00,BATTERY_FLEX,HIGH,22.24
2026-06-16 12:45:00,PRODUCTION,HIGH,24.0
2026-06-16 12:45:00,WAREHOUSE,HIGH,22.59
2026-06-16 12:45:00,OFFICE_A,HIGH,24.12
2026-06-16 12:45:00,CONTROL_ROOM,HIGH,22.94
2026-06-16 12:45:00,UTILITY,HIGH,24.15
2026-06-16 12:45:00,BATTERY_FLEX,HIGH,23.43
2026-06-16 13:00:00,PRODUCTION,HIGH,24.4
2026-06-16 13:00:00,WAREHOUSE,HIGH,22.16
2026-06-16 13:00:00,OFFICE_A,HIGH,23.81
2026-06-16 13:00:00,CONTROL_ROOM,HIGH,22.29
2026-06-16 13:00:00,UTILITY,HIGH,24.22
2026-06-16 13:00:00,BATTERY_FLEX,HIGH,22.97
2026-06-16 13:15:00,PRODUCTION,HIGH,24.21
2026-06-16 13:15:00,WAREHOUSE,HIGH,23.54
2026-06-16 13:15:00,OFFICE_A,HIGH,24.28
2026-06-16 13:15:00,CONTROL_ROOM,HIGH,22.73
2026-06-16 13:15:00,UTILITY,HIGH,23.77
2026-06-16 13:15:00,BATTERY_FLEX,HIGH,23.33
2026-06-16 13:30:00,PRODUCTION,HIGH,24.24
2026-06-16 13:30:00,WAREHOUSE,HIGH,23.38
2026-06-16 13:30:00,OFFICE_A,HIGH,23.54
2026-06-16 13:30:00,CONTROL_ROOM,HIGH,23.61
2026-06-16 13:30:00,UTILITY,HIGH,23.38
2026-06-16 13:30:00,BATTERY_FLEX,HIGH,23.33
2026-06-16 13:45:00,PRODUCTION,HIGH,23.74
2026-06-16 13:45:00,WAREHOUSE,HIGH,23.54
2026-06-16 13:45:00,OFFICE_A,HIGH,23.56
2026-06-16 13:45:00,CONTROL_ROOM,HIGH,22.0
2026-06-16 13:45:00,UTILITY,HIGH,24.49
2026-06-16 13:45:00,BATTERY_FLEX,HIGH,23.3
2026-06-16 14:00:00,PRODUCTION,HIGH,24.43
2026-06-16 14:00:00,WAREHOUSE,HIGH,22.98
2026-06-16 14:00:00,OFFICE_A,HIGH,23.64
2026-06-16 14:00:00,CONTROL_ROOM,HIGH,22.49
2026-06-16 14:00:00,UTILITY,HIGH,23.04
2026-06-16 14:00:00,BATTERY_FLEX,HIGH,22.83
2026-06-16 14:15:00,PRODUCTION,HIGH,24.74
2026-06-16 14:15:00,WAREHOUSE,HIGH,22.85
2026-06-16 14:15:00,OFFICE_A,HIGH,23.43
2026-06-16 14:15:00,CONTROL_ROOM,HIGH,22.22
2026-06-16 14:15:00,UTILITY,HIGH,23.36
2026-06-16 14:15:00,BATTERY_FLEX,HIGH,22.48
2026-06-16 14:30:00,PRODUCTION,HIGH,23.58
2026-06-16 14:30:00,WAREHOUSE,HIGH,23.92
2026-06-16 14:30:00,OFFICE_A,HIGH,24.08
2026-06-16 14:30:00,CONTROL_ROOM,HIGH,22.16
2026-06-16 14:30:00,UTILITY,HIGH,24.39
2026-06-16 14:30:00,BATTERY_FLEX,HIGH,22.94
2026-06-16 14:45:00,PRODUCTION,HIGH,24.38
2026-06-16 14:45:00,WAREHOUSE,HIGH,23.37
2026-06-16 14:45:00,OFFICE_A,HIGH,23.43
2026-06-16 14:45:00,CONTROL_ROOM,HIGH,21.59
2026-06-16 14:45:00,UTILITY,HIGH,24.04
2026-06-16 14:45:00,BATTERY_FLEX,HIGH,22.59
2026-06-16 15:00:00,PRODUCTION,HIGH,24.61
2026-06-16 15:00:00,WAREHOUSE,HIGH,23.38
2026-06-16 15:00:00,OFFICE_A,HIGH,23.68
2026-06-16 15:00:00,CONTROL_ROOM,HIGH,22.53
2026-06-16 15:00:00,UTILITY,HIGH,24.62
2026-06-16 15:00:00,BATTERY_FLEX,HIGH,22.42
2026-06-16 15:15:00,PRODUCTION,HIGH,23.86
2026-06-16 15:15:00,WAREHOUSE,HIGH,23.05
2026-06-16 15:15:00,OFFICE_A,HIGH,23.39
2026-06-16 15:15:00,CONTROL_ROOM,HIGH,22.68
2026-06-16 15:15:00,UTILITY,HIGH,23.16
2026-06-16 15:15:00,BATTERY_FLEX,HIGH,21.66
2026-06-16 15:30:00,PRODUCTION,HIGH,24.94
2026-06-16 15:30:00,WAREHOUSE,HIGH,23.21
2026-06-16 15:30:00,OFFICE_A,HIGH,24.31
2026-06-16 15:30:00,CONTROL_ROOM,HIGH,22.65
2026-06-16 15:30:00,UTILITY,HIGH,24.59
2026-06-16 15:30:00,BATTERY_FLEX,HIGH,22.56
2026-06-16 15:45:00,PRODUCTION,HIGH,24.46
2026-06-16 15:45:00,WAREHOUSE,HIGH,23.04
2026-06-16 15:45:00,OFFICE_A,HIGH,23.86
2026-06-16 15:45:00,CONTROL_ROOM,HIGH,23.18
2026-06-16 15:45:00,UTILITY,HIGH,23.76
2026-06-16 15:45:00,BATTERY_FLEX,HIGH,24.11
2026-06-16 16:00:00,PRODUCTION,HIGH,23.82
2026-06-16 16:00:00,WAREHOUSE,HIGH,23.08
2026-06-16 16:00:00,OFFICE_A,HIGH,24.18
2026-06-16 16:00:00,CONTROL_ROOM,HIGH,22.74
2026-06-16 16:00:00,UTILITY,HIGH,23.96
2026-06-16 16:00:00,BATTERY_FLEX,HIGH,21.97
2026-06-16 16:15:00,PRODUCTION,HIGH,24.33
2026-06-16 16:15:00,WAREHOUSE,HIGH,23.08
2026-06-16 16:15:00,OFFICE_A,HIGH,23.35
2026-06-16 16:15:00,CONTROL_ROOM,HIGH,22.53
2026-06-16 16:15:00,UTILITY,HIGH,23.56
2026-06-16 16:15:00,BATTERY_FLEX,HIGH,23.88
2026-06-16 16:30:00,PRODUCTION,HIGH,23.98
2026-06-16 16:30:00,WAREHOUSE,HIGH,23.31
2026-06-16 16:30:00,OFFICE_A,HIGH,24.15
2026-06-16 16:30:00,CONTROL_ROOM,HIGH,21.72
2026-06-16 16:30:00,UTILITY,HIGH,23.68
2026-06-16 16:30:00,BATTERY_FLEX,HIGH,22.51
2026-06-16 16:45:00,PRODUCTION,HIGH,24.1
2026-06-16 16:45:00,WAREHOUSE,HIGH,23.82
2026-06-16 16:45:00,OFFICE_A,HIGH,23.82
2026-06-16 16:45:00,CONTROL_ROOM,HIGH,22.69
2026-06-16 16:45:00,UTILITY,HIGH,23.87
2026-06-16 16:45:00,BATTERY_FLEX,HIGH,23.71
2026-06-16 17:00:00,PRODUCTION,HIGH,23.35
2026-06-16 17:00:00,WAREHOUSE,HIGH,23.03
2026-06-16 17:00:00,OFFICE_A,HIGH,23.52
2026-06-16 17:00:00,CONTROL_ROOM,HIGH,22.29
2026-06-16 17:00:00,UTILITY,HIGH,23.94
2026-06-16 17:00:00,BATTERY_FLEX,HIGH,22.48
2026-06-16 17:15:00,PRODUCTION,HIGH,23.59
2026-06-16 17:15:00,WAREHOUSE,HIGH,23.41
2026-06-16 17:15:00,OFFICE_A,HIGH,22.7
2026-06-16 17:15:00,CONTROL_ROOM,HIGH,21.91
2026-06-16 17:15:00,UTILITY,HIGH,23.49
2026-06-16 17:15:00,BATTERY_FLEX,HIGH,23.35
2026-06-16 17:30:00,PRODUCTION,HIGH,24.08
2026-06-16 17:30:00,WAREHOUSE,HIGH,22.87
2026-06-16 17:30:00,OFFICE_A,HIGH,24.55
2026-06-16 17:30:00,CONTROL_ROOM,HIGH,22.43
2026-06-16 17:30:00,UTILITY,HIGH,23.82
2026-06-16 17:30:00,BATTERY_FLEX,HIGH,22.56
2026-06-16 17:45:00,PRODUCTION,HIGH,23.7
2026-06-16 17:45:00,WAREHOUSE,HIGH,23.82
2026-06-16 17:45:00,OFFICE_A,HIGH,23.85
2026-06-16 17:45:00,CONTROL_ROOM,HIGH,23.06
2026-06-16 17:45:00,UTILITY,HIGH,23.72
2026-06-16 17:45:00,BATTERY_FLEX,HIGH,22.68
2026-06-16 18:00:00,PRODUCTION,HIGH,24.13
2026-06-16 18:00:00,WAREHOUSE,HIGH,23.2
2026-06-16 18:00:00,OFFICE_A,HIGH,22.3
2026-06-16 18:00:00,CONTROL_ROOM,HIGH,21.73
2026-06-16 18:00:00,UTILITY,HIGH,23.56
2026-06-16 18:00:00,BATTERY_FLEX,HIGH,22.21
2026-06-16 18:15:00,PRODUCTION,HIGH,23.68
2026-06-16 18:15:00,WAREHOUSE,HIGH,23.83
2026-06-16 18:15:00,OFFICE_A,HIGH,23.11
2026-06-16 18:15:00,CONTROL_ROOM,HIGH,22.64
2026-06-16 18:15:00,UTILITY,HIGH,23.83
2026-06-16 18:15:00,BATTERY_FLEX,HIGH,23.18
2026-06-16 18:30:00,PRODUCTION,MEDIUM,23.72
2026-06-16 18:30:00,WAREHOUSE,MEDIUM,23.2
2026-06-16 18:30:00,OFFICE_A,MEDIUM,23.47
2026-06-16 18:30:00,CONTROL_ROOM,MEDIUM,21.96
2026-06-16 18:30:00,UTILITY,MEDIUM,24.28
2026-06-16 18:30:00,BATTERY_FLEX,MEDIUM,22.71
2026-06-16 18:45:00,PRODUCTION,HIGH,24.25
2026-06-16 18:45:00,WAREHOUSE,HIGH,23.75
2026-06-16 18:45:00,OFFICE_A,HIGH,22.9
2026-06-16 18:45:00,CONTROL_ROOM,HIGH,22.08
2026-06-16 18:45:00,UTILITY,HIGH,23.39
2026-06-16 18:45:00,BATTERY_FLEX,HIGH,22.82
2026-06-16 19:00:00,PRODUCTION,MEDIUM,23.4
2026-06-16 19:00:00,WAREHOUSE,MEDIUM,23.11
2026-06-16 19:00:00,OFFICE_A,MEDIUM,23.85
2026-06-16 19:00:00,CONTROL_ROOM,MEDIUM,21.54
2026-06-16 19:00:00,UTILITY,MEDIUM,23.87
2026-06-16 19:00:00,BATTERY_FLEX,MEDIUM,23.39
2026-06-16 19:15:00,PRODUCTION,MEDIUM,23.31
2026-06-16 19:15:00,WAREHOUSE,MEDIUM,23.19
2026-06-16 19:15:00,OFFICE_A,MEDIUM,22.78
2026-06-16 19:15:00,CONTROL_ROOM,MEDIUM,21.37
2026-06-16 19:15:00,UTILITY,MEDIUM,23.62
2026-06-16 19:15:00,BATTERY_FLEX,MEDIUM,22.07
2026-06-16 19:30:00,PRODUCTION,MEDIUM,23.84
2026-06-16 19:30:00,WAREHOUSE,MEDIUM,23.71
2026-06-16 19:30:00,OFFICE_A,MEDIUM,23.49
2026-06-16 19:30:00,CONTROL_ROOM,MEDIUM,22.1
2026-06-16 19:30:00,UTILITY,MEDIUM,22.74
2026-06-16 19:30:00,BATTERY_FLEX,MEDIUM,23.51
2026-06-16 19:45:00,PRODUCTION,MEDIUM,23.22
2026-06-16 19:45:00,WAREHOUSE,MEDIUM,23.33
2026-06-16 19:45:00,OFFICE_A,MEDIUM,24.27
2026-06-16 19:45:00,CONTROL_ROOM,MEDIUM,22.97
2026-06-16 19:45:00,UTILITY,MEDIUM,23.42
2026-06-16 19:45:00,BATTERY_FLEX,MEDIUM,22.32
2026-06-16 20:00:00,PRODUCTION,MEDIUM,24.06
2026-06-16 20:00:00,WAREHOUSE,MEDIUM,22.33
2026-06-16 20:00:00,OFFICE_A,MEDIUM,23.42
2026-06-16 20:00:00,CONTROL_ROOM,MEDIUM,22.1
2026-06-16 20:00:00,UTILITY,MEDIUM,23.69
2026-06-16 20:00:00,BATTERY_FLEX,MEDIUM,22.8
2026-06-16 20:15:00,PRODUCTION,MEDIUM,23.55
2026-06-16 20:15:00,WAREHOUSE,MEDIUM,22.92
2026-06-16 20:15:00,OFFICE_A,MEDIUM,22.24
2026-06-16 20:15:00,CONTROL_ROOM,MEDIUM,22.02
2026-06-16 20:15:00,UTILITY,MEDIUM,24.57
2026-06-16 20:15:00,BATTERY_FLEX,MEDIUM,21.79
2026-06-16 20:30:00,PRODUCTION,MEDIUM,23.09
2026-06-16 20:30:00,WAREHOUSE,MEDIUM,22.43
2026-06-16 20:30:00,OFFICE_A,MEDIUM,22.38
2026-06-16 20:30:00,CONTROL_ROOM,MEDIUM,22.74
2026-06-16 20:30:00,UTILITY,MEDIUM,23.15
2026-06-16 20:30:00,BATTERY_FLEX,MEDIUM,22.39
2026-06-16 20:45:00,PRODUCTION,MEDIUM,24.07
2026-06-16 20:45:00,WAREHOUSE,MEDIUM,23.64
2026-06-16 20:45:00,OFFICE_A,MEDIUM,22.37
2026-06-16 20:45:00,CONTROL_ROOM,MEDIUM,21.68
2026-06-16 20:45:00,UTILITY,MEDIUM,23.78
2026-06-16 20:45:00,BATTERY_FLEX,MEDIUM,23.6
2026-06-16 21:00:00,PRODUCTION,LOW,23.56
2026-06-16 21:00:00,WAREHOUSE,LOW,23.4
2026-06-16 21:00:00,OFFICE_A,LOW,22.33
2026-06-16 21:00:00,CONTROL_ROOM,LOW,21.49
2026-06-16 21:00:00,UTILITY,LOW,23.67
2026-06-16 21:00:00,BATTERY_FLEX,LOW,23.19
2026-06-16 21:15:00,PRODUCTION,LOW,24.13
2026-06-16 21:15:00,WAREHOUSE,LOW,23.13
2026-06-16 21:15:00,OFFICE_A,LOW,23.24
2026-06-16 21:15:00,CONTROL_ROOM,LOW,21.72
2026-06-16 21:15:00,UTILITY,LOW,23.59
2026-06-16 21:15:00,BATTERY_FLEX,LOW,21.8
2026-06-16 21:30:00,PRODUCTION,LOW,23.35
2026-06-16 21:30:00,WAREHOUSE,LOW,22.44
2026-06-16 21:30:00,OFFICE_A,LOW,22.29
2026-06-16 21:30:00,CONTROL_ROOM,LOW,22.27
2026-06-16 21:30:00,UTILITY,LOW,24.43
2026-06-16 21:30:00,BATTERY_FLEX,LOW,22.25
2026-06-16 21:45:00,PRODUCTION,LOW,24.16
2026-06-16 21:45:00,WAREHOUSE,LOW,22.83
2026-06-16 21:45:00,OFFICE_A,LOW,23.36
2026-06-16 21:45:00,CONTROL_ROOM,LOW,21.93
2026-06-16 21:45:00,UTILITY,LOW,23.55
2026-06-16 21:45:00,BATTERY_FLEX,LOW,23.24
2026-06-16 22:00:00,PRODUCTION,LOW,23.91
2026-06-16 22:00:00,WAREHOUSE,LOW,23.67
2026-06-16 22:00:00,OFFICE_A,LOW,20.85
2026-06-16 22:00:00,CONTROL_ROOM,LOW,22.01
2026-06-16 22:00:00,UTILITY,LOW,23.68
2026-06-16 22:00:00,BATTERY_FLEX,LOW,22.55
2026-06-16 22:15:00,PRODUCTION,LOW,23.13
2026-06-16 22:15:00,WAREHOUSE,LOW,23.82
2026-06-16 22:15:00,OFFICE_A,LOW,23.15
2026-06-16 22:15:00,CONTROL_ROOM,LOW,22.04
2026-06-16 22:15:00,UTILITY,LOW,23.81
2026-06-16 22:15:00,BATTERY_FLEX,LOW,23.14
2026-06-16 22:30:00,PRODUCTION,LOW,23.36
2026-06-16 22:30:00,WAREHOUSE,LOW,24.03
2026-06-16 22:30:00,OFFICE_A,LOW,23.32
2026-06-16 22:30:00,CONTROL_ROOM,LOW,21.46
2026-06-16 22:30:00,UTILITY,LOW,24.73
2026-06-16 22:30:00,BATTERY_FLEX,LOW,21.52
2026-06-16 22:45:00,PRODUCTION,LOW,23.43
2026-06-16 22:45:00,WAREHOUSE,LOW,22.68
2026-06-16 22:45:00,OFFICE_A,LOW,22.67
2026-06-16 22:45:00,CONTROL_ROOM,LOW,21.45
2026-06-16 22:45:00,UTILITY,LOW,23.42
2026-06-16 22:45:00,BATTERY_FLEX,LOW,22.41
2026-06-16 23:00:00,PRODUCTION,LOW,22.76
2026-06-16 23:00:00,WAREHOUSE,LOW,22.23
2026-06-16 23:00:00,OFFICE_A,LOW,22.91
2026-06-16 23:00:00,CONTROL_ROOM,LOW,22.02
2026-06-16 23:00:00,UTILITY,LOW,23.93
2026-06-16 23:00:00,BATTERY_FLEX,LOW,22.84
2026-06-16 23:15:00,PRODUCTION,LOW,24.89
2026-06-16 23:15:00,WAREHOUSE,LOW,22.21
2026-06-16 23:15:00,OFFICE_A,LOW,21.74
2026-06-16 23:15:00,CONTROL_ROOM,LOW,21.83
2026-06-16 23:15:00,UTILITY,LOW,23.84
2026-06-16 23:15:00,BATTERY_FLEX,LOW,22.55
2026-06-16 23:30:00,PRODUCTION,LOW,22.94
2026-06-16 23:30:00,WAREHOUSE,LOW,22.95
2026-06-16 23:30:00,OFFICE_A,LOW,23.14
2026-06-16 23:30:00,CONTROL_ROOM,LOW,21.47
2026-06-16 23:30:00,UTILITY,LOW,23.41
2026-06-16 23:30:00,BATTERY_FLEX,LOW,22.84
2026-06-16 23:45:00,PRODUCTION,LOW,22.64
2026-06-16 23:45:00,WAREHOUSE,LOW,23.2
2026-06-16 23:45:00,OFFICE_A,LOW,22.91
2026-06-16 23:45:00,CONTROL_ROOM,LOW,21.27
2026-06-16 23:45:00,UTILITY,LOW,24.22
2026-06-16 23:45:00,BATTERY_FLEX,LOW,23.51
2026-06-17 00:00:00,PRODUCTION,LOW,23.64
2026-06-17 00:00:00,WAREHOUSE,LOW,22.56
2026-06-17 00:00:00,OFFICE_A,LOW,22.61
2026-06-17 00:00:00,CONTROL_ROOM,LOW,21.24
2026-06-17 00:00:00,UTILITY,LOW,23.43
2026-06-17 00:00:00,BATTERY_FLEX,LOW,23.45
2026-06-17 00:15:00,PRODUCTION,LOW,23.91
2026-06-17 00:15:00,WAREHOUSE,LOW,22.23
2026-06-17 00:15:00,OFFICE_A,LOW,22.52
2026-06-17 00:15:00,CONTROL_ROOM,LOW,21.4
2026-06-17 00:15:00,UTILITY,LOW,24.31
2026-06-17 00:15:00,BATTERY_FLEX,LOW,22.63
2026-06-17 00:30:00,PRODUCTION,LOW,23.61
2026-06-17 00:30:00,WAREHOUSE,LOW,23.44
2026-06-17 00:30:00,OFFICE_A,LOW,22.49
2026-06-17 00:30:00,CONTROL_ROOM,LOW,21.37
2026-06-17 00:30:00,UTILITY,LOW,23.89
2026-06-17 00:30:00,BATTERY_FLEX,LOW,21.97
2026-06-17 00:45:00,PRODUCTION,LOW,23.37
2026-06-17 00:45:00,WAREHOUSE,LOW,23.09
2026-06-17 00:45:00,OFFICE_A,LOW,22.92
2026-06-17 00:45:00,CONTROL_ROOM,LOW,21.0
2026-06-17 00:45:00,UTILITY,LOW,23.85
2026-06-17 00:45:00,BATTERY_FLEX,LOW,23.06
2026-06-17 01:00:00,PRODUCTION,LOW,23.62
2026-06-17 01:00:00,WAREHOUSE,LOW,23.08
2026-06-17 01:00:00,OFFICE_A,LOW,22.1
2026-06-17 01:00:00,CONTROL_ROOM,LOW,22.09
2026-06-17 01:00:00,UTILITY,LOW,22.73
2026-06-17 01:00:00,BATTERY_FLEX,LOW,22.69
2026-06-17 01:15:00,PRODUCTION,LOW,22.83
2026-06-17 01:15:00,WAREHOUSE,LOW,23.3
2026-06-17 01:15:00,OFFICE_A,LOW,22.71
2026-06-17 01:15:00,CONTROL_ROOM,LOW,21.38
2026-06-17 01:15:00,UTILITY,LOW,24.22
2026-06-17 01:15:00,BATTERY_FLEX,LOW,22.65
2026-06-17 01:30:00,PRODUCTION,LOW,23.52
2026-06-17 01:30:00,WAREHOUSE,LOW,22.91
2026-06-17 01:30:00,OFFICE_A,LOW,22.02
2026-06-17 01:30:00,CONTROL_ROOM,LOW,21.83
2026-06-17 01:30:00,UTILITY,LOW,24.1
2026-06-17 01:30:00,BATTERY_FLEX,LOW,22.73
2026-06-17 01:45:00,PRODUCTION,LOW,23.06
2026-06-17 01:45:00,WAREHOUSE,LOW,23.55
2026-06-17 01:45:00,OFFICE_A,LOW,23.03
2026-06-17 01:45:00,CONTROL_ROOM,LOW,21.37
2026-06-17 01:45:00,UTILITY,LOW,24.19
2026-06-17 01:45:00,BATTERY_FLEX,LOW,21.92
2026-06-17 02:00:00,PRODUCTION,LOW,23.3
2026-06-17 02:00:00,WAREHOUSE,LOW,23.69
2026-06-17 02:00:00,OFFICE_A,LOW,23.27
2026-06-17 02:00:00,CONTROL_ROOM,LOW,22.01
2026-06-17 02:00:00,UTILITY,LOW,22.69
2026-06-17 02:00:00,BATTERY_FLEX,LOW,21.87
2026-06-17 02:15:00,PRODUCTION,LOW,24.11
2026-06-17 02:15:00,WAREHOUSE,LOW,23.09
2026-06-17 02:15:00,OFFICE_A,LOW,22.93
2026-06-17 02:15:00,CONTROL_ROOM,LOW,22.16
2026-06-17 02:15:00,UTILITY,LOW,23.57
2026-06-17 02:15:00,BATTERY_FLEX,LOW,23.84
2026-06-17 02:30:00,PRODUCTION,LOW,23.93
2026-06-17 02:30:00,WAREHOUSE,LOW,23.44
2026-06-17 02:30:00,OFFICE_A,LOW,22.37
2026-06-17 02:30:00,CONTROL_ROOM,LOW,21.21
2026-06-17 02:30:00,UTILITY,LOW,24.23
2026-06-17 02:30:00,BATTERY_FLEX,LOW,22.72
2026-06-17 02:45:00,PRODUCTION,LOW,23.35
2026-06-17 02:45:00,WAREHOUSE,LOW,22.74
2026-06-17 02:45:00,OFFICE_A,LOW,22.63
2026-06-17 02:45:00,CONTROL_ROOM,LOW,21.11
2026-06-17 02:45:00,UTILITY,LOW,23.8
2026-06-17 02:45:00,BATTERY_FLEX,LOW,22.93
2026-06-17 03:00:00,PRODUCTION,LOW,23.95
2026-06-17 03:00:00,WAREHOUSE,LOW,23.49
2026-06-17 03:00:00,OFFICE_A,LOW,23.37
2026-06-17 03:00:00,CONTROL_ROOM,LOW,22.4
2026-06-17 03:00:00,UTILITY,LOW,23.48
2026-06-17 03:00:00,BATTERY_FLEX,LOW,22.74
2026-06-17 03:15:00,PRODUCTION,LOW,22.49
2026-06-17 03:15:00,WAREHOUSE,LOW,22.98
2026-06-17 03:15:00,OFFICE_A,LOW,22.47
2026-06-17 03:15:00,CONTROL_ROOM,LOW,20.92
2026-06-17 03:15:00,UTILITY,LOW,23.61
2026-06-17 03:15:00,BATTERY_FLEX,LOW,22.49
2026-06-17 03:30:00,PRODUCTION,LOW,22.85
2026-06-17 03:30:00,WAREHOUSE,LOW,23.37
2026-06-17 03:30:00,OFFICE_A,LOW,22.7
2026-06-17 03:30:00,CONTROL_ROOM,LOW,21.58
2026-06-17 03:30:00,UTILITY,LOW,23.12
2026-06-17 03:30:00,BATTERY_FLEX,LOW,22.32
2026-06-17 03:45:00,PRODUCTION,LOW,24.11
2026-06-17 03:45:00,WAREHOUSE,LOW,23.39
2026-06-17 03:45:00,OFFICE_A,LOW,22.91
2026-06-17 03:45:00,CONTROL_ROOM,LOW,21.55
2026-06-17 03:45:00,UTILITY,LOW,23.03
2026-06-17 03:45:00,BATTERY_FLEX,LOW,22.26
2026-06-17 04:00:00,PRODUCTION,LOW,23.94
2026-06-17 04:00:00,WAREHOUSE,LOW,23.22
2026-06-17 04:00:00,OFFICE_A,LOW,22.46
2026-06-17 04:00:00,CONTROL_ROOM,LOW,21.84
2026-06-17 04:00:00,UTILITY,LOW,22.56
2026-06-17 04:00:00,BATTERY_FLEX,LOW,22.68
2026-06-17 04:15:00,PRODUCTION,LOW,22.91
2026-06-17 04:15:00,WAREHOUSE,LOW,23.67
2026-06-17 04:15:00,OFFICE_A,LOW,22.75
2026-06-17 04:15:00,CONTROL_ROOM,LOW,20.91
2026-06-17 04:15:00,UTILITY,LOW,24.71
2026-06-17 04:15:00,BATTERY_FLEX,LOW,21.9
2026-06-17 04:30:00,PRODUCTION,LOW,22.92
2026-06-17 04:30:00,WAREHOUSE,LOW,23.35
2026-06-17 04:30:00,OFFICE_A,LOW,23.29
2026-06-17 04:30:00,CONTROL_ROOM,LOW,21.45
2026-06-17 04:30:00,UTILITY,LOW,23.03
2026-06-17 04:30:00,BATTERY_FLEX,LOW,22.77
2026-06-17 04:45:00,PRODUCTION,LOW,23.13
2026-06-17 04:45:00,WAREHOUSE,LOW,23.1
2026-06-17 04:45:00,OFFICE_A,LOW,22.6
2026-06-17 04:45:00,CONTROL_ROOM,LOW,22.23
2026-06-17 04:45:00,UTILITY,LOW,24.66
2026-06-17 04:45:00,BATTERY_FLEX,LOW,22.64
2026-06-17 05:00:00,PRODUCTION,LOW,23.54
2026-06-17 05:00:00,WAREHOUSE,LOW,23.26
2026-06-17 05:00:00,OFFICE_A,LOW,22.45
2026-06-17 05:00:00,CONTROL_ROOM,LOW,22.11
2026-06-17 05:00:00,UTILITY,LOW,23.55
2026-06-17 05:00:00,BATTERY_FLEX,LOW,22.05
2026-06-17 05:15:00,PRODUCTION,LOW,23.63
2026-06-17 05:15:00,WAREHOUSE,LOW,23.0
2026-06-17 05:15:00,OFFICE_A,LOW,22.48
2026-06-17 05:15:00,CONTROL_ROOM,LOW,21.72
2026-06-17 05:15:00,UTILITY,LOW,23.74
2026-06-17 05:15:00,BATTERY_FLEX,LOW,22.8
2026-06-17 05:30:00,PRODUCTION,LOW,22.88
2026-06-17 05:30:00,WAREHOUSE,LOW,24.29
2026-06-17 05:30:00,OFFICE_A,LOW,23.1
2026-06-17 05:30:00,CONTROL_ROOM,LOW,21.15
2026-06-17 05:30:00,UTILITY,LOW,23.65
2026-06-17 05:30:00,BATTERY_FLEX,LOW,22.94
2026-06-17 05:45:00,PRODUCTION,LOW,23.41
2026-06-17 05:45:00,WAREHOUSE,LOW,22.16
2026-06-17 05:45:00,OFFICE_A,LOW,21.92
2026-06-17 05:45:00,CONTROL_ROOM,LOW,21.91
2026-06-17 05:45:00,UTILITY,LOW,23.42
2026-06-17 05:45:00,BATTERY_FLEX,LOW,22.19
2026-06-17 06:00:00,PRODUCTION,LOW,22.79
2026-06-17 06:00:00,WAREHOUSE,LOW,22.78
2026-06-17 06:00:00,OFFICE_A,LOW,22.87
2026-06-17 06:00:00,CONTROL_ROOM,LOW,21.57
2026-06-17 06:00:00,UTILITY,LOW,23.2
2026-06-17 06:00:00,BATTERY_FLEX,LOW,21.55
2026-06-17 06:15:00,PRODUCTION,LOW,22.7
2026-06-17 06:15:00,WAREHOUSE,LOW,23.06
2026-06-17 06:15:00,OFFICE_A,LOW,22.96
2026-06-17 06:15:00,CONTROL_ROOM,LOW,21.77
2026-06-17 06:15:00,UTILITY,LOW,24.37
2026-06-17 06:15:00,BATTERY_FLEX,LOW,22.91
2026-06-17 06:30:00,PRODUCTION,LOW,23.31
2026-06-17 06:30:00,WAREHOUSE,LOW,23.72
2026-06-17 06:30:00,OFFICE_A,LOW,22.34
2026-06-17 06:30:00,CONTROL_ROOM,LOW,21.8
2026-06-17 06:30:00,UTILITY,LOW,24.17
2026-06-17 06:30:00,BATTERY_FLEX,LOW,22.73
2026-06-17 06:45:00,PRODUCTION,LOW,24.3
2026-06-17 06:45:00,WAREHOUSE,LOW,23.22
2026-06-17 06:45:00,OFFICE_A,LOW,22.47
2026-06-17 06:45:00,CONTROL_ROOM,LOW,21.94
2026-06-17 06:45:00,UTILITY,LOW,23.09
2026-06-17 06:45:00,BATTERY_FLEX,LOW,22.4
2026-06-17 07:00:00,PRODUCTION,LOW,22.53
2026-06-17 07:00:00,WAREHOUSE,LOW,23.59
2026-06-17 07:00:00,OFFICE_A,LOW,22.33
2026-06-17 07:00:00,CONTROL_ROOM,LOW,22.09
2026-06-17 07:00:00,UTILITY,LOW,24.06
2026-06-17 07:00:00,BATTERY_FLEX,LOW,22.59
2026-06-17 07:15:00,PRODUCTION,MEDIUM,24.04
2026-06-17 07:15:00,WAREHOUSE,MEDIUM,24.05
2026-06-17 07:15:00,OFFICE_A,MEDIUM,23.66
2026-06-17 07:15:00,CONTROL_ROOM,MEDIUM,20.86
2026-06-17 07:15:00,UTILITY,MEDIUM,23.39
2026-06-17 07:15:00,BATTERY_FLEX,MEDIUM,22.61
2026-06-17 07:30:00,PRODUCTION,MEDIUM,24.1
2026-06-17 07:30:00,WAREHOUSE,MEDIUM,22.83
2026-06-17 07:30:00,OFFICE_A,MEDIUM,22.2
2026-06-17 07:30:00,CONTROL_ROOM,MEDIUM,21.4
2026-06-17 07:30:00,UTILITY,MEDIUM,23.81
2026-06-17 07:30:00,BATTERY_FLEX,MEDIUM,22.2
2026-06-17 07:45:00,PRODUCTION,MEDIUM,24.21
2026-06-17 07:45:00,WAREHOUSE,MEDIUM,23.32
2026-06-17 07:45:00,OFFICE_A,MEDIUM,22.84
2026-06-17 07:45:00,CONTROL_ROOM,MEDIUM,21.74
2026-06-17 07:45:00,UTILITY,MEDIUM,24.36
2026-06-17 07:45:00,BATTERY_FLEX,MEDIUM,22.92
2026-06-17 08:00:00,PRODUCTION,MEDIUM,23.82
2026-06-17 08:00:00,WAREHOUSE,MEDIUM,22.88
2026-06-17 08:00:00,OFFICE_A,MEDIUM,23.07
2026-06-17 08:00:00,CONTROL_ROOM,MEDIUM,21.83
2026-06-17 08:00:00,UTILITY,MEDIUM,23.85
2026-06-17 08:00:00,BATTERY_FLEX,MEDIUM,21.99
2026-06-17 08:15:00,PRODUCTION,MEDIUM,23.89
2026-06-17 08:15:00,WAREHOUSE,MEDIUM,22.98
2026-06-17 08:15:00,OFFICE_A,MEDIUM,22.83
2026-06-17 08:15:00,CONTROL_ROOM,MEDIUM,22.44
2026-06-17 08:15:00,UTILITY,MEDIUM,23.96
2026-06-17 08:15:00,BATTERY_FLEX,MEDIUM,22.41
2026-06-17 08:30:00,PRODUCTION,MEDIUM,24.47
2026-06-17 08:30:00,WAREHOUSE,MEDIUM,23.34
2026-06-17 08:30:00,OFFICE_A,MEDIUM,23.22
2026-06-17 08:30:00,CONTROL_ROOM,MEDIUM,21.74
2026-06-17 08:30:00,UTILITY,MEDIUM,24.05
2026-06-17 08:30:00,BATTERY_FLEX,MEDIUM,22.37
2026-06-17 08:45:00,PRODUCTION,MEDIUM,22.55
2026-06-17 08:45:00,WAREHOUSE,MEDIUM,23.12
2026-06-17 08:45:00,OFFICE_A,MEDIUM,23.36
2026-06-17 08:45:00,CONTROL_ROOM,MEDIUM,22.13
2026-06-17 08:45:00,UTILITY,MEDIUM,23.78
2026-06-17 08:45:00,BATTERY_FLEX,MEDIUM,21.79
2026-06-17 09:00:00,PRODUCTION,HIGH,22.24
2026-06-17 09:00:00,WAREHOUSE,HIGH,22.79
2026-06-17 09:00:00,OFFICE_A,HIGH,22.39
2026-06-17 09:00:00,CONTROL_ROOM,HIGH,22.23
2026-06-17 09:00:00,UTILITY,HIGH,24.69
2026-06-17 09:00:00,BATTERY_FLEX,HIGH,22.6
2026-06-17 09:15:00,PRODUCTION,HIGH,23.75
2026-06-17 09:15:00,WAREHOUSE,HIGH,23.68
2026-06-17 09:15:00,OFFICE_A,HIGH,23.6
2026-06-17 09:15:00,CONTROL_ROOM,HIGH,22.51
2026-06-17 09:15:00,UTILITY,HIGH,23.65
2026-06-17 09:15:00,BATTERY_FLEX,HIGH,22.54
2026-06-17 09:30:00,PRODUCTION,HIGH,23.4
2026-06-17 09:30:00,WAREHOUSE,HIGH,23.95
2026-06-17 09:30:00,OFFICE_A,HIGH,23.66
2026-06-17 09:30:00,CONTROL_ROOM,HIGH,21.94
2026-06-17 09:30:00,UTILITY,HIGH,23.99
2026-06-17 09:30:00,BATTERY_FLEX,HIGH,22.41
2026-06-17 09:45:00,PRODUCTION,HIGH,24.37
2026-06-17 09:45:00,WAREHOUSE,HIGH,23.48
2026-06-17 09:45:00,OFFICE_A,HIGH,22.83
2026-06-17 09:45:00,CONTROL_ROOM,HIGH,21.86
2026-06-17 09:45:00,UTILITY,HIGH,23.86
2026-06-17 09:45:00,BATTERY_FLEX,HIGH,22.9
2026-06-17 10:00:00,PRODUCTION,HIGH,23.64
2026-06-17 10:00:00,WAREHOUSE,HIGH,22.88
2026-06-17 10:00:00,OFFICE_A,HIGH,23.34
2026-06-17 10:00:00,CONTROL_ROOM,HIGH,22.28
2026-06-17 10:00:00,UTILITY,HIGH,24.37
2026-06-17 10:00:00,BATTERY_FLEX,HIGH,23.23
2026-06-17 10:15:00,PRODUCTION,HIGH,24.0
2026-06-17 10:15:00,WAREHOUSE,HIGH,23.44
2026-06-17 10:15:00,OFFICE_A,HIGH,23.77
2026-06-17 10:15:00,CONTROL_ROOM,HIGH,22.71
2026-06-17 10:15:00,UTILITY,HIGH,23.35
2026-06-17 10:15:00,BATTERY_FLEX,HIGH,22.4
2026-06-17 10:30:00,PRODUCTION,HIGH,24.24
2026-06-17 10:30:00,WAREHOUSE,HIGH,23.4
2026-06-17 10:30:00,OFFICE_A,HIGH,22.74
2026-06-17 10:30:00,CONTROL_ROOM,HIGH,22.29
2026-06-17 10:30:00,UTILITY,HIGH,23.63
2026-06-17 10:30:00,BATTERY_FLEX,HIGH,22.82
2026-06-17 10:45:00,PRODUCTION,HIGH,23.23
2026-06-17 10:45:00,WAREHOUSE,HIGH,23.13
2026-06-17 10:45:00,OFFICE_A,HIGH,23.34
2026-06-17 10:45:00,CONTROL_ROOM,HIGH,22.44
2026-06-17 10:45:00,UTILITY,HIGH,23.88
2026-06-17 10:45:00,BATTERY_FLEX,HIGH,23.55
2026-06-17 11:00:00,PRODUCTION,,24.61
2026-06-17 11:00:00,WAREHOUSE,,22.21
2026-06-17 11:00:00,OFFICE_A,,24.63
2026-06-17 11:00:00,CONTROL_ROOM,,22.21
2026-06-17 11:00:00,UTILITY,,24.37
2026-06-17 11:00:00,BATTERY_FLEX,,23.27
2026-06-17 11:15:00,PRODUCTION,HIGH,24.38
2026-06-17 11:15:00,WAREHOUSE,HIGH,23.04
2026-06-17 11:15:00,OFFICE_A,HIGH,23.08
2026-06-17 11:15:00,CONTROL_ROOM,HIGH,22.76
2026-06-17 11:15:00,UTILITY,HIGH,23.3
2026-06-17 11:15:00,BATTERY_FLEX,HIGH,22.58
2026-06-17 11:30:00,PRODUCTION,HIGH,24.79
2026-06-17 11:30:00,WAREHOUSE,HIGH,23.15
2026-06-17 11:30:00,OFFICE_A,HIGH,23.34
2026-06-17 11:30:00,CONTROL_ROOM,HIGH,22.43
2026-06-17 11:30:00,UTILITY,HIGH,23.98
2026-06-17 11:30:00,BATTERY_FLEX,HIGH,22.24
2026-06-17 11:45:00,PRODUCTION,HIGH,24.89
2026-06-17 11:45:00,WAREHOUSE,HIGH,23.98
2026-06-17 11:45:00,OFFICE_A,HIGH,23.1
2026-06-17 11:45:00,CONTROL_ROOM,HIGH,21.93
2026-06-17 11:45:00,UTILITY,HIGH,23.86
2026-06-17 11:45:00,BATTERY_FLEX,HIGH,22.04
2026-06-17 12:00:00,PRODUCTION,HIGH,23.67
2026-06-17 12:00:00,WAREHOUSE,HIGH,23.21
2026-06-17 12:00:00,OFFICE_A,HIGH,24.21
2026-06-17 12:00:00,CONTROL_ROOM,HIGH,22.42
2026-06-17 12:00:00,UTILITY,HIGH,23.91
2026-06-17 12:00:00,BATTERY_FLEX,HIGH,23.32
2026-06-17 12:15:00,PRODUCTION,HIGH,24.26
2026-06-17 12:15:00,WAREHOUSE,HIGH,23.44
2026-06-17 12:15:00,OFFICE_A,HIGH,24.0
2026-06-17 12:15:00,CONTROL_ROOM,HIGH,22.33
2026-06-17 12:15:00,UTILITY,HIGH,23.03
2026-06-17 12:15:00,BATTERY_FLEX,HIGH,21.57
2026-06-17 12:30:00,PRODUCTION,HIGH,24.16
2026-06-17 12:30:00,WAREHOUSE,HIGH,22.54
2026-06-17 12:30:00,OFFICE_A,HIGH,23.13
2026-06-17 12:30:00,CONTROL_ROOM,HIGH,23.4
2026-06-17 12:30:00,UTILITY,HIGH,24.09
2026-06-17 12:30:00,BATTERY_FLEX,HIGH,22.37
2026-06-17 12:45:00,PRODUCTION,HIGH,25.03
2026-06-17 12:45:00,WAREHOUSE,HIGH,23.16
2026-06-17 12:45:00,OFFICE_A,HIGH,22.91
2026-06-17 12:45:00,CONTROL_ROOM,HIGH,22.48
2026-06-17 12:45:00,UTILITY,HIGH,23.88
2026-06-17 12:45:00,BATTERY_FLEX,HIGH,22.11
2026-06-17 13:00:00,PRODUCTION,HIGH,23.63
2026-06-17 13:00:00,WAREHOUSE,HIGH,22.99
2026-06-17 13:00:00,OFFICE_A,HIGH,22.7
2026-06-17 13:00:00,CONTROL_ROOM,HIGH,22.46
2026-06-17 13:00:00,UTILITY,HIGH,23.91
2026-06-17 13:00:00,BATTERY_FLEX,HIGH,22.31
2026-06-17 13:15:00,PRODUCTION,HIGH,23.07
2026-06-17 13:15:00,WAREHOUSE,HIGH,22.75
2026-06-17 13:15:00,OFFICE_A,HIGH,24.24
2026-06-17 13:15:00,CONTROL_ROOM,HIGH,22.9
2026-06-17 13:15:00,UTILITY,HIGH,24.55
2026-06-17 13:15:00,BATTERY_FLEX,HIGH,22.74
2026-06-17 13:30:00,PRODUCTION,HIGH,23.93
2026-06-17 13:30:00,WAREHOUSE,HIGH,23.14
2026-06-17 13:30:00,OFFICE_A,HIGH,24.34
2026-06-17 13:30:00,CONTROL_ROOM,HIGH,22.47
2026-06-17 13:30:00,UTILITY,HIGH,24.42
2026-06-17 13:30:00,BATTERY_FLEX,HIGH,21.96
2026-06-17 13:45:00,PRODUCTION,HIGH,24.48
2026-06-17 13:45:00,WAREHOUSE,HIGH,23.01
2026-06-17 13:45:00,OFFICE_A,HIGH,23.95
2026-06-17 13:45:00,CONTROL_ROOM,HIGH,22.98
2026-06-17 13:45:00,UTILITY,HIGH,23.4
2026-06-17 13:45:00,BATTERY_FLEX,HIGH,22.41
2026-06-17 14:00:00,PRODUCTION,,24.48
2026-06-17 14:00:00,WAREHOUSE,,23.25
2026-06-17 14:00:00,OFFICE_A,,23.93
2026-06-17 14:00:00,CONTROL_ROOM,,21.61
2026-06-17 14:00:00,UTILITY,,23.47
2026-06-17 14:00:00,BATTERY_FLEX,,22.93
2026-06-17 14:15:00,PRODUCTION,HIGH,24.57
2026-06-17 14:15:00,WAREHOUSE,HIGH,23.04
2026-06-17 14:15:00,OFFICE_A,HIGH,23.57
2026-06-17 14:15:00,CONTROL_ROOM,HIGH,22.84
2026-06-17 14:15:00,UTILITY,HIGH,23.56
2026-06-17 14:15:00,BATTERY_FLEX,HIGH,23.55
2026-06-17 14:30:00,PRODUCTION,HIGH,23.97
2026-06-17 14:30:00,WAREHOUSE,HIGH,23.01
2026-06-17 14:30:00,OFFICE_A,HIGH,23.58
2026-06-17 14:30:00,CONTROL_ROOM,HIGH,23.03
2026-06-17 14:30:00,UTILITY,HIGH,23.53
2026-06-17 14:30:00,BATTERY_FLEX,HIGH,22.25
2026-06-17 14:45:00,PRODUCTION,HIGH,24.52
2026-06-17 14:45:00,WAREHOUSE,HIGH,24.38
2026-06-17 14:45:00,OFFICE_A,HIGH,24.2
2026-06-17 14:45:00,CONTROL_ROOM,HIGH,22.28
2026-06-17 14:45:00,UTILITY,HIGH,24.02
2026-06-17 14:45:00,BATTERY_FLEX,HIGH,22.51
2026-06-17 15:00:00,PRODUCTION,,24.37
2026-06-17 15:00:00,WAREHOUSE,,23.24
2026-06-17 15:00:00,OFFICE_A,,23.05
2026-06-17 15:00:00,CONTROL_ROOM,,21.84
2026-06-17 15:00:00,UTILITY,,24.83
2026-06-17 15:00:00,BATTERY_FLEX,,22.94
2026-06-17 15:15:00,PRODUCTION,HIGH,24.51
2026-06-17 15:15:00,WAREHOUSE,HIGH,21.91
2026-06-17 15:15:00,OFFICE_A,HIGH,25.02
2026-06-17 15:15:00,CONTROL_ROOM,HIGH,21.77
2026-06-17 15:15:00,UTILITY,HIGH,23.7
2026-06-17 15:15:00,BATTERY_FLEX,HIGH,22.23
2026-06-17 15:30:00,PRODUCTION,HIGH,24.01
2026-06-17 15:30:00,WAREHOUSE,HIGH,23.84
2026-06-17 15:30:00,OFFICE_A,HIGH,23.13
2026-06-17 15:30:00,CONTROL_ROOM,HIGH,21.86
2026-06-17 15:30:00,UTILITY,HIGH,23.69
2026-06-17 15:30:00,BATTERY_FLEX,HIGH,22.59
2026-06-17 15:45:00,PRODUCTION,HIGH,24.45
2026-06-17 15:45:00,WAREHOUSE,HIGH,22.76
2026-06-17 15:45:00,OFFICE_A,HIGH,23.19
2026-06-17 15:45:00,CONTROL_ROOM,HIGH,22.72
2026-06-17 15:45:00,UTILITY,HIGH,23.31
2026-06-17 15:45:00,BATTERY_FLEX,HIGH,22.88
2026-06-17 16:00:00,PRODUCTION,HIGH,24.3
2026-06-17 16:00:00,WAREHOUSE,HIGH,23.19
2026-06-17 16:00:00,OFFICE_A,HIGH,23.53
2026-06-17 16:00:00,CONTROL_ROOM,HIGH,22.84
2026-06-17 16:00:00,UTILITY,HIGH,24.12
2026-06-17 16:00:00,BATTERY_FLEX,HIGH,22.79
2026-06-17 16:15:00,PRODUCTION,HIGH,24.61
2026-06-17 16:15:00,WAREHOUSE,HIGH,23.36
2026-06-17 16:15:00,OFFICE_A,HIGH,23.19
2026-06-17 16:15:00,CONTROL_ROOM,HIGH,23.26
2026-06-17 16:15:00,UTILITY,HIGH,23.87
2026-06-17 16:15:00,BATTERY_FLEX,HIGH,22.51
2026-06-17 16:30:00,PRODUCTION,HIGH,24.54
2026-06-17 16:30:00,WAREHOUSE,HIGH,23.39
2026-06-17 16:30:00,OFFICE_A,HIGH,23.68
2026-06-17 16:30:00,CONTROL_ROOM,HIGH,22.36
2026-06-17 16:30:00,UTILITY,HIGH,22.73
2026-06-17 16:30:00,BATTERY_FLEX,HIGH,22.09
2026-06-17 16:45:00,PRODUCTION,HIGH,24.58
2026-06-17 16:45:00,WAREHOUSE,HIGH,23.23
2026-06-17 16:45:00,OFFICE_A,HIGH,24.38
2026-06-17 16:45:00,CONTROL_ROOM,HIGH,22.29
2026-06-17 16:45:00,UTILITY,HIGH,23.73
2026-06-17 16:45:00,BATTERY_FLEX,HIGH,22.77
2026-06-17 17:00:00,PRODUCTION,HIGH,23.32
2026-06-17 17:00:00,WAREHOUSE,HIGH,22.84
2026-06-17 17:00:00,OFFICE_A,HIGH,24.19
2026-06-17 17:00:00,CONTROL_ROOM,HIGH,21.61
2026-06-17 17:00:00,UTILITY,HIGH,24.46
2026-06-17 17:00:00,BATTERY_FLEX,HIGH,23.04
2026-06-17 17:15:00,PRODUCTION,HIGH,24.87
2026-06-17 17:15:00,WAREHOUSE,HIGH,23.23
2026-06-17 17:15:00,OFFICE_A,HIGH,23.73
2026-06-17 17:15:00,CONTROL_ROOM,HIGH,22.34
2026-06-17 17:15:00,UTILITY,HIGH,23.86
2026-06-17 17:15:00,BATTERY_FLEX,HIGH,22.45
2026-06-17 17:30:00,PRODUCTION,HIGH,23.53
2026-06-17 17:30:00,WAREHOUSE,HIGH,22.58
2026-06-17 17:30:00,OFFICE_A,HIGH,23.62
2026-06-17 17:30:00,CONTROL_ROOM,HIGH,22.17
2026-06-17 17:30:00,UTILITY,HIGH,23.89
2026-06-17 17:30:00,BATTERY_FLEX,HIGH,21.95
2026-06-17 17:45:00,PRODUCTION,HIGH,23.85
2026-06-17 17:45:00,WAREHOUSE,HIGH,24.11
2026-06-17 17:45:00,OFFICE_A,HIGH,23.6
2026-06-17 17:45:00,CONTROL_ROOM,HIGH,23.49
2026-06-17 17:45:00,UTILITY,HIGH,24.03
2026-06-17 17:45:00,BATTERY_FLEX,HIGH,23.47
2026-06-17 18:00:00,PRODUCTION,HIGH,24.47
2026-06-17 18:00:00,WAREHOUSE,HIGH,23.52
2026-06-17 18:00:00,OFFICE_A,HIGH,23.35
2026-06-17 18:00:00,CONTROL_ROOM,HIGH,22.44
2026-06-17 18:00:00,UTILITY,HIGH,24.32
2026-06-17 18:00:00,BATTERY_FLEX,HIGH,23.43
2026-06-17 18:15:00,PRODUCTION,HIGH,24.32
2026-06-17 18:15:00,WAREHOUSE,HIGH,22.76
2026-06-17 18:15:00,OFFICE_A,HIGH,23.81
2026-06-17 18:15:00,CONTROL_ROOM,HIGH,22.67
2026-06-17 18:15:00,UTILITY,HIGH,23.45
2026-06-17 18:15:00,BATTERY_FLEX,HIGH,23.51
2026-06-17 18:30:00,PRODUCTION,HIGH,22.87
2026-06-17 18:30:00,WAREHOUSE,HIGH,24.02
2026-06-17 18:30:00,OFFICE_A,HIGH,23.89
2026-06-17 18:30:00,CONTROL_ROOM,HIGH,22.19
2026-06-17 18:30:00,UTILITY,HIGH,23.24
2026-06-17 18:30:00,BATTERY_FLEX,HIGH,21.94
2026-06-17 18:45:00,PRODUCTION,MEDIUM,23.94
2026-06-17 18:45:00,WAREHOUSE,MEDIUM,22.38
2026-06-17 18:45:00,OFFICE_A,MEDIUM,22.81
2026-06-17 18:45:00,CONTROL_ROOM,MEDIUM,22.8
2026-06-17 18:45:00,UTILITY,MEDIUM,23.93
2026-06-17 18:45:00,BATTERY_FLEX,MEDIUM,22.51
2026-06-17 19:00:00,PRODUCTION,MEDIUM,23.43
2026-06-17 19:00:00,WAREHOUSE,MEDIUM,22.91
2026-06-17 19:00:00,OFFICE_A,MEDIUM,23.0
2026-06-17 19:00:00,CONTROL_ROOM,MEDIUM,21.94
2026-06-17 19:00:00,UTILITY,MEDIUM,24.22
2026-06-17 19:00:00,BATTERY_FLEX,MEDIUM,23.09
2026-06-17 19:15:00,PRODUCTION,MEDIUM,24.84
2026-06-17 19:15:00,WAREHOUSE,MEDIUM,22.68
2026-06-17 19:15:00,OFFICE_A,MEDIUM,23.18
2026-06-17 19:15:00,CONTROL_ROOM,MEDIUM,22.31
2026-06-17 19:15:00,UTILITY,MEDIUM,23.64
2026-06-17 19:15:00,BATTERY_FLEX,MEDIUM,22.46
2026-06-17 19:30:00,PRODUCTION,MEDIUM,24.05
2026-06-17 19:30:00,WAREHOUSE,MEDIUM,23.64
2026-06-17 19:30:00,OFFICE_A,MEDIUM,24.05
2026-06-17 19:30:00,CONTROL_ROOM,MEDIUM,22.92
2026-06-17 19:30:00,UTILITY,MEDIUM,24.85
2026-06-17 19:30:00,BATTERY_FLEX,MEDIUM,23.3
2026-06-17 19:45:00,PRODUCTION,MEDIUM,24.67
2026-06-17 19:45:00,WAREHOUSE,MEDIUM,22.69
2026-06-17 19:45:00,OFFICE_A,MEDIUM,23.49
2026-06-17 19:45:00,CONTROL_ROOM,MEDIUM,21.87
2026-06-17 19:45:00,UTILITY,MEDIUM,23.93
2026-06-17 19:45:00,BATTERY_FLEX,MEDIUM,22.57
2026-06-17 20:00:00,PRODUCTION,MEDIUM,23.78
2026-06-17 20:00:00,WAREHOUSE,MEDIUM,23.24
2026-06-17 20:00:00,OFFICE_A,MEDIUM,24.15
2026-06-17 20:00:00,CONTROL_ROOM,MEDIUM,21.98
2026-06-17 20:00:00,UTILITY,MEDIUM,23.84
2026-06-17 20:00:00,BATTERY_FLEX,MEDIUM,22.72
2026-06-17 20:15:00,PRODUCTION,MEDIUM,23.32
2026-06-17 20:15:00,WAREHOUSE,MEDIUM,24.09
2026-06-17 20:15:00,OFFICE_A,MEDIUM,22.95
2026-06-17 20:15:00,CONTROL_ROOM,MEDIUM,21.3
2026-06-17 20:15:00,UTILITY,MEDIUM,23.28
2026-06-17 20:15:00,BATTERY_FLEX,MEDIUM,22.03
2026-06-17 20:30:00,PRODUCTION,MEDIUM,24.15
2026-06-17 20:30:00,WAREHOUSE,MEDIUM,23.45
2026-06-17 20:30:00,OFFICE_A,MEDIUM,23.35
2026-06-17 20:30:00,CONTROL_ROOM,MEDIUM,21.61
2026-06-17 20:30:00,UTILITY,MEDIUM,24.08
2026-06-17 20:30:00,BATTERY_FLEX,MEDIUM,23.34
2026-06-17 20:45:00,PRODUCTION,MEDIUM,24.0
2026-06-17 20:45:00,WAREHOUSE,MEDIUM,24.01
2026-06-17 20:45:00,OFFICE_A,MEDIUM,23.14
2026-06-17 20:45:00,CONTROL_ROOM,MEDIUM,21.68
2026-06-17 20:45:00,UTILITY,MEDIUM,23.54
2026-06-17 20:45:00,BATTERY_FLEX,MEDIUM,22.41
2026-06-17 21:00:00,PRODUCTION,LOW,23.75
2026-06-17 21:00:00,WAREHOUSE,LOW,23.25
2026-06-17 21:00:00,OFFICE_A,LOW,22.32
2026-06-17 21:00:00,CONTROL_ROOM,LOW,21.5
2026-06-17 21:00:00,UTILITY,LOW,23.28
2026-06-17 21:00:00,BATTERY_FLEX,LOW,22.47
2026-06-17 21:15:00,PRODUCTION,LOW,23.33
2026-06-17 21:15:00,WAREHOUSE,LOW,22.39
2026-06-17 21:15:00,OFFICE_A,LOW,22.88
2026-06-17 21:15:00,CONTROL_ROOM,LOW,21.38
2026-06-17 21:15:00,UTILITY,LOW,24.38
2026-06-17 21:15:00,BATTERY_FLEX,LOW,21.76
2026-06-17 21:30:00,PRODUCTION,LOW,23.57
2026-06-17 21:30:00,WAREHOUSE,LOW,23.57
2026-06-17 21:30:00,OFFICE_A,LOW,22.71
2026-06-17 21:30:00,CONTROL_ROOM,LOW,22.12
2026-06-17 21:30:00,UTILITY,LOW,23.23
2026-06-17 21:30:00,BATTERY_FLEX,LOW,22.68
2026-06-17 21:45:00,PRODUCTION,LOW,23.08
2026-06-17 21:45:00,WAREHOUSE,LOW,23.56
2026-06-17 21:45:00,OFFICE_A,LOW,22.18
2026-06-17 21:45:00,CONTROL_ROOM,LOW,21.25
2026-06-17 21:45:00,UTILITY,LOW,23.86
2026-06-17 21:45:00,BATTERY_FLEX,LOW,22.34
2026-06-17 22:00:00,PRODUCTION,LOW,23.1
2026-06-17 22:00:00,WAREHOUSE,LOW,22.74
2026-06-17 22:00:00,OFFICE_A,LOW,22.55
2026-06-17 22:00:00,CONTROL_ROOM,LOW,21.26
2026-06-17 22:00:00,UTILITY,LOW,23.91
2026-06-17 22:00:00,BATTERY_FLEX,LOW,22.61
2026-06-17 22:15:00,PRODUCTION,LOW,22.36
2026-06-17 22:15:00,WAREHOUSE,LOW,22.29
2026-06-17 22:15:00,OFFICE_A,LOW,23.69
2026-06-17 22:15:00,CONTROL_ROOM,LOW,22.05
2026-06-17 22:15:00,UTILITY,LOW,23.75
2026-06-17 22:15:00,BATTERY_FLEX,LOW,22.79
2026-06-17 22:30:00,PRODUCTION,LOW,23.61
2026-06-17 22:30:00,WAREHOUSE,LOW,23.38
2026-06-17 22:30:00,OFFICE_A,LOW,23.42
2026-06-17 22:30:00,CONTROL_ROOM,LOW,22.59
2026-06-17 22:30:00,UTILITY,LOW,23.72
2026-06-17 22:30:00,BATTERY_FLEX,LOW,21.94
2026-06-17 22:45:00,PRODUCTION,LOW,23.12
2026-06-17 22:45:00,WAREHOUSE,LOW,22.85
2026-06-17 22:45:00,OFFICE_A,LOW,23.13
2026-06-17 22:45:00,CONTROL_ROOM,LOW,21.87
2026-06-17 22:45:00,UTILITY,LOW,23.82
2026-06-17 22:45:00,BATTERY_FLEX,LOW,22.16
2026-06-17 23:00:00,PRODUCTION,LOW,23.17
2026-06-17 23:00:00,WAREHOUSE,LOW,23.98
2026-06-17 23:00:00,OFFICE_A,LOW,22.6
2026-06-17 23:00:00,CONTROL_ROOM,LOW,20.67
2026-06-17 23:00:00,UTILITY,LOW,24.26
2026-06-17 23:00:00,BATTERY_FLEX,LOW,22.78
2026-06-17 23:15:00,PRODUCTION,LOW,24.17
2026-06-17 23:15:00,WAREHOUSE,LOW,23.08
2026-06-17 23:15:00,OFFICE_A,LOW,21.84
2026-06-17 23:15:00,CONTROL_ROOM,LOW,21.87
2026-06-17 23:15:00,UTILITY,LOW,24.15
2026-06-17 23:15:00,BATTERY_FLEX,LOW,22.63
2026-06-17 23:30:00,PRODUCTION,LOW,23.97
2026-06-17 23:30:00,WAREHOUSE,LOW,23.02
2026-06-17 23:30:00,OFFICE_A,LOW,21.87
2026-06-17 23:30:00,CONTROL_ROOM,LOW,21.9
2026-06-17 23:30:00,UTILITY,LOW,23.62
2026-06-17 23:30:00,BATTERY_FLEX,LOW,22.33
2026-06-17 23:45:00,PRODUCTION,LOW,23.4
2026-06-17 23:45:00,WAREHOUSE,LOW,23.31
2026-06-17 23:45:00,OFFICE_A,LOW,22.9
2026-06-17 23:45:00,CONTROL_ROOM,LOW,21.94
2026-06-17 23:45:00,UTILITY,LOW,23.34
2026-06-17 23:45:00,BATTERY_FLEX,LOW,22.47
2026-06-18 00:00:00,PRODUCTION,LOW,23.03
2026-06-18 00:00:00,WAREHOUSE,LOW,23.45
2026-06-18 00:00:00,OFFICE_A,LOW,23.58
2026-06-18 00:00:00,CONTROL_ROOM,LOW,22.53
2026-06-18 00:00:00,UTILITY,LOW,23.14
2026-06-18 00:00:00,BATTERY_FLEX,LOW,23.17
2026-06-18 00:15:00,PRODUCTION,LOW,22.58
2026-06-18 00:15:00,WAREHOUSE,LOW,23.33
2026-06-18 00:15:00,OFFICE_A,LOW,23.21
2026-06-18 00:15:00,CONTROL_ROOM,LOW,21.7
2026-06-18 00:15:00,UTILITY,LOW,23.43
2026-06-18 00:15:00,BATTERY_FLEX,LOW,21.77
2026-06-18 00:30:00,PRODUCTION,LOW,22.98
2026-06-18 00:30:00,WAREHOUSE,LOW,23.11
2026-06-18 00:30:00,OFFICE_A,LOW,22.37
2026-06-18 00:30:00,CONTROL_ROOM,LOW,21.65
2026-06-18 00:30:00,UTILITY,LOW,22.66
2026-06-18 00:30:00,BATTERY_FLEX,LOW,23.21
2026-06-18 00:45:00,PRODUCTION,LOW,23.61
2026-06-18 00:45:00,WAREHOUSE,LOW,23.3
2026-06-18 00:45:00,OFFICE_A,LOW,22.7
2026-06-18 00:45:00,CONTROL_ROOM,LOW,22.02
2026-06-18 00:45:00,UTILITY,LOW,23.95
2026-06-18 00:45:00,BATTERY_FLEX,LOW,22.62
2026-06-18 01:00:00,PRODUCTION,LOW,23.89
2026-06-18 01:00:00,WAREHOUSE,LOW,23.0
2026-06-18 01:00:00,OFFICE_A,LOW,23.43
2026-06-18 01:00:00,CONTROL_ROOM,LOW,21.88
2026-06-18 01:00:00,UTILITY,LOW,23.74
2026-06-18 01:00:00,BATTERY_FLEX,LOW,23.75
2026-06-18 01:15:00,PRODUCTION,LOW,24.25
2026-06-18 01:15:00,WAREHOUSE,LOW,23.0
2026-06-18 01:15:00,OFFICE_A,LOW,22.54
2026-06-18 01:15:00,CONTROL_ROOM,LOW,20.57
2026-06-18 01:15:00,UTILITY,LOW,23.7
2026-06-18 01:15:00,BATTERY_FLEX,LOW,22.0
2026-06-18 01:30:00,PRODUCTION,LOW,23.52
2026-06-18 01:30:00,WAREHOUSE,LOW,24.2
2026-06-18 01:30:00,OFFICE_A,LOW,22.23
2026-06-18 01:30:00,CONTROL_ROOM,LOW,22.52
2026-06-18 01:30:00,UTILITY,LOW,22.66
2026-06-18 01:30:00,BATTERY_FLEX,LOW,22.67
2026-06-18 01:45:00,PRODUCTION,LOW,22.7
2026-06-18 01:45:00,WAREHOUSE,LOW,22.41
2026-06-18 01:45:00,OFFICE_A,LOW,22.44
2026-06-18 01:45:00,CONTROL_ROOM,LOW,21.72
2026-06-18 01:45:00,UTILITY,LOW,24.12
2026-06-18 01:45:00,BATTERY_FLEX,LOW,22.69
2026-06-18 02:00:00,PRODUCTION,LOW,23.52
2026-06-18 02:00:00,WAREHOUSE,LOW,23.21
2026-06-18 02:00:00,OFFICE_A,LOW,22.23
2026-06-18 02:00:00,CONTROL_ROOM,LOW,22.13
2026-06-18 02:00:00,UTILITY,LOW,23.28
2026-06-18 02:00:00,BATTERY_FLEX,LOW,22.15
2026-06-18 02:15:00,PRODUCTION,LOW,22.88
2026-06-18 02:15:00,WAREHOUSE,LOW,22.51
2026-06-18 02:15:00,OFFICE_A,LOW,22.46
2026-06-18 02:15:00,CONTROL_ROOM,LOW,22.21
2026-06-18 02:15:00,UTILITY,LOW,23.66
2026-06-18 02:15:00,BATTERY_FLEX,LOW,23.02
2026-06-18 02:30:00,PRODUCTION,LOW,22.66
2026-06-18 02:30:00,WAREHOUSE,LOW,22.69
2026-06-18 02:30:00,OFFICE_A,LOW,22.25
2026-06-18 02:30:00,CONTROL_ROOM,LOW,22.11
2026-06-18 02:30:00,UTILITY,LOW,24.02
2026-06-18 02:30:00,BATTERY_FLEX,LOW,23.64
2026-06-18 02:45:00,PRODUCTION,LOW,23.12
2026-06-18 02:45:00,WAREHOUSE,LOW,23.3
2026-06-18 02:45:00,OFFICE_A,LOW,23.36
2026-06-18 02:45:00,CONTROL_ROOM,LOW,21.71
2026-06-18 02:45:00,UTILITY,LOW,23.49
2026-06-18 02:45:00,BATTERY_FLEX,LOW,22.25
2026-06-18 03:00:00,PRODUCTION,LOW,22.62
2026-06-18 03:00:00,WAREHOUSE,LOW,23.25
2026-06-18 03:00:00,OFFICE_A,LOW,21.93
2026-06-18 03:00:00,CONTROL_ROOM,LOW,22.06
2026-06-18 03:00:00,UTILITY,LOW,23.78
2026-06-18 03:00:00,BATTERY_FLEX,LOW,22.34
2026-06-18 03:15:00,PRODUCTION,LOW,23.3
2026-06-18 03:15:00,WAREHOUSE,LOW,23.18
2026-06-18 03:15:00,OFFICE_A,LOW,22.96
2026-06-18 03:15:00,CONTROL_ROOM,LOW,21.39
2026-06-18 03:15:00,UTILITY,LOW,22.79
2026-06-18 03:15:00,BATTERY_FLEX,LOW,23.03
2026-06-18 03:30:00,PRODUCTION,LOW,23.82
2026-06-18 03:30:00,WAREHOUSE,LOW,23.62
2026-06-18 03:30:00,OFFICE_A,LOW,22.41
2026-06-18 03:30:00,CONTROL_ROOM,LOW,20.95
2026-06-18 03:30:00,UTILITY,LOW,22.89
2026-06-18 03:30:00,BATTERY_FLEX,LOW,22.39
2026-06-18 03:45:00,PRODUCTION,LOW,22.85
2026-06-18 03:45:00,WAREHOUSE,LOW,22.77
2026-06-18 03:45:00,OFFICE_A,LOW,22.65
2026-06-18 03:45:00,CONTROL_ROOM,LOW,21.02
2026-06-18 03:45:00,UTILITY,LOW,24.08
2026-06-18 03:45:00,BATTERY_FLEX,LOW,22.47
2026-06-18 04:00:00,PRODUCTION,LOW,23.93
2026-06-18 04:00:00,WAREHOUSE,LOW,22.85
2026-06-18 04:00:00,OFFICE_A,LOW,22.54
2026-06-18 04:00:00,CONTROL_ROOM,LOW,21.28
2026-06-18 04:00:00,UTILITY,LOW,23.1
2026-06-18 04:00:00,BATTERY_FLEX,LOW,22.56
2026-06-18 04:15:00,PRODUCTION,LOW,23.13
2026-06-18 04:15:00,WAREHOUSE,LOW,23.1
2026-06-18 04:15:00,OFFICE_A,LOW,22.45
2026-06-18 04:15:00,CONTROL_ROOM,LOW,21.63
2026-06-18 04:15:00,UTILITY,LOW,23.39
2026-06-18 04:15:00,BATTERY_FLEX,LOW,22.56
2026-06-18 04:30:00,PRODUCTION,LOW,23.54
2026-06-18 04:30:00,WAREHOUSE,LOW,23.04
2026-06-18 04:30:00,OFFICE_A,LOW,22.8
2026-06-18 04:30:00,CONTROL_ROOM,LOW,21.57
2026-06-18 04:30:00,UTILITY,LOW,24.05
2026-06-18 04:30:00,BATTERY_FLEX,LOW,22.71
2026-06-18 04:45:00,PRODUCTION,LOW,23.19
2026-06-18 04:45:00,WAREHOUSE,LOW,23.02
2026-06-18 04:45:00,OFFICE_A,LOW,22.4
2026-06-18 04:45:00,CONTROL_ROOM,LOW,22.06
2026-06-18 04:45:00,UTILITY,LOW,23.96
2026-06-18 04:45:00,BATTERY_FLEX,LOW,23.44
2026-06-18 05:00:00,PRODUCTION,LOW,23.53
2026-06-18 05:00:00,WAREHOUSE,LOW,22.3
2026-06-18 05:00:00,OFFICE_A,LOW,22.12
2026-06-18 05:00:00,CONTROL_ROOM,LOW,21.78
2026-06-18 05:00:00,UTILITY,LOW,23.22
2026-06-18 05:00:00,BATTERY_FLEX,LOW,22.15
2026-06-18 05:15:00,PRODUCTION,LOW,23.12
2026-06-18 05:15:00,WAREHOUSE,LOW,22.85
2026-06-18 05:15:00,OFFICE_A,LOW,23.06
2026-06-18 05:15:00,CONTROL_ROOM,LOW,22.07
2026-06-18 05:15:00,UTILITY,LOW,22.62
2026-06-18 05:15:00,BATTERY_FLEX,LOW,23.06
2026-06-18 05:30:00,PRODUCTION,LOW,23.33
2026-06-18 05:30:00,WAREHOUSE,LOW,24.31
2026-06-18 05:30:00,OFFICE_A,LOW,22.71
2026-06-18 05:30:00,CONTROL_ROOM,LOW,21.42
2026-06-18 05:30:00,UTILITY,LOW,23.42
2026-06-18 05:30:00,BATTERY_FLEX,LOW,21.8
2026-06-18 05:45:00,PRODUCTION,LOW,22.63
2026-06-18 05:45:00,WAREHOUSE,LOW,23.04
2026-06-18 05:45:00,OFFICE_A,LOW,23.11
2026-06-18 05:45:00,CONTROL_ROOM,LOW,21.07
2026-06-18 05:45:00,UTILITY,LOW,24.09
2026-06-18 05:45:00,BATTERY_FLEX,LOW,22.49
2026-06-18 06:00:00,PRODUCTION,LOW,22.55
2026-06-18 06:00:00,WAREHOUSE,LOW,22.69
2026-06-18 06:00:00,OFFICE_A,LOW,23.22
2026-06-18 06:00:00,CONTROL_ROOM,LOW,21.85
2026-06-18 06:00:00,UTILITY,LOW,23.17
2026-06-18 06:00:00,BATTERY_FLEX,LOW,23.04
2026-06-18 06:15:00,PRODUCTION,LOW,22.98
2026-06-18 06:15:00,WAREHOUSE,LOW,23.2
2026-06-18 06:15:00,OFFICE_A,LOW,22.06
2026-06-18 06:15:00,CONTROL_ROOM,LOW,22.38
2026-06-18 06:15:00,UTILITY,LOW,24.4
2026-06-18 06:15:00,BATTERY_FLEX,LOW,22.44
2026-06-18 06:30:00,PRODUCTION,LOW,24.14
2026-06-18 06:30:00,WAREHOUSE,LOW,22.22
2026-06-18 06:30:00,OFFICE_A,LOW,22.7
2026-06-18 06:30:00,CONTROL_ROOM,LOW,22.11
2026-06-18 06:30:00,UTILITY,LOW,23.34
2026-06-18 06:30:00,BATTERY_FLEX,LOW,23.48
2026-06-18 06:45:00,PRODUCTION,LOW,22.96
2026-06-18 06:45:00,WAREHOUSE,LOW,22.99
2026-06-18 06:45:00,OFFICE_A,LOW,22.73
2026-06-18 06:45:00,CONTROL_ROOM,LOW,22.32
2026-06-18 06:45:00,UTILITY,LOW,23.14
2026-06-18 06:45:00,BATTERY_FLEX,LOW,21.28
2026-06-18 07:00:00,PRODUCTION,LOW,23.47
2026-06-18 07:00:00,WAREHOUSE,LOW,22.55
2026-06-18 07:00:00,OFFICE_A,LOW,22.27
2026-06-18 07:00:00,CONTROL_ROOM,LOW,21.41
2026-06-18 07:00:00,UTILITY,LOW,23.04
2026-06-18 07:00:00,BATTERY_FLEX,LOW,22.32
2026-06-18 07:15:00,PRODUCTION,LOW,23.24
2026-06-18 07:15:00,WAREHOUSE,LOW,22.83
2026-06-18 07:15:00,OFFICE_A,LOW,23.32
2026-06-18 07:15:00,CONTROL_ROOM,LOW,21.84
2026-06-18 07:15:00,UTILITY,LOW,24.13
2026-06-18 07:15:00,BATTERY_FLEX,LOW,22.03
2026-06-18 07:30:00,PRODUCTION,MEDIUM,23.43
2026-06-18 07:30:00,WAREHOUSE,MEDIUM,23.98
2026-06-18 07:30:00,OFFICE_A,MEDIUM,22.54
2026-06-18 07:30:00,CONTROL_ROOM,MEDIUM,21.9
2026-06-18 07:30:00,UTILITY,MEDIUM,22.96
2026-06-18 07:30:00,BATTERY_FLEX,MEDIUM,21.89
2026-06-18 07:45:00,PRODUCTION,MEDIUM,23.44
2026-06-18 07:45:00,WAREHOUSE,MEDIUM,22.31
2026-06-18 07:45:00,OFFICE_A,MEDIUM,22.74
2026-06-18 07:45:00,CONTROL_ROOM,MEDIUM,22.3
2026-06-18 07:45:00,UTILITY,MEDIUM,22.96
2026-06-18 07:45:00,BATTERY_FLEX,MEDIUM,22.46
2026-06-18 08:00:00,PRODUCTION,MEDIUM,22.87
2026-06-18 08:00:00,WAREHOUSE,MEDIUM,23.6
2026-06-18 08:00:00,OFFICE_A,MEDIUM,23.32
2026-06-18 08:00:00,CONTROL_ROOM,MEDIUM,22.16
2026-06-18 08:00:00,UTILITY,MEDIUM,24.22
2026-06-18 08:00:00,BATTERY_FLEX,MEDIUM,22.49
2026-06-18 08:15:00,PRODUCTION,MEDIUM,23.39
2026-06-18 08:15:00,WAREHOUSE,MEDIUM,23.13
2026-06-18 08:15:00,OFFICE_A,MEDIUM,23.76
2026-06-18 08:15:00,CONTROL_ROOM,MEDIUM,22.2
2026-06-18 08:15:00,UTILITY,MEDIUM,23.98
2026-06-18 08:15:00,BATTERY_FLEX,MEDIUM,23.08
2026-06-18 08:30:00,PRODUCTION,MEDIUM,23.12
2026-06-18 08:30:00,WAREHOUSE,MEDIUM,22.69
2026-06-18 08:30:00,OFFICE_A,MEDIUM,22.9
2026-06-18 08:30:00,CONTROL_ROOM,MEDIUM,22.69
2026-06-18 08:30:00,UTILITY,MEDIUM,24.16
2026-06-18 08:30:00,BATTERY_FLEX,MEDIUM,23.06
2026-06-18 08:45:00,PRODUCTION,MEDIUM,24.0
2026-06-18 08:45:00,WAREHOUSE,MEDIUM,23.44
2026-06-18 08:45:00,OFFICE_A,MEDIUM,22.59
2026-06-18 08:45:00,CONTROL_ROOM,MEDIUM,21.9
2026-06-18 08:45:00,UTILITY,MEDIUM,23.18
2026-06-18 08:45:00,BATTERY_FLEX,MEDIUM,23.25
2026-06-18 09:00:00,PRODUCTION,HIGH,23.94
2026-06-18 09:00:00,WAREHOUSE,HIGH,23.73
2026-06-18 09:00:00,OFFICE_A,HIGH,23.65
2026-06-18 09:00:00,CONTROL_ROOM,HIGH,23.12
2026-06-18 09:00:00,UTILITY,HIGH,23.83
2026-06-18 09:00:00,BATTERY_FLEX,HIGH,22.04
2026-06-18 09:15:00,PRODUCTION,HIGH,24.18
2026-06-18 09:15:00,WAREHOUSE,HIGH,23.18
2026-06-18 09:15:00,OFFICE_A,HIGH,23.05
2026-06-18 09:15:00,CONTROL_ROOM,HIGH,21.81
2026-06-18 09:15:00,UTILITY,HIGH,23.52
2026-06-18 09:15:00,BATTERY_FLEX,HIGH,22.82
2026-06-18 09:30:00,PRODUCTION,MEDIUM,23.5
2026-06-18 09:30:00,WAREHOUSE,MEDIUM,23.8
2026-06-18 09:30:00,OFFICE_A,MEDIUM,22.72
2026-06-18 09:30:00,CONTROL_ROOM,MEDIUM,22.66
2026-06-18 09:30:00,UTILITY,MEDIUM,25.13
2026-06-18 09:30:00,BATTERY_FLEX,MEDIUM,23.43
2026-06-18 09:45:00,PRODUCTION,HIGH,23.06
2026-06-18 09:45:00,WAREHOUSE,HIGH,23.23
2026-06-18 09:45:00,OFFICE_A,HIGH,23.55
2026-06-18 09:45:00,CONTROL_ROOM,HIGH,22.9
2026-06-18 09:45:00,UTILITY,HIGH,23.43
2026-06-18 09:45:00,BATTERY_FLEX,HIGH,22.81
2026-06-18 10:00:00,PRODUCTION,HIGH,23.49
2026-06-18 10:00:00,WAREHOUSE,HIGH,23.37
2026-06-18 10:00:00,OFFICE_A,HIGH,23.51
2026-06-18 10:00:00,CONTROL_ROOM,HIGH,22.2
2026-06-18 10:00:00,UTILITY,HIGH,24.06
2026-06-18 10:00:00,BATTERY_FLEX,HIGH,23.24
2026-06-18 10:15:00,PRODUCTION,HIGH,23.49
2026-06-18 10:15:00,WAREHOUSE,HIGH,23.28
2026-06-18 10:15:00,OFFICE_A,HIGH,22.99
2026-06-18 10:15:00,CONTROL_ROOM,HIGH,23.08
2026-06-18 10:15:00,UTILITY,HIGH,24.13
2026-06-18 10:15:00,BATTERY_FLEX,HIGH,23.31
2026-06-18 10:30:00,PRODUCTION,HIGH,24.82
2026-06-18 10:30:00,WAREHOUSE,HIGH,23.15
2026-06-18 10:30:00,OFFICE_A,HIGH,22.77
2026-06-18 10:30:00,CONTROL_ROOM,HIGH,22.95
2026-06-18 10:30:00,UTILITY,HIGH,23.81
2026-06-18 10:30:00,BATTERY_FLEX,HIGH,23.49
2026-06-18 10:45:00,PRODUCTION,HIGH,23.27
2026-06-18 10:45:00,WAREHOUSE,HIGH,22.97
2026-06-18 10:45:00,OFFICE_A,HIGH,23.09
2026-06-18 10:45:00,CONTROL_ROOM,HIGH,21.44
2026-06-18 10:45:00,UTILITY,HIGH,24.2
2026-06-18 10:45:00,BATTERY_FLEX,HIGH,22.48
2026-06-18 11:00:00,PRODUCTION,HIGH,23.79
2026-06-18 11:00:00,WAREHOUSE,HIGH,22.87
2026-06-18 11:00:00,OFFICE_A,HIGH,23.57
2026-06-18 11:00:00,CONTROL_ROOM,HIGH,22.98
2026-06-18 11:00:00,UTILITY,HIGH,23.73
2026-06-18 11:00:00,BATTERY_FLEX,HIGH,22.4
2026-06-18 11:15:00,PRODUCTION,HIGH,23.96
2026-06-18 11:15:00,WAREHOUSE,HIGH,23.13
2026-06-18 11:15:00,OFFICE_A,HIGH,23.28
2026-06-18 11:15:00,CONTROL_ROOM,HIGH,22.65
2026-06-18 11:15:00,UTILITY,HIGH,24.03
2026-06-18 11:15:00,BATTERY_FLEX,HIGH,23.73
2026-06-18 11:30:00,PRODUCTION,HIGH,23.21
2026-06-18 11:30:00,WAREHOUSE,HIGH,23.25
2026-06-18 11:30:00,OFFICE_A,HIGH,23.94
2026-06-18 11:30:00,CONTROL_ROOM,HIGH,22.86
2026-06-18 11:30:00,UTILITY,HIGH,24.36
2026-06-18 11:30:00,BATTERY_FLEX,HIGH,21.48
2026-06-18 11:45:00,PRODUCTION,HIGH,24.37
2026-06-18 11:45:00,WAREHOUSE,HIGH,23.34
2026-06-18 11:45:00,OFFICE_A,HIGH,23.7
2026-06-18 11:45:00,CONTROL_ROOM,HIGH,23.0
2026-06-18 11:45:00,UTILITY,HIGH,23.97
2026-06-18 11:45:00,BATTERY_FLEX,HIGH,22.01
2026-06-18 12:00:00,PRODUCTION,HIGH,24.74
2026-06-18 12:00:00,WAREHOUSE,HIGH,22.64
2026-06-18 12:00:00,OFFICE_A,HIGH,23.21
2026-06-18 12:00:00,CONTROL_ROOM,HIGH,22.1
2026-06-18 12:00:00,UTILITY,HIGH,23.53
2026-06-18 12:00:00,BATTERY_FLEX,HIGH,22.97
2026-06-18 12:15:00,PRODUCTION,HIGH,24.61
2026-06-18 12:15:00,WAREHOUSE,HIGH,22.71
2026-06-18 12:15:00,OFFICE_A,HIGH,24.25
2026-06-18 12:15:00,CONTROL_ROOM,HIGH,23.29
2026-06-18 12:15:00,UTILITY,HIGH,24.54
2026-06-18 12:15:00,BATTERY_FLEX,HIGH,22.69
2026-06-18 12:30:00,PRODUCTION,HIGH,23.99
2026-06-18 12:30:00,WAREHOUSE,HIGH,23.67
2026-06-18 12:30:00,OFFICE_A,HIGH,24.13
2026-06-18 12:30:00,CONTROL_ROOM,HIGH,22.24
2026-06-18 12:30:00,UTILITY,HIGH,23.73
2026-06-18 12:30:00,BATTERY_FLEX,HIGH,22.69
2026-06-18 12:45:00,PRODUCTION,HIGH,24.1
2026-06-18 12:45:00,WAREHOUSE,HIGH,23.44
2026-06-18 12:45:00,OFFICE_A,HIGH,23.84
2026-06-18 12:45:00,CONTROL_ROOM,HIGH,22.84
2026-06-18 12:45:00,UTILITY,HIGH,23.34
2026-06-18 12:45:00,BATTERY_FLEX,HIGH,23.21
2026-06-18 13:00:00,PRODUCTION,HIGH,24.2
2026-06-18 13:00:00,WAREHOUSE,HIGH,23.8
2026-06-18 13:00:00,OFFICE_A,HIGH,23.01
2026-06-18 13:00:00,CONTROL_ROOM,HIGH,23.19
2026-06-18 13:00:00,UTILITY,HIGH,23.77
2026-06-18 13:00:00,BATTERY_FLEX,HIGH,22.5
2026-06-18 13:15:00,PRODUCTION,HIGH,24.3
2026-06-18 13:15:00,WAREHOUSE,HIGH,24.23
2026-06-18 13:15:00,OFFICE_A,HIGH,22.65
2026-06-18 13:15:00,CONTROL_ROOM,HIGH,21.98
2026-06-18 13:15:00,UTILITY,HIGH,24.12
2026-06-18 13:15:00,BATTERY_FLEX,HIGH,22.72
2026-06-18 13:30:00,PRODUCTION,HIGH,23.89
2026-06-18 13:30:00,WAREHOUSE,HIGH,22.06
2026-06-18 13:30:00,OFFICE_A,HIGH,22.93
2026-06-18 13:30:00,CONTROL_ROOM,HIGH,22.97
2026-06-18 13:30:00,UTILITY,HIGH,24.35
2026-06-18 13:30:00,BATTERY_FLEX,HIGH,23.45
2026-06-18 13:45:00,PRODUCTION,HIGH,24.66
2026-06-18 13:45:00,WAREHOUSE,HIGH,24.06
2026-06-18 13:45:00,OFFICE_A,HIGH,24.18
2026-06-18 13:45:00,CONTROL_ROOM,HIGH,22.38
2026-06-18 13:45:00,UTILITY,HIGH,23.1
2026-06-18 13:45:00,BATTERY_FLEX,HIGH,22.73
2026-06-18 14:00:00,PRODUCTION,HIGH,24.1
2026-06-18 14:00:00,WAREHOUSE,HIGH,23.31
2026-06-18 14:00:00,OFFICE_A,HIGH,23.79
2026-06-18 14:00:00,CONTROL_ROOM,HIGH,22.9
2026-06-18 14:00:00,UTILITY,HIGH,23.41
2026-06-18 14:00:00,BATTERY_FLEX,HIGH,22.24
2026-06-18 14:15:00,PRODUCTION,HIGH,23.19
2026-06-18 14:15:00,WAREHOUSE,HIGH,22.99
2026-06-18 14:15:00,OFFICE_A,HIGH,24.13
2026-06-18 14:15:00,CONTROL_ROOM,HIGH,22.65
2026-06-18 14:15:00,UTILITY,HIGH,23.13
2026-06-18 14:15:00,BATTERY_FLEX,HIGH,23.0
2026-06-18 14:30:00,PRODUCTION,HIGH,24.06
2026-06-18 14:30:00,WAREHOUSE,HIGH,22.98
2026-06-18 14:30:00,OFFICE_A,HIGH,24.79
2026-06-18 14:30:00,CONTROL_ROOM,HIGH,22.45
2026-06-18 14:30:00,UTILITY,HIGH,23.58
2026-06-18 14:30:00,BATTERY_FLEX,HIGH,22.5
2026-06-18 14:45:00,PRODUCTION,HIGH,24.0
2026-06-18 14:45:00,WAREHOUSE,HIGH,22.57
2026-06-18 14:45:00,OFFICE_A,HIGH,23.21
2026-06-18 14:45:00,CONTROL_ROOM,HIGH,22.78
2026-06-18 14:45:00,UTILITY,HIGH,23.35
2026-06-18 14:45:00,BATTERY_FLEX,HIGH,22.91
2026-06-18 15:00:00,PRODUCTION,HIGH,23.64
2026-06-18 15:00:00,WAREHOUSE,HIGH,23.12
2026-06-18 15:00:00,OFFICE_A,HIGH,23.38
2026-06-18 15:00:00,CONTROL_ROOM,HIGH,22.64
2026-06-18 15:00:00,UTILITY,HIGH,23.92
2026-06-18 15:00:00,BATTERY_FLEX,HIGH,23.63
2026-06-18 15:15:00,PRODUCTION,HIGH,24.79
2026-06-18 15:15:00,WAREHOUSE,HIGH,23.41
2026-06-18 15:15:00,OFFICE_A,HIGH,23.54
2026-06-18 15:15:00,CONTROL_ROOM,HIGH,22.97
2026-06-18 15:15:00,UTILITY,HIGH,23.68
2026-06-18 15:15:00,BATTERY_FLEX,HIGH,21.76
2026-06-18 15:30:00,PRODUCTION,HIGH,23.81
2026-06-18 15:30:00,WAREHOUSE,HIGH,23.41
2026-06-18 15:30:00,OFFICE_A,HIGH,23.8
2026-06-18 15:30:00,CONTROL_ROOM,HIGH,22.72
2026-06-18 15:30:00,UTILITY,HIGH,23.85
2026-06-18 15:30:00,BATTERY_FLEX,HIGH,22.81
2026-06-18 15:45:00,PRODUCTION,HIGH,23.8
2026-06-18 15:45:00,WAREHOUSE,HIGH,23.21
2026-06-18 15:45:00,OFFICE_A,HIGH,23.47
2026-06-18 15:45:00,CONTROL_ROOM,HIGH,22.4
2026-06-18 15:45:00,UTILITY,HIGH,22.99
2026-06-18 15:45:00,BATTERY_FLEX,HIGH,22.81
2026-06-18 16:00:00,PRODUCTION,HIGH,24.35
2026-06-18 16:00:00,WAREHOUSE,HIGH,23.99
2026-06-18 16:00:00,OFFICE_A,HIGH,23.43
2026-06-18 16:00:00,CONTROL_ROOM,HIGH,22.06
2026-06-18 16:00:00,UTILITY,HIGH,23.74
2026-06-18 16:00:00,BATTERY_FLEX,HIGH,23.73
2026-06-18 16:15:00,PRODUCTION,HIGH,23.01
2026-06-18 16:15:00,WAREHOUSE,HIGH,23.5
2026-06-18 16:15:00,OFFICE_A,HIGH,24.0
2026-06-18 16:15:00,CONTROL_ROOM,HIGH,22.56
2026-06-18 16:15:00,UTILITY,HIGH,23.48
2026-06-18 16:15:00,BATTERY_FLEX,HIGH,22.5
2026-06-18 16:30:00,PRODUCTION,HIGH,23.97
2026-06-18 16:30:00,WAREHOUSE,HIGH,23.88
2026-06-18 16:30:00,OFFICE_A,HIGH,23.04
2026-06-18 16:30:00,CONTROL_ROOM,HIGH,21.77
2026-06-18 16:30:00,UTILITY,HIGH,24.39
2026-06-18 16:30:00,BATTERY_FLEX,HIGH,22.69
2026-06-18 16:45:00,PRODUCTION,HIGH,23.91
2026-06-18 16:45:00,WAREHOUSE,HIGH,23.55
2026-06-18 16:45:00,OFFICE_A,HIGH,23.19
2026-06-18 16:45:00,CONTROL_ROOM,HIGH,22.52
2026-06-18 16:45:00,UTILITY,HIGH,22.69
2026-06-18 16:45:00,BATTERY_FLEX,HIGH,23.38
2026-06-18 17:00:00,PRODUCTION,HIGH,24.43
2026-06-18 17:00:00,WAREHOUSE,HIGH,23.29
2026-06-18 17:00:00,OFFICE_A,HIGH,23.85
2026-06-18 17:00:00,CONTROL_ROOM,HIGH,22.18
2026-06-18 17:00:00,UTILITY,HIGH,23.2
2026-06-18 17:00:00,BATTERY_FLEX,HIGH,22.74
2026-06-18 17:15:00,PRODUCTION,HIGH,23.75
2026-06-18 17:15:00,WAREHOUSE,HIGH,23.14
2026-06-18 17:15:00,OFFICE_A,HIGH,23.68
2026-06-18 17:15:00,CONTROL_ROOM,HIGH,22.58
2026-06-18 17:15:00,UTILITY,HIGH,23.91
2026-06-18 17:15:00,BATTERY_FLEX,HIGH,22.81
2026-06-18 17:30:00,PRODUCTION,HIGH,24.32
2026-06-18 17:30:00,WAREHOUSE,HIGH,23.08
2026-06-18 17:30:00,OFFICE_A,HIGH,24.16
2026-06-18 17:30:00,CONTROL_ROOM,HIGH,22.52
2026-06-18 17:30:00,UTILITY,HIGH,24.44
2026-06-18 17:30:00,BATTERY_FLEX,HIGH,23.34
2026-06-18 17:45:00,PRODUCTION,HIGH,24.63
2026-06-18 17:45:00,WAREHOUSE,HIGH,23.39
2026-06-18 17:45:00,OFFICE_A,HIGH,23.79
2026-06-18 17:45:00,CONTROL_ROOM,HIGH,21.82
2026-06-18 17:45:00,UTILITY,HIGH,24.71
2026-06-18 17:45:00,BATTERY_FLEX,HIGH,22.36
2026-06-18 18:00:00,PRODUCTION,HIGH,23.34
2026-06-18 18:00:00,WAREHOUSE,HIGH,24.5
2026-06-18 18:00:00,OFFICE_A,HIGH,23.2
2026-06-18 18:00:00,CONTROL_ROOM,HIGH,21.67
2026-06-18 18:00:00,UTILITY,HIGH,23.73
2026-06-18 18:00:00,BATTERY_FLEX,HIGH,22.27
2026-06-18 18:15:00,PRODUCTION,HIGH,23.37
2026-06-18 18:15:00,WAREHOUSE,HIGH,24.54
2026-06-18 18:15:00,OFFICE_A,HIGH,23.7
2026-06-18 18:15:00,CONTROL_ROOM,HIGH,22.37
2026-06-18 18:15:00,UTILITY,HIGH,23.59
2026-06-18 18:15:00,BATTERY_FLEX,HIGH,22.46
2026-06-18 18:30:00,PRODUCTION,HIGH,23.68
2026-06-18 18:30:00,WAREHOUSE,HIGH,22.17
2026-06-18 18:30:00,OFFICE_A,HIGH,22.87
2026-06-18 18:30:00,CONTROL_ROOM,HIGH,22.92
2026-06-18 18:30:00,UTILITY,HIGH,23.61
2026-06-18 18:30:00,BATTERY_FLEX,HIGH,22.67
2026-06-18 18:45:00,PRODUCTION,HIGH,23.54
2026-06-18 18:45:00,WAREHOUSE,HIGH,23.51
2026-06-18 18:45:00,OFFICE_A,HIGH,23.18
2026-06-18 18:45:00,CONTROL_ROOM,HIGH,22.25
2026-06-18 18:45:00,UTILITY,HIGH,24.13
2026-06-18 18:45:00,BATTERY_FLEX,HIGH,23.09
2026-06-18 19:00:00,PRODUCTION,HIGH,24.16
2026-06-18 19:00:00,WAREHOUSE,HIGH,23.02
2026-06-18 19:00:00,OFFICE_A,HIGH,23.04
2026-06-18 19:00:00,CONTROL_ROOM,HIGH,22.88
2026-06-18 19:00:00,UTILITY,HIGH,23.77
2026-06-18 19:00:00,BATTERY_FLEX,HIGH,22.64
2026-06-18 19:15:00,PRODUCTION,MEDIUM,24.37
2026-06-18 19:15:00,WAREHOUSE,MEDIUM,23.82
2026-06-18 19:15:00,OFFICE_A,MEDIUM,23.53
2026-06-18 19:15:00,CONTROL_ROOM,MEDIUM,22.95
2026-06-18 19:15:00,UTILITY,MEDIUM,23.7
2026-06-18 19:15:00,BATTERY_FLEX,MEDIUM,23.04
2026-06-18 19:30:00,PRODUCTION,MEDIUM,24.08
2026-06-18 19:30:00,WAREHOUSE,MEDIUM,24.17
2026-06-18 19:30:00,OFFICE_A,MEDIUM,22.99
2026-06-18 19:30:00,CONTROL_ROOM,MEDIUM,22.18
2026-06-18 19:30:00,UTILITY,MEDIUM,23.58
2026-06-18 19:30:00,BATTERY_FLEX,MEDIUM,22.51
2026-06-18 19:45:00,PRODUCTION,MEDIUM,23.73
2026-06-18 19:45:00,WAREHOUSE,MEDIUM,22.45
2026-06-18 19:45:00,OFFICE_A,MEDIUM,23.46
2026-06-18 19:45:00,CONTROL_ROOM,MEDIUM,21.76
2026-06-18 19:45:00,UTILITY,MEDIUM,23.09
2026-06-18 19:45:00,BATTERY_FLEX,MEDIUM,22.76
2026-06-18 20:00:00,PRODUCTION,MEDIUM,24.05
2026-06-18 20:00:00,WAREHOUSE,MEDIUM,22.75
2026-06-18 20:00:00,OFFICE_A,MEDIUM,22.66
2026-06-18 20:00:00,CONTROL_ROOM,MEDIUM,22.16
2026-06-18 20:00:00,UTILITY,MEDIUM,23.93
2026-06-18 20:00:00,BATTERY_FLEX,MEDIUM,23.39
2026-06-18 20:15:00,PRODUCTION,MEDIUM,24.63
2026-06-18 20:15:00,WAREHOUSE,MEDIUM,22.66
2026-06-18 20:15:00,OFFICE_A,MEDIUM,22.78
2026-06-18 20:15:00,CONTROL_ROOM,MEDIUM,22.34
2026-06-18 20:15:00,UTILITY,MEDIUM,23.37
2026-06-18 20:15:00,BATTERY_FLEX,MEDIUM,22.28
2026-06-18 20:30:00,PRODUCTION,MEDIUM,24.26
2026-06-18 20:30:00,WAREHOUSE,MEDIUM,22.84
2026-06-18 20:30:00,OFFICE_A,MEDIUM,23.19
2026-06-18 20:30:00,CONTROL_ROOM,MEDIUM,22.81
2026-06-18 20:30:00,UTILITY,MEDIUM,23.79
2026-06-18 20:30:00,BATTERY_FLEX,MEDIUM,22.48
2026-06-18 20:45:00,PRODUCTION,MEDIUM,23.44
2026-06-18 20:45:00,WAREHOUSE,MEDIUM,23.57
2026-06-18 20:45:00,OFFICE_A,MEDIUM,22.34
2026-06-18 20:45:00,CONTROL_ROOM,MEDIUM,21.53
2026-06-18 20:45:00,UTILITY,MEDIUM,22.93
2026-06-18 20:45:00,BATTERY_FLEX,MEDIUM,22.61
2026-06-18 21:00:00,PRODUCTION,LOW,23.94
2026-06-18 21:00:00,WAREHOUSE,LOW,22.55
2026-06-18 21:00:00,OFFICE_A,LOW,22.06
2026-06-18 21:00:00,CONTROL_ROOM,LOW,21.82
2026-06-18 21:00:00,UTILITY,LOW,24.39
2026-06-18 21:00:00,BATTERY_FLEX,LOW,22.49
2026-06-18 21:15:00,PRODUCTION,LOW,23.48
2026-06-18 21:15:00,WAREHOUSE,LOW,22.78
2026-06-18 21:15:00,OFFICE_A,LOW,23.0
2026-06-18 21:15:00,CONTROL_ROOM,LOW,21.09
2026-06-18 21:15:00,UTILITY,LOW,23.26
2026-06-18 21:15:00,BATTERY_FLEX,LOW,23.28
2026-06-18 21:30:00,PRODUCTION,LOW,22.57
2026-06-18 21:30:00,WAREHOUSE,LOW,22.7
2026-06-18 21:30:00,OFFICE_A,LOW,22.58
2026-06-18 21:30:00,CONTROL_ROOM,LOW,21.05
2026-06-18 21:30:00,UTILITY,LOW,23.42
2026-06-18 21:30:00,BATTERY_FLEX,LOW,23.43
2026-06-18 21:45:00,PRODUCTION,LOW,22.38
2026-06-18 21:45:00,WAREHOUSE,LOW,22.44
2026-06-18 21:45:00,OFFICE_A,LOW,21.86
2026-06-18 21:45:00,CONTROL_ROOM,LOW,21.74
2026-06-18 21:45:00,UTILITY,LOW,23.74
2026-06-18 21:45:00,BATTERY_FLEX,LOW,22.07
2026-06-18 22:00:00,PRODUCTION,LOW,23.7
2026-06-18 22:00:00,WAREHOUSE,LOW,22.99
2026-06-18 22:00:00,OFFICE_A,LOW,23.18
2026-06-18 22:00:00,CONTROL_ROOM,LOW,22.49
2026-06-18 22:00:00,UTILITY,LOW,22.57
2026-06-18 22:00:00,BATTERY_FLEX,LOW,23.32
2026-06-18 22:15:00,PRODUCTION,LOW,23.39
2026-06-18 22:15:00,WAREHOUSE,LOW,22.5
2026-06-18 22:15:00,OFFICE_A,LOW,22.58
2026-06-18 22:15:00,CONTROL_ROOM,LOW,21.99
2026-06-18 22:15:00,UTILITY,LOW,23.67
2026-06-18 22:15:00,BATTERY_FLEX,LOW,22.75
2026-06-18 22:30:00,PRODUCTION,LOW,23.78
2026-06-18 22:30:00,WAREHOUSE,LOW,23.28
2026-06-18 22:30:00,OFFICE_A,LOW,23.25
2026-06-18 22:30:00,CONTROL_ROOM,LOW,22.21
2026-06-18 22:30:00,UTILITY,LOW,24.91
2026-06-18 22:30:00,BATTERY_FLEX,LOW,23.18
2026-06-18 22:45:00,PRODUCTION,LOW,23.06
2026-06-18 22:45:00,WAREHOUSE,LOW,23.31
2026-06-18 22:45:00,OFFICE_A,LOW,22.38
2026-06-18 22:45:00,CONTROL_ROOM,LOW,22.33
2026-06-18 22:45:00,UTILITY,LOW,22.86
2026-06-18 22:45:00,BATTERY_FLEX,LOW,21.74
2026-06-18 23:00:00,PRODUCTION,LOW,22.88
2026-06-18 23:00:00,WAREHOUSE,LOW,22.67
2026-06-18 23:00:00,OFFICE_A,LOW,22.7
2026-06-18 23:00:00,CONTROL_ROOM,LOW,21.38
2026-06-18 23:00:00,UTILITY,LOW,23.28
2026-06-18 23:00:00,BATTERY_FLEX,LOW,22.55
2026-06-18 23:15:00,PRODUCTION,LOW,23.36
2026-06-18 23:15:00,WAREHOUSE,LOW,22.97
2026-06-18 23:15:00,OFFICE_A,LOW,22.99
2026-06-18 23:15:00,CONTROL_ROOM,LOW,21.94
2026-06-18 23:15:00,UTILITY,LOW,24.22
2026-06-18 23:15:00,BATTERY_FLEX,LOW,21.62
2026-06-18 23:30:00,PRODUCTION,LOW,22.77
2026-06-18 23:30:00,WAREHOUSE,LOW,22.41
2026-06-18 23:30:00,OFFICE_A,LOW,23.14
2026-06-18 23:30:00,CONTROL_ROOM,LOW,21.36
2026-06-18 23:30:00,UTILITY,LOW,22.68
2026-06-18 23:30:00,BATTERY_FLEX,LOW,22.99
2026-06-18 23:45:00,PRODUCTION,LOW,23.15
2026-06-18 23:45:00,WAREHOUSE,LOW,23.66
2026-06-18 23:45:00,OFFICE_A,LOW,21.9
2026-06-18 23:45:00,CONTROL_ROOM,LOW,20.93
2026-06-18 23:45:00,UTILITY,LOW,23.24
2026-06-18 23:45:00,BATTERY_FLEX,LOW,22.54
2026-06-19 00:00:00,PRODUCTION,LOW,23.4
2026-06-19 00:00:00,WAREHOUSE,LOW,23.35
2026-06-19 00:00:00,OFFICE_A,LOW,22.9
2026-06-19 00:00:00,CONTROL_ROOM,LOW,21.77
2026-06-19 00:00:00,UTILITY,LOW,22.92
2026-06-19 00:00:00,BATTERY_FLEX,LOW,22.05
2026-06-19 00:15:00,PRODUCTION,LOW,22.51
2026-06-19 00:15:00,WAREHOUSE,LOW,23.09
2026-06-19 00:15:00,OFFICE_A,LOW,22.3
2026-06-19 00:15:00,CONTROL_ROOM,LOW,21.2
2026-06-19 00:15:00,UTILITY,LOW,23.25
2026-06-19 00:15:00,BATTERY_FLEX,LOW,22.0
2026-06-19 00:30:00,PRODUCTION,LOW,23.03
2026-06-19 00:30:00,WAREHOUSE,LOW,22.86
2026-06-19 00:30:00,OFFICE_A,LOW,23.69
2026-06-19 00:30:00,CONTROL_ROOM,LOW,20.94
2026-06-19 00:30:00,UTILITY,LOW,24.21
2026-06-19 00:30:00,BATTERY_FLEX,LOW,23.39
2026-06-19 00:45:00,PRODUCTION,LOW,23.12
2026-06-19 00:45:00,WAREHOUSE,LOW,22.72
2026-06-19 00:45:00,OFFICE_A,LOW,22.58
2026-06-19 00:45:00,CONTROL_ROOM,LOW,21.49
2026-06-19 00:45:00,UTILITY,LOW,23.1
2026-06-19 00:45:00,BATTERY_FLEX,LOW,23.12
2026-06-19 01:00:00,PRODUCTION,LOW,23.19
2026-06-19 01:00:00,WAREHOUSE,LOW,22.47
2026-06-19 01:00:00,OFFICE_A,LOW,22.08
2026-06-19 01:00:00,CONTROL_ROOM,LOW,21.62
2026-06-19 01:00:00,UTILITY,LOW,24.07
2026-06-19 01:00:00,BATTERY_FLEX,LOW,22.76
2026-06-19 01:15:00,PRODUCTION,LOW,23.61
2026-06-19 01:15:00,WAREHOUSE,LOW,22.77
2026-06-19 01:15:00,OFFICE_A,LOW,23.13
2026-06-19 01:15:00,CONTROL_ROOM,LOW,22.33
2026-06-19 01:15:00,UTILITY,LOW,23.13
2026-06-19 01:15:00,BATTERY_FLEX,LOW,22.21
2026-06-19 01:30:00,PRODUCTION,LOW,23.86
2026-06-19 01:30:00,WAREHOUSE,LOW,22.53
2026-06-19 01:30:00,OFFICE_A,LOW,23.37
2026-06-19 01:30:00,CONTROL_ROOM,LOW,21.49
2026-06-19 01:30:00,UTILITY,LOW,24.61
2026-06-19 01:30:00,BATTERY_FLEX,LOW,22.21
2026-06-19 01:45:00,PRODUCTION,LOW,23.87
2026-06-19 01:45:00,WAREHOUSE,LOW,23.29
2026-06-19 01:45:00,OFFICE_A,LOW,23.21
2026-06-19 01:45:00,CONTROL_ROOM,LOW,21.04
2026-06-19 01:45:00,UTILITY,LOW,23.88
2026-06-19 01:45:00,BATTERY_FLEX,LOW,22.06
2026-06-19 02:00:00,PRODUCTION,LOW,23.26
2026-06-19 02:00:00,WAREHOUSE,LOW,23.42
2026-06-19 02:00:00,OFFICE_A,LOW,23.17
2026-06-19 02:00:00,CONTROL_ROOM,LOW,22.47
2026-06-19 02:00:00,UTILITY,LOW,22.96
2026-06-19 02:00:00,BATTERY_FLEX,LOW,23.31
2026-06-19 02:15:00,PRODUCTION,LOW,22.47
2026-06-19 02:15:00,WAREHOUSE,LOW,22.81
2026-06-19 02:15:00,OFFICE_A,LOW,23.67
2026-06-19 02:15:00,CONTROL_ROOM,LOW,21.67
2026-06-19 02:15:00,UTILITY,LOW,23.23
2026-06-19 02:15:00,BATTERY_FLEX,LOW,22.2
2026-06-19 02:30:00,PRODUCTION,LOW,24.27
2026-06-19 02:30:00,WAREHOUSE,LOW,23.37
2026-06-19 02:30:00,OFFICE_A,LOW,23.14
2026-06-19 02:30:00,CONTROL_ROOM,LOW,21.6
2026-06-19 02:30:00,UTILITY,LOW,23.01
2026-06-19 02:30:00,BATTERY_FLEX,LOW,22.12
2026-06-19 02:45:00,PRODUCTION,LOW,23.69
2026-06-19 02:45:00,WAREHOUSE,LOW,23.12
2026-06-19 02:45:00,OFFICE_A,LOW,22.56
2026-06-19 02:45:00,CONTROL_ROOM,LOW,21.13
2026-06-19 02:45:00,UTILITY,LOW,23.7
2026-06-19 02:45:00,BATTERY_FLEX,LOW,22.44
2026-06-19 03:00:00,PRODUCTION,LOW,24.07
2026-06-19 03:00:00,WAREHOUSE,LOW,23.2
2026-06-19 03:00:00,OFFICE_A,LOW,23.14
2026-06-19 03:00:00,CONTROL_ROOM,LOW,22.03
2026-06-19 03:00:00,UTILITY,LOW,24.51
2026-06-19 03:00:00,BATTERY_FLEX,LOW,22.75
2026-06-19 03:15:00,PRODUCTION,LOW,22.59
2026-06-19 03:15:00,WAREHOUSE,LOW,23.68
2026-06-19 03:15:00,OFFICE_A,LOW,22.19
2026-06-19 03:15:00,CONTROL_ROOM,LOW,22.07
2026-06-19 03:15:00,UTILITY,LOW,23.76
2026-06-19 03:15:00,BATTERY_FLEX,LOW,23.01
2026-06-19 03:30:00,PRODUCTION,LOW,23.09
2026-06-19 03:30:00,WAREHOUSE,LOW,22.44
2026-06-19 03:30:00,OFFICE_A,LOW,23.71
2026-06-19 03:30:00,CONTROL_ROOM,LOW,21.34
2026-06-19 03:30:00,UTILITY,LOW,23.06
2026-06-19 03:30:00,BATTERY_FLEX,LOW,22.44
2026-06-19 03:45:00,PRODUCTION,LOW,22.81
2026-06-19 03:45:00,WAREHOUSE,LOW,23.2
2026-06-19 03:45:00,OFFICE_A,LOW,22.43
2026-06-19 03:45:00,CONTROL_ROOM,LOW,22.76
2026-06-19 03:45:00,UTILITY,LOW,23.63
2026-06-19 03:45:00,BATTERY_FLEX,LOW,22.21
2026-06-19 04:00:00,PRODUCTION,LOW,23.45
2026-06-19 04:00:00,WAREHOUSE,LOW,23.06
2026-06-19 04:00:00,OFFICE_A,LOW,22.04
2026-06-19 04:00:00,CONTROL_ROOM,LOW,21.56
2026-06-19 04:00:00,UTILITY,LOW,23.86
2026-06-19 04:00:00,BATTERY_FLEX,LOW,22.22
2026-06-19 04:15:00,PRODUCTION,LOW,23.81
2026-06-19 04:15:00,WAREHOUSE,LOW,22.19
2026-06-19 04:15:00,OFFICE_A,LOW,22.38
2026-06-19 04:15:00,CONTROL_ROOM,LOW,22.33
2026-06-19 04:15:00,UTILITY,LOW,24.47
2026-06-19 04:15:00,BATTERY_FLEX,LOW,23.7
2026-06-19 04:30:00,PRODUCTION,LOW,23.89
2026-06-19 04:30:00,WAREHOUSE,LOW,23.22
2026-06-19 04:30:00,OFFICE_A,LOW,23.22
2026-06-19 04:30:00,CONTROL_ROOM,LOW,21.98
2026-06-19 04:30:00,UTILITY,LOW,23.82
2026-06-19 04:30:00,BATTERY_FLEX,LOW,22.1
2026-06-19 04:45:00,PRODUCTION,LOW,22.36
2026-06-19 04:45:00,WAREHOUSE,LOW,22.83
2026-06-19 04:45:00,OFFICE_A,LOW,22.55
2026-06-19 04:45:00,CONTROL_ROOM,LOW,21.73
2026-06-19 04:45:00,UTILITY,LOW,23.82
2026-06-19 04:45:00,BATTERY_FLEX,LOW,22.64
2026-06-19 05:00:00,PRODUCTION,LOW,23.21
2026-06-19 05:00:00,WAREHOUSE,LOW,22.85
2026-06-19 05:00:00,OFFICE_A,LOW,22.66
2026-06-19 05:00:00,CONTROL_ROOM,LOW,21.39
2026-06-19 05:00:00,UTILITY,LOW,23.3
2026-06-19 05:00:00,BATTERY_FLEX,LOW,22.28
2026-06-19 05:15:00,PRODUCTION,LOW,24.01
2026-06-19 05:15:00,WAREHOUSE,LOW,23.67
2026-06-19 05:15:00,OFFICE_A,LOW,23.72
2026-06-19 05:15:00,CONTROL_ROOM,LOW,22.02
2026-06-19 05:15:00,UTILITY,LOW,23.83
2026-06-19 05:15:00,BATTERY_FLEX,LOW,22.32
2026-06-19 05:30:00,PRODUCTION,LOW,23.94
2026-06-19 05:30:00,WAREHOUSE,LOW,22.42
2026-06-19 05:30:00,OFFICE_A,LOW,22.89
2026-06-19 05:30:00,CONTROL_ROOM,LOW,21.23
2026-06-19 05:30:00,UTILITY,LOW,24.11
2026-06-19 05:30:00,BATTERY_FLEX,LOW,23.17
2026-06-19 05:45:00,PRODUCTION,LOW,24.34
2026-06-19 05:45:00,WAREHOUSE,LOW,23.43
2026-06-19 05:45:00,OFFICE_A,LOW,22.27
2026-06-19 05:45:00,CONTROL_ROOM,LOW,21.76
2026-06-19 05:45:00,UTILITY,LOW,23.48
2026-06-19 05:45:00,BATTERY_FLEX,LOW,22.43
2026-06-19 06:00:00,PRODUCTION,LOW,21.91
2026-06-19 06:00:00,WAREHOUSE,LOW,22.87
2026-06-19 06:00:00,OFFICE_A,LOW,22.3
2026-06-19 06:00:00,CONTROL_ROOM,LOW,21.24
2026-06-19 06:00:00,UTILITY,LOW,21.99
2026-06-19 06:00:00,BATTERY_FLEX,LOW,22.12
2026-06-19 06:15:00,PRODUCTION,LOW,24.0
2026-06-19 06:15:00,WAREHOUSE,LOW,23.34
2026-06-19 06:15:00,OFFICE_A,LOW,23.32
2026-06-19 06:15:00,CONTROL_ROOM,LOW,22.36
2026-06-19 06:15:00,UTILITY,LOW,23.07
2026-06-19 06:15:00,BATTERY_FLEX,LOW,22.8
2026-06-19 06:30:00,PRODUCTION,LOW,23.6
2026-06-19 06:30:00,WAREHOUSE,LOW,22.34
2026-06-19 06:30:00,OFFICE_A,LOW,22.29
2026-06-19 06:30:00,CONTROL_ROOM,LOW,21.5
2026-06-19 06:30:00,UTILITY,LOW,23.81
2026-06-19 06:30:00,BATTERY_FLEX,LOW,22.69
2026-06-19 06:45:00,PRODUCTION,LOW,23.66
2026-06-19 06:45:00,WAREHOUSE,LOW,22.7
2026-06-19 06:45:00,OFFICE_A,LOW,22.59
2026-06-19 06:45:00,CONTROL_ROOM,LOW,20.97
2026-06-19 06:45:00,UTILITY,LOW,23.74
2026-06-19 06:45:00,BATTERY_FLEX,LOW,23.37
2026-06-19 07:00:00,PRODUCTION,MEDIUM,22.62
2026-06-19 07:00:00,WAREHOUSE,MEDIUM,22.68
2026-06-19 07:00:00,OFFICE_A,MEDIUM,22.52
2026-06-19 07:00:00,CONTROL_ROOM,MEDIUM,21.84
2026-06-19 07:00:00,UTILITY,MEDIUM,23.83
2026-06-19 07:00:00,BATTERY_FLEX,MEDIUM,23.55
2026-06-19 07:15:00,PRODUCTION,MEDIUM,22.9
2026-06-19 07:15:00,WAREHOUSE,MEDIUM,23.18
2026-06-19 07:15:00,OFFICE_A,MEDIUM,23.04
2026-06-19 07:15:00,CONTROL_ROOM,MEDIUM,21.13
2026-06-19 07:15:00,UTILITY,MEDIUM,23.64
2026-06-19 07:15:00,BATTERY_FLEX,MEDIUM,22.03
2026-06-19 07:30:00,PRODUCTION,MEDIUM,23.74
2026-06-19 07:30:00,WAREHOUSE,MEDIUM,22.9
2026-06-19 07:30:00,OFFICE_A,MEDIUM,23.19
2026-06-19 07:30:00,CONTROL_ROOM,MEDIUM,22.44
2026-06-19 07:30:00,UTILITY,MEDIUM,23.9
2026-06-19 07:30:00,BATTERY_FLEX,MEDIUM,22.61
2026-06-19 07:45:00,PRODUCTION,MEDIUM,24.03
2026-06-19 07:45:00,WAREHOUSE,MEDIUM,23.59
2026-06-19 07:45:00,OFFICE_A,MEDIUM,23.23
2026-06-19 07:45:00,CONTROL_ROOM,MEDIUM,22.92
2026-06-19 07:45:00,UTILITY,MEDIUM,23.92
2026-06-19 07:45:00,BATTERY_FLEX,MEDIUM,22.55
2026-06-19 08:00:00,PRODUCTION,MEDIUM,24.7
2026-06-19 08:00:00,WAREHOUSE,MEDIUM,24.28
2026-06-19 08:00:00,OFFICE_A,MEDIUM,22.66
2026-06-19 08:00:00,CONTROL_ROOM,MEDIUM,21.66
2026-06-19 08:00:00,UTILITY,MEDIUM,22.27
2026-06-19 08:00:00,BATTERY_FLEX,MEDIUM,23.16
2026-06-19 08:15:00,PRODUCTION,MEDIUM,23.76
2026-06-19 08:15:00,WAREHOUSE,MEDIUM,23.29
2026-06-19 08:15:00,OFFICE_A,MEDIUM,23.69
2026-06-19 08:15:00,CONTROL_ROOM,MEDIUM,22.44
2026-06-19 08:15:00,UTILITY,MEDIUM,24.03
2026-06-19 08:15:00,BATTERY_FLEX,MEDIUM,22.64
2026-06-19 08:30:00,PRODUCTION,HIGH,24.56
2026-06-19 08:30:00,WAREHOUSE,HIGH,23.83
2026-06-19 08:30:00,OFFICE_A,HIGH,23.6
2026-06-19 08:30:00,CONTROL_ROOM,HIGH,22.51
2026-06-19 08:30:00,UTILITY,HIGH,24.55
2026-06-19 08:30:00,BATTERY_FLEX,HIGH,21.9
2026-06-19 08:45:00,PRODUCTION,HIGH,24.08
2026-06-19 08:45:00,WAREHOUSE,HIGH,22.63
2026-06-19 08:45:00,OFFICE_A,HIGH,23.27
2026-06-19 08:45:00,CONTROL_ROOM,HIGH,23.03
2026-06-19 08:45:00,UTILITY,HIGH,23.65
2026-06-19 08:45:00,BATTERY_FLEX,HIGH,22.44
2026-06-19 09:00:00,PRODUCTION,HIGH,23.04
2026-06-19 09:00:00,WAREHOUSE,HIGH,24.68
2026-06-19 09:00:00,OFFICE_A,HIGH,23.71
2026-06-19 09:00:00,CONTROL_ROOM,HIGH,22.9
2026-06-19 09:00:00,UTILITY,HIGH,23.56
2026-06-19 09:00:00,BATTERY_FLEX,HIGH,22.78
2026-06-19 09:15:00,PRODUCTION,HIGH,24.64
2026-06-19 09:15:00,WAREHOUSE,HIGH,22.49
2026-06-19 09:15:00,OFFICE_A,HIGH,23.77
2026-06-19 09:15:00,CONTROL_ROOM,HIGH,22.36
2026-06-19 09:15:00,UTILITY,HIGH,23.28
2026-06-19 09:15:00,BATTERY_FLEX,HIGH,23.75
2026-06-19 09:30:00,PRODUCTION,HIGH,23.71
2026-06-19 09:30:00,WAREHOUSE,HIGH,23.28
2026-06-19 09:30:00,OFFICE_A,HIGH,23.67
2026-06-19 09:30:00,CONTROL_ROOM,HIGH,22.71
2026-06-19 09:30:00,UTILITY,HIGH,23.71
2026-06-19 09:30:00,BATTERY_FLEX,HIGH,22.42
2026-06-19 09:45:00,PRODUCTION,HIGH,24.85
2026-06-19 09:45:00,WAREHOUSE,HIGH,23.22
2026-06-19 09:45:00,OFFICE_A,HIGH,24.15
2026-06-19 09:45:00,CONTROL_ROOM,HIGH,23.22
2026-06-19 09:45:00,UTILITY,HIGH,24.42
2026-06-19 09:45:00,BATTERY_FLEX,HIGH,23.12
2026-06-19 10:00:00,PRODUCTION,HIGH,23.06
2026-06-19 10:00:00,WAREHOUSE,HIGH,23.64
2026-06-19 10:00:00,OFFICE_A,HIGH,23.76
2026-06-19 10:00:00,CONTROL_ROOM,HIGH,23.05
2026-06-19 10:00:00,UTILITY,HIGH,23.73
2026-06-19 10:00:00,BATTERY_FLEX,HIGH,23.12
2026-06-19 10:15:00,PRODUCTION,HIGH,24.02
2026-06-19 10:15:00,WAREHOUSE,HIGH,22.89
2026-06-19 10:15:00,OFFICE_A,HIGH,23.13
2026-06-19 10:15:00,CONTROL_ROOM,HIGH,22.75
2026-06-19 10:15:00,UTILITY,HIGH,23.56
2026-06-19 10:15:00,BATTERY_FLEX,HIGH,22.05
2026-06-19 10:30:00,PRODUCTION,HIGH,23.83
2026-06-19 10:30:00,WAREHOUSE,HIGH,23.2
2026-06-19 10:30:00,OFFICE_A,HIGH,23.57
2026-06-19 10:30:00,CONTROL_ROOM,HIGH,23.31
2026-06-19 10:30:00,UTILITY,HIGH,23.75
2026-06-19 10:30:00,BATTERY_FLEX,HIGH,23.72
2026-06-19 10:45:00,PRODUCTION,HIGH,24.8
2026-06-19 10:45:00,WAREHOUSE,HIGH,23.96
2026-06-19 10:45:00,OFFICE_A,HIGH,23.56
2026-06-19 10:45:00,CONTROL_ROOM,HIGH,22.7
2026-06-19 10:45:00,UTILITY,HIGH,22.56
2026-06-19 10:45:00,BATTERY_FLEX,HIGH,22.7
2026-06-19 11:00:00,PRODUCTION,HIGH,25.05
2026-06-19 11:00:00,WAREHOUSE,HIGH,23.11
2026-06-19 11:00:00,OFFICE_A,HIGH,23.34
2026-06-19 11:00:00,CONTROL_ROOM,HIGH,22.47
2026-06-19 11:00:00,UTILITY,HIGH,23.24
2026-06-19 11:00:00,BATTERY_FLEX,HIGH,23.11
2026-06-19 11:15:00,PRODUCTION,HIGH,24.17
2026-06-19 11:15:00,WAREHOUSE,HIGH,22.21
2026-06-19 11:15:00,OFFICE_A,HIGH,23.89
2026-06-19 11:15:00,CONTROL_ROOM,HIGH,22.75
2026-06-19 11:15:00,UTILITY,HIGH,23.25
2026-06-19 11:15:00,BATTERY_FLEX,HIGH,22.75
2026-06-19 11:30:00,PRODUCTION,HIGH,24.37
2026-06-19 11:30:00,WAREHOUSE,HIGH,22.75
2026-06-19 11:30:00,OFFICE_A,HIGH,23.42
2026-06-19 11:30:00,CONTROL_ROOM,HIGH,22.84
2026-06-19 11:30:00,UTILITY,HIGH,23.69
2026-06-19 11:30:00,BATTERY_FLEX,HIGH,22.8
2026-06-19 11:45:00,PRODUCTION,HIGH,24.05
2026-06-19 11:45:00,WAREHOUSE,HIGH,23.25
2026-06-19 11:45:00,OFFICE_A,HIGH,23.88
2026-06-19 11:45:00,CONTROL_ROOM,HIGH,22.81
2026-06-19 11:45:00,UTILITY,HIGH,24.12
2026-06-19 11:45:00,BATTERY_FLEX,HIGH,22.96
2026-06-19 12:00:00,PRODUCTION,HIGH,23.49
2026-06-19 12:00:00,WAREHOUSE,HIGH,22.46
2026-06-19 12:00:00,OFFICE_A,HIGH,24.58
2026-06-19 12:00:00,CONTROL_ROOM,HIGH,21.59
2026-06-19 12:00:00,UTILITY,HIGH,24.4
2026-06-19 12:00:00,BATTERY_FLEX,HIGH,22.39
2026-06-19 12:15:00,PRODUCTION,HIGH,24.93
2026-06-19 12:15:00,WAREHOUSE,HIGH,23.66
2026-06-19 12:15:00,OFFICE_A,HIGH,23.53
2026-06-19 12:15:00,CONTROL_ROOM,HIGH,21.73
2026-06-19 12:15:00,UTILITY,HIGH,23.14
2026-06-19 12:15:00,BATTERY_FLEX,HIGH,23.49
2026-06-19 12:30:00,PRODUCTION,HIGH,23.55
2026-06-19 12:30:00,WAREHOUSE,HIGH,23.5
2026-06-19 12:30:00,OFFICE_A,HIGH,23.49
2026-06-19 12:30:00,CONTROL_ROOM,HIGH,22.85
2026-06-19 12:30:00,UTILITY,HIGH,23.51
2026-06-19 12:30:00,BATTERY_FLEX,HIGH,22.01
2026-06-19 12:45:00,PRODUCTION,HIGH,24.22
2026-06-19 12:45:00,WAREHOUSE,HIGH,23.75
2026-06-19 12:45:00,OFFICE_A,HIGH,23.6
2026-06-19 12:45:00,CONTROL_ROOM,HIGH,22.73
2026-06-19 12:45:00,UTILITY,HIGH,23.56
2026-06-19 12:45:00,BATTERY_FLEX,HIGH,23.28
2026-06-19 13:00:00,PRODUCTION,HIGH,24.75
2026-06-19 13:00:00,WAREHOUSE,HIGH,22.93
2026-06-19 13:00:00,OFFICE_A,HIGH,23.74
2026-06-19 13:00:00,CONTROL_ROOM,HIGH,23.88
2026-06-19 13:00:00,UTILITY,HIGH,24.2
2026-06-19 13:00:00,BATTERY_FLEX,HIGH,23.61
2026-06-19 13:15:00,PRODUCTION,HIGH,24.38
2026-06-19 13:15:00,WAREHOUSE,HIGH,24.31
2026-06-19 13:15:00,OFFICE_A,HIGH,23.56
2026-06-19 13:15:00,CONTROL_ROOM,HIGH,22.71
2026-06-19 13:15:00,UTILITY,HIGH,23.35
2026-06-19 13:15:00,BATTERY_FLEX,HIGH,23.24
2026-06-19 13:30:00,PRODUCTION,HIGH,24.47
2026-06-19 13:30:00,WAREHOUSE,HIGH,22.98
2026-06-19 13:30:00,OFFICE_A,HIGH,24.07
2026-06-19 13:30:00,CONTROL_ROOM,HIGH,22.69
2026-06-19 13:30:00,UTILITY,HIGH,23.53
2026-06-19 13:30:00,BATTERY_FLEX,HIGH,22.61
2026-06-19 13:45:00,PRODUCTION,HIGH,24.07
2026-06-19 13:45:00,WAREHOUSE,HIGH,23.47
2026-06-19 13:45:00,OFFICE_A,HIGH,24.51
2026-06-19 13:45:00,CONTROL_ROOM,HIGH,22.7
2026-06-19 13:45:00,UTILITY,HIGH,23.68
2026-06-19 13:45:00,BATTERY_FLEX,HIGH,22.94
2026-06-19 14:00:00,PRODUCTION,HIGH,23.84
2026-06-19 14:00:00,WAREHOUSE,HIGH,22.5
2026-06-19 14:00:00,OFFICE_A,HIGH,24.13
2026-06-19 14:00:00,CONTROL_ROOM,HIGH,22.83
2026-06-19 14:00:00,UTILITY,HIGH,23.87
2026-06-19 14:00:00,BATTERY_FLEX,HIGH,22.45
2026-06-19 14:15:00,PRODUCTION,HIGH,24.42
2026-06-19 14:15:00,WAREHOUSE,HIGH,22.9
2026-06-19 14:15:00,OFFICE_A,HIGH,23.75
2026-06-19 14:15:00,CONTROL_ROOM,HIGH,23.27
2026-06-19 14:15:00,UTILITY,HIGH,24.42
2026-06-19 14:15:00,BATTERY_FLEX,HIGH,23.46
2026-06-19 14:30:00,PRODUCTION,HIGH,23.3
2026-06-19 14:30:00,WAREHOUSE,HIGH,22.63
2026-06-19 14:30:00,OFFICE_A,HIGH,23.62
2026-06-19 14:30:00,CONTROL_ROOM,HIGH,22.65
2026-06-19 14:30:00,UTILITY,HIGH,24.51
2026-06-19 14:30:00,BATTERY_FLEX,HIGH,23.46
2026-06-19 14:45:00,PRODUCTION,HIGH,24.54
2026-06-19 14:45:00,WAREHOUSE,HIGH,23.7
2026-06-19 14:45:00,OFFICE_A,HIGH,24.32
2026-06-19 14:45:00,CONTROL_ROOM,HIGH,22.45
2026-06-19 14:45:00,UTILITY,HIGH,24.31
2026-06-19 14:45:00,BATTERY_FLEX,HIGH,21.86
2026-06-19 15:00:00,PRODUCTION,HIGH,23.18
2026-06-19 15:00:00,WAREHOUSE,HIGH,23.11
2026-06-19 15:00:00,OFFICE_A,HIGH,24.38
2026-06-19 15:00:00,CONTROL_ROOM,HIGH,22.49
2026-06-19 15:00:00,UTILITY,HIGH,24.16
2026-06-19 15:00:00,BATTERY_FLEX,HIGH,22.82
2026-06-19 15:15:00,PRODUCTION,HIGH,24.23
2026-06-19 15:15:00,WAREHOUSE,HIGH,24.1
2026-06-19 15:15:00,OFFICE_A,HIGH,23.95
2026-06-19 15:15:00,CONTROL_ROOM,HIGH,22.64
2026-06-19 15:15:00,UTILITY,HIGH,24.93
2026-06-19 15:15:00,BATTERY_FLEX,HIGH,23.38
2026-06-19 15:30:00,PRODUCTION,HIGH,24.58
2026-06-19 15:30:00,WAREHOUSE,HIGH,22.21
2026-06-19 15:30:00,OFFICE_A,HIGH,23.9
2026-06-19 15:30:00,CONTROL_ROOM,HIGH,22.62
2026-06-19 15:30:00,UTILITY,HIGH,23.55
2026-06-19 15:30:00,BATTERY_FLEX,HIGH,22.7
2026-06-19 15:45:00,PRODUCTION,HIGH,24.43
2026-06-19 15:45:00,WAREHOUSE,HIGH,22.09
2026-06-19 15:45:00,OFFICE_A,HIGH,23.41
2026-06-19 15:45:00,CONTROL_ROOM,HIGH,23.14
2026-06-19 15:45:00,UTILITY,HIGH,23.66
2026-06-19 15:45:00,BATTERY_FLEX,HIGH,23.42
2026-06-19 16:00:00,PRODUCTION,HIGH,23.98
2026-06-19 16:00:00,WAREHOUSE,HIGH,22.61
2026-06-19 16:00:00,OFFICE_A,HIGH,22.97
2026-06-19 16:00:00,CONTROL_ROOM,HIGH,22.3
2026-06-19 16:00:00,UTILITY,HIGH,23.48
2026-06-19 16:00:00,BATTERY_FLEX,HIGH,22.94
2026-06-19 16:15:00,PRODUCTION,HIGH,24.07
2026-06-19 16:15:00,WAREHOUSE,HIGH,23.6
2026-06-19 16:15:00,OFFICE_A,HIGH,23.63
2026-06-19 16:15:00,CONTROL_ROOM,HIGH,22.48
2026-06-19 16:15:00,UTILITY,HIGH,24.75
2026-06-19 16:15:00,BATTERY_FLEX,HIGH,21.63
2026-06-19 16:30:00,PRODUCTION,HIGH,23.48
2026-06-19 16:30:00,WAREHOUSE,HIGH,22.77
2026-06-19 16:30:00,OFFICE_A,HIGH,23.24
2026-06-19 16:30:00,CONTROL_ROOM,HIGH,23.15
2026-06-19 16:30:00,UTILITY,HIGH,24.41
2026-06-19 16:30:00,BATTERY_FLEX,HIGH,23.62
2026-06-19 16:45:00,PRODUCTION,HIGH,24.84
2026-06-19 16:45:00,WAREHOUSE,HIGH,23.51
2026-06-19 16:45:00,OFFICE_A,HIGH,23.74
2026-06-19 16:45:00,CONTROL_ROOM,HIGH,22.81
2026-06-19 16:45:00,UTILITY,HIGH,23.77
2026-06-19 16:45:00,BATTERY_FLEX,HIGH,22.24
2026-06-19 17:00:00,PRODUCTION,HIGH,24.49
2026-06-19 17:00:00,WAREHOUSE,HIGH,23.09
2026-06-19 17:00:00,OFFICE_A,HIGH,23.81
2026-06-19 17:00:00,CONTROL_ROOM,HIGH,22.64
2026-06-19 17:00:00,UTILITY,HIGH,24.25
2026-06-19 17:00:00,BATTERY_FLEX,HIGH,22.91
2026-06-19 17:15:00,PRODUCTION,HIGH,24.46
2026-06-19 17:15:00,WAREHOUSE,HIGH,23.82
2026-06-19 17:15:00,OFFICE_A,HIGH,23.39
2026-06-19 17:15:00,CONTROL_ROOM,HIGH,23.03
2026-06-19 17:15:00,UTILITY,HIGH,22.94
2026-06-19 17:15:00,BATTERY_FLEX,HIGH,22.74
2026-06-19 17:30:00,PRODUCTION,HIGH,24.5
2026-06-19 17:30:00,WAREHOUSE,HIGH,22.42
2026-06-19 17:30:00,OFFICE_A,HIGH,23.52
2026-06-19 17:30:00,CONTROL_ROOM,HIGH,22.28
2026-06-19 17:30:00,UTILITY,HIGH,25.04
2026-06-19 17:30:00,BATTERY_FLEX,HIGH,22.47
2026-06-19 17:45:00,PRODUCTION,HIGH,23.94
2026-06-19 17:45:00,WAREHOUSE,HIGH,23.5
2026-06-19 17:45:00,OFFICE_A,HIGH,23.74
2026-06-19 17:45:00,CONTROL_ROOM,HIGH,21.55
2026-06-19 17:45:00,UTILITY,HIGH,23.52
2026-06-19 17:45:00,BATTERY_FLEX,HIGH,23.31
2026-06-19 18:00:00,PRODUCTION,HIGH,24.82
2026-06-19 18:00:00,WAREHOUSE,HIGH,23.27
2026-06-19 18:00:00,OFFICE_A,HIGH,24.48
2026-06-19 18:00:00,CONTROL_ROOM,HIGH,22.68
2026-06-19 18:00:00,UTILITY,HIGH,22.77
2026-06-19 18:00:00,BATTERY_FLEX,HIGH,23.22
2026-06-19 18:15:00,PRODUCTION,HIGH,24.93
2026-06-19 18:15:00,WAREHOUSE,HIGH,23.02
2026-06-19 18:15:00,OFFICE_A,HIGH,24.4
2026-06-19 18:15:00,CONTROL_ROOM,HIGH,22.4
2026-06-19 18:15:00,UTILITY,HIGH,23.31
2026-06-19 18:15:00,BATTERY_FLEX,HIGH,23.44
2026-06-19 18:30:00,PRODUCTION,HIGH,23.84
2026-06-19 18:30:00,WAREHOUSE,HIGH,23.48
2026-06-19 18:30:00,OFFICE_A,HIGH,22.92
2026-06-19 18:30:00,CONTROL_ROOM,HIGH,22.3
2026-06-19 18:30:00,UTILITY,HIGH,23.56
2026-06-19 18:30:00,BATTERY_FLEX,HIGH,22.8
2026-06-19 18:45:00,PRODUCTION,HIGH,25.41
2026-06-19 18:45:00,WAREHOUSE,HIGH,23.04
2026-06-19 18:45:00,OFFICE_A,HIGH,23.44
2026-06-19 18:45:00,CONTROL_ROOM,HIGH,22.36
2026-06-19 18:45:00,UTILITY,HIGH,23.62
2026-06-19 18:45:00,BATTERY_FLEX,HIGH,22.8
2026-06-19 19:00:00,PRODUCTION,HIGH,24.57
2026-06-19 19:00:00,WAREHOUSE,HIGH,23.37
2026-06-19 19:00:00,OFFICE_A,HIGH,23.74
2026-06-19 19:00:00,CONTROL_ROOM,HIGH,23.11
2026-06-19 19:00:00,UTILITY,HIGH,23.21
2026-06-19 19:00:00,BATTERY_FLEX,HIGH,24.01
2026-06-19 19:15:00,PRODUCTION,HIGH,23.33
2026-06-19 19:15:00,WAREHOUSE,HIGH,23.72
2026-06-19 19:15:00,OFFICE_A,HIGH,24.55
2026-06-19 19:15:00,CONTROL_ROOM,HIGH,22.13
2026-06-19 19:15:00,UTILITY,HIGH,23.9
2026-06-19 19:15:00,BATTERY_FLEX,HIGH,22.84
2026-06-19 19:30:00,PRODUCTION,HIGH,23.84
2026-06-19 19:30:00,WAREHOUSE,HIGH,23.51
2026-06-19 19:30:00,OFFICE_A,HIGH,23.78
2026-06-19 19:30:00,CONTROL_ROOM,HIGH,22.45
2026-06-19 19:30:00,UTILITY,HIGH,23.19
2026-06-19 19:30:00,BATTERY_FLEX,HIGH,22.34
2026-06-19 19:45:00,PRODUCTION,HIGH,23.98
2026-06-19 19:45:00,WAREHOUSE,HIGH,23.81
2026-06-19 19:45:00,OFFICE_A,HIGH,22.5
2026-06-19 19:45:00,CONTROL_ROOM,HIGH,22.13
2026-06-19 19:45:00,UTILITY,HIGH,24.72
2026-06-19 19:45:00,BATTERY_FLEX,HIGH,22.86
2026-06-19 20:00:00,PRODUCTION,HIGH,22.57
2026-06-19 20:00:00,WAREHOUSE,HIGH,23.3
2026-06-19 20:00:00,OFFICE_A,HIGH,23.16
2026-06-19 20:00:00,CONTROL_ROOM,HIGH,21.52
2026-06-19 20:00:00,UTILITY,HIGH,23.75
2026-06-19 20:00:00,BATTERY_FLEX,HIGH,22.64
2026-06-19 20:15:00,PRODUCTION,MEDIUM,22.99
2026-06-19 20:15:00,WAREHOUSE,MEDIUM,22.83
2026-06-19 20:15:00,OFFICE_A,MEDIUM,23.65
2026-06-19 20:15:00,CONTROL_ROOM,MEDIUM,22.33
2026-06-19 20:15:00,UTILITY,MEDIUM,23.64
2026-06-19 20:15:00,BATTERY_FLEX,MEDIUM,22.16
2026-06-19 20:30:00,PRODUCTION,MEDIUM,23.48
2026-06-19 20:30:00,WAREHOUSE,MEDIUM,21.87
2026-06-19 20:30:00,OFFICE_A,MEDIUM,22.88
2026-06-19 20:30:00,CONTROL_ROOM,MEDIUM,21.98
2026-06-19 20:30:00,UTILITY,MEDIUM,23.23
2026-06-19 20:30:00,BATTERY_FLEX,MEDIUM,22.47
2026-06-19 20:45:00,PRODUCTION,MEDIUM,22.93
2026-06-19 20:45:00,WAREHOUSE,MEDIUM,23.02
2026-06-19 20:45:00,OFFICE_A,MEDIUM,22.22
2026-06-19 20:45:00,CONTROL_ROOM,MEDIUM,21.97
2026-06-19 20:45:00,UTILITY,MEDIUM,23.15
2026-06-19 20:45:00,BATTERY_FLEX,MEDIUM,23.31
2026-06-19 21:00:00,PRODUCTION,LOW,22.77
2026-06-19 21:00:00,WAREHOUSE,LOW,22.55
2026-06-19 21:00:00,OFFICE_A,LOW,22.92
2026-06-19 21:00:00,CONTROL_ROOM,LOW,22.69
2026-06-19 21:00:00,UTILITY,LOW,23.78
2026-06-19 21:00:00,BATTERY_FLEX,LOW,22.38
2026-06-19 21:15:00,PRODUCTION,LOW,23.99
2026-06-19 21:15:00,WAREHOUSE,LOW,23.22
2026-06-19 21:15:00,OFFICE_A,LOW,22.93
2026-06-19 21:15:00,CONTROL_ROOM,LOW,22.02
2026-06-19 21:15:00,UTILITY,LOW,23.84
2026-06-19 21:15:00,BATTERY_FLEX,LOW,22.39
2026-06-19 21:30:00,PRODUCTION,LOW,23.78
2026-06-19 21:30:00,WAREHOUSE,LOW,23.9
2026-06-19 21:30:00,OFFICE_A,LOW,23.06
2026-06-19 21:30:00,CONTROL_ROOM,LOW,21.98
2026-06-19 21:30:00,UTILITY,LOW,25.18
2026-06-19 21:30:00,BATTERY_FLEX,LOW,22.68
2026-06-19 21:45:00,PRODUCTION,LOW,22.71
2026-06-19 21:45:00,WAREHOUSE,LOW,22.71
2026-06-19 21:45:00,OFFICE_A,LOW,23.41
2026-06-19 21:45:00,CONTROL_ROOM,LOW,21.72
2026-06-19 21:45:00,UTILITY,LOW,23.53
2026-06-19 21:45:00,BATTERY_FLEX,LOW,23.13
2026-06-19 22:00:00,PRODUCTION,LOW,23.54
2026-06-19 22:00:00,WAREHOUSE,LOW,23.19
2026-06-19 22:00:00,OFFICE_A,LOW,22.4
2026-06-19 22:00:00,CONTROL_ROOM,LOW,21.17
2026-06-19 22:00:00,UTILITY,LOW,23.43
2026-06-19 22:00:00,BATTERY_FLEX,LOW,23.12
2026-06-19 22:15:00,PRODUCTION,LOW,23.07
2026-06-19 22:15:00,WAREHOUSE,LOW,23.23
2026-06-19 22:15:00,OFFICE_A,LOW,23.81
2026-06-19 22:15:00,CONTROL_ROOM,LOW,21.87
2026-06-19 22:15:00,UTILITY,LOW,23.54
2026-06-19 22:15:00,BATTERY_FLEX,LOW,23.0
2026-06-19 22:30:00,PRODUCTION,LOW,23.37
2026-06-19 22:30:00,WAREHOUSE,LOW,23.21
2026-06-19 22:30:00,OFFICE_A,LOW,23.16
2026-06-19 22:30:00,CONTROL_ROOM,LOW,22.06
2026-06-19 22:30:00,UTILITY,LOW,24.36
2026-06-19 22:30:00,BATTERY_FLEX,LOW,22.3
2026-06-19 22:45:00,PRODUCTION,LOW,23.23
2026-06-19 22:45:00,WAREHOUSE,LOW,22.91
2026-06-19 22:45:00,OFFICE_A,LOW,23.2
2026-06-19 22:45:00,CONTROL_ROOM,LOW,22.01
2026-06-19 22:45:00,UTILITY,LOW,23.17
2026-06-19 22:45:00,BATTERY_FLEX,LOW,23.26
2026-06-19 23:00:00,PRODUCTION,LOW,23.47
2026-06-19 23:00:00,WAREHOUSE,LOW,23.4
2026-06-19 23:00:00,OFFICE_A,LOW,21.99
2026-06-19 23:00:00,CONTROL_ROOM,LOW,21.97
2026-06-19 23:00:00,UTILITY,LOW,23.9
2026-06-19 23:00:00,BATTERY_FLEX,LOW,21.39
2026-06-19 23:15:00,PRODUCTION,LOW,23.72
2026-06-19 23:15:00,WAREHOUSE,LOW,22.92
2026-06-19 23:15:00,OFFICE_A,LOW,22.3
2026-06-19 23:15:00,CONTROL_ROOM,LOW,20.92
2026-06-19 23:15:00,UTILITY,LOW,24.13
2026-06-19 23:15:00,BATTERY_FLEX,LOW,22.93
2026-06-19 23:30:00,PRODUCTION,LOW,22.58
2026-06-19 23:30:00,WAREHOUSE,LOW,22.65
2026-06-19 23:30:00,OFFICE_A,LOW,22.89
2026-06-19 23:30:00,CONTROL_ROOM,LOW,22.16
2026-06-19 23:30:00,UTILITY,LOW,24.42
2026-06-19 23:30:00,BATTERY_FLEX,LOW,22.46
2026-06-19 23:45:00,PRODUCTION,LOW,24.39
2026-06-19 23:45:00,WAREHOUSE,LOW,23.45
2026-06-19 23:45:00,OFFICE_A,LOW,23.33
2026-06-19 23:45:00,CONTROL_ROOM,LOW,21.66
2026-06-19 23:45:00,UTILITY,LOW,23.57
2026-06-19 23:45:00,BATTERY_FLEX,LOW,22.92
2026-06-20 00:00:00,PRODUCTION,LOW,22.93
2026-06-20 00:00:00,WAREHOUSE,LOW,23.06
2026-06-20 00:00:00,OFFICE_A,LOW,22.24
2026-06-20 00:00:00,CONTROL_ROOM,LOW,21.8
2026-06-20 00:00:00,UTILITY,LOW,23.68
2026-06-20 00:00:00,BATTERY_FLEX,LOW,22.45
2026-06-20 00:15:00,PRODUCTION,LOW,23.19
2026-06-20 00:15:00,WAREHOUSE,LOW,23.59
2026-06-20 00:15:00,OFFICE_A,LOW,22.04
2026-06-20 00:15:00,CONTROL_ROOM,LOW,22.75
2026-06-20 00:15:00,UTILITY,LOW,23.5
2026-06-20 00:15:00,BATTERY_FLEX,LOW,22.75
2026-06-20 00:30:00,PRODUCTION,LOW,22.98
2026-06-20 00:30:00,WAREHOUSE,LOW,22.76
2026-06-20 00:30:00,OFFICE_A,LOW,22.54
2026-06-20 00:30:00,CONTROL_ROOM,LOW,21.88
2026-06-20 00:30:00,UTILITY,LOW,23.63
2026-06-20 00:30:00,BATTERY_FLEX,LOW,22.52
2026-06-20 00:45:00,PRODUCTION,LOW,23.39
2026-06-20 00:45:00,WAREHOUSE,LOW,23.37
2026-06-20 00:45:00,OFFICE_A,LOW,23.06
2026-06-20 00:45:00,CONTROL_ROOM,LOW,21.66
2026-06-20 00:45:00,UTILITY,LOW,23.73
2026-06-20 00:45:00,BATTERY_FLEX,LOW,22.46
2026-06-20 01:00:00,PRODUCTION,LOW,22.65
2026-06-20 01:00:00,WAREHOUSE,LOW,22.76
2026-06-20 01:00:00,OFFICE_A,LOW,22.73
2026-06-20 01:00:00,CONTROL_ROOM,LOW,21.1
2026-06-20 01:00:00,UTILITY,LOW,23.19
2026-06-20 01:00:00,BATTERY_FLEX,LOW,23.32
2026-06-20 01:15:00,PRODUCTION,LOW,22.76
2026-06-20 01:15:00,WAREHOUSE,LOW,22.94
2026-06-20 01:15:00,OFFICE_A,LOW,22.14
2026-06-20 01:15:00,CONTROL_ROOM,LOW,21.92
2026-06-20 01:15:00,UTILITY,LOW,24.21
2026-06-20 01:15:00,BATTERY_FLEX,LOW,22.96
2026-06-20 01:30:00,PRODUCTION,LOW,23.4
2026-06-20 01:30:00,WAREHOUSE,LOW,23.48
2026-06-20 01:30:00,OFFICE_A,LOW,23.55
2026-06-20 01:30:00,CONTROL_ROOM,LOW,22.21
2026-06-20 01:30:00,UTILITY,LOW,23.99
2026-06-20 01:30:00,BATTERY_FLEX,LOW,23.86
2026-06-20 01:45:00,PRODUCTION,LOW,22.73
2026-06-20 01:45:00,WAREHOUSE,LOW,23.08
2026-06-20 01:45:00,OFFICE_A,LOW,21.82
2026-06-20 01:45:00,CONTROL_ROOM,LOW,21.42
2026-06-20 01:45:00,UTILITY,LOW,23.49
2026-06-20 01:45:00,BATTERY_FLEX,LOW,23.02
2026-06-20 02:00:00,PRODUCTION,LOW,23.33
2026-06-20 02:00:00,WAREHOUSE,LOW,23.18
2026-06-20 02:00:00,OFFICE_A,LOW,21.95
2026-06-20 02:00:00,CONTROL_ROOM,LOW,21.44
2026-06-20 02:00:00,UTILITY,LOW,24.09
2026-06-20 02:00:00,BATTERY_FLEX,LOW,22.65
2026-06-20 02:15:00,PRODUCTION,LOW,23.08
2026-06-20 02:15:00,WAREHOUSE,LOW,23.74
2026-06-20 02:15:00,OFFICE_A,LOW,23.17
2026-06-20 02:15:00,CONTROL_ROOM,LOW,21.57
2026-06-20 02:15:00,UTILITY,LOW,24.31
2026-06-20 02:15:00,BATTERY_FLEX,LOW,21.9
2026-06-20 02:30:00,PRODUCTION,LOW,23.06
2026-06-20 02:30:00,WAREHOUSE,LOW,23.02
2026-06-20 02:30:00,OFFICE_A,LOW,22.3
2026-06-20 02:30:00,CONTROL_ROOM,LOW,21.84
2026-06-20 02:30:00,UTILITY,LOW,23.65
2026-06-20 02:30:00,BATTERY_FLEX,LOW,22.56
2026-06-20 02:45:00,PRODUCTION,LOW,22.67
2026-06-20 02:45:00,WAREHOUSE,LOW,23.67
2026-06-20 02:45:00,OFFICE_A,LOW,23.75
2026-06-20 02:45:00,CONTROL_ROOM,LOW,22.63
2026-06-20 02:45:00,UTILITY,LOW,23.87
2026-06-20 02:45:00,BATTERY_FLEX,LOW,22.41
2026-06-20 03:00:00,PRODUCTION,LOW,23.82
2026-06-20 03:00:00,WAREHOUSE,LOW,22.02
2026-06-20 03:00:00,OFFICE_A,LOW,22.52
2026-06-20 03:00:00,CONTROL_ROOM,LOW,22.07
2026-06-20 03:00:00,UTILITY,LOW,23.12
2026-06-20 03:00:00,BATTERY_FLEX,LOW,22.42
2026-06-20 03:15:00,PRODUCTION,LOW,22.45
2026-06-20 03:15:00,WAREHOUSE,LOW,22.56
2026-06-20 03:15:00,OFFICE_A,LOW,21.86
2026-06-20 03:15:00,CONTROL_ROOM,LOW,20.9
2026-06-20 03:15:00,UTILITY,LOW,23.05
2026-06-20 03:15:00,BATTERY_FLEX,LOW,23.15
2026-06-20 03:30:00,PRODUCTION,LOW,23.46
2026-06-20 03:30:00,WAREHOUSE,LOW,23.97
2026-06-20 03:30:00,OFFICE_A,LOW,22.2
2026-06-20 03:30:00,CONTROL_ROOM,LOW,22.51
2026-06-20 03:30:00,UTILITY,LOW,23.72
2026-06-20 03:30:00,BATTERY_FLEX,LOW,22.54
2026-06-20 03:45:00,PRODUCTION,LOW,23.51
2026-06-20 03:45:00,WAREHOUSE,LOW,23.33
2026-06-20 03:45:00,OFFICE_A,LOW,22.54
2026-06-20 03:45:00,CONTROL_ROOM,LOW,22.17
2026-06-20 03:45:00,UTILITY,LOW,23.08
2026-06-20 03:45:00,BATTERY_FLEX,LOW,22.62
2026-06-20 04:00:00,PRODUCTION,LOW,23.32
2026-06-20 04:00:00,WAREHOUSE,LOW,22.93
2026-06-20 04:00:00,OFFICE_A,LOW,22.59
2026-06-20 04:00:00,CONTROL_ROOM,LOW,21.73
2026-06-20 04:00:00,UTILITY,LOW,23.42
2026-06-20 04:00:00,BATTERY_FLEX,LOW,22.66
2026-06-20 04:15:00,PRODUCTION,LOW,23.46
2026-06-20 04:15:00,WAREHOUSE,LOW,22.71
2026-06-20 04:15:00,OFFICE_A,LOW,23.14
2026-06-20 04:15:00,CONTROL_ROOM,LOW,22.04
2026-06-20 04:15:00,UTILITY,LOW,23.75
2026-06-20 04:15:00,BATTERY_FLEX,LOW,22.03
2026-06-20 04:30:00,PRODUCTION,LOW,23.47
2026-06-20 04:30:00,WAREHOUSE,LOW,22.57
2026-06-20 04:30:00,OFFICE_A,LOW,23.16
2026-06-20 04:30:00,CONTROL_ROOM,LOW,21.31
2026-06-20 04:30:00,UTILITY,LOW,23.06
2026-06-20 04:30:00,BATTERY_FLEX,LOW,22.18
2026-06-20 04:45:00,PRODUCTION,LOW,22.63
2026-06-20 04:45:00,WAREHOUSE,LOW,23.03
2026-06-20 04:45:00,OFFICE_A,LOW,22.11
2026-06-20 04:45:00,CONTROL_ROOM,LOW,22.0
2026-06-20 04:45:00,UTILITY,LOW,23.96
2026-06-20 04:45:00,BATTERY_FLEX,LOW,22.53
2026-06-20 05:00:00,PRODUCTION,LOW,22.7
2026-06-20 05:00:00,WAREHOUSE,LOW,23.33
2026-06-20 05:00:00,OFFICE_A,LOW,22.11
2026-06-20 05:00:00,CONTROL_ROOM,LOW,21.57
2026-06-20 05:00:00,UTILITY,LOW,23.24
2026-06-20 05:00:00,BATTERY_FLEX,LOW,22.19
2026-06-20 05:15:00,PRODUCTION,LOW,23.68
2026-06-20 05:15:00,WAREHOUSE,LOW,23.22
2026-06-20 05:15:00,OFFICE_A,LOW,22.59
2026-06-20 05:15:00,CONTROL_ROOM,LOW,20.54
2026-06-20 05:15:00,UTILITY,LOW,23.74
2026-06-20 05:15:00,BATTERY_FLEX,LOW,21.42
2026-06-20 05:30:00,PRODUCTION,LOW,22.96
2026-06-20 05:30:00,WAREHOUSE,LOW,23.82
2026-06-20 05:30:00,OFFICE_A,LOW,22.92
2026-06-20 05:30:00,CONTROL_ROOM,LOW,21.56
2026-06-20 05:30:00,UTILITY,LOW,24.24
2026-06-20 05:30:00,BATTERY_FLEX,LOW,23.33
2026-06-20 05:45:00,PRODUCTION,LOW,22.44
2026-06-20 05:45:00,WAREHOUSE,LOW,23.02
2026-06-20 05:45:00,OFFICE_A,LOW,22.14
2026-06-20 05:45:00,CONTROL_ROOM,LOW,21.5
2026-06-20 05:45:00,UTILITY,LOW,23.67
2026-06-20 05:45:00,BATTERY_FLEX,LOW,21.55
2026-06-20 06:00:00,PRODUCTION,LOW,22.93
2026-06-20 06:00:00,WAREHOUSE,LOW,22.91
2026-06-20 06:00:00,OFFICE_A,LOW,22.33
2026-06-20 06:00:00,CONTROL_ROOM,LOW,20.95
2026-06-20 06:00:00,UTILITY,LOW,23.28
2026-06-20 06:00:00,BATTERY_FLEX,LOW,22.44
2026-06-20 06:15:00,PRODUCTION,LOW,23.59
2026-06-20 06:15:00,WAREHOUSE,LOW,22.75
2026-06-20 06:15:00,OFFICE_A,LOW,21.96
2026-06-20 06:15:00,CONTROL_ROOM,LOW,22.39
2026-06-20 06:15:00,UTILITY,LOW,23.76
2026-06-20 06:15:00,BATTERY_FLEX,LOW,22.09
2026-06-20 06:30:00,PRODUCTION,LOW,23.48
2026-06-20 06:30:00,WAREHOUSE,LOW,23.62
2026-06-20 06:30:00,OFFICE_A,LOW,22.25
2026-06-20 06:30:00,CONTROL_ROOM,LOW,21.83
2026-06-20 06:30:00,UTILITY,LOW,23.42
2026-06-20 06:30:00,BATTERY_FLEX,LOW,22.76
2026-06-20 06:45:00,PRODUCTION,LOW,22.68
2026-06-20 06:45:00,WAREHOUSE,LOW,23.9
2026-06-20 06:45:00,OFFICE_A,LOW,23.07
2026-06-20 06:45:00,CONTROL_ROOM,LOW,22.04
2026-06-20 06:45:00,UTILITY,LOW,23.41
2026-06-20 06:45:00,BATTERY_FLEX,LOW,22.71
2026-06-20 07:00:00,PRODUCTION,LOW,23.18
2026-06-20 07:00:00,WAREHOUSE,LOW,22.77
2026-06-20 07:00:00,OFFICE_A,LOW,21.23
2026-06-20 07:00:00,CONTROL_ROOM,LOW,21.68
2026-06-20 07:00:00,UTILITY,LOW,23.14
2026-06-20 07:00:00,BATTERY_FLEX,LOW,22.48
2026-06-20 07:15:00,PRODUCTION,MEDIUM,23.63
2026-06-20 07:15:00,WAREHOUSE,MEDIUM,23.36
2026-06-20 07:15:00,OFFICE_A,MEDIUM,23.4
2026-06-20 07:15:00,CONTROL_ROOM,MEDIUM,22.19
2026-06-20 07:15:00,UTILITY,MEDIUM,23.76
2026-06-20 07:15:00,BATTERY_FLEX,MEDIUM,22.97
2026-06-20 07:30:00,PRODUCTION,MEDIUM,23.68
2026-06-20 07:30:00,WAREHOUSE,MEDIUM,22.44
2026-06-20 07:30:00,OFFICE_A,MEDIUM,23.67
2026-06-20 07:30:00,CONTROL_ROOM,MEDIUM,21.72
2026-06-20 07:30:00,UTILITY,MEDIUM,23.91
2026-06-20 07:30:00,BATTERY_FLEX,MEDIUM,22.0
2026-06-20 07:45:00,PRODUCTION,MEDIUM,22.51
2026-06-20 07:45:00,WAREHOUSE,MEDIUM,23.12
2026-06-20 07:45:00,OFFICE_A,MEDIUM,22.85
2026-06-20 07:45:00,CONTROL_ROOM,MEDIUM,22.64
2026-06-20 07:45:00,UTILITY,MEDIUM,23.43
2026-06-20 07:45:00,BATTERY_FLEX,MEDIUM,23.21
2026-06-20 08:00:00,PRODUCTION,MEDIUM,23.86
2026-06-20 08:00:00,WAREHOUSE,MEDIUM,23.34
2026-06-20 08:00:00,OFFICE_A,MEDIUM,23.47
2026-06-20 08:00:00,CONTROL_ROOM,MEDIUM,22.24
2026-06-20 08:00:00,UTILITY,MEDIUM,23.98
2026-06-20 08:00:00,BATTERY_FLEX,MEDIUM,22.2
2026-06-20 08:15:00,PRODUCTION,MEDIUM,23.86
2026-06-20 08:15:00,WAREHOUSE,MEDIUM,23.49
2026-06-20 08:15:00,OFFICE_A,MEDIUM,23.85
2026-06-20 08:15:00,CONTROL_ROOM,MEDIUM,22.48
2026-06-20 08:15:00,UTILITY,MEDIUM,23.7
2026-06-20 08:15:00,BATTERY_FLEX,MEDIUM,22.87
2026-06-20 08:30:00,PRODUCTION,MEDIUM,24.43
2026-06-20 08:30:00,WAREHOUSE,MEDIUM,23.4
2026-06-20 08:30:00,OFFICE_A,MEDIUM,22.72
2026-06-20 08:30:00,CONTROL_ROOM,MEDIUM,22.32
2026-06-20 08:30:00,UTILITY,MEDIUM,24.25
2026-06-20 08:30:00,BATTERY_FLEX,MEDIUM,23.17
2026-06-20 08:45:00,PRODUCTION,MEDIUM,23.36
2026-06-20 08:45:00,WAREHOUSE,MEDIUM,23.51
2026-06-20 08:45:00,OFFICE_A,MEDIUM,23.77
2026-06-20 08:45:00,CONTROL_ROOM,MEDIUM,22.86
2026-06-20 08:45:00,UTILITY,MEDIUM,24.57
2026-06-20 08:45:00,BATTERY_FLEX,MEDIUM,23.32
2026-06-20 09:00:00,PRODUCTION,HIGH,23.87
2026-06-20 09:00:00,WAREHOUSE,HIGH,22.58
2026-06-20 09:00:00,OFFICE_A,HIGH,24.63
2026-06-20 09:00:00,CONTROL_ROOM,HIGH,22.42
2026-06-20 09:00:00,UTILITY,HIGH,24.34
2026-06-20 09:00:00,BATTERY_FLEX,HIGH,22.45
2026-06-20 09:15:00,PRODUCTION,HIGH,23.8
2026-06-20 09:15:00,WAREHOUSE,HIGH,23.44
2026-06-20 09:15:00,OFFICE_A,HIGH,23.88
2026-06-20 09:15:00,CONTROL_ROOM,HIGH,21.8
2026-06-20 09:15:00,UTILITY,HIGH,24.04
2026-06-20 09:15:00,BATTERY_FLEX,HIGH,23.32
2026-06-20 09:30:00,PRODUCTION,HIGH,23.23
2026-06-20 09:30:00,WAREHOUSE,HIGH,24.13
2026-06-20 09:30:00,OFFICE_A,HIGH,23.73
2026-06-20 09:30:00,CONTROL_ROOM,HIGH,22.35
2026-06-20 09:30:00,UTILITY,HIGH,22.91
2026-06-20 09:30:00,BATTERY_FLEX,HIGH,22.25
2026-06-20 09:45:00,PRODUCTION,MEDIUM,24.15
2026-06-20 09:45:00,WAREHOUSE,MEDIUM,22.42
2026-06-20 09:45:00,OFFICE_A,MEDIUM,24.01
2026-06-20 09:45:00,CONTROL_ROOM,MEDIUM,22.43
2026-06-20 09:45:00,UTILITY,MEDIUM,23.48
2026-06-20 09:45:00,BATTERY_FLEX,MEDIUM,23.2
2026-06-20 10:00:00,PRODUCTION,HIGH,23.99
2026-06-20 10:00:00,WAREHOUSE,HIGH,23.09
2026-06-20 10:00:00,OFFICE_A,HIGH,23.55
2026-06-20 10:00:00,CONTROL_ROOM,HIGH,23.27
2026-06-20 10:00:00,UTILITY,HIGH,23.48
2026-06-20 10:00:00,BATTERY_FLEX,HIGH,23.05
2026-06-20 10:15:00,PRODUCTION,HIGH,24.13
2026-06-20 10:15:00,WAREHOUSE,HIGH,23.18
2026-06-20 10:15:00,OFFICE_A,HIGH,22.7
2026-06-20 10:15:00,CONTROL_ROOM,HIGH,22.6
2026-06-20 10:15:00,UTILITY,HIGH,23.87
2026-06-20 10:15:00,BATTERY_FLEX,HIGH,22.29
2026-06-20 10:30:00,PRODUCTION,HIGH,24.19
2026-06-20 10:30:00,WAREHOUSE,HIGH,22.81
2026-06-20 10:30:00,OFFICE_A,HIGH,23.55
2026-06-20 10:30:00,CONTROL_ROOM,HIGH,22.93
2026-06-20 10:30:00,UTILITY,HIGH,23.16
2026-06-20 10:30:00,BATTERY_FLEX,HIGH,22.78
2026-06-20 10:45:00,PRODUCTION,HIGH,24.83
2026-06-20 10:45:00,WAREHOUSE,HIGH,23.14
2026-06-20 10:45:00,OFFICE_A,HIGH,23.35
2026-06-20 10:45:00,CONTROL_ROOM,HIGH,23.04
2026-06-20 10:45:00,UTILITY,HIGH,23.66
2026-06-20 10:45:00,BATTERY_FLEX,HIGH,21.58
2026-06-20 11:00:00,PRODUCTION,HIGH,23.59
2026-06-20 11:00:00,WAREHOUSE,HIGH,23.12
2026-06-20 11:00:00,OFFICE_A,HIGH,24.02
2026-06-20 11:00:00,CONTROL_ROOM,HIGH,22.5
2026-06-20 11:00:00,UTILITY,HIGH,22.99
2026-06-20 11:00:00,BATTERY_FLEX,HIGH,23.38
2026-06-20 11:15:00,PRODUCTION,HIGH,23.91
2026-06-20 11:15:00,WAREHOUSE,HIGH,23.5
2026-06-20 11:15:00,OFFICE_A,HIGH,23.43
2026-06-20 11:15:00,CONTROL_ROOM,HIGH,21.88
2026-06-20 11:15:00,UTILITY,HIGH,22.55
2026-06-20 11:15:00,BATTERY_FLEX,HIGH,23.5
2026-06-20 11:30:00,PRODUCTION,HIGH,24.37
2026-06-20 11:30:00,WAREHOUSE,HIGH,23.11
2026-06-20 11:30:00,OFFICE_A,HIGH,23.82
2026-06-20 11:30:00,CONTROL_ROOM,HIGH,23.29
2026-06-20 11:30:00,UTILITY,HIGH,23.81
2026-06-20 11:30:00,BATTERY_FLEX,HIGH,23.72
2026-06-20 11:45:00,PRODUCTION,HIGH,23.69
2026-06-20 11:45:00,WAREHOUSE,HIGH,24.3
2026-06-20 11:45:00,OFFICE_A,HIGH,24.26
2026-06-20 11:45:00,CONTROL_ROOM,HIGH,23.39
2026-06-20 11:45:00,UTILITY,HIGH,24.22
2026-06-20 11:45:00,BATTERY_FLEX,HIGH,22.31
2026-06-20 12:00:00,PRODUCTION,HIGH,24.76
2026-06-20 12:00:00,WAREHOUSE,HIGH,23.58
2026-06-20 12:00:00,OFFICE_A,HIGH,23.43
2026-06-20 12:00:00,CONTROL_ROOM,HIGH,22.69
2026-06-20 12:00:00,UTILITY,HIGH,23.97
2026-06-20 12:00:00,BATTERY_FLEX,HIGH,22.64
2026-06-20 12:15:00,PRODUCTION,HIGH,23.73
2026-06-20 12:15:00,WAREHOUSE,HIGH,23.91
2026-06-20 12:15:00,OFFICE_A,HIGH,22.51
2026-06-20 12:15:00,CONTROL_ROOM,HIGH,22.75
2026-06-20 12:15:00,UTILITY,HIGH,24.13
2026-06-20 12:15:00,BATTERY_FLEX,HIGH,22.34
2026-06-20 12:30:00,PRODUCTION,HIGH,24.48
2026-06-20 12:30:00,WAREHOUSE,HIGH,22.71
2026-06-20 12:30:00,OFFICE_A,HIGH,23.93
2026-06-20 12:30:00,CONTROL_ROOM,HIGH,21.51
2026-06-20 12:30:00,UTILITY,HIGH,23.89
2026-06-20 12:30:00,BATTERY_FLEX,HIGH,22.77
2026-06-20 12:45:00,PRODUCTION,HIGH,24.54
2026-06-20 12:45:00,WAREHOUSE,HIGH,23.53
2026-06-20 12:45:00,OFFICE_A,HIGH,23.74
2026-06-20 12:45:00,CONTROL_ROOM,HIGH,22.66
2026-06-20 12:45:00,UTILITY,HIGH,23.52
2026-06-20 12:45:00,BATTERY_FLEX,HIGH,22.6
2026-06-20 13:00:00,PRODUCTION,HIGH,24.11
2026-06-20 13:00:00,WAREHOUSE,HIGH,23.45
2026-06-20 13:00:00,OFFICE_A,HIGH,22.86
2026-06-20 13:00:00,CONTROL_ROOM,HIGH,23.03
2026-06-20 13:00:00,UTILITY,HIGH,23.47
2026-06-20 13:00:00,BATTERY_FLEX,HIGH,22.24
2026-06-20 13:15:00,PRODUCTION,HIGH,24.28
2026-06-20 13:15:00,WAREHOUSE,HIGH,23.22
2026-06-20 13:15:00,OFFICE_A,HIGH,23.42
2026-06-20 13:15:00,CONTROL_ROOM,HIGH,22.94
2026-06-20 13:15:00,UTILITY,HIGH,24.33
2026-06-20 13:15:00,BATTERY_FLEX,HIGH,22.73
2026-06-20 13:30:00,PRODUCTION,HIGH,23.11
2026-06-20 13:30:00,WAREHOUSE,HIGH,22.4
2026-06-20 13:30:00,OFFICE_A,HIGH,23.26
2026-06-20 13:30:00,CONTROL_ROOM,HIGH,22.35
2026-06-20 13:30:00,UTILITY,HIGH,24.08
2026-06-20 13:30:00,BATTERY_FLEX,HIGH,22.73
2026-06-20 13:45:00,PRODUCTION,HIGH,23.73
2026-06-20 13:45:00,WAREHOUSE,HIGH,23.97
2026-06-20 13:45:00,OFFICE_A,HIGH,22.75
2026-06-20 13:45:00,CONTROL_ROOM,HIGH,22.67
2026-06-20 13:45:00,UTILITY,HIGH,23.66
2026-06-20 13:45:00,BATTERY_FLEX,HIGH,23.15
2026-06-20 14:00:00,PRODUCTION,HIGH,24.77
2026-06-20 14:00:00,WAREHOUSE,HIGH,23.27
2026-06-20 14:00:00,OFFICE_A,HIGH,24.56
2026-06-20 14:00:00,CONTROL_ROOM,HIGH,22.71
2026-06-20 14:00:00,UTILITY,HIGH,23.78
2026-06-20 14:00:00,BATTERY_FLEX,HIGH,22.69
2026-06-20 14:15:00,PRODUCTION,HIGH,24.1
2026-06-20 14:15:00,WAREHOUSE,HIGH,23.44
2026-06-20 14:15:00,OFFICE_A,HIGH,23.77
2026-06-20 14:15:00,CONTROL_ROOM,HIGH,22.79
2026-06-20 14:15:00,UTILITY,HIGH,23.82
2026-06-20 14:15:00,BATTERY_FLEX,HIGH,23.56
2026-06-20 14:30:00,PRODUCTION,HIGH,24.58
2026-06-20 14:30:00,WAREHOUSE,HIGH,22.91
2026-06-20 14:30:00,OFFICE_A,HIGH,24.3
2026-06-20 14:30:00,CONTROL_ROOM,HIGH,22.25
2026-06-20 14:30:00,UTILITY,HIGH,24.0
2026-06-20 14:30:00,BATTERY_FLEX,HIGH,22.64
2026-06-20 14:45:00,PRODUCTION,HIGH,23.94
2026-06-20 14:45:00,WAREHOUSE,HIGH,24.04
2026-06-20 14:45:00,OFFICE_A,HIGH,23.81
2026-06-20 14:45:00,CONTROL_ROOM,HIGH,21.93
2026-06-20 14:45:00,UTILITY,HIGH,24.32
2026-06-20 14:45:00,BATTERY_FLEX,HIGH,22.32
2026-06-20 15:00:00,PRODUCTION,HIGH,25.06
2026-06-20 15:00:00,WAREHOUSE,HIGH,22.87
2026-06-20 15:00:00,OFFICE_A,HIGH,23.94
2026-06-20 15:00:00,CONTROL_ROOM,HIGH,23.26
2026-06-20 15:00:00,UTILITY,HIGH,23.46
2026-06-20 15:00:00,BATTERY_FLEX,HIGH,22.41
2026-06-20 15:15:00,PRODUCTION,HIGH,24.34
2026-06-20 15:15:00,WAREHOUSE,HIGH,22.56
2026-06-20 15:15:00,OFFICE_A,HIGH,24.22
2026-06-20 15:15:00,CONTROL_ROOM,HIGH,22.83
2026-06-20 15:15:00,UTILITY,HIGH,24.72
2026-06-20 15:15:00,BATTERY_FLEX,HIGH,23.1
2026-06-20 15:30:00,PRODUCTION,HIGH,24.12
2026-06-20 15:30:00,WAREHOUSE,HIGH,23.88
2026-06-20 15:30:00,OFFICE_A,HIGH,23.17
2026-06-20 15:30:00,CONTROL_ROOM,HIGH,23.65
2026-06-20 15:30:00,UTILITY,HIGH,24.42
2026-06-20 15:30:00,BATTERY_FLEX,HIGH,22.68
2026-06-20 15:45:00,PRODUCTION,HIGH,23.51
2026-06-20 15:45:00,WAREHOUSE,HIGH,24.21
2026-06-20 15:45:00,OFFICE_A,HIGH,22.82
2026-06-20 15:45:00,CONTROL_ROOM,HIGH,21.92
2026-06-20 15:45:00,UTILITY,HIGH,23.47
2026-06-20 15:45:00,BATTERY_FLEX,HIGH,23.45
2026-06-20 16:00:00,PRODUCTION,HIGH,24.12
2026-06-20 16:00:00,WAREHOUSE,HIGH,23.51
2026-06-20 16:00:00,OFFICE_A,HIGH,24.51
2026-06-20 16:00:00,CONTROL_ROOM,HIGH,22.56
2026-06-20 16:00:00,UTILITY,HIGH,23.41
2026-06-20 16:00:00,BATTERY_FLEX,HIGH,23.03
2026-06-20 16:15:00,PRODUCTION,HIGH,24.09
2026-06-20 16:15:00,WAREHOUSE,HIGH,23.36
2026-06-20 16:15:00,OFFICE_A,HIGH,23.88
2026-06-20 16:15:00,CONTROL_ROOM,HIGH,22.83
2026-06-20 16:15:00,UTILITY,HIGH,24.6
2026-06-20 16:15:00,BATTERY_FLEX,HIGH,22.98
2026-06-20 16:30:00,PRODUCTION,HIGH,24.58
2026-06-20 16:30:00,WAREHOUSE,HIGH,23.66
2026-06-20 16:30:00,OFFICE_A,HIGH,22.95
2026-06-20 16:30:00,CONTROL_ROOM,HIGH,21.45
2026-06-20 16:30:00,UTILITY,HIGH,24.44
2026-06-20 16:30:00,BATTERY_FLEX,HIGH,23.02
2026-06-20 16:45:00,PRODUCTION,HIGH,24.91
2026-06-20 16:45:00,WAREHOUSE,HIGH,23.78
2026-06-20 16:45:00,OFFICE_A,HIGH,23.26
2026-06-20 16:45:00,CONTROL_ROOM,HIGH,22.32
2026-06-20 16:45:00,UTILITY,HIGH,22.61
2026-06-20 16:45:00,BATTERY_FLEX,HIGH,23.12
2026-06-20 17:00:00,PRODUCTION,HIGH,24.09
2026-06-20 17:00:00,WAREHOUSE,HIGH,23.01
2026-06-20 17:00:00,OFFICE_A,HIGH,23.25
2026-06-20 17:00:00,CONTROL_ROOM,HIGH,22.58
2026-06-20 17:00:00,UTILITY,HIGH,23.3
2026-06-20 17:00:00,BATTERY_FLEX,HIGH,23.67
2026-06-20 17:15:00,PRODUCTION,HIGH,24.18
2026-06-20 17:15:00,WAREHOUSE,HIGH,23.26
2026-06-20 17:15:00,OFFICE_A,HIGH,23.35
2026-06-20 17:15:00,CONTROL_ROOM,HIGH,22.06
2026-06-20 17:15:00,UTILITY,HIGH,23.76
2026-06-20 17:15:00,BATTERY_FLEX,HIGH,22.49
2026-06-20 17:30:00,PRODUCTION,HIGH,24.33
2026-06-20 17:30:00,WAREHOUSE,HIGH,23.03
2026-06-20 17:30:00,OFFICE_A,HIGH,23.17
2026-06-20 17:30:00,CONTROL_ROOM,HIGH,22.55
2026-06-20 17:30:00,UTILITY,HIGH,25.02
2026-06-20 17:30:00,BATTERY_FLEX,HIGH,22.62
2026-06-20 17:45:00,PRODUCTION,HIGH,23.52
2026-06-20 17:45:00,WAREHOUSE,HIGH,24.42
2026-06-20 17:45:00,OFFICE_A,HIGH,23.71
2026-06-20 17:45:00,CONTROL_ROOM,HIGH,23.24
2026-06-20 17:45:00,UTILITY,HIGH,23.56
2026-06-20 17:45:00,BATTERY_FLEX,HIGH,21.55
2026-06-20 18:00:00,PRODUCTION,HIGH,23.98
2026-06-20 18:00:00,WAREHOUSE,HIGH,22.98
2026-06-20 18:00:00,OFFICE_A,HIGH,23.95
2026-06-20 18:00:00,CONTROL_ROOM,HIGH,22.23
2026-06-20 18:00:00,UTILITY,HIGH,23.9
2026-06-20 18:00:00,BATTERY_FLEX,HIGH,22.84
2026-06-20 18:15:00,PRODUCTION,HIGH,24.86
2026-06-20 18:15:00,WAREHOUSE,HIGH,23.79
2026-06-20 18:15:00,OFFICE_A,HIGH,23.93
2026-06-20 18:15:00,CONTROL_ROOM,HIGH,22.03
2026-06-20 18:15:00,UTILITY,HIGH,23.01
2026-06-20 18:15:00,BATTERY_FLEX,HIGH,23.28
2026-06-20 18:30:00,PRODUCTION,HIGH,23.15
2026-06-20 18:30:00,WAREHOUSE,HIGH,23.65
2026-06-20 18:30:00,OFFICE_A,HIGH,23.97
2026-06-20 18:30:00,CONTROL_ROOM,HIGH,22.04
2026-06-20 18:30:00,UTILITY,HIGH,23.34
2026-06-20 18:30:00,BATTERY_FLEX,HIGH,23.34
2026-06-20 18:45:00,PRODUCTION,HIGH,23.65
2026-06-20 18:45:00,WAREHOUSE,HIGH,23.23
2026-06-20 18:45:00,OFFICE_A,HIGH,23.15
2026-06-20 18:45:00,CONTROL_ROOM,HIGH,22.91
2026-06-20 18:45:00,UTILITY,HIGH,24.15
2026-06-20 18:45:00,BATTERY_FLEX,HIGH,23.26
2026-06-20 19:00:00,PRODUCTION,MEDIUM,23.6
2026-06-20 19:00:00,WAREHOUSE,MEDIUM,23.94
2026-06-20 19:00:00,OFFICE_A,MEDIUM,23.81
2026-06-20 19:00:00,CONTROL_ROOM,MEDIUM,22.26
2026-06-20 19:00:00,UTILITY,MEDIUM,23.24
2026-06-20 19:00:00,BATTERY_FLEX,MEDIUM,23.47
2026-06-20 19:15:00,PRODUCTION,MEDIUM,23.57
2026-06-20 19:15:00,WAREHOUSE,MEDIUM,23.05
2026-06-20 19:15:00,OFFICE_A,MEDIUM,23.21
2026-06-20 19:15:00,CONTROL_ROOM,MEDIUM,21.67
2026-06-20 19:15:00,UTILITY,MEDIUM,23.86
2026-06-20 19:15:00,BATTERY_FLEX,MEDIUM,22.32
2026-06-20 19:30:00,PRODUCTION,MEDIUM,23.29
2026-06-20 19:30:00,WAREHOUSE,MEDIUM,23.3
2026-06-20 19:30:00,OFFICE_A,MEDIUM,23.13
2026-06-20 19:30:00,CONTROL_ROOM,MEDIUM,22.23
2026-06-20 19:30:00,UTILITY,MEDIUM,24.85
2026-06-20 19:30:00,BATTERY_FLEX,MEDIUM,22.6
2026-06-20 19:45:00,PRODUCTION,MEDIUM,23.82
2026-06-20 19:45:00,WAREHOUSE,MEDIUM,23.18
2026-06-20 19:45:00,OFFICE_A,MEDIUM,23.29
2026-06-20 19:45:00,CONTROL_ROOM,MEDIUM,21.89
2026-06-20 19:45:00,UTILITY,MEDIUM,23.42
2026-06-20 19:45:00,BATTERY_FLEX,MEDIUM,22.68
2026-06-20 20:00:00,PRODUCTION,MEDIUM,23.81
2026-06-20 20:00:00,WAREHOUSE,MEDIUM,23.51
2026-06-20 20:00:00,OFFICE_A,MEDIUM,23.76
2026-06-20 20:00:00,CONTROL_ROOM,MEDIUM,21.56
2026-06-20 20:00:00,UTILITY,MEDIUM,24.14
2026-06-20 20:00:00,BATTERY_FLEX,MEDIUM,22.47
2026-06-20 20:15:00,PRODUCTION,MEDIUM,23.55
2026-06-20 20:15:00,WAREHOUSE,MEDIUM,24.26
2026-06-20 20:15:00,OFFICE_A,MEDIUM,22.88
2026-06-20 20:15:00,CONTROL_ROOM,MEDIUM,22.72
2026-06-20 20:15:00,UTILITY,MEDIUM,23.97
2026-06-20 20:15:00,BATTERY_FLEX,MEDIUM,22.86
2026-06-20 20:30:00,PRODUCTION,MEDIUM,24.01
2026-06-20 20:30:00,WAREHOUSE,MEDIUM,22.87
2026-06-20 20:30:00,OFFICE_A,MEDIUM,23.55
2026-06-20 20:30:00,CONTROL_ROOM,MEDIUM,22.15
2026-06-20 20:30:00,UTILITY,MEDIUM,24.22
2026-06-20 20:30:00,BATTERY_FLEX,MEDIUM,23.02
2026-06-20 20:45:00,PRODUCTION,MEDIUM,24.09
2026-06-20 20:45:00,WAREHOUSE,MEDIUM,23.42
2026-06-20 20:45:00,OFFICE_A,MEDIUM,23.31
2026-06-20 20:45:00,CONTROL_ROOM,MEDIUM,21.87
2026-06-20 20:45:00,UTILITY,MEDIUM,23.17
2026-06-20 20:45:00,BATTERY_FLEX,MEDIUM,22.41
2026-06-20 21:00:00,PRODUCTION,LOW,22.47
2026-06-20 21:00:00,WAREHOUSE,LOW,23.11
2026-06-20 21:00:00,OFFICE_A,LOW,22.95
2026-06-20 21:00:00,CONTROL_ROOM,LOW,21.67
2026-06-20 21:00:00,UTILITY,LOW,23.3
2026-06-20 21:00:00,BATTERY_FLEX,LOW,22.07
2026-06-20 21:15:00,PRODUCTION,LOW,22.48
2026-06-20 21:15:00,WAREHOUSE,LOW,23.41
2026-06-20 21:15:00,OFFICE_A,LOW,22.45
2026-06-20 21:15:00,CONTROL_ROOM,LOW,21.93
2026-06-20 21:15:00,UTILITY,LOW,24.0
2026-06-20 21:15:00,BATTERY_FLEX,LOW,22.72
2026-06-20 21:30:00,PRODUCTION,LOW,23.77
2026-06-20 21:30:00,WAREHOUSE,LOW,23.31
2026-06-20 21:30:00,OFFICE_A,LOW,23.65
2026-06-20 21:30:00,CONTROL_ROOM,LOW,22.57
2026-06-20 21:30:00,UTILITY,LOW,23.71
2026-06-20 21:30:00,BATTERY_FLEX,LOW,22.43
2026-06-20 21:45:00,PRODUCTION,LOW,22.93
2026-06-20 21:45:00,WAREHOUSE,LOW,22.6
2026-06-20 21:45:00,OFFICE_A,LOW,22.93
2026-06-20 21:45:00,CONTROL_ROOM,LOW,22.57
2026-06-20 21:45:00,UTILITY,LOW,24.02
2026-06-20 21:45:00,BATTERY_FLEX,LOW,22.4
2026-06-20 22:00:00,PRODUCTION,LOW,23.19
2026-06-20 22:00:00,WAREHOUSE,LOW,22.96
2026-06-20 22:00:00,OFFICE_A,LOW,23.06
2026-06-20 22:00:00,CONTROL_ROOM,LOW,21.81
2026-06-20 22:00:00,UTILITY,LOW,23.2
2026-06-20 22:00:00,BATTERY_FLEX,LOW,22.17
2026-06-20 22:15:00,PRODUCTION,LOW,22.66
2026-06-20 22:15:00,WAREHOUSE,LOW,23.68
2026-06-20 22:15:00,OFFICE_A,LOW,23.25
2026-06-20 22:15:00,CONTROL_ROOM,LOW,20.74
2026-06-20 22:15:00,UTILITY,LOW,24.23
2026-06-20 22:15:00,BATTERY_FLEX,LOW,22.45
2026-06-20 22:30:00,PRODUCTION,LOW,23.8
2026-06-20 22:30:00,WAREHOUSE,LOW,23.2
2026-06-20 22:30:00,OFFICE_A,LOW,22.11
2026-06-20 22:30:00,CONTROL_ROOM,LOW,20.79
2026-06-20 22:30:00,UTILITY,LOW,24.01
2026-06-20 22:30:00,BATTERY_FLEX,LOW,23.25
2026-06-20 22:45:00,PRODUCTION,LOW,22.93
2026-06-20 22:45:00,WAREHOUSE,LOW,23.59
2026-06-20 22:45:00,OFFICE_A,LOW,22.83
2026-06-20 22:45:00,CONTROL_ROOM,LOW,21.61
2026-06-20 22:45:00,UTILITY,LOW,24.88
2026-06-20 22:45:00,BATTERY_FLEX,LOW,21.84
2026-06-20 23:00:00,PRODUCTION,LOW,23.31
2026-06-20 23:00:00,WAREHOUSE,LOW,23.48
2026-06-20 23:00:00,OFFICE_A,LOW,22.6
2026-06-20 23:00:00,CONTROL_ROOM,LOW,21.55
2026-06-20 23:00:00,UTILITY,LOW,23.42
2026-06-20 23:00:00,BATTERY_FLEX,LOW,22.02
2026-06-20 23:15:00,PRODUCTION,LOW,23.22
2026-06-20 23:15:00,WAREHOUSE,LOW,22.97
2026-06-20 23:15:00,OFFICE_A,LOW,23.34
2026-06-20 23:15:00,CONTROL_ROOM,LOW,22.27
2026-06-20 23:15:00,UTILITY,LOW,24.27
2026-06-20 23:15:00,BATTERY_FLEX,LOW,22.75
2026-06-20 23:30:00,PRODUCTION,LOW,23.83
2026-06-20 23:30:00,WAREHOUSE,LOW,23.48
2026-06-20 23:30:00,OFFICE_A,LOW,22.59
2026-06-20 23:30:00,CONTROL_ROOM,LOW,21.21
2026-06-20 23:30:00,UTILITY,LOW,23.46
2026-06-20 23:30:00,BATTERY_FLEX,LOW,22.22
2026-06-20 23:45:00,PRODUCTION,LOW,22.69
2026-06-20 23:45:00,WAREHOUSE,LOW,22.66
2026-06-20 23:45:00,OFFICE_A,LOW,22.43
2026-06-20 23:45:00,CONTROL_ROOM,LOW,21.63
2026-06-20 23:45:00,UTILITY,LOW,24.11
2026-06-20 23:45:00,BATTERY_FLEX,LOW,22.07
2026-06-21 00:00:00,PRODUCTION,LOW,23.97
2026-06-21 00:00:00,WAREHOUSE,LOW,23.69
2026-06-21 00:00:00,OFFICE_A,LOW,22.54
2026-06-21 00:00:00,CONTROL_ROOM,LOW,21.82
2026-06-21 00:00:00,UTILITY,LOW,23.74
2026-06-21 00:00:00,BATTERY_FLEX,LOW,22.6
2026-06-21 00:15:00,PRODUCTION,LOW,24.06
2026-06-21 00:15:00,WAREHOUSE,LOW,23.97
2026-06-21 00:15:00,OFFICE_A,LOW,22.52
2026-06-21 00:15:00,CONTROL_ROOM,LOW,21.17
2026-06-21 00:15:00,UTILITY,LOW,23.68
2026-06-21 00:15:00,BATTERY_FLEX,LOW,22.76
2026-06-21 00:30:00,PRODUCTION,LOW,23.86
2026-06-21 00:30:00,WAREHOUSE,LOW,22.97
2026-06-21 00:30:00,OFFICE_A,LOW,22.43
2026-06-21 00:30:00,CONTROL_ROOM,LOW,22.29
2026-06-21 00:30:00,UTILITY,LOW,23.82
2026-06-21 00:30:00,BATTERY_FLEX,LOW,22.62
2026-06-21 00:45:00,PRODUCTION,LOW,23.56
2026-06-21 00:45:00,WAREHOUSE,LOW,23.22
2026-06-21 00:45:00,OFFICE_A,LOW,22.84
2026-06-21 00:45:00,CONTROL_ROOM,LOW,22.39
2026-06-21 00:45:00,UTILITY,LOW,22.75
2026-06-21 00:45:00,BATTERY_FLEX,LOW,22.15
2026-06-21 01:00:00,PRODUCTION,LOW,23.81
2026-06-21 01:00:00,WAREHOUSE,LOW,22.97
2026-06-21 01:00:00,OFFICE_A,LOW,21.75
2026-06-21 01:00:00,CONTROL_ROOM,LOW,21.45
2026-06-21 01:00:00,UTILITY,LOW,23.57
2026-06-21 01:00:00,BATTERY_FLEX,LOW,22.56
2026-06-21 01:15:00,PRODUCTION,LOW,22.58
2026-06-21 01:15:00,WAREHOUSE,LOW,22.82
2026-06-21 01:15:00,OFFICE_A,LOW,22.36
2026-06-21 01:15:00,CONTROL_ROOM,LOW,21.53
2026-06-21 01:15:00,UTILITY,LOW,23.89
2026-06-21 01:15:00,BATTERY_FLEX,LOW,22.75
2026-06-21 01:30:00,PRODUCTION,LOW,23.57
2026-06-21 01:30:00,WAREHOUSE,LOW,23.11
2026-06-21 01:30:00,OFFICE_A,LOW,23.04
2026-06-21 01:30:00,CONTROL_ROOM,LOW,21.4
2026-06-21 01:30:00,UTILITY,LOW,22.5
2026-06-21 01:30:00,BATTERY_FLEX,LOW,22.26
2026-06-21 01:45:00,PRODUCTION,LOW,22.75
2026-06-21 01:45:00,WAREHOUSE,LOW,22.07
2026-06-21 01:45:00,OFFICE_A,LOW,23.39
2026-06-21 01:45:00,CONTROL_ROOM,LOW,21.57
2026-06-21 01:45:00,UTILITY,LOW,23.33
2026-06-21 01:45:00,BATTERY_FLEX,LOW,22.21
2026-06-21 02:00:00,PRODUCTION,LOW,23.73
2026-06-21 02:00:00,WAREHOUSE,LOW,22.96
2026-06-21 02:00:00,OFFICE_A,LOW,22.34
2026-06-21 02:00:00,CONTROL_ROOM,LOW,21.5
2026-06-21 02:00:00,UTILITY,LOW,23.14
2026-06-21 02:00:00,BATTERY_FLEX,LOW,21.88
2026-06-21 02:15:00,PRODUCTION,LOW,23.35
2026-06-21 02:15:00,WAREHOUSE,LOW,23.32
2026-06-21 02:15:00,OFFICE_A,LOW,21.68
2026-06-21 02:15:00,CONTROL_ROOM,LOW,21.27
2026-06-21 02:15:00,UTILITY,LOW,23.84
2026-06-21 02:15:00,BATTERY_FLEX,LOW,21.91
2026-06-21 02:30:00,PRODUCTION,LOW,23.99
2026-06-21 02:30:00,WAREHOUSE,LOW,23.43
2026-06-21 02:30:00,OFFICE_A,LOW,21.76
2026-06-21 02:30:00,CONTROL_ROOM,LOW,22.1
2026-06-21 02:30:00,UTILITY,LOW,24.46
2026-06-21 02:30:00,BATTERY_FLEX,LOW,23.94
2026-06-21 02:45:00,PRODUCTION,LOW,23.99
2026-06-21 02:45:00,WAREHOUSE,LOW,22.96
2026-06-21 02:45:00,OFFICE_A,LOW,23.22
2026-06-21 02:45:00,CONTROL_ROOM,LOW,21.28
2026-06-21 02:45:00,UTILITY,LOW,23.74
2026-06-21 02:45:00,BATTERY_FLEX,LOW,21.3
2026-06-21 03:00:00,PRODUCTION,LOW,22.52
2026-06-21 03:00:00,WAREHOUSE,LOW,22.79
2026-06-21 03:00:00,OFFICE_A,LOW,22.83
2026-06-21 03:00:00,CONTROL_ROOM,LOW,21.62
2026-06-21 03:00:00,UTILITY,LOW,23.57
2026-06-21 03:00:00,BATTERY_FLEX,LOW,22.91
2026-06-21 03:15:00,PRODUCTION,LOW,24.11
2026-06-21 03:15:00,WAREHOUSE,LOW,23.59
2026-06-21 03:15:00,OFFICE_A,LOW,22.47
2026-06-21 03:15:00,CONTROL_ROOM,LOW,21.5
2026-06-21 03:15:00,UTILITY,LOW,23.64
2026-06-21 03:15:00,BATTERY_FLEX,LOW,22.84
2026-06-21 03:30:00,PRODUCTION,LOW,22.14
2026-06-21 03:30:00,WAREHOUSE,LOW,22.96
2026-06-21 03:30:00,OFFICE_A,LOW,23.42
2026-06-21 03:30:00,CONTROL_ROOM,LOW,20.99
2026-06-21 03:30:00,UTILITY,LOW,22.75
2026-06-21 03:30:00,BATTERY_FLEX,LOW,22.66
2026-06-21 03:45:00,PRODUCTION,LOW,22.27
2026-06-21 03:45:00,WAREHOUSE,LOW,23.08
2026-06-21 03:45:00,OFFICE_A,LOW,22.02
2026-06-21 03:45:00,CONTROL_ROOM,LOW,21.68
2026-06-21 03:45:00,UTILITY,LOW,23.63
2026-06-21 03:45:00,BATTERY_FLEX,LOW,22.28
2026-06-21 04:00:00,PRODUCTION,LOW,23.68
2026-06-21 04:00:00,WAREHOUSE,LOW,22.98
2026-06-21 04:00:00,OFFICE_A,LOW,22.63
2026-06-21 04:00:00,CONTROL_ROOM,LOW,21.57
2026-06-21 04:00:00,UTILITY,LOW,23.9
2026-06-21 04:00:00,BATTERY_FLEX,LOW,22.23
2026-06-21 04:15:00,PRODUCTION,LOW,23.07
2026-06-21 04:15:00,WAREHOUSE,LOW,22.82
2026-06-21 04:15:00,OFFICE_A,LOW,23.77
2026-06-21 04:15:00,CONTROL_ROOM,LOW,21.47
2026-06-21 04:15:00,UTILITY,LOW,23.39
2026-06-21 04:15:00,BATTERY_FLEX,LOW,22.21
2026-06-21 04:30:00,PRODUCTION,LOW,22.93
2026-06-21 04:30:00,WAREHOUSE,LOW,23.34
2026-06-21 04:30:00,OFFICE_A,LOW,23.15
2026-06-21 04:30:00,CONTROL_ROOM,LOW,21.65
2026-06-21 04:30:00,UTILITY,LOW,23.56
2026-06-21 04:30:00,BATTERY_FLEX,LOW,22.35
2026-06-21 04:45:00,PRODUCTION,LOW,22.77
2026-06-21 04:45:00,WAREHOUSE,LOW,23.48
2026-06-21 04:45:00,OFFICE_A,LOW,22.41
2026-06-21 04:45:00,CONTROL_ROOM,LOW,21.45
2026-06-21 04:45:00,UTILITY,LOW,23.35
2026-06-21 04:45:00,BATTERY_FLEX,LOW,23.15
2026-06-21 05:00:00,PRODUCTION,LOW,23.21
2026-06-21 05:00:00,WAREHOUSE,LOW,23.17
2026-06-21 05:00:00,OFFICE_A,LOW,22.71
2026-06-21 05:00:00,CONTROL_ROOM,LOW,22.07
2026-06-21 05:00:00,UTILITY,LOW,23.53
2026-06-21 05:00:00,BATTERY_FLEX,LOW,23.42
2026-06-21 05:15:00,PRODUCTION,LOW,23.4
2026-06-21 05:15:00,WAREHOUSE,LOW,23.07
2026-06-21 05:15:00,OFFICE_A,LOW,22.57
2026-06-21 05:15:00,CONTROL_ROOM,LOW,20.65
2026-06-21 05:15:00,UTILITY,LOW,22.58
2026-06-21 05:15:00,BATTERY_FLEX,LOW,23.37
2026-06-21 05:30:00,PRODUCTION,LOW,22.6
2026-06-21 05:30:00,WAREHOUSE,LOW,23.37
2026-06-21 05:30:00,OFFICE_A,LOW,22.57
2026-06-21 05:30:00,CONTROL_ROOM,LOW,21.89
2026-06-21 05:30:00,UTILITY,LOW,23.52
2026-06-21 05:30:00,BATTERY_FLEX,LOW,22.43
2026-06-21 05:45:00,PRODUCTION,LOW,24.01
2026-06-21 05:45:00,WAREHOUSE,LOW,22.54
2026-06-21 05:45:00,OFFICE_A,LOW,22.18
2026-06-21 05:45:00,CONTROL_ROOM,LOW,21.56
2026-06-21 05:45:00,UTILITY,LOW,23.73
2026-06-21 05:45:00,BATTERY_FLEX,LOW,22.47
2026-06-21 06:00:00,PRODUCTION,LOW,24.38
2026-06-21 06:00:00,WAREHOUSE,LOW,22.78
2026-06-21 06:00:00,OFFICE_A,LOW,23.5
2026-06-21 06:00:00,CONTROL_ROOM,LOW,22.4
2026-06-21 06:00:00,UTILITY,LOW,23.8
2026-06-21 06:00:00,BATTERY_FLEX,LOW,21.58
2026-06-21 06:15:00,PRODUCTION,LOW,22.7
2026-06-21 06:15:00,WAREHOUSE,LOW,23.44
2026-06-21 06:15:00,OFFICE_A,LOW,23.23
2026-06-21 06:15:00,CONTROL_ROOM,LOW,22.32
2026-06-21 06:15:00,UTILITY,LOW,23.37
2026-06-21 06:15:00,BATTERY_FLEX,LOW,22.03
2026-06-21 06:30:00,PRODUCTION,LOW,23.52
2026-06-21 06:30:00,WAREHOUSE,LOW,22.96
2026-06-21 06:30:00,OFFICE_A,LOW,22.54
2026-06-21 06:30:00,CONTROL_ROOM,LOW,22.12
2026-06-21 06:30:00,UTILITY,LOW,23.52
2026-06-21 06:30:00,BATTERY_FLEX,LOW,22.77
2026-06-21 06:45:00,PRODUCTION,LOW,22.94
2026-06-21 06:45:00,WAREHOUSE,LOW,22.63
2026-06-21 06:45:00,OFFICE_A,LOW,22.84
2026-06-21 06:45:00,CONTROL_ROOM,LOW,21.86
2026-06-21 06:45:00,UTILITY,LOW,23.33
2026-06-21 06:45:00,BATTERY_FLEX,LOW,22.71
2026-06-21 07:00:00,PRODUCTION,MEDIUM,22.79
2026-06-21 07:00:00,WAREHOUSE,MEDIUM,22.53
2026-06-21 07:00:00,OFFICE_A,MEDIUM,22.81
2026-06-21 07:00:00,CONTROL_ROOM,MEDIUM,21.99
2026-06-21 07:00:00,UTILITY,MEDIUM,23.49
2026-06-21 07:00:00,BATTERY_FLEX,MEDIUM,22.34
2026-06-21 07:15:00,PRODUCTION,LOW,24.58
2026-06-21 07:15:00,WAREHOUSE,LOW,23.11
2026-06-21 07:15:00,OFFICE_A,LOW,23.43
2026-06-21 07:15:00,CONTROL_ROOM,LOW,21.62
2026-06-21 07:15:00,UTILITY,LOW,23.89
2026-06-21 07:15:00,BATTERY_FLEX,LOW,22.65
2026-06-21 07:30:00,PRODUCTION,MEDIUM,22.82
2026-06-21 07:30:00,WAREHOUSE,MEDIUM,23.62
2026-06-21 07:30:00,OFFICE_A,MEDIUM,23.13
2026-06-21 07:30:00,CONTROL_ROOM,MEDIUM,21.56
2026-06-21 07:30:00,UTILITY,MEDIUM,24.62
2026-06-21 07:30:00,BATTERY_FLEX,MEDIUM,23.57
2026-06-21 07:45:00,PRODUCTION,MEDIUM,23.81
2026-06-21 07:45:00,WAREHOUSE,MEDIUM,23.91
2026-06-21 07:45:00,OFFICE_A,MEDIUM,23.74
2026-06-21 07:45:00,CONTROL_ROOM,MEDIUM,22.22
2026-06-21 07:45:00,UTILITY,MEDIUM,24.79
2026-06-21 07:45:00,BATTERY_FLEX,MEDIUM,23.12
2026-06-21 08:00:00,PRODUCTION,MEDIUM,23.27
2026-06-21 08:00:00,WAREHOUSE,MEDIUM,22.96
2026-06-21 08:00:00,OFFICE_A,MEDIUM,23.04
2026-06-21 08:00:00,CONTROL_ROOM,MEDIUM,22.34
2026-06-21 08:00:00,UTILITY,MEDIUM,23.57
2026-06-21 08:00:00,BATTERY_FLEX,MEDIUM,22.01
2026-06-21 08:15:00,PRODUCTION,MEDIUM,23.9
2026-06-21 08:15:00,WAREHOUSE,MEDIUM,23.82
2026-06-21 08:15:00,OFFICE_A,MEDIUM,23.56
2026-06-21 08:15:00,CONTROL_ROOM,MEDIUM,22.91
2026-06-21 08:15:00,UTILITY,MEDIUM,23.97
2026-06-21 08:15:00,BATTERY_FLEX,MEDIUM,22.8
2026-06-21 08:30:00,PRODUCTION,MEDIUM,24.12
2026-06-21 08:30:00,WAREHOUSE,MEDIUM,23.18
2026-06-21 08:30:00,OFFICE_A,MEDIUM,23.47
2026-06-21 08:30:00,CONTROL_ROOM,MEDIUM,22.24
2026-06-21 08:30:00,UTILITY,MEDIUM,22.6
2026-06-21 08:30:00,BATTERY_FLEX,MEDIUM,22.58
2026-06-21 08:45:00,PRODUCTION,MEDIUM,23.91
2026-06-21 08:45:00,WAREHOUSE,MEDIUM,23.11
2026-06-21 08:45:00,OFFICE_A,MEDIUM,23.77
2026-06-21 08:45:00,CONTROL_ROOM,MEDIUM,22.66
2026-06-21 08:45:00,UTILITY,MEDIUM,23.91
2026-06-21 08:45:00,BATTERY_FLEX,MEDIUM,23.21
2026-06-21 09:00:00,PRODUCTION,MEDIUM,22.92
2026-06-21 09:00:00,WAREHOUSE,MEDIUM,23.54
2026-06-21 09:00:00,OFFICE_A,MEDIUM,23.77
2026-06-21 09:00:00,CONTROL_ROOM,MEDIUM,22.8
2026-06-21 09:00:00,UTILITY,MEDIUM,23.95
2026-06-21 09:00:00,BATTERY_FLEX,MEDIUM,23.19
2026-06-21 09:15:00,PRODUCTION,MEDIUM,23.63
2026-06-21 09:15:00,WAREHOUSE,MEDIUM,24.01
2026-06-21 09:15:00,OFFICE_A,MEDIUM,23.86
2026-06-21 09:15:00,CONTROL_ROOM,MEDIUM,22.64
2026-06-21 09:15:00,UTILITY,MEDIUM,23.61
2026-06-21 09:15:00,BATTERY_FLEX,MEDIUM,22.21
2026-06-21 09:30:00,PRODUCTION,HIGH,23.1
2026-06-21 09:30:00,WAREHOUSE,HIGH,23.28
2026-06-21 09:30:00,OFFICE_A,HIGH,22.44
2026-06-21 09:30:00,CONTROL_ROOM,HIGH,22.8
2026-06-21 09:30:00,UTILITY,HIGH,23.38
2026-06-21 09:30:00,BATTERY_FLEX,HIGH,22.11
2026-06-21 09:45:00,PRODUCTION,HIGH,25.0
2026-06-21 09:45:00,WAREHOUSE,HIGH,23.54
2026-06-21 09:45:00,OFFICE_A,HIGH,23.09
2026-06-21 09:45:00,CONTROL_ROOM,HIGH,22.67
2026-06-21 09:45:00,UTILITY,HIGH,23.58
2026-06-21 09:45:00,BATTERY_FLEX,HIGH,23.36
2026-06-21 10:00:00,PRODUCTION,HIGH,23.9
2026-06-21 10:00:00,WAREHOUSE,HIGH,23.19
2026-06-21 10:00:00,OFFICE_A,HIGH,22.86
2026-06-21 10:00:00,CONTROL_ROOM,HIGH,22.26
2026-06-21 10:00:00,UTILITY,HIGH,23.93
2026-06-21 10:00:00,BATTERY_FLEX,HIGH,22.71
2026-06-21 10:15:00,PRODUCTION,HIGH,24.02
2026-06-21 10:15:00,WAREHOUSE,HIGH,23.27
2026-06-21 10:15:00,OFFICE_A,HIGH,23.22
2026-06-21 10:15:00,CONTROL_ROOM,HIGH,22.2
2026-06-21 10:15:00,UTILITY,HIGH,23.76
2026-06-21 10:15:00,BATTERY_FLEX,HIGH,23.21
2026-06-21 10:30:00,PRODUCTION,HIGH,24.75
2026-06-21 10:30:00,WAREHOUSE,HIGH,23.93
2026-06-21 10:30:00,OFFICE_A,HIGH,24.28
2026-06-21 10:30:00,CONTROL_ROOM,HIGH,21.92
2026-06-21 10:30:00,UTILITY,HIGH,24.07
2026-06-21 10:30:00,BATTERY_FLEX,HIGH,23.36
2026-06-21 10:45:00,PRODUCTION,HIGH,24.04
2026-06-21 10:45:00,WAREHOUSE,HIGH,24.17
2026-06-21 10:45:00,OFFICE_A,HIGH,22.81
2026-06-21 10:45:00,CONTROL_ROOM,HIGH,22.12
2026-06-21 10:45:00,UTILITY,HIGH,22.85
2026-06-21 10:45:00,BATTERY_FLEX,HIGH,22.82
2026-06-21 11:00:00,PRODUCTION,HIGH,24.28
2026-06-21 11:00:00,WAREHOUSE,HIGH,23.19
2026-06-21 11:00:00,OFFICE_A,HIGH,23.69
2026-06-21 11:00:00,CONTROL_ROOM,HIGH,22.7
2026-06-21 11:00:00,UTILITY,HIGH,23.33
2026-06-21 11:00:00,BATTERY_FLEX,HIGH,22.7
2026-06-21 11:15:00,PRODUCTION,HIGH,24.23
2026-06-21 11:15:00,WAREHOUSE,HIGH,23.44
2026-06-21 11:15:00,OFFICE_A,HIGH,23.94
2026-06-21 11:15:00,CONTROL_ROOM,HIGH,22.27
2026-06-21 11:15:00,UTILITY,HIGH,23.45
2026-06-21 11:15:00,BATTERY_FLEX,HIGH,22.7
2026-06-21 11:30:00,PRODUCTION,HIGH,23.72
2026-06-21 11:30:00,WAREHOUSE,HIGH,23.49
2026-06-21 11:30:00,OFFICE_A,HIGH,23.26
2026-06-21 11:30:00,CONTROL_ROOM,HIGH,22.07
2026-06-21 11:30:00,UTILITY,HIGH,24.8
2026-06-21 11:30:00,BATTERY_FLEX,HIGH,22.27
2026-06-21 11:45:00,PRODUCTION,HIGH,24.4
2026-06-21 11:45:00,WAREHOUSE,HIGH,24.27
2026-06-21 11:45:00,OFFICE_A,HIGH,23.18
2026-06-21 11:45:00,CONTROL_ROOM,HIGH,22.28
2026-06-21 11:45:00,UTILITY,HIGH,24.57
2026-06-21 11:45:00,BATTERY_FLEX,HIGH,23.24
2026-06-21 12:00:00,PRODUCTION,HIGH,24.46
2026-06-21 12:00:00,WAREHOUSE,HIGH,23.36
2026-06-21 12:00:00,OFFICE_A,HIGH,23.27
2026-06-21 12:00:00,CONTROL_ROOM,HIGH,22.61
2026-06-21 12:00:00,UTILITY,HIGH,24.59
2026-06-21 12:00:00,BATTERY_FLEX,HIGH,22.22
2026-06-21 12:15:00,PRODUCTION,HIGH,24.0
2026-06-21 12:15:00,WAREHOUSE,HIGH,23.73
2026-06-21 12:15:00,OFFICE_A,HIGH,23.74
2026-06-21 12:15:00,CONTROL_ROOM,HIGH,22.54
2026-06-21 12:15:00,UTILITY,HIGH,23.89
2026-06-21 12:15:00,BATTERY_FLEX,HIGH,23.06
2026-06-21 12:30:00,PRODUCTION,HIGH,23.77
2026-06-21 12:30:00,WAREHOUSE,HIGH,23.42
2026-06-21 12:30:00,OFFICE_A,HIGH,23.45
2026-06-21 12:30:00,CONTROL_ROOM,HIGH,22.73
2026-06-21 12:30:00,UTILITY,HIGH,23.82
2026-06-21 12:30:00,BATTERY_FLEX,HIGH,22.6
2026-06-21 12:45:00,PRODUCTION,HIGH,24.38
2026-06-21 12:45:00,WAREHOUSE,HIGH,22.91
2026-06-21 12:45:00,OFFICE_A,HIGH,24.62
2026-06-21 12:45:00,CONTROL_ROOM,HIGH,21.99
2026-06-21 12:45:00,UTILITY,HIGH,23.81
2026-06-21 12:45:00,BATTERY_FLEX,HIGH,22.61
2026-06-21 13:00:00,PRODUCTION,HIGH,24.59
2026-06-21 13:00:00,WAREHOUSE,HIGH,22.65
2026-06-21 13:00:00,OFFICE_A,HIGH,23.98
2026-06-21 13:00:00,CONTROL_ROOM,HIGH,22.82
2026-06-21 13:00:00,UTILITY,HIGH,23.56
2026-06-21 13:00:00,BATTERY_FLEX,HIGH,23.01
2026-06-21 13:15:00,PRODUCTION,HIGH,24.31
2026-06-21 13:15:00,WAREHOUSE,HIGH,23.55
2026-06-21 13:15:00,OFFICE_A,HIGH,23.6
2026-06-21 13:15:00,CONTROL_ROOM,HIGH,22.28
2026-06-21 13:15:00,UTILITY,HIGH,23.65
2026-06-21 13:15:00,BATTERY_FLEX,HIGH,22.58
2026-06-21 13:30:00,PRODUCTION,HIGH,24.07
2026-06-21 13:30:00,WAREHOUSE,HIGH,24.14
2026-06-21 13:30:00,OFFICE_A,HIGH,23.04
2026-06-21 13:30:00,CONTROL_ROOM,HIGH,22.21
2026-06-21 13:30:00,UTILITY,HIGH,23.83
2026-06-21 13:30:00,BATTERY_FLEX,HIGH,22.88
2026-06-21 13:45:00,PRODUCTION,HIGH,22.97
2026-06-21 13:45:00,WAREHOUSE,HIGH,23.2
2026-06-21 13:45:00,OFFICE_A,HIGH,23.12
2026-06-21 13:45:00,CONTROL_ROOM,HIGH,22.3
2026-06-21 13:45:00,UTILITY,HIGH,23.09
2026-06-21 13:45:00,BATTERY_FLEX,HIGH,22.97
2026-06-21 14:00:00,PRODUCTION,HIGH,24.15
2026-06-21 14:00:00,WAREHOUSE,HIGH,23.15
2026-06-21 14:00:00,OFFICE_A,HIGH,22.95
2026-06-21 14:00:00,CONTROL_ROOM,HIGH,22.68
2026-06-21 14:00:00,UTILITY,HIGH,24.19
2026-06-21 14:00:00,BATTERY_FLEX,HIGH,22.42
2026-06-21 14:15:00,PRODUCTION,HIGH,23.99
2026-06-21 14:15:00,WAREHOUSE,HIGH,23.01
2026-06-21 14:15:00,OFFICE_A,HIGH,23.22
2026-06-21 14:15:00,CONTROL_ROOM,HIGH,22.85
2026-06-21 14:15:00,UTILITY,HIGH,24.0
2026-06-21 14:15:00,BATTERY_FLEX,HIGH,22.87
2026-06-21 14:30:00,PRODUCTION,HIGH,23.8
2026-06-21 14:30:00,WAREHOUSE,HIGH,22.97
2026-06-21 14:30:00,OFFICE_A,HIGH,22.53
2026-06-21 14:30:00,CONTROL_ROOM,HIGH,22.28
2026-06-21 14:30:00,UTILITY,HIGH,24.32
2026-06-21 14:30:00,BATTERY_FLEX,HIGH,23.16
2026-06-21 14:45:00,PRODUCTION,HIGH,23.63
2026-06-21 14:45:00,WAREHOUSE,HIGH,22.81
2026-06-21 14:45:00,OFFICE_A,HIGH,24.22
2026-06-21 14:45:00,CONTROL_ROOM,HIGH,22.67
2026-06-21 14:45:00,UTILITY,HIGH,23.45
2026-06-21 14:45:00,BATTERY_FLEX,HIGH,23.07
2026-06-21 15:00:00,PRODUCTION,HIGH,24.24
2026-06-21 15:00:00,WAREHOUSE,HIGH,23.37
2026-06-21 15:00:00,OFFICE_A,HIGH,24.34
2026-06-21 15:00:00,CONTROL_ROOM,HIGH,22.44
2026-06-21 15:00:00,UTILITY,HIGH,23.62
2026-06-21 15:00:00,BATTERY_FLEX,HIGH,23.49
2026-06-21 15:15:00,PRODUCTION,HIGH,23.66
2026-06-21 15:15:00,WAREHOUSE,HIGH,22.74
2026-06-21 15:15:00,OFFICE_A,HIGH,23.58
2026-06-21 15:15:00,CONTROL_ROOM,HIGH,22.31
2026-06-21 15:15:00,UTILITY,HIGH,24.57
2026-06-21 15:15:00,BATTERY_FLEX,HIGH,21.98
2026-06-21 15:30:00,PRODUCTION,HIGH,22.85
2026-06-21 15:30:00,WAREHOUSE,HIGH,22.42
2026-06-21 15:30:00,OFFICE_A,HIGH,23.51
2026-06-21 15:30:00,CONTROL_ROOM,HIGH,23.32
2026-06-21 15:30:00,UTILITY,HIGH,24.73
2026-06-21 15:30:00,BATTERY_FLEX,HIGH,22.58
2026-06-21 15:45:00,PRODUCTION,HIGH,24.92
2026-06-21 15:45:00,WAREHOUSE,HIGH,23.92
2026-06-21 15:45:00,OFFICE_A,HIGH,23.64
2026-06-21 15:45:00,CONTROL_ROOM,HIGH,22.24
2026-06-21 15:45:00,UTILITY,HIGH,23.79
2026-06-21 15:45:00,BATTERY_FLEX,HIGH,23.48
2026-06-21 16:00:00,PRODUCTION,HIGH,23.99
2026-06-21 16:00:00,WAREHOUSE,HIGH,22.37
2026-06-21 16:00:00,OFFICE_A,HIGH,23.75
2026-06-21 16:00:00,CONTROL_ROOM,HIGH,22.88
2026-06-21 16:00:00,UTILITY,HIGH,24.71
2026-06-21 16:00:00,BATTERY_FLEX,HIGH,22.12
2026-06-21 16:15:00,PRODUCTION,HIGH,23.67
2026-06-21 16:15:00,WAREHOUSE,HIGH,22.76
2026-06-21 16:15:00,OFFICE_A,HIGH,23.72
2026-06-21 16:15:00,CONTROL_ROOM,HIGH,22.72
2026-06-21 16:15:00,UTILITY,HIGH,23.51
2026-06-21 16:15:00,BATTERY_FLEX,HIGH,23.44
2026-06-21 16:30:00,PRODUCTION,HIGH,24.39
2026-06-21 16:30:00,WAREHOUSE,HIGH,23.46
2026-06-21 16:30:00,OFFICE_A,HIGH,23.82
2026-06-21 16:30:00,CONTROL_ROOM,HIGH,23.4
2026-06-21 16:30:00,UTILITY,HIGH,23.23
2026-06-21 16:30:00,BATTERY_FLEX,HIGH,22.58
2026-06-21 16:45:00,PRODUCTION,HIGH,24.78
2026-06-21 16:45:00,WAREHOUSE,HIGH,23.9
2026-06-21 16:45:00,OFFICE_A,HIGH,24.0
2026-06-21 16:45:00,CONTROL_ROOM,HIGH,23.01
2026-06-21 16:45:00,UTILITY,HIGH,23.27
2026-06-21 16:45:00,BATTERY_FLEX,HIGH,23.48
2026-06-21 17:00:00,PRODUCTION,HIGH,23.91
2026-06-21 17:00:00,WAREHOUSE,HIGH,23.39
2026-06-21 17:00:00,OFFICE_A,HIGH,23.87
2026-06-21 17:00:00,CONTROL_ROOM,HIGH,23.54
2026-06-21 17:00:00,UTILITY,HIGH,24.01
2026-06-21 17:00:00,BATTERY_FLEX,HIGH,22.48
2026-06-21 17:15:00,PRODUCTION,HIGH,24.16
2026-06-21 17:15:00,WAREHOUSE,HIGH,23.48
2026-06-21 17:15:00,OFFICE_A,HIGH,22.74
2026-06-21 17:15:00,CONTROL_ROOM,HIGH,21.51
2026-06-21 17:15:00,UTILITY,HIGH,23.03
2026-06-21 17:15:00,BATTERY_FLEX,HIGH,23.66
2026-06-21 17:30:00,PRODUCTION,HIGH,23.91
2026-06-21 17:30:00,WAREHOUSE,HIGH,23.24
2026-06-21 17:30:00,OFFICE_A,HIGH,24.36
2026-06-21 17:30:00,CONTROL_ROOM,HIGH,22.83
2026-06-21 17:30:00,UTILITY,HIGH,23.95
2026-06-21 17:30:00,BATTERY_FLEX,HIGH,23.41
2026-06-21 17:45:00,PRODUCTION,HIGH,24.49
2026-06-21 17:45:00,WAREHOUSE,HIGH,23.18
2026-06-21 17:45:00,OFFICE_A,HIGH,23.33
2026-06-21 17:45:00,CONTROL_ROOM,HIGH,22.11
2026-06-21 17:45:00,UTILITY,HIGH,23.36
2026-06-21 17:45:00,BATTERY_FLEX,HIGH,22.3
2026-06-21 18:00:00,PRODUCTION,HIGH,24.23
2026-06-21 18:00:00,WAREHOUSE,HIGH,22.72
2026-06-21 18:00:00,OFFICE_A,HIGH,22.95
2026-06-21 18:00:00,CONTROL_ROOM,HIGH,22.38
2026-06-21 18:00:00,UTILITY,HIGH,23.36
2026-06-21 18:00:00,BATTERY_FLEX,HIGH,22.31
2026-06-21 18:15:00,PRODUCTION,HIGH,24.15
2026-06-21 18:15:00,WAREHOUSE,HIGH,23.74
2026-06-21 18:15:00,OFFICE_A,HIGH,23.94
2026-06-21 18:15:00,CONTROL_ROOM,HIGH,22.82
2026-06-21 18:15:00,UTILITY,HIGH,24.58
2026-06-21 18:15:00,BATTERY_FLEX,HIGH,22.21
2026-06-21 18:30:00,PRODUCTION,MEDIUM,23.5
2026-06-21 18:30:00,WAREHOUSE,MEDIUM,24.14
2026-06-21 18:30:00,OFFICE_A,MEDIUM,23.24
2026-06-21 18:30:00,CONTROL_ROOM,MEDIUM,23.32
2026-06-21 18:30:00,UTILITY,MEDIUM,24.75
2026-06-21 18:30:00,BATTERY_FLEX,MEDIUM,24.21
2026-06-21 18:45:00,PRODUCTION,HIGH,23.98
2026-06-21 18:45:00,WAREHOUSE,HIGH,23.36
2026-06-21 18:45:00,OFFICE_A,HIGH,23.36
2026-06-21 18:45:00,CONTROL_ROOM,HIGH,22.44
2026-06-21 18:45:00,UTILITY,HIGH,24.09
2026-06-21 18:45:00,BATTERY_FLEX,HIGH,22.48
2026-06-21 19:00:00,PRODUCTION,MEDIUM,23.49
2026-06-21 19:00:00,WAREHOUSE,MEDIUM,23.12
2026-06-21 19:00:00,OFFICE_A,MEDIUM,23.1
2026-06-21 19:00:00,CONTROL_ROOM,MEDIUM,22.84
2026-06-21 19:00:00,UTILITY,MEDIUM,23.61
2026-06-21 19:00:00,BATTERY_FLEX,MEDIUM,23.28
2026-06-21 19:15:00,PRODUCTION,MEDIUM,23.13
2026-06-21 19:15:00,WAREHOUSE,MEDIUM,23.36
2026-06-21 19:15:00,OFFICE_A,MEDIUM,23.7
2026-06-21 19:15:00,CONTROL_ROOM,MEDIUM,22.77
2026-06-21 19:15:00,UTILITY,MEDIUM,23.02
2026-06-21 19:15:00,BATTERY_FLEX,MEDIUM,21.93
2026-06-21 19:30:00,PRODUCTION,MEDIUM,23.35
2026-06-21 19:30:00,WAREHOUSE,MEDIUM,22.46
2026-06-21 19:30:00,OFFICE_A,MEDIUM,22.89
2026-06-21 19:30:00,CONTROL_ROOM,MEDIUM,21.86
2026-06-21 19:30:00,UTILITY,MEDIUM,24.15
2026-06-21 19:30:00,BATTERY_FLEX,MEDIUM,23.19
2026-06-21 19:45:00,PRODUCTION,MEDIUM,23.12
2026-06-21 19:45:00,WAREHOUSE,MEDIUM,23.14
2026-06-21 19:45:00,OFFICE_A,MEDIUM,23.38
2026-06-21 19:45:00,CONTROL_ROOM,MEDIUM,22.29
2026-06-21 19:45:00,UTILITY,MEDIUM,22.82
2026-06-21 19:45:00,BATTERY_FLEX,MEDIUM,22.74
2026-06-21 20:00:00,PRODUCTION,MEDIUM,23.35
2026-06-21 20:00:00,WAREHOUSE,MEDIUM,23.05
2026-06-21 20:00:00,OFFICE_A,MEDIUM,23.27
2026-06-21 20:00:00,CONTROL_ROOM,MEDIUM,22.17
2026-06-21 20:00:00,UTILITY,MEDIUM,23.96
2026-06-21 20:00:00,BATTERY_FLEX,MEDIUM,22.09
2026-06-21 20:15:00,PRODUCTION,MEDIUM,24.45
2026-06-21 20:15:00,WAREHOUSE,MEDIUM,22.45
2026-06-21 20:15:00,OFFICE_A,MEDIUM,22.96
2026-06-21 20:15:00,CONTROL_ROOM,MEDIUM,21.46
2026-06-21 20:15:00,UTILITY,MEDIUM,23.73
2026-06-21 20:15:00,BATTERY_FLEX,MEDIUM,23.17
2026-06-21 20:30:00,PRODUCTION,MEDIUM,23.78
2026-06-21 20:30:00,WAREHOUSE,MEDIUM,23.56
2026-06-21 20:30:00,OFFICE_A,MEDIUM,23.47
2026-06-21 20:30:00,CONTROL_ROOM,MEDIUM,20.67
2026-06-21 20:30:00,UTILITY,MEDIUM,23.61
2026-06-21 20:30:00,BATTERY_FLEX,MEDIUM,22.11
2026-06-21 20:45:00,PRODUCTION,MEDIUM,24.45
2026-06-21 20:45:00,WAREHOUSE,MEDIUM,22.42
2026-06-21 20:45:00,OFFICE_A,MEDIUM,22.47
2026-06-21 20:45:00,CONTROL_ROOM,MEDIUM,22.39
2026-06-21 20:45:00,UTILITY,MEDIUM,23.46
2026-06-21 20:45:00,BATTERY_FLEX,MEDIUM,22.78
2026-06-21 21:00:00,PRODUCTION,LOW,23.32
2026-06-21 21:00:00,WAREHOUSE,LOW,23.38
2026-06-21 21:00:00,OFFICE_A,LOW,23.54
2026-06-21 21:00:00,CONTROL_ROOM,LOW,21.63
2026-06-21 21:00:00,UTILITY,LOW,23.36
2026-06-21 21:00:00,BATTERY_FLEX,LOW,22.3
2026-06-21 21:15:00,PRODUCTION,LOW,22.2
2026-06-21 21:15:00,WAREHOUSE,LOW,22.63
2026-06-21 21:15:00,OFFICE_A,LOW,22.79
2026-06-21 21:15:00,CONTROL_ROOM,LOW,21.65
2026-06-21 21:15:00,UTILITY,LOW,23.8
2026-06-21 21:15:00,BATTERY_FLEX,LOW,22.46
2026-06-21 21:30:00,PRODUCTION,LOW,23.82
2026-06-21 21:30:00,WAREHOUSE,LOW,22.24
2026-06-21 21:30:00,OFFICE_A,LOW,22.7
2026-06-21 21:30:00,CONTROL_ROOM,LOW,21.81
2026-06-21 21:30:00,UTILITY,LOW,23.86
2026-06-21 21:30:00,BATTERY_FLEX,LOW,21.7
2026-06-21 21:45:00,PRODUCTION,LOW,23.85
2026-06-21 21:45:00,WAREHOUSE,LOW,23.45
2026-06-21 21:45:00,OFFICE_A,LOW,22.73
2026-06-21 21:45:00,CONTROL_ROOM,LOW,22.09
2026-06-21 21:45:00,UTILITY,LOW,23.46
2026-06-21 21:45:00,BATTERY_FLEX,LOW,22.64
2026-06-21 22:00:00,PRODUCTION,LOW,23.73
2026-06-21 22:00:00,WAREHOUSE,LOW,23.42
2026-06-21 22:00:00,OFFICE_A,LOW,23.37
2026-06-21 22:00:00,CONTROL_ROOM,LOW,22.92
2026-06-21 22:00:00,UTILITY,LOW,23.91
2026-06-21 22:00:00,BATTERY_FLEX,LOW,22.33
2026-06-21 22:15:00,PRODUCTION,LOW,24.01
2026-06-21 22:15:00,WAREHOUSE,LOW,22.22
2026-06-21 22:15:00,OFFICE_A,LOW,23.52
2026-06-21 22:15:00,CONTROL_ROOM,LOW,22.69
2026-06-21 22:15:00,UTILITY,LOW,23.85
2026-06-21 22:15:00,BATTERY_FLEX,LOW,22.86
2026-06-21 22:30:00,PRODUCTION,LOW,23.58
2026-06-21 22:30:00,WAREHOUSE,LOW,23.43
2026-06-21 22:30:00,OFFICE_A,LOW,23.08
2026-06-21 22:30:00,CONTROL_ROOM,LOW,22.21
2026-06-21 22:30:00,UTILITY,LOW,23.96
2026-06-21 22:30:00,BATTERY_FLEX,LOW,22.05
2026-06-21 22:45:00,PRODUCTION,LOW,23.99
2026-06-21 22:45:00,WAREHOUSE,LOW,22.6
2026-06-21 22:45:00,OFFICE_A,LOW,22.72
2026-06-21 22:45:00,CONTROL_ROOM,LOW,21.42
2026-06-21 22:45:00,UTILITY,LOW,24.25
2026-06-21 22:45:00,BATTERY_FLEX,LOW,23.38
2026-06-21 23:00:00,PRODUCTION,LOW,23.28
2026-06-21 23:00:00,WAREHOUSE,LOW,23.14
2026-06-21 23:00:00,OFFICE_A,LOW,23.17
2026-06-21 23:00:00,CONTROL_ROOM,LOW,21.38
2026-06-21 23:00:00,UTILITY,LOW,23.63
2026-06-21 23:00:00,BATTERY_FLEX,LOW,23.65
2026-06-21 23:15:00,PRODUCTION,LOW,23.18
2026-06-21 23:15:00,WAREHOUSE,LOW,23.18
2026-06-21 23:15:00,OFFICE_A,LOW,23.64
2026-06-21 23:15:00,CONTROL_ROOM,LOW,22.04
2026-06-21 23:15:00,UTILITY,LOW,23.92
2026-06-21 23:15:00,BATTERY_FLEX,LOW,23.37
2026-06-21 23:30:00,PRODUCTION,LOW,23.37
2026-06-21 23:30:00,WAREHOUSE,LOW,23.52
2026-06-21 23:30:00,OFFICE_A,LOW,22.42
2026-06-21 23:30:00,CONTROL_ROOM,LOW,22.0
2026-06-21 23:30:00,UTILITY,LOW,23.03
2026-06-21 23:30:00,BATTERY_FLEX,LOW,22.61
2026-06-21 23:45:00,PRODUCTION,LOW,22.08
2026-06-21 23:45:00,WAREHOUSE,LOW,22.48
2026-06-21 23:45:00,OFFICE_A,LOW,23.12
2026-06-21 23:45:00,CONTROL_ROOM,LOW,21.9
2026-06-21 23:45:00,UTILITY,LOW,23.02
2026-06-21 23:45:00,BATTERY_FLEX,LOW,22.83
2026-06-22 00:00:00,PRODUCTION,LOW,25.51
2026-06-22 00:00:00,WAREHOUSE,LOW,25.5
2026-06-22 00:00:00,OFFICE_A,LOW,26.46
2026-06-22 00:00:00,CONTROL_ROOM,LOW,23.8
2026-06-22 00:00:00,UTILITY,LOW,26.16
2026-06-22 00:00:00,BATTERY_FLEX,LOW,25.43
2026-06-22 00:15:00,PRODUCTION,LOW,26.04
2026-06-22 00:15:00,WAREHOUSE,LOW,25.37
2026-06-22 00:15:00,OFFICE_A,LOW,25.04
2026-06-22 00:15:00,CONTROL_ROOM,LOW,24.61
2026-06-22 00:15:00,UTILITY,LOW,25.64
2026-06-22 00:15:00,BATTERY_FLEX,LOW,25.0
2026-06-22 00:30:00,PRODUCTION,LOW,26.09
2026-06-22 00:30:00,WAREHOUSE,LOW,24.97
2026-06-22 00:30:00,OFFICE_A,LOW,25.09
2026-06-22 00:30:00,CONTROL_ROOM,LOW,23.55
2026-06-22 00:30:00,UTILITY,LOW,25.92
2026-06-22 00:30:00,BATTERY_FLEX,LOW,25.79
2026-06-22 00:45:00,PRODUCTION,LOW,24.85
2026-06-22 00:45:00,WAREHOUSE,LOW,24.89
2026-06-22 00:45:00,OFFICE_A,LOW,25.49
2026-06-22 00:45:00,CONTROL_ROOM,LOW,23.43
2026-06-22 00:45:00,UTILITY,LOW,26.2
2026-06-22 00:45:00,BATTERY_FLEX,LOW,25.05
2026-06-22 01:00:00,PRODUCTION,LOW,26.07
2026-06-22 01:00:00,WAREHOUSE,LOW,25.19
2026-06-22 01:00:00,OFFICE_A,LOW,24.95
2026-06-22 01:00:00,CONTROL_ROOM,LOW,23.89
2026-06-22 01:00:00,UTILITY,LOW,26.38
2026-06-22 01:00:00,BATTERY_FLEX,LOW,25.31
2026-06-22 01:15:00,PRODUCTION,LOW,25.45
2026-06-22 01:15:00,WAREHOUSE,LOW,25.48
2026-06-22 01:15:00,OFFICE_A,LOW,24.94
2026-06-22 01:15:00,CONTROL_ROOM,LOW,24.37
2026-06-22 01:15:00,UTILITY,LOW,26.39
2026-06-22 01:15:00,BATTERY_FLEX,LOW,24.64
2026-06-22 01:30:00,PRODUCTION,LOW,25.39
2026-06-22 01:30:00,WAREHOUSE,LOW,26.21
2026-06-22 01:30:00,OFFICE_A,LOW,24.37
2026-06-22 01:30:00,CONTROL_ROOM,LOW,23.95
2026-06-22 01:30:00,UTILITY,LOW,25.73
2026-06-22 01:30:00,BATTERY_FLEX,LOW,26.03
2026-06-22 01:45:00,PRODUCTION,LOW,25.65
2026-06-22 01:45:00,WAREHOUSE,LOW,25.67
2026-06-22 01:45:00,OFFICE_A,LOW,24.7
2026-06-22 01:45:00,CONTROL_ROOM,LOW,24.64
2026-06-22 01:45:00,UTILITY,LOW,26.17
2026-06-22 01:45:00,BATTERY_FLEX,LOW,25.46
2026-06-22 02:00:00,PRODUCTION,LOW,26.4
2026-06-22 02:00:00,WAREHOUSE,LOW,25.6
2026-06-22 02:00:00,OFFICE_A,LOW,25.18
2026-06-22 02:00:00,CONTROL_ROOM,LOW,23.94
2026-06-22 02:00:00,UTILITY,LOW,25.79
2026-06-22 02:00:00,BATTERY_FLEX,LOW,25.16
2026-06-22 02:15:00,PRODUCTION,LOW,25.78
2026-06-22 02:15:00,WAREHOUSE,LOW,25.73
2026-06-22 02:15:00,OFFICE_A,LOW,24.33
2026-06-22 02:15:00,CONTROL_ROOM,LOW,23.72
2026-06-22 02:15:00,UTILITY,LOW,25.36
2026-06-22 02:15:00,BATTERY_FLEX,LOW,25.06
2026-06-22 02:30:00,PRODUCTION,LOW,25.44
2026-06-22 02:30:00,WAREHOUSE,LOW,24.97
2026-06-22 02:30:00,OFFICE_A,LOW,25.52
2026-06-22 02:30:00,CONTROL_ROOM,LOW,24.38
2026-06-22 02:30:00,UTILITY,LOW,26.11
2026-06-22 02:30:00,BATTERY_FLEX,LOW,24.88
2026-06-22 02:45:00,PRODUCTION,LOW,25.78
2026-06-22 02:45:00,WAREHOUSE,LOW,25.85
2026-06-22 02:45:00,OFFICE_A,LOW,25.31
2026-06-22 02:45:00,CONTROL_ROOM,LOW,24.78
2026-06-22 02:45:00,UTILITY,LOW,25.75
2026-06-22 02:45:00,BATTERY_FLEX,LOW,24.73
2026-06-22 03:00:00,PRODUCTION,LOW,26.59
2026-06-22 03:00:00,WAREHOUSE,LOW,25.83
2026-06-22 03:00:00,OFFICE_A,LOW,25.08
2026-06-22 03:00:00,CONTROL_ROOM,LOW,23.83
2026-06-22 03:00:00,UTILITY,LOW,26.71
2026-06-22 03:00:00,BATTERY_FLEX,LOW,25.15
2026-06-22 03:15:00,PRODUCTION,LOW,25.99
2026-06-22 03:15:00,WAREHOUSE,LOW,25.99
2026-06-22 03:15:00,OFFICE_A,LOW,25.44
2026-06-22 03:15:00,CONTROL_ROOM,LOW,24.49
2026-06-22 03:15:00,UTILITY,LOW,25.69
2026-06-22 03:15:00,BATTERY_FLEX,LOW,25.96
2026-06-22 03:30:00,PRODUCTION,LOW,25.58
2026-06-22 03:30:00,WAREHOUSE,LOW,25.25
2026-06-22 03:30:00,OFFICE_A,LOW,25.2
2026-06-22 03:30:00,CONTROL_ROOM,LOW,24.3
2026-06-22 03:30:00,UTILITY,LOW,25.55
2026-06-22 03:30:00,BATTERY_FLEX,LOW,25.02
2026-06-22 03:45:00,PRODUCTION,LOW,26.08
2026-06-22 03:45:00,WAREHOUSE,LOW,25.58
2026-06-22 03:45:00,OFFICE_A,LOW,25.22
2026-06-22 03:45:00,CONTROL_ROOM,LOW,24.66
2026-06-22 03:45:00,UTILITY,LOW,25.64
2026-06-22 03:45:00,BATTERY_FLEX,LOW,24.78
2026-06-22 04:00:00,PRODUCTION,LOW,24.88
2026-06-22 04:00:00,WAREHOUSE,LOW,24.96
2026-06-22 04:00:00,OFFICE_A,LOW,24.55
2026-06-22 04:00:00,CONTROL_ROOM,LOW,24.93
2026-06-22 04:00:00,UTILITY,LOW,25.75
2026-06-22 04:00:00,BATTERY_FLEX,LOW,24.89
2026-06-22 04:15:00,PRODUCTION,LOW,25.84
2026-06-22 04:15:00,WAREHOUSE,LOW,25.5
2026-06-22 04:15:00,OFFICE_A,LOW,24.43
2026-06-22 04:15:00,CONTROL_ROOM,LOW,24.05
2026-06-22 04:15:00,UTILITY,LOW,26.13
2026-06-22 04:15:00,BATTERY_FLEX,LOW,24.56
2026-06-22 04:30:00,PRODUCTION,LOW,26.02
2026-06-22 04:30:00,WAREHOUSE,LOW,25.49
2026-06-22 04:30:00,OFFICE_A,LOW,25.73
2026-06-22 04:30:00,CONTROL_ROOM,LOW,25.18
2026-06-22 04:30:00,UTILITY,LOW,25.49
2026-06-22 04:30:00,BATTERY_FLEX,LOW,25.42
2026-06-22 04:45:00,PRODUCTION,LOW,25.37
2026-06-22 04:45:00,WAREHOUSE,LOW,25.47
2026-06-22 04:45:00,OFFICE_A,LOW,24.98
2026-06-22 04:45:00,CONTROL_ROOM,LOW,24.06
2026-06-22 04:45:00,UTILITY,LOW,26.46
2026-06-22 04:45:00,BATTERY_FLEX,LOW,24.09
2026-06-22 05:00:00,PRODUCTION,LOW,25.17
2026-06-22 05:00:00,WAREHOUSE,LOW,25.83
2026-06-22 05:00:00,OFFICE_A,LOW,25.86
2026-06-22 05:00:00,CONTROL_ROOM,LOW,24.18
2026-06-22 05:00:00,UTILITY,LOW,25.55
2026-06-22 05:00:00,BATTERY_FLEX,LOW,25.49
2026-06-22 05:15:00,PRODUCTION,LOW,26.23
2026-06-22 05:15:00,WAREHOUSE,LOW,25.6
2026-06-22 05:15:00,OFFICE_A,LOW,24.31
2026-06-22 05:15:00,CONTROL_ROOM,LOW,24.4
2026-06-22 05:15:00,UTILITY,LOW,25.56
2026-06-22 05:15:00,BATTERY_FLEX,LOW,24.41
2026-06-22 05:30:00,PRODUCTION,LOW,25.82
2026-06-22 05:30:00,WAREHOUSE,LOW,25.83
2026-06-22 05:30:00,OFFICE_A,LOW,25.23
2026-06-22 05:30:00,CONTROL_ROOM,LOW,24.3
2026-06-22 05:30:00,UTILITY,LOW,26.23
2026-06-22 05:30:00,BATTERY_FLEX,LOW,25.11
2026-06-22 05:45:00,PRODUCTION,LOW,25.61
2026-06-22 05:45:00,WAREHOUSE,LOW,25.76
2026-06-22 05:45:00,OFFICE_A,LOW,25.73
2026-06-22 05:45:00,CONTROL_ROOM,LOW,24.35
2026-06-22 05:45:00,UTILITY,LOW,25.64
2026-06-22 05:45:00,BATTERY_FLEX,LOW,23.95
2026-06-22 06:00:00,PRODUCTION,LOW,25.77
2026-06-22 06:00:00,WAREHOUSE,LOW,25.58
2026-06-22 06:00:00,OFFICE_A,LOW,26.08
2026-06-22 06:00:00,CONTROL_ROOM,LOW,24.4
2026-06-22 06:00:00,UTILITY,LOW,26.99
2026-06-22 06:00:00,BATTERY_FLEX,LOW,25.4
2026-06-22 06:15:00,PRODUCTION,LOW,25.47
2026-06-22 06:15:00,WAREHOUSE,LOW,25.54
2026-06-22 06:15:00,OFFICE_A,LOW,24.88
2026-06-22 06:15:00,CONTROL_ROOM,LOW,23.7
2026-06-22 06:15:00,UTILITY,LOW,26.26
2026-06-22 06:15:00,BATTERY_FLEX,LOW,24.55
2026-06-22 06:30:00,PRODUCTION,LOW,25.29
2026-06-22 06:30:00,WAREHOUSE,LOW,25.46
2026-06-22 06:30:00,OFFICE_A,LOW,25.58
2026-06-22 06:30:00,CONTROL_ROOM,LOW,24.57
2026-06-22 06:30:00,UTILITY,LOW,25.74
2026-06-22 06:30:00,BATTERY_FLEX,LOW,24.42
2026-06-22 06:45:00,PRODUCTION,LOW,26.05
2026-06-22 06:45:00,WAREHOUSE,LOW,26.19
2026-06-22 06:45:00,OFFICE_A,LOW,26.24
2026-06-22 06:45:00,CONTROL_ROOM,LOW,24.14
2026-06-22 06:45:00,UTILITY,LOW,26.84
2026-06-22 06:45:00,BATTERY_FLEX,LOW,24.96
2026-06-22 07:00:00,PRODUCTION,LOW,25.35
2026-06-22 07:00:00,WAREHOUSE,LOW,24.97
2026-06-22 07:00:00,OFFICE_A,LOW,24.44
2026-06-22 07:00:00,CONTROL_ROOM,LOW,24.77
2026-06-22 07:00:00,UTILITY,LOW,27.12
2026-06-22 07:00:00,BATTERY_FLEX,LOW,24.95
2026-06-22 07:15:00,PRODUCTION,MEDIUM,25.95
2026-06-22 07:15:00,WAREHOUSE,MEDIUM,25.49
2026-06-22 07:15:00,OFFICE_A,MEDIUM,25.73
2026-06-22 07:15:00,CONTROL_ROOM,MEDIUM,24.9
2026-06-22 07:15:00,UTILITY,MEDIUM,26.35
2026-06-22 07:15:00,BATTERY_FLEX,MEDIUM,25.33
2026-06-22 07:30:00,PRODUCTION,MEDIUM,25.4
2026-06-22 07:30:00,WAREHOUSE,MEDIUM,25.95
2026-06-22 07:30:00,OFFICE_A,MEDIUM,25.92
2026-06-22 07:30:00,CONTROL_ROOM,MEDIUM,23.97
2026-06-22 07:30:00,UTILITY,MEDIUM,25.83
2026-06-22 07:30:00,BATTERY_FLEX,MEDIUM,26.2
2026-06-22 07:45:00,PRODUCTION,MEDIUM,25.71
2026-06-22 07:45:00,WAREHOUSE,MEDIUM,24.69
2026-06-22 07:45:00,OFFICE_A,MEDIUM,25.85
2026-06-22 07:45:00,CONTROL_ROOM,MEDIUM,24.14
2026-06-22 07:45:00,UTILITY,MEDIUM,26.31
2026-06-22 07:45:00,BATTERY_FLEX,MEDIUM,24.74
2026-06-22 08:00:00,PRODUCTION,MEDIUM,26.22
2026-06-22 08:00:00,WAREHOUSE,MEDIUM,25.49
2026-06-22 08:00:00,OFFICE_A,MEDIUM,26.24
2026-06-22 08:00:00,CONTROL_ROOM,MEDIUM,24.72
2026-06-22 08:00:00,UTILITY,MEDIUM,26.51
2026-06-22 08:00:00,BATTERY_FLEX,MEDIUM,24.78
2026-06-22 08:15:00,PRODUCTION,MEDIUM,26.83
2026-06-22 08:15:00,WAREHOUSE,MEDIUM,25.59
2026-06-22 08:15:00,OFFICE_A,MEDIUM,25.05
2026-06-22 08:15:00,CONTROL_ROOM,MEDIUM,24.25
2026-06-22 08:15:00,UTILITY,MEDIUM,26.65
2026-06-22 08:15:00,BATTERY_FLEX,MEDIUM,25.08
2026-06-22 08:30:00,PRODUCTION,MEDIUM,25.08
2026-06-22 08:30:00,WAREHOUSE,MEDIUM,25.25
2026-06-22 08:30:00,OFFICE_A,MEDIUM,25.82
2026-06-22 08:30:00,CONTROL_ROOM,MEDIUM,24.57
2026-06-22 08:30:00,UTILITY,MEDIUM,25.39
2026-06-22 08:30:00,BATTERY_FLEX,MEDIUM,25.68
2026-06-22 08:45:00,PRODUCTION,MEDIUM,25.65
2026-06-22 08:45:00,WAREHOUSE,MEDIUM,25.85
2026-06-22 08:45:00,OFFICE_A,MEDIUM,26.25
2026-06-22 08:45:00,CONTROL_ROOM,MEDIUM,25.37
2026-06-22 08:45:00,UTILITY,MEDIUM,26.56
2026-06-22 08:45:00,BATTERY_FLEX,MEDIUM,25.46
2026-06-22 09:00:00,PRODUCTION,MEDIUM,26.95
2026-06-22 09:00:00,WAREHOUSE,MEDIUM,26.27
2026-06-22 09:00:00,OFFICE_A,MEDIUM,25.33
2026-06-22 09:00:00,CONTROL_ROOM,MEDIUM,24.78
2026-06-22 09:00:00,UTILITY,MEDIUM,26.33
2026-06-22 09:00:00,BATTERY_FLEX,MEDIUM,25.65
2026-06-22 09:15:00,PRODUCTION,HIGH,25.1
2026-06-22 09:15:00,WAREHOUSE,HIGH,25.79
2026-06-22 09:15:00,OFFICE_A,HIGH,26.16
2026-06-22 09:15:00,CONTROL_ROOM,HIGH,25.48
2026-06-22 09:15:00,UTILITY,HIGH,25.9
2026-06-22 09:15:00,BATTERY_FLEX,HIGH,25.3
2026-06-22 09:30:00,PRODUCTION,HIGH,26.55
2026-06-22 09:30:00,WAREHOUSE,HIGH,25.43
2026-06-22 09:30:00,OFFICE_A,HIGH,25.98
2026-06-22 09:30:00,CONTROL_ROOM,HIGH,24.84
2026-06-22 09:30:00,UTILITY,HIGH,26.62
2026-06-22 09:30:00,BATTERY_FLEX,HIGH,25.05
2026-06-22 09:45:00,PRODUCTION,HIGH,26.45
2026-06-22 09:45:00,WAREHOUSE,HIGH,25.27
2026-06-22 09:45:00,OFFICE_A,HIGH,26.27
2026-06-22 09:45:00,CONTROL_ROOM,HIGH,25.16
2026-06-22 09:45:00,UTILITY,HIGH,25.83
2026-06-22 09:45:00,BATTERY_FLEX,HIGH,25.32
2026-06-22 10:00:00,PRODUCTION,HIGH,26.37
2026-06-22 10:00:00,WAREHOUSE,HIGH,25.99
2026-06-22 10:00:00,OFFICE_A,HIGH,25.97
2026-06-22 10:00:00,CONTROL_ROOM,HIGH,25.35
2026-06-22 10:00:00,UTILITY,HIGH,25.73
2026-06-22 10:00:00,BATTERY_FLEX,HIGH,25.04
2026-06-22 10:15:00,PRODUCTION,HIGH,25.89
2026-06-22 10:15:00,WAREHOUSE,HIGH,25.63
2026-06-22 10:15:00,OFFICE_A,HIGH,25.71
2026-06-22 10:15:00,CONTROL_ROOM,HIGH,25.22
2026-06-22 10:15:00,UTILITY,HIGH,26.36
2026-06-22 10:15:00,BATTERY_FLEX,HIGH,24.58
2026-06-22 10:30:00,PRODUCTION,HIGH,27.7
2026-06-22 10:30:00,WAREHOUSE,HIGH,26.1
2026-06-22 10:30:00,OFFICE_A,HIGH,25.48
2026-06-22 10:30:00,CONTROL_ROOM,HIGH,24.94
2026-06-22 10:30:00,UTILITY,HIGH,26.34
2026-06-22 10:30:00,BATTERY_FLEX,HIGH,24.99
2026-06-22 10:45:00,PRODUCTION,HIGH,26.26
2026-06-22 10:45:00,WAREHOUSE,HIGH,25.7
2026-06-22 10:45:00,OFFICE_A,HIGH,26.73
2026-06-22 10:45:00,CONTROL_ROOM,HIGH,24.37
2026-06-22 10:45:00,UTILITY,HIGH,26.39
2026-06-22 10:45:00,BATTERY_FLEX,HIGH,25.65
2026-06-22 11:00:00,PRODUCTION,HIGH,26.44
2026-06-22 11:00:00,WAREHOUSE,HIGH,25.5
2026-06-22 11:00:00,OFFICE_A,HIGH,25.89
2026-06-22 11:00:00,CONTROL_ROOM,HIGH,24.86
2026-06-22 11:00:00,UTILITY,HIGH,25.67
2026-06-22 11:00:00,BATTERY_FLEX,HIGH,25.34
2026-06-22 11:15:00,PRODUCTION,HIGH,27.35
2026-06-22 11:15:00,WAREHOUSE,HIGH,25.65
2026-06-22 11:15:00,OFFICE_A,HIGH,25.64
2026-06-22 11:15:00,CONTROL_ROOM,HIGH,24.3
2026-06-22 11:15:00,UTILITY,HIGH,27.36
2026-06-22 11:15:00,BATTERY_FLEX,HIGH,25.59
2026-06-22 11:30:00,PRODUCTION,HIGH,25.91
2026-06-22 11:30:00,WAREHOUSE,HIGH,25.4
2026-06-22 11:30:00,OFFICE_A,HIGH,26.02
2026-06-22 11:30:00,CONTROL_ROOM,HIGH,24.55
2026-06-22 11:30:00,UTILITY,HIGH,26.22
2026-06-22 11:30:00,BATTERY_FLEX,HIGH,25.63
2026-06-22 11:45:00,PRODUCTION,HIGH,26.8
2026-06-22 11:45:00,WAREHOUSE,HIGH,25.74
2026-06-22 11:45:00,OFFICE_A,HIGH,25.77
2026-06-22 11:45:00,CONTROL_ROOM,HIGH,25.52
2026-06-22 11:45:00,UTILITY,HIGH,25.69
2026-06-22 11:45:00,BATTERY_FLEX,HIGH,25.4
2026-06-22 12:00:00,PRODUCTION,HIGH,26.25
2026-06-22 12:00:00,WAREHOUSE,HIGH,25.13
2026-06-22 12:00:00,OFFICE_A,HIGH,26.22
2026-06-22 12:00:00,CONTROL_ROOM,HIGH,24.79
2026-06-22 12:00:00,UTILITY,HIGH,25.82
2026-06-22 12:00:00,BATTERY_FLEX,HIGH,24.87
2026-06-22 12:15:00,PRODUCTION,HIGH,26.93
2026-06-22 12:15:00,WAREHOUSE,HIGH,25.66
2026-06-22 12:15:00,OFFICE_A,HIGH,26.46
2026-06-22 12:15:00,CONTROL_ROOM,HIGH,24.8
2026-06-22 12:15:00,UTILITY,HIGH,26.25
2026-06-22 12:15:00,BATTERY_FLEX,HIGH,25.32
2026-06-22 12:30:00,PRODUCTION,HIGH,26.25
2026-06-22 12:30:00,WAREHOUSE,HIGH,25.27
2026-06-22 12:30:00,OFFICE_A,HIGH,26.44
2026-06-22 12:30:00,CONTROL_ROOM,HIGH,25.75
2026-06-22 12:30:00,UTILITY,HIGH,26.85
2026-06-22 12:30:00,BATTERY_FLEX,HIGH,25.27
2026-06-22 12:45:00,PRODUCTION,HIGH,26.62
2026-06-22 12:45:00,WAREHOUSE,HIGH,25.81
2026-06-22 12:45:00,OFFICE_A,HIGH,25.63
2026-06-22 12:45:00,CONTROL_ROOM,HIGH,24.68
2026-06-22 12:45:00,UTILITY,HIGH,25.91
2026-06-22 12:45:00,BATTERY_FLEX,HIGH,24.46
2026-06-22 13:00:00,PRODUCTION,HIGH,27.18
2026-06-22 13:00:00,WAREHOUSE,HIGH,26.42
2026-06-22 13:00:00,OFFICE_A,HIGH,26.76
2026-06-22 13:00:00,CONTROL_ROOM,HIGH,24.67
2026-06-22 13:00:00,UTILITY,HIGH,25.55
2026-06-22 13:00:00,BATTERY_FLEX,HIGH,25.73
2026-06-22 13:15:00,PRODUCTION,HIGH,25.54
2026-06-22 13:15:00,WAREHOUSE,HIGH,25.94
2026-06-22 13:15:00,OFFICE_A,HIGH,26.32
2026-06-22 13:15:00,CONTROL_ROOM,HIGH,25.66
2026-06-22 13:15:00,UTILITY,HIGH,26.97
2026-06-22 13:15:00,BATTERY_FLEX,HIGH,25.71
2026-06-22 13:30:00,PRODUCTION,HIGH,26.14
2026-06-22 13:30:00,WAREHOUSE,HIGH,26.5
2026-06-22 13:30:00,OFFICE_A,HIGH,25.19
2026-06-22 13:30:00,CONTROL_ROOM,HIGH,25.32
2026-06-22 13:30:00,UTILITY,HIGH,26.42
2026-06-22 13:30:00,BATTERY_FLEX,HIGH,25.16
2026-06-22 13:45:00,PRODUCTION,HIGH,26.24
2026-06-22 13:45:00,WAREHOUSE,HIGH,26.31
2026-06-22 13:45:00,OFFICE_A,HIGH,25.61
2026-06-22 13:45:00,CONTROL_ROOM,HIGH,25.23
2026-06-22 13:45:00,UTILITY,HIGH,25.6
2026-06-22 13:45:00,BATTERY_FLEX,HIGH,25.49
2026-06-22 14:00:00,PRODUCTION,HIGH,25.18
2026-06-22 14:00:00,WAREHOUSE,HIGH,25.41
2026-06-22 14:00:00,OFFICE_A,HIGH,25.64
2026-06-22 14:00:00,CONTROL_ROOM,HIGH,24.75
2026-06-22 14:00:00,UTILITY,HIGH,26.09
2026-06-22 14:00:00,BATTERY_FLEX,HIGH,24.94
2026-06-22 14:15:00,PRODUCTION,HIGH,27.22
2026-06-22 14:15:00,WAREHOUSE,HIGH,25.65
2026-06-22 14:15:00,OFFICE_A,HIGH,26.11
2026-06-22 14:15:00,CONTROL_ROOM,HIGH,24.55
2026-06-22 14:15:00,UTILITY,HIGH,26.31
2026-06-22 14:15:00,BATTERY_FLEX,HIGH,25.39
2026-06-22 14:30:00,PRODUCTION,HIGH,26.08
2026-06-22 14:30:00,WAREHOUSE,HIGH,26.37
2026-06-22 14:30:00,OFFICE_A,HIGH,26.0
2026-06-22 14:30:00,CONTROL_ROOM,HIGH,25.94
2026-06-22 14:30:00,UTILITY,HIGH,26.49
2026-06-22 14:30:00,BATTERY_FLEX,HIGH,26.26
2026-06-22 14:45:00,PRODUCTION,HIGH,26.23
2026-06-22 14:45:00,WAREHOUSE,HIGH,26.04
2026-06-22 14:45:00,OFFICE_A,HIGH,26.15
2026-06-22 14:45:00,CONTROL_ROOM,HIGH,24.78
2026-06-22 14:45:00,UTILITY,HIGH,26.69
2026-06-22 14:45:00,BATTERY_FLEX,HIGH,25.29
2026-06-22 15:00:00,PRODUCTION,HIGH,26.9
2026-06-22 15:00:00,WAREHOUSE,HIGH,26.39
2026-06-22 15:00:00,OFFICE_A,HIGH,26.64
2026-06-22 15:00:00,CONTROL_ROOM,HIGH,25.11
2026-06-22 15:00:00,UTILITY,HIGH,26.2
2026-06-22 15:00:00,BATTERY_FLEX,HIGH,26.18
2026-06-22 15:15:00,PRODUCTION,HIGH,25.68
2026-06-22 15:15:00,WAREHOUSE,HIGH,25.16
2026-06-22 15:15:00,OFFICE_A,HIGH,26.31
2026-06-22 15:15:00,CONTROL_ROOM,HIGH,25.46
2026-06-22 15:15:00,UTILITY,HIGH,26.48
2026-06-22 15:15:00,BATTERY_FLEX,HIGH,25.85
2026-06-22 15:30:00,PRODUCTION,HIGH,26.73
2026-06-22 15:30:00,WAREHOUSE,HIGH,25.5
2026-06-22 15:30:00,OFFICE_A,HIGH,26.39
2026-06-22 15:30:00,CONTROL_ROOM,HIGH,25.19
2026-06-22 15:30:00,UTILITY,HIGH,25.98
2026-06-22 15:30:00,BATTERY_FLEX,HIGH,25.2
2026-06-22 15:45:00,PRODUCTION,HIGH,26.67
2026-06-22 15:45:00,WAREHOUSE,HIGH,25.07
2026-06-22 15:45:00,OFFICE_A,HIGH,27.0
2026-06-22 15:45:00,CONTROL_ROOM,HIGH,25.66
2026-06-22 15:45:00,UTILITY,HIGH,26.66
2026-06-22 15:45:00,BATTERY_FLEX,HIGH,24.15
2026-06-22 16:00:00,PRODUCTION,HIGH,26.44
2026-06-22 16:00:00,WAREHOUSE,HIGH,25.68
2026-06-22 16:00:00,OFFICE_A,HIGH,26.48
2026-06-22 16:00:00,CONTROL_ROOM,HIGH,24.78
2026-06-22 16:00:00,UTILITY,HIGH,26.01
2026-06-22 16:00:00,BATTERY_FLEX,HIGH,25.39
2026-06-22 16:15:00,PRODUCTION,HIGH,26.72
2026-06-22 16:15:00,WAREHOUSE,HIGH,26.55
2026-06-22 16:15:00,OFFICE_A,HIGH,25.32
2026-06-22 16:15:00,CONTROL_ROOM,HIGH,26.2
2026-06-22 16:15:00,UTILITY,HIGH,27.37
2026-06-22 16:15:00,BATTERY_FLEX,HIGH,25.53
2026-06-22 16:30:00,PRODUCTION,HIGH,26.35
2026-06-22 16:30:00,WAREHOUSE,HIGH,25.76
2026-06-22 16:30:00,OFFICE_A,HIGH,26.43
2026-06-22 16:30:00,CONTROL_ROOM,HIGH,25.36
2026-06-22 16:30:00,UTILITY,HIGH,27.28
2026-06-22 16:30:00,BATTERY_FLEX,HIGH,25.34
2026-06-22 16:45:00,PRODUCTION,HIGH,26.34
2026-06-22 16:45:00,WAREHOUSE,HIGH,25.92
2026-06-22 16:45:00,OFFICE_A,HIGH,26.33
2026-06-22 16:45:00,CONTROL_ROOM,HIGH,24.4
2026-06-22 16:45:00,UTILITY,HIGH,25.91
2026-06-22 16:45:00,BATTERY_FLEX,HIGH,24.54
2026-06-22 17:00:00,PRODUCTION,HIGH,27.09
2026-06-22 17:00:00,WAREHOUSE,HIGH,26.24
2026-06-22 17:00:00,OFFICE_A,HIGH,25.77
2026-06-22 17:00:00,CONTROL_ROOM,HIGH,24.1
2026-06-22 17:00:00,UTILITY,HIGH,25.74
2026-06-22 17:00:00,BATTERY_FLEX,HIGH,24.98
2026-06-22 17:15:00,PRODUCTION,HIGH,26.64
2026-06-22 17:15:00,WAREHOUSE,HIGH,25.12
2026-06-22 17:15:00,OFFICE_A,HIGH,26.32
2026-06-22 17:15:00,CONTROL_ROOM,HIGH,24.57
2026-06-22 17:15:00,UTILITY,HIGH,25.85
2026-06-22 17:15:00,BATTERY_FLEX,HIGH,25.45
2026-06-22 17:30:00,PRODUCTION,HIGH,26.22
2026-06-22 17:30:00,WAREHOUSE,HIGH,26.01
2026-06-22 17:30:00,OFFICE_A,HIGH,26.6
2026-06-22 17:30:00,CONTROL_ROOM,HIGH,23.94
2026-06-22 17:30:00,UTILITY,HIGH,26.3
2026-06-22 17:30:00,BATTERY_FLEX,HIGH,25.01
2026-06-22 17:45:00,PRODUCTION,HIGH,26.53
2026-06-22 17:45:00,WAREHOUSE,HIGH,26.25
2026-06-22 17:45:00,OFFICE_A,HIGH,26.17
2026-06-22 17:45:00,CONTROL_ROOM,HIGH,25.47
2026-06-22 17:45:00,UTILITY,HIGH,26.26
2026-06-22 17:45:00,BATTERY_FLEX,HIGH,24.9
2026-06-22 18:00:00,PRODUCTION,HIGH,26.44
2026-06-22 18:00:00,WAREHOUSE,HIGH,25.29
2026-06-22 18:00:00,OFFICE_A,HIGH,26.18
2026-06-22 18:00:00,CONTROL_ROOM,HIGH,25.25
2026-06-22 18:00:00,UTILITY,HIGH,26.87
2026-06-22 18:00:00,BATTERY_FLEX,HIGH,24.91
2026-06-22 18:15:00,PRODUCTION,HIGH,26.19
2026-06-22 18:15:00,WAREHOUSE,HIGH,26.36
2026-06-22 18:15:00,OFFICE_A,HIGH,25.23
2026-06-22 18:15:00,CONTROL_ROOM,HIGH,25.95
2026-06-22 18:15:00,UTILITY,HIGH,25.92
2026-06-22 18:15:00,BATTERY_FLEX,HIGH,25.66
2026-06-22 18:30:00,PRODUCTION,HIGH,26.81
2026-06-22 18:30:00,WAREHOUSE,HIGH,25.55
2026-06-22 18:30:00,OFFICE_A,HIGH,25.6
2026-06-22 18:30:00,CONTROL_ROOM,HIGH,25.79
2026-06-22 18:30:00,UTILITY,HIGH,26.24
2026-06-22 18:30:00,BATTERY_FLEX,HIGH,24.88
2026-06-22 18:45:00,PRODUCTION,MEDIUM,27.36
2026-06-22 18:45:00,WAREHOUSE,MEDIUM,25.91
2026-06-22 18:45:00,OFFICE_A,MEDIUM,25.9
2026-06-22 18:45:00,CONTROL_ROOM,MEDIUM,24.92
2026-06-22 18:45:00,UTILITY,MEDIUM,27.32
2026-06-22 18:45:00,BATTERY_FLEX,MEDIUM,24.11
2026-06-22 19:00:00,PRODUCTION,MEDIUM,26.38
2026-06-22 19:00:00,WAREHOUSE,MEDIUM,25.57
2026-06-22 19:00:00,OFFICE_A,MEDIUM,25.9
2026-06-22 19:00:00,CONTROL_ROOM,MEDIUM,24.79
2026-06-22 19:00:00,UTILITY,MEDIUM,25.54
2026-06-22 19:00:00,BATTERY_FLEX,MEDIUM,25.39
2026-06-22 19:15:00,PRODUCTION,MEDIUM,27.0
2026-06-22 19:15:00,WAREHOUSE,MEDIUM,26.13
2026-06-22 19:15:00,OFFICE_A,MEDIUM,26.25
2026-06-22 19:15:00,CONTROL_ROOM,MEDIUM,24.85
2026-06-22 19:15:00,UTILITY,MEDIUM,26.78
2026-06-22 19:15:00,BATTERY_FLEX,MEDIUM,25.99
2026-06-22 19:30:00,PRODUCTION,MEDIUM,26.51
2026-06-22 19:30:00,WAREHOUSE,MEDIUM,26.1
2026-06-22 19:30:00,OFFICE_A,MEDIUM,25.69
2026-06-22 19:30:00,CONTROL_ROOM,MEDIUM,24.44
2026-06-22 19:30:00,UTILITY,MEDIUM,26.97
2026-06-22 19:30:00,BATTERY_FLEX,MEDIUM,24.65
2026-06-22 19:45:00,PRODUCTION,MEDIUM,26.78
2026-06-22 19:45:00,WAREHOUSE,MEDIUM,26.3
2026-06-22 19:45:00,OFFICE_A,MEDIUM,25.62
2026-06-22 19:45:00,CONTROL_ROOM,MEDIUM,24.9
2026-06-22 19:45:00,UTILITY,MEDIUM,26.16
2026-06-22 19:45:00,BATTERY_FLEX,MEDIUM,24.57
2026-06-22 20:00:00,PRODUCTION,MEDIUM,25.73
2026-06-22 20:00:00,WAREHOUSE,MEDIUM,25.55
2026-06-22 20:00:00,OFFICE_A,MEDIUM,25.31
2026-06-22 20:00:00,CONTROL_ROOM,MEDIUM,24.71
2026-06-22 20:00:00,UTILITY,MEDIUM,26.32
2026-06-22 20:00:00,BATTERY_FLEX,MEDIUM,24.99
2026-06-22 20:15:00,PRODUCTION,MEDIUM,26.34
2026-06-22 20:15:00,WAREHOUSE,MEDIUM,25.44
2026-06-22 20:15:00,OFFICE_A,MEDIUM,24.83
2026-06-22 20:15:00,CONTROL_ROOM,MEDIUM,24.57
2026-06-22 20:15:00,UTILITY,MEDIUM,25.99
2026-06-22 20:15:00,BATTERY_FLEX,MEDIUM,25.51
2026-06-22 20:30:00,PRODUCTION,MEDIUM,27.0
2026-06-22 20:30:00,WAREHOUSE,MEDIUM,25.84
2026-06-22 20:30:00,OFFICE_A,MEDIUM,26.15
2026-06-22 20:30:00,CONTROL_ROOM,MEDIUM,24.85
2026-06-22 20:30:00,UTILITY,MEDIUM,25.2
2026-06-22 20:30:00,BATTERY_FLEX,MEDIUM,25.07
2026-06-22 20:45:00,PRODUCTION,MEDIUM,26.3
2026-06-22 20:45:00,WAREHOUSE,MEDIUM,26.11
2026-06-22 20:45:00,OFFICE_A,MEDIUM,26.09
2026-06-22 20:45:00,CONTROL_ROOM,MEDIUM,25.3
2026-06-22 20:45:00,UTILITY,MEDIUM,25.29
2026-06-22 20:45:00,BATTERY_FLEX,MEDIUM,24.52
2026-06-22 21:00:00,PRODUCTION,LOW,25.76
2026-06-22 21:00:00,WAREHOUSE,LOW,25.53
2026-06-22 21:00:00,OFFICE_A,LOW,24.28
2026-06-22 21:00:00,CONTROL_ROOM,LOW,23.86
2026-06-22 21:00:00,UTILITY,LOW,26.01
2026-06-22 21:00:00,BATTERY_FLEX,LOW,24.7
2026-06-22 21:15:00,PRODUCTION,LOW,25.87
2026-06-22 21:15:00,WAREHOUSE,LOW,25.68
2026-06-22 21:15:00,OFFICE_A,LOW,25.53
2026-06-22 21:15:00,CONTROL_ROOM,LOW,23.99
2026-06-22 21:15:00,UTILITY,LOW,26.68
2026-06-22 21:15:00,BATTERY_FLEX,LOW,25.28
2026-06-22 21:30:00,PRODUCTION,LOW,25.62
2026-06-22 21:30:00,WAREHOUSE,LOW,25.81
2026-06-22 21:30:00,OFFICE_A,LOW,25.55
2026-06-22 21:30:00,CONTROL_ROOM,LOW,24.49
2026-06-22 21:30:00,UTILITY,LOW,26.23
2026-06-22 21:30:00,BATTERY_FLEX,LOW,25.1
2026-06-22 21:45:00,PRODUCTION,LOW,25.27
2026-06-22 21:45:00,WAREHOUSE,LOW,25.7
2026-06-22 21:45:00,OFFICE_A,LOW,25.58
2026-06-22 21:45:00,CONTROL_ROOM,LOW,24.84
2026-06-22 21:45:00,UTILITY,LOW,26.32
2026-06-22 21:45:00,BATTERY_FLEX,LOW,25.23
2026-06-22 22:00:00,PRODUCTION,LOW,25.44
2026-06-22 22:00:00,WAREHOUSE,LOW,26.12
2026-06-22 22:00:00,OFFICE_A,LOW,24.45
2026-06-22 22:00:00,CONTROL_ROOM,LOW,24.66
2026-06-22 22:00:00,UTILITY,LOW,26.07
2026-06-22 22:00:00,BATTERY_FLEX,LOW,25.55
2026-06-22 22:15:00,PRODUCTION,LOW,25.96
2026-06-22 22:15:00,WAREHOUSE,LOW,25.04
2026-06-22 22:15:00,OFFICE_A,LOW,25.56
2026-06-22 22:15:00,CONTROL_ROOM,LOW,23.32
2026-06-22 22:15:00,UTILITY,LOW,25.73
2026-06-22 22:15:00,BATTERY_FLEX,LOW,24.28
2026-06-22 22:30:00,PRODUCTION,LOW,26.49
2026-06-22 22:30:00,WAREHOUSE,LOW,25.41
2026-06-22 22:30:00,OFFICE_A,LOW,25.56
2026-06-22 22:30:00,CONTROL_ROOM,LOW,24.29
2026-06-22 22:30:00,UTILITY,LOW,26.02
2026-06-22 22:30:00,BATTERY_FLEX,LOW,25.72
2026-06-22 22:45:00,PRODUCTION,LOW,25.93
2026-06-22 22:45:00,WAREHOUSE,LOW,25.73
2026-06-22 22:45:00,OFFICE_A,LOW,25.39
2026-06-22 22:45:00,CONTROL_ROOM,LOW,24.1
2026-06-22 22:45:00,UTILITY,LOW,24.28
2026-06-22 22:45:00,BATTERY_FLEX,LOW,25.83
2026-06-22 23:00:00,PRODUCTION,LOW,25.34
2026-06-22 23:00:00,WAREHOUSE,LOW,25.68
2026-06-22 23:00:00,OFFICE_A,LOW,25.21
2026-06-22 23:00:00,CONTROL_ROOM,LOW,23.87
2026-06-22 23:00:00,UTILITY,LOW,26.13
2026-06-22 23:00:00,BATTERY_FLEX,LOW,25.04
2026-06-22 23:15:00,PRODUCTION,LOW,26.07
2026-06-22 23:15:00,WAREHOUSE,LOW,25.23
2026-06-22 23:15:00,OFFICE_A,LOW,24.76
2026-06-22 23:15:00,CONTROL_ROOM,LOW,23.92
2026-06-22 23:15:00,UTILITY,LOW,26.0
2026-06-22 23:15:00,BATTERY_FLEX,LOW,25.0
2026-06-22 23:30:00,PRODUCTION,LOW,26.43
2026-06-22 23:30:00,WAREHOUSE,LOW,24.61
2026-06-22 23:30:00,OFFICE_A,LOW,24.49
2026-06-22 23:30:00,CONTROL_ROOM,LOW,24.77
2026-06-22 23:30:00,UTILITY,LOW,26.85
2026-06-22 23:30:00,BATTERY_FLEX,LOW,24.0
2026-06-22 23:45:00,PRODUCTION,LOW,26.5
2026-06-22 23:45:00,WAREHOUSE,LOW,25.46
2026-06-22 23:45:00,OFFICE_A,LOW,25.37
2026-06-22 23:45:00,CONTROL_ROOM,LOW,23.85
2026-06-22 23:45:00,UTILITY,LOW,26.55
2026-06-22 23:45:00,BATTERY_FLEX,LOW,25.47
2026-06-23 00:00:00,PRODUCTION,LOW,24.73
2026-06-23 00:00:00,WAREHOUSE,LOW,23.72
2026-06-23 00:00:00,OFFICE_A,LOW,22.95
2026-06-23 00:00:00,CONTROL_ROOM,LOW,21.18
2026-06-23 00:00:00,UTILITY,LOW,22.78
2026-06-23 00:00:00,BATTERY_FLEX,LOW,21.82
2026-06-23 00:15:00,PRODUCTION,LOW,22.89
2026-06-23 00:15:00,WAREHOUSE,LOW,22.98
2026-06-23 00:15:00,OFFICE_A,LOW,22.57
2026-06-23 00:15:00,CONTROL_ROOM,LOW,22.1
2026-06-23 00:15:00,UTILITY,LOW,23.11
2026-06-23 00:15:00,BATTERY_FLEX,LOW,22.72
2026-06-23 00:30:00,PRODUCTION,LOW,23.09
2026-06-23 00:30:00,WAREHOUSE,LOW,22.56
2026-06-23 00:30:00,OFFICE_A,LOW,23.16
2026-06-23 00:30:00,CONTROL_ROOM,LOW,21.76
2026-06-23 00:30:00,UTILITY,LOW,23.76
2026-06-23 00:30:00,BATTERY_FLEX,LOW,21.97
2026-06-23 00:45:00,PRODUCTION,LOW,23.31
2026-06-23 00:45:00,WAREHOUSE,LOW,22.64
2026-06-23 00:45:00,OFFICE_A,LOW,23.98
2026-06-23 00:45:00,CONTROL_ROOM,LOW,22.25
2026-06-23 00:45:00,UTILITY,LOW,23.67
2026-06-23 00:45:00,BATTERY_FLEX,LOW,21.92
2026-06-23 01:00:00,PRODUCTION,LOW,22.47
2026-06-23 01:00:00,WAREHOUSE,LOW,23.04
2026-06-23 01:00:00,OFFICE_A,LOW,22.7
2026-06-23 01:00:00,CONTROL_ROOM,LOW,21.82
2026-06-23 01:00:00,UTILITY,LOW,23.31
2026-06-23 01:00:00,BATTERY_FLEX,LOW,22.99
2026-06-23 01:15:00,PRODUCTION,LOW,23.49
2026-06-23 01:15:00,WAREHOUSE,LOW,23.64
2026-06-23 01:15:00,OFFICE_A,LOW,22.46
2026-06-23 01:15:00,CONTROL_ROOM,LOW,21.36
2026-06-23 01:15:00,UTILITY,LOW,22.7
2026-06-23 01:15:00,BATTERY_FLEX,LOW,21.54
2026-06-23 01:30:00,PRODUCTION,LOW,22.71
2026-06-23 01:30:00,WAREHOUSE,LOW,23.8
2026-06-23 01:30:00,OFFICE_A,LOW,23.08
2026-06-23 01:30:00,CONTROL_ROOM,LOW,21.01
2026-06-23 01:30:00,UTILITY,LOW,23.31
2026-06-23 01:30:00,BATTERY_FLEX,LOW,22.74
2026-06-23 01:45:00,PRODUCTION,LOW,23.71
2026-06-23 01:45:00,WAREHOUSE,LOW,23.63
2026-06-23 01:45:00,OFFICE_A,LOW,22.3
2026-06-23 01:45:00,CONTROL_ROOM,LOW,21.9
2026-06-23 01:45:00,UTILITY,LOW,23.54
2026-06-23 01:45:00,BATTERY_FLEX,LOW,22.04
2026-06-23 02:00:00,PRODUCTION,LOW,24.0
2026-06-23 02:00:00,WAREHOUSE,LOW,22.85
2026-06-23 02:00:00,OFFICE_A,LOW,22.4
2026-06-23 02:00:00,CONTROL_ROOM,LOW,22.25
2026-06-23 02:00:00,UTILITY,LOW,24.16
2026-06-23 02:00:00,BATTERY_FLEX,LOW,22.0
2026-06-23 02:15:00,PRODUCTION,LOW,23.35
2026-06-23 02:15:00,WAREHOUSE,LOW,22.69
2026-06-23 02:15:00,OFFICE_A,LOW,22.38
2026-06-23 02:15:00,CONTROL_ROOM,LOW,21.6
2026-06-23 02:15:00,UTILITY,LOW,22.79
2026-06-23 02:15:00,BATTERY_FLEX,LOW,21.51
2026-06-23 02:30:00,PRODUCTION,LOW,24.24
2026-06-23 02:30:00,WAREHOUSE,LOW,22.81
2026-06-23 02:30:00,OFFICE_A,LOW,23.93
2026-06-23 02:30:00,CONTROL_ROOM,LOW,22.23
2026-06-23 02:30:00,UTILITY,LOW,23.24
2026-06-23 02:30:00,BATTERY_FLEX,LOW,21.27
2026-06-23 02:45:00,PRODUCTION,LOW,23.08
2026-06-23 02:45:00,WAREHOUSE,LOW,22.48
2026-06-23 02:45:00,OFFICE_A,LOW,22.48
2026-06-23 02:45:00,CONTROL_ROOM,LOW,22.05
2026-06-23 02:45:00,UTILITY,LOW,23.37
2026-06-23 02:45:00,BATTERY_FLEX,LOW,22.37
2026-06-23 03:00:00,PRODUCTION,LOW,23.6
2026-06-23 03:00:00,WAREHOUSE,LOW,22.67
2026-06-23 03:00:00,OFFICE_A,LOW,22.49
2026-06-23 03:00:00,CONTROL_ROOM,LOW,22.72
2026-06-23 03:00:00,UTILITY,LOW,23.38
2026-06-23 03:00:00,BATTERY_FLEX,LOW,22.31
2026-06-23 03:15:00,PRODUCTION,LOW,23.72
2026-06-23 03:15:00,WAREHOUSE,LOW,23.32
2026-06-23 03:15:00,OFFICE_A,LOW,21.04
2026-06-23 03:15:00,CONTROL_ROOM,LOW,21.6
2026-06-23 03:15:00,UTILITY,LOW,22.92
2026-06-23 03:15:00,BATTERY_FLEX,LOW,23.12
2026-06-23 03:30:00,PRODUCTION,LOW,23.88
2026-06-23 03:30:00,WAREHOUSE,LOW,22.9
2026-06-23 03:30:00,OFFICE_A,LOW,23.54
2026-06-23 03:30:00,CONTROL_ROOM,LOW,21.77
2026-06-23 03:30:00,UTILITY,LOW,23.79
2026-06-23 03:30:00,BATTERY_FLEX,LOW,22.3
2026-06-23 03:45:00,PRODUCTION,LOW,23.32
2026-06-23 03:45:00,WAREHOUSE,LOW,23.03
2026-06-23 03:45:00,OFFICE_A,LOW,23.03
2026-06-23 03:45:00,CONTROL_ROOM,LOW,22.45
2026-06-23 03:45:00,UTILITY,LOW,24.07
2026-06-23 03:45:00,BATTERY_FLEX,LOW,22.63
2026-06-23 04:00:00,PRODUCTION,LOW,23.15
2026-06-23 04:00:00,WAREHOUSE,LOW,22.97
2026-06-23 04:00:00,OFFICE_A,LOW,21.92
2026-06-23 04:00:00,CONTROL_ROOM,LOW,21.81
2026-06-23 04:00:00,UTILITY,LOW,24.61
2026-06-23 04:00:00,BATTERY_FLEX,LOW,22.38
2026-06-23 04:15:00,PRODUCTION,LOW,22.89
2026-06-23 04:15:00,WAREHOUSE,LOW,23.17
2026-06-23 04:15:00,OFFICE_A,LOW,22.95
2026-06-23 04:15:00,CONTROL_ROOM,LOW,22.43
2026-06-23 04:15:00,UTILITY,LOW,24.16
2026-06-23 04:15:00,BATTERY_FLEX,LOW,21.17
2026-06-23 04:30:00,PRODUCTION,LOW,21.29
2026-06-23 04:30:00,WAREHOUSE,LOW,22.67
2026-06-23 04:30:00,OFFICE_A,LOW,22.64
2026-06-23 04:30:00,CONTROL_ROOM,LOW,21.38
2026-06-23 04:30:00,UTILITY,LOW,23.04
2026-06-23 04:30:00,BATTERY_FLEX,LOW,22.56
2026-06-23 04:45:00,PRODUCTION,LOW,23.26
2026-06-23 04:45:00,WAREHOUSE,LOW,22.62
2026-06-23 04:45:00,OFFICE_A,LOW,22.17
2026-06-23 04:45:00,CONTROL_ROOM,LOW,21.62
2026-06-23 04:45:00,UTILITY,LOW,24.11
2026-06-23 04:45:00,BATTERY_FLEX,LOW,22.15
2026-06-23 05:00:00,PRODUCTION,LOW,23.45
2026-06-23 05:00:00,WAREHOUSE,LOW,22.71
2026-06-23 05:00:00,OFFICE_A,LOW,23.12
2026-06-23 05:00:00,CONTROL_ROOM,LOW,22.14
2026-06-23 05:00:00,UTILITY,LOW,23.36
2026-06-23 05:00:00,BATTERY_FLEX,LOW,21.98
2026-06-23 05:15:00,PRODUCTION,LOW,23.25
2026-06-23 05:15:00,WAREHOUSE,LOW,22.71
2026-06-23 05:15:00,OFFICE_A,LOW,21.87
2026-06-23 05:15:00,CONTROL_ROOM,LOW,21.45
2026-06-23 05:15:00,UTILITY,LOW,24.17
2026-06-23 05:15:00,BATTERY_FLEX,LOW,23.14
2026-06-23 05:30:00,PRODUCTION,LOW,23.25
2026-06-23 05:30:00,WAREHOUSE,LOW,22.5
2026-06-23 05:30:00,OFFICE_A,LOW,22.25
2026-06-23 05:30:00,CONTROL_ROOM,LOW,21.4
2026-06-23 05:30:00,UTILITY,LOW,24.25
2026-06-23 05:30:00,BATTERY_FLEX,LOW,23.09
2026-06-23 05:45:00,PRODUCTION,LOW,23.09
2026-06-23 05:45:00,WAREHOUSE,LOW,22.77
2026-06-23 05:45:00,OFFICE_A,LOW,23.37
2026-06-23 05:45:00,CONTROL_ROOM,LOW,21.66
2026-06-23 05:45:00,UTILITY,LOW,23.65
2026-06-23 05:45:00,BATTERY_FLEX,LOW,22.65
2026-06-23 06:00:00,PRODUCTION,LOW,23.95
2026-06-23 06:00:00,WAREHOUSE,LOW,22.48
2026-06-23 06:00:00,OFFICE_A,LOW,21.96
2026-06-23 06:00:00,CONTROL_ROOM,LOW,21.75
2026-06-23 06:00:00,UTILITY,LOW,24.11
2026-06-23 06:00:00,BATTERY_FLEX,LOW,22.73
2026-06-23 06:15:00,PRODUCTION,LOW,22.12
2026-06-23 06:15:00,WAREHOUSE,LOW,22.98
2026-06-23 06:15:00,OFFICE_A,LOW,21.63
2026-06-23 06:15:00,CONTROL_ROOM,LOW,22.38
2026-06-23 06:15:00,UTILITY,LOW,24.33
2026-06-23 06:15:00,BATTERY_FLEX,LOW,22.62
2026-06-23 06:30:00,PRODUCTION,LOW,23.59
2026-06-23 06:30:00,WAREHOUSE,LOW,23.68
2026-06-23 06:30:00,OFFICE_A,LOW,22.61
2026-06-23 06:30:00,CONTROL_ROOM,LOW,21.42
2026-06-23 06:30:00,UTILITY,LOW,23.55
2026-06-23 06:30:00,BATTERY_FLEX,LOW,21.63
2026-06-23 06:45:00,PRODUCTION,LOW,23.15
2026-06-23 06:45:00,WAREHOUSE,LOW,22.32
2026-06-23 06:45:00,OFFICE_A,LOW,23.59
2026-06-23 06:45:00,CONTROL_ROOM,LOW,21.31
2026-06-23 06:45:00,UTILITY,LOW,23.77
2026-06-23 06:45:00,BATTERY_FLEX,LOW,22.82
2026-06-23 07:00:00,PRODUCTION,LOW,22.92
2026-06-23 07:00:00,WAREHOUSE,LOW,23.5
2026-06-23 07:00:00,OFFICE_A,LOW,23.18
2026-06-23 07:00:00,CONTROL_ROOM,LOW,21.88
2026-06-23 07:00:00,UTILITY,LOW,23.31
2026-06-23 07:00:00,BATTERY_FLEX,LOW,23.65
2026-06-23 07:15:00,PRODUCTION,MEDIUM,23.32
2026-06-23 07:15:00,WAREHOUSE,MEDIUM,23.66
2026-06-23 07:15:00,OFFICE_A,MEDIUM,23.28
2026-06-23 07:15:00,CONTROL_ROOM,MEDIUM,21.97
2026-06-23 07:15:00,UTILITY,MEDIUM,23.86
2026-06-23 07:15:00,BATTERY_FLEX,MEDIUM,22.85
2026-06-23 07:30:00,PRODUCTION,MEDIUM,23.58
2026-06-23 07:30:00,WAREHOUSE,MEDIUM,21.81
2026-06-23 07:30:00,OFFICE_A,MEDIUM,22.97
2026-06-23 07:30:00,CONTROL_ROOM,MEDIUM,22.53
2026-06-23 07:30:00,UTILITY,MEDIUM,23.92
2026-06-23 07:30:00,BATTERY_FLEX,MEDIUM,22.77
2026-06-23 07:45:00,PRODUCTION,MEDIUM,23.84
2026-06-23 07:45:00,WAREHOUSE,MEDIUM,23.0
2026-06-23 07:45:00,OFFICE_A,MEDIUM,21.96
2026-06-23 07:45:00,CONTROL_ROOM,MEDIUM,22.61
2026-06-23 07:45:00,UTILITY,MEDIUM,23.91
2026-06-23 07:45:00,BATTERY_FLEX,MEDIUM,22.73
2026-06-23 08:00:00,PRODUCTION,MEDIUM,23.59
2026-06-23 08:00:00,WAREHOUSE,MEDIUM,23.12
2026-06-23 08:00:00,OFFICE_A,MEDIUM,23.34
2026-06-23 08:00:00,CONTROL_ROOM,MEDIUM,21.54
2026-06-23 08:00:00,UTILITY,MEDIUM,23.93
2026-06-23 08:00:00,BATTERY_FLEX,MEDIUM,22.29
2026-06-23 08:15:00,PRODUCTION,MEDIUM,24.08
2026-06-23 08:15:00,WAREHOUSE,MEDIUM,23.21
2026-06-23 08:15:00,OFFICE_A,MEDIUM,22.32
2026-06-23 08:15:00,CONTROL_ROOM,MEDIUM,22.82
2026-06-23 08:15:00,UTILITY,MEDIUM,23.81
2026-06-23 08:15:00,BATTERY_FLEX,MEDIUM,22.86
2026-06-23 08:30:00,PRODUCTION,MEDIUM,24.05
2026-06-23 08:30:00,WAREHOUSE,MEDIUM,23.37
2026-06-23 08:30:00,OFFICE_A,MEDIUM,23.07
2026-06-23 08:30:00,CONTROL_ROOM,MEDIUM,21.45
2026-06-23 08:30:00,UTILITY,MEDIUM,23.79
2026-06-23 08:30:00,BATTERY_FLEX,MEDIUM,23.37
2026-06-23 08:45:00,PRODUCTION,MEDIUM,23.67
2026-06-23 08:45:00,WAREHOUSE,MEDIUM,22.16
2026-06-23 08:45:00,OFFICE_A,MEDIUM,23.83
2026-06-23 08:45:00,CONTROL_ROOM,MEDIUM,21.85
2026-06-23 08:45:00,UTILITY,MEDIUM,24.6
2026-06-23 08:45:00,BATTERY_FLEX,MEDIUM,23.28
2026-06-23 09:00:00,PRODUCTION,HIGH,24.43
2026-06-23 09:00:00,WAREHOUSE,HIGH,23.35
2026-06-23 09:00:00,OFFICE_A,HIGH,24.87
2026-06-23 09:00:00,CONTROL_ROOM,HIGH,22.49
2026-06-23 09:00:00,UTILITY,HIGH,24.02
2026-06-23 09:00:00,BATTERY_FLEX,HIGH,22.26
2026-06-23 09:15:00,PRODUCTION,HIGH,24.03
2026-06-23 09:15:00,WAREHOUSE,HIGH,22.51
2026-06-23 09:15:00,OFFICE_A,HIGH,23.69
2026-06-23 09:15:00,CONTROL_ROOM,HIGH,21.95
2026-06-23 09:15:00,UTILITY,HIGH,24.02
2026-06-23 09:15:00,BATTERY_FLEX,HIGH,23.18
2026-06-23 09:30:00,PRODUCTION,HIGH,24.37
2026-06-23 09:30:00,WAREHOUSE,HIGH,23.31
2026-06-23 09:30:00,OFFICE_A,HIGH,24.17
2026-06-23 09:30:00,CONTROL_ROOM,HIGH,22.48
2026-06-23 09:30:00,UTILITY,HIGH,23.42
2026-06-23 09:30:00,BATTERY_FLEX,HIGH,22.23
2026-06-23 09:45:00,PRODUCTION,HIGH,23.96
2026-06-23 09:45:00,WAREHOUSE,HIGH,23.84
2026-06-23 09:45:00,OFFICE_A,HIGH,23.34
2026-06-23 09:45:00,CONTROL_ROOM,HIGH,22.06
2026-06-23 09:45:00,UTILITY,HIGH,23.08
2026-06-23 09:45:00,BATTERY_FLEX,HIGH,22.48
2026-06-23 10:00:00,PRODUCTION,HIGH,23.89
2026-06-23 10:00:00,WAREHOUSE,HIGH,24.09
2026-06-23 10:00:00,OFFICE_A,HIGH,22.78
2026-06-23 10:00:00,CONTROL_ROOM,HIGH,22.37
2026-06-23 10:00:00,UTILITY,HIGH,24.73
2026-06-23 10:00:00,BATTERY_FLEX,HIGH,22.66
2026-06-23 10:15:00,PRODUCTION,HIGH,24.65
2026-06-23 10:15:00,WAREHOUSE,HIGH,23.25
2026-06-23 10:15:00,OFFICE_A,HIGH,23.24
2026-06-23 10:15:00,CONTROL_ROOM,HIGH,22.43
2026-06-23 10:15:00,UTILITY,HIGH,23.25
2026-06-23 10:15:00,BATTERY_FLEX,HIGH,22.71
2026-06-23 10:30:00,PRODUCTION,HIGH,25.16
2026-06-23 10:30:00,WAREHOUSE,HIGH,22.17
2026-06-23 10:30:00,OFFICE_A,HIGH,22.87
2026-06-23 10:30:00,CONTROL_ROOM,HIGH,22.3
2026-06-23 10:30:00,UTILITY,HIGH,24.49
2026-06-23 10:30:00,BATTERY_FLEX,HIGH,22.69
2026-06-23 10:45:00,PRODUCTION,HIGH,23.24
2026-06-23 10:45:00,WAREHOUSE,HIGH,24.23
2026-06-23 10:45:00,OFFICE_A,HIGH,23.26
2026-06-23 10:45:00,CONTROL_ROOM,HIGH,22.52
2026-06-23 10:45:00,UTILITY,HIGH,23.69
2026-06-23 10:45:00,BATTERY_FLEX,HIGH,22.61
2026-06-23 11:00:00,PRODUCTION,HIGH,24.72
2026-06-23 11:00:00,WAREHOUSE,HIGH,23.73
2026-06-23 11:00:00,OFFICE_A,HIGH,22.9
2026-06-23 11:00:00,CONTROL_ROOM,HIGH,23.01
2026-06-23 11:00:00,UTILITY,HIGH,23.99
2026-06-23 11:00:00,BATTERY_FLEX,HIGH,22.44
2026-06-23 11:15:00,PRODUCTION,HIGH,24.26
2026-06-23 11:15:00,WAREHOUSE,HIGH,22.82
2026-06-23 11:15:00,OFFICE_A,HIGH,24.52
2026-06-23 11:15:00,CONTROL_ROOM,HIGH,21.56
2026-06-23 11:15:00,UTILITY,HIGH,24.04
2026-06-23 11:15:00,BATTERY_FLEX,HIGH,22.94
2026-06-23 11:30:00,PRODUCTION,HIGH,24.03
2026-06-23 11:30:00,WAREHOUSE,HIGH,22.68
2026-06-23 11:30:00,OFFICE_A,HIGH,23.03
2026-06-23 11:30:00,CONTROL_ROOM,HIGH,22.64
2026-06-23 11:30:00,UTILITY,HIGH,22.97
2026-06-23 11:30:00,BATTERY_FLEX,HIGH,23.67
2026-06-23 11:45:00,PRODUCTION,HIGH,23.95
2026-06-23 11:45:00,WAREHOUSE,HIGH,22.85
2026-06-23 11:45:00,OFFICE_A,HIGH,22.28
2026-06-23 11:45:00,CONTROL_ROOM,HIGH,22.42
2026-06-23 11:45:00,UTILITY,HIGH,24.66
2026-06-23 11:45:00,BATTERY_FLEX,HIGH,22.37
2026-06-23 12:00:00,PRODUCTION,HIGH,24.68
2026-06-23 12:00:00,WAREHOUSE,HIGH,22.49
2026-06-23 12:00:00,OFFICE_A,HIGH,22.86
2026-06-23 12:00:00,CONTROL_ROOM,HIGH,23.28
2026-06-23 12:00:00,UTILITY,HIGH,24.12
2026-06-23 12:00:00,BATTERY_FLEX,HIGH,22.63
2026-06-23 12:15:00,PRODUCTION,HIGH,24.02
2026-06-23 12:15:00,WAREHOUSE,HIGH,23.57
2026-06-23 12:15:00,OFFICE_A,HIGH,22.36
2026-06-23 12:15:00,CONTROL_ROOM,HIGH,22.42
2026-06-23 12:15:00,UTILITY,HIGH,24.13
2026-06-23 12:15:00,BATTERY_FLEX,HIGH,22.73
2026-06-23 12:30:00,PRODUCTION,HIGH,24.4
2026-06-23 12:30:00,WAREHOUSE,HIGH,22.75
2026-06-23 12:30:00,OFFICE_A,HIGH,23.51
2026-06-23 12:30:00,CONTROL_ROOM,HIGH,22.81
2026-06-23 12:30:00,UTILITY,HIGH,23.33
2026-06-23 12:30:00,BATTERY_FLEX,HIGH,23.14
2026-06-23 12:45:00,PRODUCTION,HIGH,23.63
2026-06-23 12:45:00,WAREHOUSE,HIGH,22.82
2026-06-23 12:45:00,OFFICE_A,HIGH,24.07
2026-06-23 12:45:00,CONTROL_ROOM,HIGH,22.6
2026-06-23 12:45:00,UTILITY,HIGH,23.03
2026-06-23 12:45:00,BATTERY_FLEX,HIGH,23.19
2026-06-23 13:00:00,PRODUCTION,HIGH,24.38
2026-06-23 13:00:00,WAREHOUSE,HIGH,22.8
2026-06-23 13:00:00,OFFICE_A,HIGH,22.81
2026-06-23 13:00:00,CONTROL_ROOM,HIGH,22.75
2026-06-23 13:00:00,UTILITY,HIGH,24.14
2026-06-23 13:00:00,BATTERY_FLEX,HIGH,22.34
2026-06-23 13:15:00,PRODUCTION,HIGH,24.66
2026-06-23 13:15:00,WAREHOUSE,HIGH,23.42
2026-06-23 13:15:00,OFFICE_A,HIGH,23.35
2026-06-23 13:15:00,CONTROL_ROOM,HIGH,22.54
2026-06-23 13:15:00,UTILITY,HIGH,23.99
2026-06-23 13:15:00,BATTERY_FLEX,HIGH,22.14
2026-06-23 13:30:00,PRODUCTION,HIGH,24.07
2026-06-23 13:30:00,WAREHOUSE,HIGH,22.93
2026-06-23 13:30:00,OFFICE_A,HIGH,23.94
2026-06-23 13:30:00,CONTROL_ROOM,HIGH,22.01
2026-06-23 13:30:00,UTILITY,HIGH,23.41
2026-06-23 13:30:00,BATTERY_FLEX,HIGH,23.15
2026-06-23 13:45:00,PRODUCTION,HIGH,23.64
2026-06-23 13:45:00,WAREHOUSE,HIGH,23.16
2026-06-23 13:45:00,OFFICE_A,HIGH,23.6
2026-06-23 13:45:00,CONTROL_ROOM,HIGH,22.81
2026-06-23 13:45:00,UTILITY,HIGH,23.92
2026-06-23 13:45:00,BATTERY_FLEX,HIGH,22.89
2026-06-23 14:00:00,PRODUCTION,HIGH,24.44
2026-06-23 14:00:00,WAREHOUSE,HIGH,22.92
2026-06-23 14:00:00,OFFICE_A,HIGH,24.06
2026-06-23 14:00:00,CONTROL_ROOM,HIGH,21.94
2026-06-23 14:00:00,UTILITY,HIGH,23.56
2026-06-23 14:00:00,BATTERY_FLEX,HIGH,22.64
2026-06-23 14:15:00,PRODUCTION,HIGH,23.18
2026-06-23 14:15:00,WAREHOUSE,HIGH,23.08
2026-06-23 14:15:00,OFFICE_A,HIGH,22.72
2026-06-23 14:15:00,CONTROL_ROOM,HIGH,23.62
2026-06-23 14:15:00,UTILITY,HIGH,23.88
2026-06-23 14:15:00,BATTERY_FLEX,HIGH,22.84
2026-06-23 14:30:00,PRODUCTION,HIGH,23.35
2026-06-23 14:30:00,WAREHOUSE,HIGH,23.94
2026-06-23 14:30:00,OFFICE_A,HIGH,24.25
2026-06-23 14:30:00,CONTROL_ROOM,HIGH,22.6
2026-06-23 14:30:00,UTILITY,HIGH,23.72
2026-06-23 14:30:00,BATTERY_FLEX,HIGH,21.23
2026-06-23 14:45:00,PRODUCTION,HIGH,24.51
2026-06-23 14:45:00,WAREHOUSE,HIGH,23.25
2026-06-23 14:45:00,OFFICE_A,HIGH,24.61
2026-06-23 14:45:00,CONTROL_ROOM,HIGH,23.15
2026-06-23 14:45:00,UTILITY,HIGH,23.59
2026-06-23 14:45:00,BATTERY_FLEX,HIGH,23.88
2026-06-23 15:00:00,PRODUCTION,HIGH,23.72
2026-06-23 15:00:00,WAREHOUSE,HIGH,23.09
2026-06-23 15:00:00,OFFICE_A,HIGH,24.0
2026-06-23 15:00:00,CONTROL_ROOM,HIGH,22.58
2026-06-23 15:00:00,UTILITY,HIGH,23.77
2026-06-23 15:00:00,BATTERY_FLEX,HIGH,22.8
2026-06-23 15:15:00,PRODUCTION,HIGH,23.68
2026-06-23 15:15:00,WAREHOUSE,HIGH,23.16
2026-06-23 15:15:00,OFFICE_A,HIGH,24.31
2026-06-23 15:15:00,CONTROL_ROOM,HIGH,22.57
2026-06-23 15:15:00,UTILITY,HIGH,23.12
2026-06-23 15:15:00,BATTERY_FLEX,HIGH,22.38
2026-06-23 15:30:00,PRODUCTION,HIGH,23.37
2026-06-23 15:30:00,WAREHOUSE,HIGH,23.44
2026-06-23 15:30:00,OFFICE_A,HIGH,23.84
2026-06-23 15:30:00,CONTROL_ROOM,HIGH,22.66
2026-06-23 15:30:00,UTILITY,HIGH,23.5
2026-06-23 15:30:00,BATTERY_FLEX,HIGH,22.61
2026-06-23 15:45:00,PRODUCTION,HIGH,24.63
2026-06-23 15:45:00,WAREHOUSE,HIGH,23.15
2026-06-23 15:45:00,OFFICE_A,HIGH,23.86
2026-06-23 15:45:00,CONTROL_ROOM,HIGH,22.88
2026-06-23 15:45:00,UTILITY,HIGH,24.97
2026-06-23 15:45:00,BATTERY_FLEX,HIGH,23.23
2026-06-23 16:00:00,PRODUCTION,HIGH,24.82
2026-06-23 16:00:00,WAREHOUSE,HIGH,23.61
2026-06-23 16:00:00,OFFICE_A,HIGH,23.21
2026-06-23 16:00:00,CONTROL_ROOM,HIGH,22.86
2026-06-23 16:00:00,UTILITY,HIGH,24.2
2026-06-23 16:00:00,BATTERY_FLEX,HIGH,21.73
2026-06-23 16:15:00,PRODUCTION,HIGH,23.2
2026-06-23 16:15:00,WAREHOUSE,HIGH,23.14
2026-06-23 16:15:00,OFFICE_A,HIGH,23.83
2026-06-23 16:15:00,CONTROL_ROOM,HIGH,22.85
2026-06-23 16:15:00,UTILITY,HIGH,24.56
2026-06-23 16:15:00,BATTERY_FLEX,HIGH,22.81
2026-06-23 16:30:00,PRODUCTION,HIGH,24.5
2026-06-23 16:30:00,WAREHOUSE,HIGH,23.66
2026-06-23 16:30:00,OFFICE_A,HIGH,23.78
2026-06-23 16:30:00,CONTROL_ROOM,HIGH,22.92
2026-06-23 16:30:00,UTILITY,HIGH,24.42
2026-06-23 16:30:00,BATTERY_FLEX,HIGH,22.82
2026-06-23 16:45:00,PRODUCTION,HIGH,23.92
2026-06-23 16:45:00,WAREHOUSE,HIGH,23.69
2026-06-23 16:45:00,OFFICE_A,HIGH,23.16
2026-06-23 16:45:00,CONTROL_ROOM,HIGH,22.5
2026-06-23 16:45:00,UTILITY,HIGH,22.86
2026-06-23 16:45:00,BATTERY_FLEX,HIGH,23.09
2026-06-23 17:00:00,PRODUCTION,HIGH,24.59
2026-06-23 17:00:00,WAREHOUSE,HIGH,23.64
2026-06-23 17:00:00,OFFICE_A,HIGH,23.98
2026-06-23 17:00:00,CONTROL_ROOM,HIGH,23.01
2026-06-23 17:00:00,UTILITY,HIGH,23.46
2026-06-23 17:00:00,BATTERY_FLEX,HIGH,22.69
2026-06-23 17:15:00,PRODUCTION,HIGH,23.42
2026-06-23 17:15:00,WAREHOUSE,HIGH,23.38
2026-06-23 17:15:00,OFFICE_A,HIGH,24.0
2026-06-23 17:15:00,CONTROL_ROOM,HIGH,22.55
2026-06-23 17:15:00,UTILITY,HIGH,25.14
2026-06-23 17:15:00,BATTERY_FLEX,HIGH,22.3
2026-06-23 17:30:00,PRODUCTION,HIGH,24.42
2026-06-23 17:30:00,WAREHOUSE,HIGH,23.81
2026-06-23 17:30:00,OFFICE_A,HIGH,23.62
2026-06-23 17:30:00,CONTROL_ROOM,HIGH,23.43
2026-06-23 17:30:00,UTILITY,HIGH,24.42
2026-06-23 17:30:00,BATTERY_FLEX,HIGH,22.35
2026-06-23 17:45:00,PRODUCTION,HIGH,24.18
2026-06-23 17:45:00,WAREHOUSE,HIGH,23.94
2026-06-23 17:45:00,OFFICE_A,HIGH,23.52
2026-06-23 17:45:00,CONTROL_ROOM,HIGH,21.64
2026-06-23 17:45:00,UTILITY,HIGH,25.09
2026-06-23 17:45:00,BATTERY_FLEX,HIGH,22.83
2026-06-23 18:00:00,PRODUCTION,HIGH,23.95
2026-06-23 18:00:00,WAREHOUSE,HIGH,23.21
2026-06-23 18:00:00,OFFICE_A,HIGH,23.67
2026-06-23 18:00:00,CONTROL_ROOM,HIGH,21.99
2026-06-23 18:00:00,UTILITY,HIGH,23.42
2026-06-23 18:00:00,BATTERY_FLEX,HIGH,23.65
2026-06-23 18:15:00,PRODUCTION,HIGH,24.45
2026-06-23 18:15:00,WAREHOUSE,HIGH,22.24
2026-06-23 18:15:00,OFFICE_A,HIGH,23.54
2026-06-23 18:15:00,CONTROL_ROOM,HIGH,23.65
2026-06-23 18:15:00,UTILITY,HIGH,24.74
2026-06-23 18:15:00,BATTERY_FLEX,HIGH,23.02
2026-06-23 18:30:00,PRODUCTION,HIGH,24.35
2026-06-23 18:30:00,WAREHOUSE,HIGH,24.12
2026-06-23 18:30:00,OFFICE_A,HIGH,22.76
2026-06-23 18:30:00,CONTROL_ROOM,HIGH,22.68
2026-06-23 18:30:00,UTILITY,HIGH,23.9
2026-06-23 18:30:00,BATTERY_FLEX,HIGH,22.77
2026-06-23 18:45:00,PRODUCTION,HIGH,24.42
2026-06-23 18:45:00,WAREHOUSE,HIGH,23.45
2026-06-23 18:45:00,OFFICE_A,HIGH,23.27
2026-06-23 18:45:00,CONTROL_ROOM,HIGH,21.94
2026-06-23 18:45:00,UTILITY,HIGH,23.48
2026-06-23 18:45:00,BATTERY_FLEX,HIGH,22.85
2026-06-23 19:00:00,PRODUCTION,MEDIUM,24.4
2026-06-23 19:00:00,WAREHOUSE,MEDIUM,22.89
2026-06-23 19:00:00,OFFICE_A,MEDIUM,22.91
2026-06-23 19:00:00,CONTROL_ROOM,MEDIUM,22.89
2026-06-23 19:00:00,UTILITY,MEDIUM,23.77
2026-06-23 19:00:00,BATTERY_FLEX,MEDIUM,22.61
2026-06-23 19:15:00,PRODUCTION,MEDIUM,24.42
2026-06-23 19:15:00,WAREHOUSE,MEDIUM,22.98
2026-06-23 19:15:00,OFFICE_A,MEDIUM,24.07
2026-06-23 19:15:00,CONTROL_ROOM,MEDIUM,21.56
2026-06-23 19:15:00,UTILITY,MEDIUM,23.84
2026-06-23 19:15:00,BATTERY_FLEX,MEDIUM,22.59
2026-06-23 19:30:00,PRODUCTION,MEDIUM,23.51
2026-06-23 19:30:00,WAREHOUSE,MEDIUM,23.72
2026-06-23 19:30:00,OFFICE_A,MEDIUM,22.89
2026-06-23 19:30:00,CONTROL_ROOM,MEDIUM,21.71
2026-06-23 19:30:00,UTILITY,MEDIUM,24.06
2026-06-23 19:30:00,BATTERY_FLEX,MEDIUM,22.54
2026-06-23 19:45:00,PRODUCTION,MEDIUM,23.41
2026-06-23 19:45:00,WAREHOUSE,MEDIUM,23.59
2026-06-23 19:45:00,OFFICE_A,MEDIUM,22.53
2026-06-23 19:45:00,CONTROL_ROOM,MEDIUM,23.03
2026-06-23 19:45:00,UTILITY,MEDIUM,23.55
2026-06-23 19:45:00,BATTERY_FLEX,MEDIUM,23.1
2026-06-23 20:00:00,PRODUCTION,MEDIUM,23.61
2026-06-23 20:00:00,WAREHOUSE,MEDIUM,23.51
2026-06-23 20:00:00,OFFICE_A,MEDIUM,22.63
2026-06-23 20:00:00,CONTROL_ROOM,MEDIUM,21.53
2026-06-23 20:00:00,UTILITY,MEDIUM,24.4
2026-06-23 20:00:00,BATTERY_FLEX,MEDIUM,22.29
2026-06-23 20:15:00,PRODUCTION,MEDIUM,24.31
2026-06-23 20:15:00,WAREHOUSE,MEDIUM,23.11
2026-06-23 20:15:00,OFFICE_A,MEDIUM,22.92
2026-06-23 20:15:00,CONTROL_ROOM,MEDIUM,21.96
2026-06-23 20:15:00,UTILITY,MEDIUM,23.4
2026-06-23 20:15:00,BATTERY_FLEX,MEDIUM,22.31
2026-06-23 20:30:00,PRODUCTION,MEDIUM,23.42
2026-06-23 20:30:00,WAREHOUSE,MEDIUM,23.64
2026-06-23 20:30:00,OFFICE_A,MEDIUM,22.29
2026-06-23 20:30:00,CONTROL_ROOM,MEDIUM,22.78
2026-06-23 20:30:00,UTILITY,MEDIUM,24.29
2026-06-23 20:30:00,BATTERY_FLEX,MEDIUM,23.77
2026-06-23 20:45:00,PRODUCTION,MEDIUM,23.25
2026-06-23 20:45:00,WAREHOUSE,MEDIUM,22.94
2026-06-23 20:45:00,OFFICE_A,MEDIUM,23.04
2026-06-23 20:45:00,CONTROL_ROOM,MEDIUM,22.75
2026-06-23 20:45:00,UTILITY,MEDIUM,23.21
2026-06-23 20:45:00,BATTERY_FLEX,MEDIUM,22.16
2026-06-23 21:00:00,PRODUCTION,LOW,23.55
2026-06-23 21:00:00,WAREHOUSE,LOW,23.74
2026-06-23 21:00:00,OFFICE_A,LOW,23.31
2026-06-23 21:00:00,CONTROL_ROOM,LOW,21.89
2026-06-23 21:00:00,UTILITY,LOW,23.51
2026-06-23 21:00:00,BATTERY_FLEX,LOW,23.42
2026-06-23 21:15:00,PRODUCTION,LOW,23.73
2026-06-23 21:15:00,WAREHOUSE,LOW,22.58
2026-06-23 21:15:00,OFFICE_A,LOW,22.19
2026-06-23 21:15:00,CONTROL_ROOM,LOW,21.66
2026-06-23 21:15:00,UTILITY,LOW,23.93
2026-06-23 21:15:00,BATTERY_FLEX,LOW,22.8
2026-06-23 21:30:00,PRODUCTION,LOW,22.66
2026-06-23 21:30:00,WAREHOUSE,LOW,23.65
2026-06-23 21:30:00,OFFICE_A,LOW,22.73
2026-06-23 21:30:00,CONTROL_ROOM,LOW,20.98
2026-06-23 21:30:00,UTILITY,LOW,23.57
2026-06-23 21:30:00,BATTERY_FLEX,LOW,22.06
2026-06-23 21:45:00,PRODUCTION,LOW,22.96
2026-06-23 21:45:00,WAREHOUSE,LOW,22.68
2026-06-23 21:45:00,OFFICE_A,LOW,22.35
2026-06-23 21:45:00,CONTROL_ROOM,LOW,21.2
2026-06-23 21:45:00,UTILITY,LOW,23.31
2026-06-23 21:45:00,BATTERY_FLEX,LOW,22.1
2026-06-23 22:00:00,PRODUCTION,LOW,24.23
2026-06-23 22:00:00,WAREHOUSE,LOW,23.41
2026-06-23 22:00:00,OFFICE_A,LOW,23.01
2026-06-23 22:00:00,CONTROL_ROOM,LOW,22.15
2026-06-23 22:00:00,UTILITY,LOW,23.8
2026-06-23 22:00:00,BATTERY_FLEX,LOW,22.6
2026-06-23 22:15:00,PRODUCTION,LOW,23.25
2026-06-23 22:15:00,WAREHOUSE,LOW,23.79
2026-06-23 22:15:00,OFFICE_A,LOW,23.23
2026-06-23 22:15:00,CONTROL_ROOM,LOW,21.46
2026-06-23 22:15:00,UTILITY,LOW,24.19
2026-06-23 22:15:00,BATTERY_FLEX,LOW,21.29
2026-06-23 22:30:00,PRODUCTION,LOW,23.47
2026-06-23 22:30:00,WAREHOUSE,LOW,23.63
2026-06-23 22:30:00,OFFICE_A,LOW,22.59
2026-06-23 22:30:00,CONTROL_ROOM,LOW,20.69
2026-06-23 22:30:00,UTILITY,LOW,23.4
2026-06-23 22:30:00,BATTERY_FLEX,LOW,22.45
2026-06-23 22:45:00,PRODUCTION,LOW,23.53
2026-06-23 22:45:00,WAREHOUSE,LOW,22.93
2026-06-23 22:45:00,OFFICE_A,LOW,23.68
2026-06-23 22:45:00,CONTROL_ROOM,LOW,21.57
2026-06-23 22:45:00,UTILITY,LOW,23.77
2026-06-23 22:45:00,BATTERY_FLEX,LOW,22.44
2026-06-23 23:00:00,PRODUCTION,LOW,23.57
2026-06-23 23:00:00,WAREHOUSE,LOW,22.92
2026-06-23 23:00:00,OFFICE_A,LOW,22.04
2026-06-23 23:00:00,CONTROL_ROOM,LOW,22.09
2026-06-23 23:00:00,UTILITY,LOW,23.78
2026-06-23 23:00:00,BATTERY_FLEX,LOW,22.99
2026-06-23 23:15:00,PRODUCTION,LOW,23.25
2026-06-23 23:15:00,WAREHOUSE,LOW,23.76
2026-06-23 23:15:00,OFFICE_A,LOW,22.77
2026-06-23 23:15:00,CONTROL_ROOM,LOW,21.74
2026-06-23 23:15:00,UTILITY,LOW,23.77
2026-06-23 23:15:00,BATTERY_FLEX,LOW,22.27
2026-06-23 23:30:00,PRODUCTION,LOW,23.09
2026-06-23 23:30:00,WAREHOUSE,LOW,24.02
2026-06-23 23:30:00,OFFICE_A,LOW,23.23
2026-06-23 23:30:00,CONTROL_ROOM,LOW,21.86
2026-06-23 23:30:00,UTILITY,LOW,24.33
2026-06-23 23:30:00,BATTERY_FLEX,LOW,22.14
2026-06-23 23:45:00,PRODUCTION,LOW,24.31
2026-06-23 23:45:00,WAREHOUSE,LOW,22.2
2026-06-23 23:45:00,OFFICE_A,LOW,23.55
2026-06-23 23:45:00,CONTROL_ROOM,LOW,21.67
2026-06-23 23:45:00,UTILITY,LOW,23.29
2026-06-23 23:45:00,BATTERY_FLEX,LOW,22.84
2026-06-24 00:00:00,PRODUCTION,LOW,23.15
2026-06-24 00:00:00,WAREHOUSE,LOW,23.68
2026-06-24 00:00:00,OFFICE_A,LOW,22.76
2026-06-24 00:00:00,CONTROL_ROOM,LOW,21.39
2026-06-24 00:00:00,UTILITY,LOW,23.79
2026-06-24 00:00:00,BATTERY_FLEX,LOW,21.81
2026-06-24 00:15:00,PRODUCTION,LOW,23.33
2026-06-24 00:15:00,WAREHOUSE,LOW,23.3
2026-06-24 00:15:00,OFFICE_A,LOW,22.61
2026-06-24 00:15:00,CONTROL_ROOM,LOW,21.23
2026-06-24 00:15:00,UTILITY,LOW,24.28
2026-06-24 00:15:00,BATTERY_FLEX,LOW,22.18
2026-06-24 00:30:00,PRODUCTION,LOW,22.82
2026-06-24 00:30:00,WAREHOUSE,LOW,23.56
2026-06-24 00:30:00,OFFICE_A,LOW,23.31
2026-06-24 00:30:00,CONTROL_ROOM,LOW,22.11
2026-06-24 00:30:00,UTILITY,LOW,23.61
2026-06-24 00:30:00,BATTERY_FLEX,LOW,22.31
2026-06-24 00:45:00,PRODUCTION,LOW,23.3
2026-06-24 00:45:00,WAREHOUSE,LOW,23.0
2026-06-24 00:45:00,OFFICE_A,LOW,22.72
2026-06-24 00:45:00,CONTROL_ROOM,LOW,21.38
2026-06-24 00:45:00,UTILITY,LOW,23.75
2026-06-24 00:45:00,BATTERY_FLEX,LOW,22.69
2026-06-24 01:00:00,PRODUCTION,LOW,23.41
2026-06-24 01:00:00,WAREHOUSE,LOW,23.95
2026-06-24 01:00:00,OFFICE_A,LOW,22.13
2026-06-24 01:00:00,CONTROL_ROOM,LOW,21.53
2026-06-24 01:00:00,UTILITY,LOW,22.58
2026-06-24 01:00:00,BATTERY_FLEX,LOW,22.81
2026-06-24 01:15:00,PRODUCTION,LOW,22.79
2026-06-24 01:15:00,WAREHOUSE,LOW,22.87
2026-06-24 01:15:00,OFFICE_A,LOW,22.71
2026-06-24 01:15:00,CONTROL_ROOM,LOW,22.45
2026-06-24 01:15:00,UTILITY,LOW,23.11
2026-06-24 01:15:00,BATTERY_FLEX,LOW,22.68
2026-06-24 01:30:00,PRODUCTION,LOW,23.5
2026-06-24 01:30:00,WAREHOUSE,LOW,22.75
2026-06-24 01:30:00,OFFICE_A,LOW,23.46
2026-06-24 01:30:00,CONTROL_ROOM,LOW,21.57
2026-06-24 01:30:00,UTILITY,LOW,23.41
2026-06-24 01:30:00,BATTERY_FLEX,LOW,23.2
2026-06-24 01:45:00,PRODUCTION,LOW,24.33
2026-06-24 01:45:00,WAREHOUSE,LOW,24.17
2026-06-24 01:45:00,OFFICE_A,LOW,22.52
2026-06-24 01:45:00,CONTROL_ROOM,LOW,21.83
2026-06-24 01:45:00,UTILITY,LOW,23.52
2026-06-24 01:45:00,BATTERY_FLEX,LOW,22.34
2026-06-24 02:00:00,PRODUCTION,LOW,23.18
2026-06-24 02:00:00,WAREHOUSE,LOW,22.99
2026-06-24 02:00:00,OFFICE_A,LOW,22.7
2026-06-24 02:00:00,CONTROL_ROOM,LOW,21.51
2026-06-24 02:00:00,UTILITY,LOW,23.33
2026-06-24 02:00:00,BATTERY_FLEX,LOW,22.95
2026-06-24 02:15:00,PRODUCTION,LOW,23.02
2026-06-24 02:15:00,WAREHOUSE,LOW,23.34
2026-06-24 02:15:00,OFFICE_A,LOW,21.63
2026-06-24 02:15:00,CONTROL_ROOM,LOW,22.67
2026-06-24 02:15:00,UTILITY,LOW,23.67
2026-06-24 02:15:00,BATTERY_FLEX,LOW,23.62
2026-06-24 02:30:00,PRODUCTION,LOW,23.29
2026-06-24 02:30:00,WAREHOUSE,LOW,23.2
2026-06-24 02:30:00,OFFICE_A,LOW,22.71
2026-06-24 02:30:00,CONTROL_ROOM,LOW,21.3
2026-06-24 02:30:00,UTILITY,LOW,22.79
2026-06-24 02:30:00,BATTERY_FLEX,LOW,22.67
2026-06-24 02:45:00,PRODUCTION,LOW,23.3
2026-06-24 02:45:00,WAREHOUSE,LOW,24.02
2026-06-24 02:45:00,OFFICE_A,LOW,23.07
2026-06-24 02:45:00,CONTROL_ROOM,LOW,22.3
2026-06-24 02:45:00,UTILITY,LOW,23.85
2026-06-24 02:45:00,BATTERY_FLEX,LOW,22.7
2026-06-24 03:00:00,PRODUCTION,LOW,22.92
2026-06-24 03:00:00,WAREHOUSE,LOW,23.47
2026-06-24 03:00:00,OFFICE_A,LOW,22.09
2026-06-24 03:00:00,CONTROL_ROOM,LOW,21.97
2026-06-24 03:00:00,UTILITY,LOW,23.81
2026-06-24 03:00:00,BATTERY_FLEX,LOW,22.93
2026-06-24 03:15:00,PRODUCTION,LOW,23.36
2026-06-24 03:15:00,WAREHOUSE,LOW,22.66
2026-06-24 03:15:00,OFFICE_A,LOW,22.11
2026-06-24 03:15:00,CONTROL_ROOM,LOW,22.48
2026-06-24 03:15:00,UTILITY,LOW,23.12
2026-06-24 03:15:00,BATTERY_FLEX,LOW,22.84
2026-06-24 03:30:00,PRODUCTION,LOW,23.48
2026-06-24 03:30:00,WAREHOUSE,LOW,22.98
2026-06-24 03:30:00,OFFICE_A,LOW,22.24
2026-06-24 03:30:00,CONTROL_ROOM,LOW,21.41
2026-06-24 03:30:00,UTILITY,LOW,24.03
2026-06-24 03:30:00,BATTERY_FLEX,LOW,22.88
2026-06-24 03:45:00,PRODUCTION,LOW,23.44
2026-06-24 03:45:00,WAREHOUSE,LOW,22.38
2026-06-24 03:45:00,OFFICE_A,LOW,22.5
2026-06-24 03:45:00,CONTROL_ROOM,LOW,22.9
2026-06-24 03:45:00,UTILITY,LOW,23.74
2026-06-24 03:45:00,BATTERY_FLEX,LOW,22.89
2026-06-24 04:00:00,PRODUCTION,LOW,22.99
2026-06-24 04:00:00,WAREHOUSE,LOW,23.62
2026-06-24 04:00:00,OFFICE_A,LOW,22.7
2026-06-24 04:00:00,CONTROL_ROOM,LOW,23.41
2026-06-24 04:00:00,UTILITY,LOW,23.3
2026-06-24 04:00:00,BATTERY_FLEX,LOW,22.73
2026-06-24 04:15:00,PRODUCTION,LOW,22.69
2026-06-24 04:15:00,WAREHOUSE,LOW,22.92
2026-06-24 04:15:00,OFFICE_A,LOW,23.35
2026-06-24 04:15:00,CONTROL_ROOM,LOW,22.29
2026-06-24 04:15:00,UTILITY,LOW,22.87
2026-06-24 04:15:00,BATTERY_FLEX,LOW,22.35
2026-06-24 04:30:00,PRODUCTION,LOW,23.67
2026-06-24 04:30:00,WAREHOUSE,LOW,22.41
2026-06-24 04:30:00,OFFICE_A,LOW,22.19
2026-06-24 04:30:00,CONTROL_ROOM,LOW,21.5
2026-06-24 04:30:00,UTILITY,LOW,24.18
2026-06-24 04:30:00,BATTERY_FLEX,LOW,23.09
2026-06-24 04:45:00,PRODUCTION,LOW,23.12
2026-06-24 04:45:00,WAREHOUSE,LOW,23.37
2026-06-24 04:45:00,OFFICE_A,LOW,23.15
2026-06-24 04:45:00,CONTROL_ROOM,LOW,22.54
2026-06-24 04:45:00,UTILITY,LOW,23.56
2026-06-24 04:45:00,BATTERY_FLEX,LOW,22.4
2026-06-24 05:00:00,PRODUCTION,LOW,22.58
2026-06-24 05:00:00,WAREHOUSE,LOW,23.68
2026-06-24 05:00:00,OFFICE_A,LOW,21.81
2026-06-24 05:00:00,CONTROL_ROOM,LOW,20.79
2026-06-24 05:00:00,UTILITY,LOW,23.44
2026-06-24 05:00:00,BATTERY_FLEX,LOW,22.57
2026-06-24 05:15:00,PRODUCTION,LOW,22.87
2026-06-24 05:15:00,WAREHOUSE,LOW,24.04
2026-06-24 05:15:00,OFFICE_A,LOW,22.82
2026-06-24 05:15:00,CONTROL_ROOM,LOW,22.17
2026-06-24 05:15:00,UTILITY,LOW,22.8
2026-06-24 05:15:00,BATTERY_FLEX,LOW,21.79
2026-06-24 05:30:00,PRODUCTION,LOW,23.13
2026-06-24 05:30:00,WAREHOUSE,LOW,22.4
2026-06-24 05:30:00,OFFICE_A,LOW,22.2
2026-06-24 05:30:00,CONTROL_ROOM,LOW,21.66
2026-06-24 05:30:00,UTILITY,LOW,23.27
2026-06-24 05:30:00,BATTERY_FLEX,LOW,21.86
2026-06-24 05:45:00,PRODUCTION,LOW,23.41
2026-06-24 05:45:00,WAREHOUSE,LOW,23.33
2026-06-24 05:45:00,OFFICE_A,LOW,22.16
2026-06-24 05:45:00,CONTROL_ROOM,LOW,22.12
2026-06-24 05:45:00,UTILITY,LOW,23.88
2026-06-24 05:45:00,BATTERY_FLEX,LOW,22.53
2026-06-24 06:00:00,PRODUCTION,LOW,23.91
2026-06-24 06:00:00,WAREHOUSE,LOW,23.6
2026-06-24 06:00:00,OFFICE_A,LOW,22.48
2026-06-24 06:00:00,CONTROL_ROOM,LOW,21.88
2026-06-24 06:00:00,UTILITY,LOW,22.98
2026-06-24 06:00:00,BATTERY_FLEX,LOW,22.89
2026-06-24 06:15:00,PRODUCTION,LOW,22.95
2026-06-24 06:15:00,WAREHOUSE,LOW,24.52
2026-06-24 06:15:00,OFFICE_A,LOW,22.98
2026-06-24 06:15:00,CONTROL_ROOM,LOW,21.36
2026-06-24 06:15:00,UTILITY,LOW,23.16
2026-06-24 06:15:00,BATTERY_FLEX,LOW,23.74
2026-06-24 06:30:00,PRODUCTION,LOW,23.37
2026-06-24 06:30:00,WAREHOUSE,LOW,23.03
2026-06-24 06:30:00,OFFICE_A,LOW,22.83
2026-06-24 06:30:00,CONTROL_ROOM,LOW,22.54
2026-06-24 06:30:00,UTILITY,LOW,22.97
2026-06-24 06:30:00,BATTERY_FLEX,LOW,22.86
2026-06-24 06:45:00,PRODUCTION,LOW,22.5
2026-06-24 06:45:00,WAREHOUSE,LOW,21.87
2026-06-24 06:45:00,OFFICE_A,LOW,22.84
2026-06-24 06:45:00,CONTROL_ROOM,LOW,21.66
2026-06-24 06:45:00,UTILITY,LOW,22.88
2026-06-24 06:45:00,BATTERY_FLEX,LOW,21.7
2026-06-24 07:00:00,PRODUCTION,LOW,24.32
2026-06-24 07:00:00,WAREHOUSE,LOW,23.57
2026-06-24 07:00:00,OFFICE_A,LOW,23.61
2026-06-24 07:00:00,CONTROL_ROOM,LOW,21.13
2026-06-24 07:00:00,UTILITY,LOW,22.95
2026-06-24 07:00:00,BATTERY_FLEX,LOW,22.86
2026-06-24 07:15:00,PRODUCTION,LOW,23.54
2026-06-24 07:15:00,WAREHOUSE,LOW,23.54
2026-06-24 07:15:00,OFFICE_A,LOW,23.16
2026-06-24 07:15:00,CONTROL_ROOM,LOW,21.49
2026-06-24 07:15:00,UTILITY,LOW,23.81
2026-06-24 07:15:00,BATTERY_FLEX,LOW,22.16
2026-06-24 07:30:00,PRODUCTION,LOW,23.13
2026-06-24 07:30:00,WAREHOUSE,LOW,22.82
2026-06-24 07:30:00,OFFICE_A,LOW,22.37
2026-06-24 07:30:00,CONTROL_ROOM,LOW,21.1
2026-06-24 07:30:00,UTILITY,LOW,24.54
2026-06-24 07:30:00,BATTERY_FLEX,LOW,22.31
2026-06-24 07:45:00,PRODUCTION,LOW,23.44
2026-06-24 07:45:00,WAREHOUSE,LOW,22.87
2026-06-24 07:45:00,OFFICE_A,LOW,22.64
2026-06-24 07:45:00,CONTROL_ROOM,LOW,22.29
2026-06-24 07:45:00,UTILITY,LOW,22.11
2026-06-24 07:45:00,BATTERY_FLEX,LOW,22.18
2026-06-24 08:00:00,PRODUCTION,MEDIUM,23.26
2026-06-24 08:00:00,WAREHOUSE,MEDIUM,23.6
2026-06-24 08:00:00,OFFICE_A,MEDIUM,23.84
2026-06-24 08:00:00,CONTROL_ROOM,MEDIUM,22.27
2026-06-24 08:00:00,UTILITY,MEDIUM,23.27
2026-06-24 08:00:00,BATTERY_FLEX,MEDIUM,21.97
2026-06-24 08:15:00,PRODUCTION,LOW,24.01
2026-06-24 08:15:00,WAREHOUSE,LOW,24.39
2026-06-24 08:15:00,OFFICE_A,LOW,23.31
2026-06-24 08:15:00,CONTROL_ROOM,LOW,21.34
2026-06-24 08:15:00,UTILITY,LOW,23.62
2026-06-24 08:15:00,BATTERY_FLEX,LOW,23.28
2026-06-24 08:30:00,PRODUCTION,LOW,23.57
2026-06-24 08:30:00,WAREHOUSE,LOW,22.92
2026-06-24 08:30:00,OFFICE_A,LOW,22.98
2026-06-24 08:30:00,CONTROL_ROOM,LOW,22.01
2026-06-24 08:30:00,UTILITY,LOW,22.8
2026-06-24 08:30:00,BATTERY_FLEX,LOW,22.38
2026-06-24 08:45:00,PRODUCTION,LOW,23.91
2026-06-24 08:45:00,WAREHOUSE,LOW,23.61
2026-06-24 08:45:00,OFFICE_A,LOW,23.18
2026-06-24 08:45:00,CONTROL_ROOM,LOW,21.27
2026-06-24 08:45:00,UTILITY,LOW,23.55
2026-06-24 08:45:00,BATTERY_FLEX,LOW,21.93
2026-06-24 09:00:00,PRODUCTION,MEDIUM,23.73
2026-06-24 09:00:00,WAREHOUSE,MEDIUM,23.75
2026-06-24 09:00:00,OFFICE_A,MEDIUM,23.13
2026-06-24 09:00:00,CONTROL_ROOM,MEDIUM,21.88
2026-06-24 09:00:00,UTILITY,MEDIUM,24.06
2026-06-24 09:00:00,BATTERY_FLEX,MEDIUM,23.08
2026-06-24 09:15:00,PRODUCTION,MEDIUM,22.46
2026-06-24 09:15:00,WAREHOUSE,MEDIUM,23.34
2026-06-24 09:15:00,OFFICE_A,MEDIUM,22.32
2026-06-24 09:15:00,CONTROL_ROOM,MEDIUM,22.13
2026-06-24 09:15:00,UTILITY,MEDIUM,22.85
2026-06-24 09:15:00,BATTERY_FLEX,MEDIUM,22.26
2026-06-24 09:30:00,PRODUCTION,MEDIUM,22.93
2026-06-24 09:30:00,WAREHOUSE,MEDIUM,23.3
2026-06-24 09:30:00,OFFICE_A,MEDIUM,22.86
2026-06-24 09:30:00,CONTROL_ROOM,MEDIUM,22.36
2026-06-24 09:30:00,UTILITY,MEDIUM,23.11
2026-06-24 09:30:00,BATTERY_FLEX,MEDIUM,22.72
2026-06-24 09:45:00,PRODUCTION,MEDIUM,22.67
2026-06-24 09:45:00,WAREHOUSE,MEDIUM,22.7
2026-06-24 09:45:00,OFFICE_A,MEDIUM,23.23
2026-06-24 09:45:00,CONTROL_ROOM,MEDIUM,21.84
2026-06-24 09:45:00,UTILITY,MEDIUM,23.93
2026-06-24 09:45:00,BATTERY_FLEX,MEDIUM,22.84
2026-06-24 10:00:00,PRODUCTION,MEDIUM,23.08
2026-06-24 10:00:00,WAREHOUSE,MEDIUM,23.23
2026-06-24 10:00:00,OFFICE_A,MEDIUM,23.74
2026-06-24 10:00:00,CONTROL_ROOM,MEDIUM,21.46
2026-06-24 10:00:00,UTILITY,MEDIUM,23.69
2026-06-24 10:00:00,BATTERY_FLEX,MEDIUM,22.69
2026-06-24 10:15:00,PRODUCTION,MEDIUM,24.01
2026-06-24 10:15:00,WAREHOUSE,MEDIUM,23.79
2026-06-24 10:15:00,OFFICE_A,MEDIUM,23.89
2026-06-24 10:15:00,CONTROL_ROOM,MEDIUM,22.25
2026-06-24 10:15:00,UTILITY,MEDIUM,23.7
2026-06-24 10:15:00,BATTERY_FLEX,MEDIUM,22.39
2026-06-24 10:30:00,PRODUCTION,MEDIUM,23.48
2026-06-24 10:30:00,WAREHOUSE,MEDIUM,23.43
2026-06-24 10:30:00,OFFICE_A,MEDIUM,22.3
2026-06-24 10:30:00,CONTROL_ROOM,MEDIUM,21.94
2026-06-24 10:30:00,UTILITY,MEDIUM,24.63
2026-06-24 10:30:00,BATTERY_FLEX,MEDIUM,23.13
2026-06-24 10:45:00,PRODUCTION,MEDIUM,22.65
2026-06-24 10:45:00,WAREHOUSE,MEDIUM,23.36
2026-06-24 10:45:00,OFFICE_A,MEDIUM,21.8
2026-06-24 10:45:00,CONTROL_ROOM,MEDIUM,21.86
2026-06-24 10:45:00,UTILITY,MEDIUM,23.63
2026-06-24 10:45:00,BATTERY_FLEX,MEDIUM,22.41
2026-06-24 11:00:00,PRODUCTION,MEDIUM,23.12
2026-06-24 11:00:00,WAREHOUSE,MEDIUM,24.11
2026-06-24 11:00:00,OFFICE_A,MEDIUM,23.4
2026-06-24 11:00:00,CONTROL_ROOM,MEDIUM,21.62
2026-06-24 11:00:00,UTILITY,MEDIUM,23.66
2026-06-24 11:00:00,BATTERY_FLEX,MEDIUM,23.13
2026-06-24 11:15:00,PRODUCTION,MEDIUM,23.02
2026-06-24 11:15:00,WAREHOUSE,MEDIUM,23.01
2026-06-24 11:15:00,OFFICE_A,MEDIUM,22.56
2026-06-24 11:15:00,CONTROL_ROOM,MEDIUM,22.51
2026-06-24 11:15:00,UTILITY,MEDIUM,23.19
2026-06-24 11:15:00,BATTERY_FLEX,MEDIUM,22.79
2026-06-24 11:30:00,PRODUCTION,MEDIUM,23.38
2026-06-24 11:30:00,WAREHOUSE,MEDIUM,23.22
2026-06-24 11:30:00,OFFICE_A,MEDIUM,23.21
2026-06-24 11:30:00,CONTROL_ROOM,MEDIUM,21.14
2026-06-24 11:30:00,UTILITY,MEDIUM,23.55
2026-06-24 11:30:00,BATTERY_FLEX,MEDIUM,22.26
2026-06-24 11:45:00,PRODUCTION,MEDIUM,23.21
2026-06-24 11:45:00,WAREHOUSE,MEDIUM,24.01
2026-06-24 11:45:00,OFFICE_A,MEDIUM,22.44
2026-06-24 11:45:00,CONTROL_ROOM,MEDIUM,21.88
2026-06-24 11:45:00,UTILITY,MEDIUM,23.7
2026-06-24 11:45:00,BATTERY_FLEX,MEDIUM,22.52
2026-06-24 12:00:00,PRODUCTION,MEDIUM,23.06
2026-06-24 12:00:00,WAREHOUSE,MEDIUM,23.97
2026-06-24 12:00:00,OFFICE_A,MEDIUM,24.17
2026-06-24 12:00:00,CONTROL_ROOM,MEDIUM,22.01
2026-06-24 12:00:00,UTILITY,MEDIUM,22.93
2026-06-24 12:00:00,BATTERY_FLEX,MEDIUM,23.0
2026-06-24 12:15:00,PRODUCTION,MEDIUM,23.29
2026-06-24 12:15:00,WAREHOUSE,MEDIUM,22.96
2026-06-24 12:15:00,OFFICE_A,MEDIUM,22.38
2026-06-24 12:15:00,CONTROL_ROOM,MEDIUM,21.69
2026-06-24 12:15:00,UTILITY,MEDIUM,24.14
2026-06-24 12:15:00,BATTERY_FLEX,MEDIUM,22.62
2026-06-24 12:30:00,PRODUCTION,MEDIUM,23.25
2026-06-24 12:30:00,WAREHOUSE,MEDIUM,23.71
2026-06-24 12:30:00,OFFICE_A,MEDIUM,23.17
2026-06-24 12:30:00,CONTROL_ROOM,MEDIUM,21.81
2026-06-24 12:30:00,UTILITY,MEDIUM,22.81
2026-06-24 12:30:00,BATTERY_FLEX,MEDIUM,23.74
2026-06-24 12:45:00,PRODUCTION,MEDIUM,23.74
2026-06-24 12:45:00,WAREHOUSE,MEDIUM,23.83
2026-06-24 12:45:00,OFFICE_A,MEDIUM,22.89
2026-06-24 12:45:00,CONTROL_ROOM,MEDIUM,22.5
2026-06-24 12:45:00,UTILITY,MEDIUM,23.34
2026-06-24 12:45:00,BATTERY_FLEX,MEDIUM,22.4
2026-06-24 13:00:00,PRODUCTION,MEDIUM,23.42
2026-06-24 13:00:00,WAREHOUSE,MEDIUM,22.15
2026-06-24 13:00:00,OFFICE_A,MEDIUM,22.84
2026-06-24 13:00:00,CONTROL_ROOM,MEDIUM,21.9
2026-06-24 13:00:00,UTILITY,MEDIUM,24.07
2026-06-24 13:00:00,BATTERY_FLEX,MEDIUM,22.79
2026-06-24 13:15:00,PRODUCTION,MEDIUM,23.51
2026-06-24 13:15:00,WAREHOUSE,MEDIUM,22.96
2026-06-24 13:15:00,OFFICE_A,MEDIUM,23.29
2026-06-24 13:15:00,CONTROL_ROOM,MEDIUM,22.07
2026-06-24 13:15:00,UTILITY,MEDIUM,23.32
2026-06-24 13:15:00,BATTERY_FLEX,MEDIUM,22.64
2026-06-24 13:30:00,PRODUCTION,MEDIUM,22.78
2026-06-24 13:30:00,WAREHOUSE,MEDIUM,23.7
2026-06-24 13:30:00,OFFICE_A,MEDIUM,23.34
2026-06-24 13:30:00,CONTROL_ROOM,MEDIUM,22.89
2026-06-24 13:30:00,UTILITY,MEDIUM,23.08
2026-06-24 13:30:00,BATTERY_FLEX,MEDIUM,23.21
2026-06-24 13:45:00,PRODUCTION,MEDIUM,23.0
2026-06-24 13:45:00,WAREHOUSE,MEDIUM,22.46
2026-06-24 13:45:00,OFFICE_A,MEDIUM,22.67
2026-06-24 13:45:00,CONTROL_ROOM,MEDIUM,21.42
2026-06-24 13:45:00,UTILITY,MEDIUM,24.43
2026-06-24 13:45:00,BATTERY_FLEX,MEDIUM,21.89
2026-06-24 14:00:00,PRODUCTION,MEDIUM,23.83
2026-06-24 14:00:00,WAREHOUSE,MEDIUM,23.62
2026-06-24 14:00:00,OFFICE_A,MEDIUM,22.88
2026-06-24 14:00:00,CONTROL_ROOM,MEDIUM,22.15
2026-06-24 14:00:00,UTILITY,MEDIUM,23.5
2026-06-24 14:00:00,BATTERY_FLEX,MEDIUM,23.3
2026-06-24 14:15:00,PRODUCTION,MEDIUM,23.81
2026-06-24 14:15:00,WAREHOUSE,MEDIUM,23.67
2026-06-24 14:15:00,OFFICE_A,MEDIUM,24.0
2026-06-24 14:15:00,CONTROL_ROOM,MEDIUM,22.39
2026-06-24 14:15:00,UTILITY,MEDIUM,24.33
2026-06-24 14:15:00,BATTERY_FLEX,MEDIUM,23.46
2026-06-24 14:30:00,PRODUCTION,MEDIUM,23.55
2026-06-24 14:30:00,WAREHOUSE,MEDIUM,23.29
2026-06-24 14:30:00,OFFICE_A,MEDIUM,23.01
2026-06-24 14:30:00,CONTROL_ROOM,MEDIUM,22.04
2026-06-24 14:30:00,UTILITY,MEDIUM,24.42
2026-06-24 14:30:00,BATTERY_FLEX,MEDIUM,22.26
2026-06-24 14:45:00,PRODUCTION,MEDIUM,23.04
2026-06-24 14:45:00,WAREHOUSE,MEDIUM,22.29
2026-06-24 14:45:00,OFFICE_A,MEDIUM,23.32
2026-06-24 14:45:00,CONTROL_ROOM,MEDIUM,22.04
2026-06-24 14:45:00,UTILITY,MEDIUM,23.23
2026-06-24 14:45:00,BATTERY_FLEX,MEDIUM,21.71
2026-06-24 15:00:00,PRODUCTION,MEDIUM,23.1
2026-06-24 15:00:00,WAREHOUSE,MEDIUM,23.03
2026-06-24 15:00:00,OFFICE_A,MEDIUM,23.32
2026-06-24 15:00:00,CONTROL_ROOM,MEDIUM,21.92
2026-06-24 15:00:00,UTILITY,MEDIUM,23.05
2026-06-24 15:00:00,BATTERY_FLEX,MEDIUM,22.62
2026-06-24 15:15:00,PRODUCTION,MEDIUM,23.46
2026-06-24 15:15:00,WAREHOUSE,MEDIUM,22.71
2026-06-24 15:15:00,OFFICE_A,MEDIUM,22.66
2026-06-24 15:15:00,CONTROL_ROOM,MEDIUM,21.29
2026-06-24 15:15:00,UTILITY,MEDIUM,24.25
2026-06-24 15:15:00,BATTERY_FLEX,MEDIUM,22.89
2026-06-24 15:30:00,PRODUCTION,MEDIUM,23.27
2026-06-24 15:30:00,WAREHOUSE,MEDIUM,23.0
2026-06-24 15:30:00,OFFICE_A,MEDIUM,22.9
2026-06-24 15:30:00,CONTROL_ROOM,MEDIUM,23.39
2026-06-24 15:30:00,UTILITY,MEDIUM,24.17
2026-06-24 15:30:00,BATTERY_FLEX,MEDIUM,22.74
2026-06-24 15:45:00,PRODUCTION,MEDIUM,23.46
2026-06-24 15:45:00,WAREHOUSE,MEDIUM,23.14
2026-06-24 15:45:00,OFFICE_A,MEDIUM,23.38
2026-06-24 15:45:00,CONTROL_ROOM,MEDIUM,21.96
2026-06-24 15:45:00,UTILITY,MEDIUM,23.59
2026-06-24 15:45:00,BATTERY_FLEX,MEDIUM,22.41
2026-06-24 16:00:00,PRODUCTION,MEDIUM,22.69
2026-06-24 16:00:00,WAREHOUSE,MEDIUM,22.64
2026-06-24 16:00:00,OFFICE_A,MEDIUM,23.27
2026-06-24 16:00:00,CONTROL_ROOM,MEDIUM,22.28
2026-06-24 16:00:00,UTILITY,MEDIUM,23.5
2026-06-24 16:00:00,BATTERY_FLEX,MEDIUM,23.22
2026-06-24 16:15:00,PRODUCTION,MEDIUM,23.42
2026-06-24 16:15:00,WAREHOUSE,MEDIUM,23.47
2026-06-24 16:15:00,OFFICE_A,MEDIUM,22.55
2026-06-24 16:15:00,CONTROL_ROOM,MEDIUM,23.04
2026-06-24 16:15:00,UTILITY,MEDIUM,24.23
2026-06-24 16:15:00,BATTERY_FLEX,MEDIUM,22.06
2026-06-24 16:30:00,PRODUCTION,MEDIUM,23.9
2026-06-24 16:30:00,WAREHOUSE,MEDIUM,22.98
2026-06-24 16:30:00,OFFICE_A,MEDIUM,23.89
2026-06-24 16:30:00,CONTROL_ROOM,MEDIUM,22.13
2026-06-24 16:30:00,UTILITY,MEDIUM,24.87
2026-06-24 16:30:00,BATTERY_FLEX,MEDIUM,22.96
2026-06-24 16:45:00,PRODUCTION,MEDIUM,23.87
2026-06-24 16:45:00,WAREHOUSE,MEDIUM,23.49
2026-06-24 16:45:00,OFFICE_A,MEDIUM,22.59
2026-06-24 16:45:00,CONTROL_ROOM,MEDIUM,21.28
2026-06-24 16:45:00,UTILITY,MEDIUM,23.65
2026-06-24 16:45:00,BATTERY_FLEX,MEDIUM,23.36
2026-06-24 17:00:00,PRODUCTION,MEDIUM,23.68
2026-06-24 17:00:00,WAREHOUSE,MEDIUM,23.76
2026-06-24 17:00:00,OFFICE_A,MEDIUM,23.94
2026-06-24 17:00:00,CONTROL_ROOM,MEDIUM,22.13
2026-06-24 17:00:00,UTILITY,MEDIUM,23.56
2026-06-24 17:00:00,BATTERY_FLEX,MEDIUM,22.74
2026-06-24 17:15:00,PRODUCTION,MEDIUM,23.7
2026-06-24 17:15:00,WAREHOUSE,MEDIUM,23.33
2026-06-24 17:15:00,OFFICE_A,MEDIUM,23.11
2026-06-24 17:15:00,CONTROL_ROOM,MEDIUM,21.13
2026-06-24 17:15:00,UTILITY,MEDIUM,24.49
2026-06-24 17:15:00,BATTERY_FLEX,MEDIUM,22.47
2026-06-24 17:30:00,PRODUCTION,MEDIUM,23.75
2026-06-24 17:30:00,WAREHOUSE,MEDIUM,23.54
2026-06-24 17:30:00,OFFICE_A,MEDIUM,22.54
2026-06-24 17:30:00,CONTROL_ROOM,MEDIUM,22.08
2026-06-24 17:30:00,UTILITY,MEDIUM,24.3
2026-06-24 17:30:00,BATTERY_FLEX,MEDIUM,22.32
2026-06-24 17:45:00,PRODUCTION,MEDIUM,23.89
2026-06-24 17:45:00,WAREHOUSE,MEDIUM,22.45
2026-06-24 17:45:00,OFFICE_A,MEDIUM,21.79
2026-06-24 17:45:00,CONTROL_ROOM,MEDIUM,22.52
2026-06-24 17:45:00,UTILITY,MEDIUM,23.1
2026-06-24 17:45:00,BATTERY_FLEX,MEDIUM,22.34
2026-06-24 18:00:00,PRODUCTION,MEDIUM,23.7
2026-06-24 18:00:00,WAREHOUSE,MEDIUM,23.29
2026-06-24 18:00:00,OFFICE_A,MEDIUM,22.02
2026-06-24 18:00:00,CONTROL_ROOM,MEDIUM,21.56
2026-06-24 18:00:00,UTILITY,MEDIUM,23.41
2026-06-24 18:00:00,BATTERY_FLEX,MEDIUM,22.26
2026-06-24 18:15:00,PRODUCTION,MEDIUM,22.81
2026-06-24 18:15:00,WAREHOUSE,MEDIUM,23.13
2026-06-24 18:15:00,OFFICE_A,MEDIUM,23.41
2026-06-24 18:15:00,CONTROL_ROOM,MEDIUM,21.59
2026-06-24 18:15:00,UTILITY,MEDIUM,23.54
2026-06-24 18:15:00,BATTERY_FLEX,MEDIUM,22.87
2026-06-24 18:30:00,PRODUCTION,MEDIUM,23.34
2026-06-24 18:30:00,WAREHOUSE,MEDIUM,22.54
2026-06-24 18:30:00,OFFICE_A,MEDIUM,23.12
2026-06-24 18:30:00,CONTROL_ROOM,MEDIUM,22.04
2026-06-24 18:30:00,UTILITY,MEDIUM,23.13
2026-06-24 18:30:00,BATTERY_FLEX,MEDIUM,22.91
2026-06-24 18:45:00,PRODUCTION,MEDIUM,23.06
2026-06-24 18:45:00,WAREHOUSE,MEDIUM,22.27
2026-06-24 18:45:00,OFFICE_A,MEDIUM,23.94
2026-06-24 18:45:00,CONTROL_ROOM,MEDIUM,21.72
2026-06-24 18:45:00,UTILITY,MEDIUM,23.18
2026-06-24 18:45:00,BATTERY_FLEX,MEDIUM,22.05
2026-06-24 19:00:00,PRODUCTION,MEDIUM,22.87
2026-06-24 19:00:00,WAREHOUSE,MEDIUM,22.36
2026-06-24 19:00:00,OFFICE_A,MEDIUM,23.27
2026-06-24 19:00:00,CONTROL_ROOM,MEDIUM,21.94
2026-06-24 19:00:00,UTILITY,MEDIUM,23.51
2026-06-24 19:00:00,BATTERY_FLEX,MEDIUM,22.9
2026-06-24 19:15:00,PRODUCTION,LOW,22.54
2026-06-24 19:15:00,WAREHOUSE,LOW,22.74
2026-06-24 19:15:00,OFFICE_A,LOW,22.33
2026-06-24 19:15:00,CONTROL_ROOM,LOW,22.01
2026-06-24 19:15:00,UTILITY,LOW,22.69
2026-06-24 19:15:00,BATTERY_FLEX,LOW,22.37
2026-06-24 19:30:00,PRODUCTION,LOW,23.25
2026-06-24 19:30:00,WAREHOUSE,LOW,22.77
2026-06-24 19:30:00,OFFICE_A,LOW,23.54
2026-06-24 19:30:00,CONTROL_ROOM,LOW,21.75
2026-06-24 19:30:00,UTILITY,LOW,24.31
2026-06-24 19:30:00,BATTERY_FLEX,LOW,22.44
2026-06-24 19:45:00,PRODUCTION,LOW,23.18
2026-06-24 19:45:00,WAREHOUSE,LOW,23.14
2026-06-24 19:45:00,OFFICE_A,LOW,23.65
2026-06-24 19:45:00,CONTROL_ROOM,LOW,22.41
2026-06-24 19:45:00,UTILITY,LOW,24.12
2026-06-24 19:45:00,BATTERY_FLEX,LOW,21.93
2026-06-24 20:00:00,PRODUCTION,LOW,23.12
2026-06-24 20:00:00,WAREHOUSE,LOW,22.75
2026-06-24 20:00:00,OFFICE_A,LOW,23.58
2026-06-24 20:00:00,CONTROL_ROOM,LOW,22.23
2026-06-24 20:00:00,UTILITY,LOW,24.12
2026-06-24 20:00:00,BATTERY_FLEX,LOW,22.37
2026-06-24 20:15:00,PRODUCTION,LOW,23.02
2026-06-24 20:15:00,WAREHOUSE,LOW,22.62
2026-06-24 20:15:00,OFFICE_A,LOW,22.57
2026-06-24 20:15:00,CONTROL_ROOM,LOW,22.26
2026-06-24 20:15:00,UTILITY,LOW,22.83
2026-06-24 20:15:00,BATTERY_FLEX,LOW,22.9
2026-06-24 20:30:00,PRODUCTION,LOW,23.19
2026-06-24 20:30:00,WAREHOUSE,LOW,22.93
2026-06-24 20:30:00,OFFICE_A,LOW,22.58
2026-06-24 20:30:00,CONTROL_ROOM,LOW,21.52
2026-06-24 20:30:00,UTILITY,LOW,24.24
2026-06-24 20:30:00,BATTERY_FLEX,LOW,22.59
2026-06-24 20:45:00,PRODUCTION,LOW,22.95
2026-06-24 20:45:00,WAREHOUSE,LOW,23.45
2026-06-24 20:45:00,OFFICE_A,LOW,22.4
2026-06-24 20:45:00,CONTROL_ROOM,LOW,20.65
2026-06-24 20:45:00,UTILITY,LOW,23.6
2026-06-24 20:45:00,BATTERY_FLEX,LOW,22.43
2026-06-24 21:00:00,PRODUCTION,LOW,23.82
2026-06-24 21:00:00,WAREHOUSE,LOW,23.54
2026-06-24 21:00:00,OFFICE_A,LOW,22.22
2026-06-24 21:00:00,CONTROL_ROOM,LOW,21.31
2026-06-24 21:00:00,UTILITY,LOW,23.76
2026-06-24 21:00:00,BATTERY_FLEX,LOW,22.77
2026-06-24 21:15:00,PRODUCTION,LOW,23.69
2026-06-24 21:15:00,WAREHOUSE,LOW,23.13
2026-06-24 21:15:00,OFFICE_A,LOW,22.8
2026-06-24 21:15:00,CONTROL_ROOM,LOW,22.02
2026-06-24 21:15:00,UTILITY,LOW,23.92
2026-06-24 21:15:00,BATTERY_FLEX,LOW,21.51
2026-06-24 21:30:00,PRODUCTION,LOW,23.51
2026-06-24 21:30:00,WAREHOUSE,LOW,22.14
2026-06-24 21:30:00,OFFICE_A,LOW,21.95
2026-06-24 21:30:00,CONTROL_ROOM,LOW,21.29
2026-06-24 21:30:00,UTILITY,LOW,23.61
2026-06-24 21:30:00,BATTERY_FLEX,LOW,22.95
2026-06-24 21:45:00,PRODUCTION,LOW,23.52
2026-06-24 21:45:00,WAREHOUSE,LOW,23.31
2026-06-24 21:45:00,OFFICE_A,LOW,22.65
2026-06-24 21:45:00,CONTROL_ROOM,LOW,21.46
2026-06-24 21:45:00,UTILITY,LOW,23.01
2026-06-24 21:45:00,BATTERY_FLEX,LOW,21.97
2026-06-24 22:00:00,PRODUCTION,LOW,23.45
2026-06-24 22:00:00,WAREHOUSE,LOW,22.93
2026-06-24 22:00:00,OFFICE_A,LOW,22.16
2026-06-24 22:00:00,CONTROL_ROOM,LOW,21.48
2026-06-24 22:00:00,UTILITY,LOW,23.94
2026-06-24 22:00:00,BATTERY_FLEX,LOW,22.02
2026-06-24 22:15:00,PRODUCTION,LOW,22.96
2026-06-24 22:15:00,WAREHOUSE,LOW,22.24
2026-06-24 22:15:00,OFFICE_A,LOW,22.66
2026-06-24 22:15:00,CONTROL_ROOM,LOW,20.92
2026-06-24 22:15:00,UTILITY,LOW,24.06
2026-06-24 22:15:00,BATTERY_FLEX,LOW,22.48
2026-06-24 22:30:00,PRODUCTION,LOW,22.72
2026-06-24 22:30:00,WAREHOUSE,LOW,22.11
2026-06-24 22:30:00,OFFICE_A,LOW,23.25
2026-06-24 22:30:00,CONTROL_ROOM,LOW,22.53
2026-06-24 22:30:00,UTILITY,LOW,22.69
2026-06-24 22:30:00,BATTERY_FLEX,LOW,22.12
2026-06-24 22:45:00,PRODUCTION,LOW,23.07
2026-06-24 22:45:00,WAREHOUSE,LOW,23.24
2026-06-24 22:45:00,OFFICE_A,LOW,22.15
2026-06-24 22:45:00,CONTROL_ROOM,LOW,21.73
2026-06-24 22:45:00,UTILITY,LOW,22.97
2026-06-24 22:45:00,BATTERY_FLEX,LOW,22.33
2026-06-24 23:00:00,PRODUCTION,LOW,23.58
2026-06-24 23:00:00,WAREHOUSE,LOW,23.0
2026-06-24 23:00:00,OFFICE_A,LOW,22.67
2026-06-24 23:00:00,CONTROL_ROOM,LOW,21.6
2026-06-24 23:00:00,UTILITY,LOW,22.46
2026-06-24 23:00:00,BATTERY_FLEX,LOW,21.53
2026-06-24 23:15:00,PRODUCTION,LOW,22.69
2026-06-24 23:15:00,WAREHOUSE,LOW,22.91
2026-06-24 23:15:00,OFFICE_A,LOW,22.46
2026-06-24 23:15:00,CONTROL_ROOM,LOW,22.01
2026-06-24 23:15:00,UTILITY,LOW,23.89
2026-06-24 23:15:00,BATTERY_FLEX,LOW,22.25
2026-06-24 23:30:00,PRODUCTION,LOW,23.97
2026-06-24 23:30:00,WAREHOUSE,LOW,23.02
2026-06-24 23:30:00,OFFICE_A,LOW,23.23
2026-06-24 23:30:00,CONTROL_ROOM,LOW,21.07
2026-06-24 23:30:00,UTILITY,LOW,23.22
2026-06-24 23:30:00,BATTERY_FLEX,LOW,21.47
2026-06-24 23:45:00,PRODUCTION,LOW,23.13
2026-06-24 23:45:00,WAREHOUSE,LOW,23.31
2026-06-24 23:45:00,OFFICE_A,LOW,22.81
2026-06-24 23:45:00,CONTROL_ROOM,LOW,20.94
2026-06-24 23:45:00,UTILITY,LOW,23.9
2026-06-24 23:45:00,BATTERY_FLEX,LOW,22.51
2026-06-25 00:00:00,PRODUCTION,LOW,23.75
2026-06-25 00:00:00,WAREHOUSE,LOW,22.95
2026-06-25 00:00:00,OFFICE_A,LOW,22.84
2026-06-25 00:00:00,CONTROL_ROOM,LOW,22.32
2026-06-25 00:00:00,UTILITY,LOW,23.48
2026-06-25 00:00:00,BATTERY_FLEX,LOW,21.99
2026-06-25 00:15:00,PRODUCTION,LOW,23.58
2026-06-25 00:15:00,WAREHOUSE,LOW,21.88
2026-06-25 00:15:00,OFFICE_A,LOW,22.41
2026-06-25 00:15:00,CONTROL_ROOM,LOW,21.43
2026-06-25 00:15:00,UTILITY,LOW,23.58
2026-06-25 00:15:00,BATTERY_FLEX,LOW,23.4
2026-06-25 00:30:00,PRODUCTION,LOW,22.78
2026-06-25 00:30:00,WAREHOUSE,LOW,23.46
2026-06-25 00:30:00,OFFICE_A,LOW,23.13
2026-06-25 00:30:00,CONTROL_ROOM,LOW,21.99
2026-06-25 00:30:00,UTILITY,LOW,23.16
2026-06-25 00:30:00,BATTERY_FLEX,LOW,22.79
2026-06-25 00:45:00,PRODUCTION,LOW,22.77
2026-06-25 00:45:00,WAREHOUSE,LOW,23.57
2026-06-25 00:45:00,OFFICE_A,LOW,22.39
2026-06-25 00:45:00,CONTROL_ROOM,LOW,21.57
2026-06-25 00:45:00,UTILITY,LOW,23.1
2026-06-25 00:45:00,BATTERY_FLEX,LOW,23.06
2026-06-25 01:00:00,PRODUCTION,LOW,23.0
2026-06-25 01:00:00,WAREHOUSE,LOW,23.07
2026-06-25 01:00:00,OFFICE_A,LOW,22.48
2026-06-25 01:00:00,CONTROL_ROOM,LOW,21.99
2026-06-25 01:00:00,UTILITY,LOW,23.46
2026-06-25 01:00:00,BATTERY_FLEX,LOW,22.35
2026-06-25 01:15:00,PRODUCTION,LOW,23.5
2026-06-25 01:15:00,WAREHOUSE,LOW,23.11
2026-06-25 01:15:00,OFFICE_A,LOW,23.15
2026-06-25 01:15:00,CONTROL_ROOM,LOW,21.49
2026-06-25 01:15:00,UTILITY,LOW,23.31
2026-06-25 01:15:00,BATTERY_FLEX,LOW,21.99
2026-06-25 01:30:00,PRODUCTION,LOW,22.9
2026-06-25 01:30:00,WAREHOUSE,LOW,22.54
2026-06-25 01:30:00,OFFICE_A,LOW,21.89
2026-06-25 01:30:00,CONTROL_ROOM,LOW,21.27
2026-06-25 01:30:00,UTILITY,LOW,23.93
2026-06-25 01:30:00,BATTERY_FLEX,LOW,22.33
2026-06-25 01:45:00,PRODUCTION,LOW,23.16
2026-06-25 01:45:00,WAREHOUSE,LOW,22.74
2026-06-25 01:45:00,OFFICE_A,LOW,22.55
2026-06-25 01:45:00,CONTROL_ROOM,LOW,22.81
2026-06-25 01:45:00,UTILITY,LOW,24.16
2026-06-25 01:45:00,BATTERY_FLEX,LOW,23.29
2026-06-25 02:00:00,PRODUCTION,LOW,23.43
2026-06-25 02:00:00,WAREHOUSE,LOW,23.57
2026-06-25 02:00:00,OFFICE_A,LOW,22.82
2026-06-25 02:00:00,CONTROL_ROOM,LOW,21.22
2026-06-25 02:00:00,UTILITY,LOW,23.21
2026-06-25 02:00:00,BATTERY_FLEX,LOW,22.85
2026-06-25 02:15:00,PRODUCTION,LOW,23.21
2026-06-25 02:15:00,WAREHOUSE,LOW,23.18
2026-06-25 02:15:00,OFFICE_A,LOW,23.04
2026-06-25 02:15:00,CONTROL_ROOM,LOW,22.0
2026-06-25 02:15:00,UTILITY,LOW,23.56
2026-06-25 02:15:00,BATTERY_FLEX,LOW,22.52
2026-06-25 02:30:00,PRODUCTION,LOW,23.42
2026-06-25 02:30:00,WAREHOUSE,LOW,22.68
2026-06-25 02:30:00,OFFICE_A,LOW,23.06
2026-06-25 02:30:00,CONTROL_ROOM,LOW,21.63
2026-06-25 02:30:00,UTILITY,LOW,23.95
2026-06-25 02:30:00,BATTERY_FLEX,LOW,22.86
2026-06-25 02:45:00,PRODUCTION,LOW,23.56
2026-06-25 02:45:00,WAREHOUSE,LOW,22.27
2026-06-25 02:45:00,OFFICE_A,LOW,23.55
2026-06-25 02:45:00,CONTROL_ROOM,LOW,22.83
2026-06-25 02:45:00,UTILITY,LOW,24.02
2026-06-25 02:45:00,BATTERY_FLEX,LOW,22.95
2026-06-25 03:00:00,PRODUCTION,LOW,23.66
2026-06-25 03:00:00,WAREHOUSE,LOW,22.56
2026-06-25 03:00:00,OFFICE_A,LOW,22.15
2026-06-25 03:00:00,CONTROL_ROOM,LOW,21.48
2026-06-25 03:00:00,UTILITY,LOW,23.87
2026-06-25 03:00:00,BATTERY_FLEX,LOW,22.11
2026-06-25 03:15:00,PRODUCTION,LOW,21.92
2026-06-25 03:15:00,WAREHOUSE,LOW,22.52
2026-06-25 03:15:00,OFFICE_A,LOW,22.77
2026-06-25 03:15:00,CONTROL_ROOM,LOW,21.89
2026-06-25 03:15:00,UTILITY,LOW,23.78
2026-06-25 03:15:00,BATTERY_FLEX,LOW,22.84
2026-06-25 03:30:00,PRODUCTION,LOW,23.09
2026-06-25 03:30:00,WAREHOUSE,LOW,23.5
2026-06-25 03:30:00,OFFICE_A,LOW,22.88
2026-06-25 03:30:00,CONTROL_ROOM,LOW,22.34
2026-06-25 03:30:00,UTILITY,LOW,23.32
2026-06-25 03:30:00,BATTERY_FLEX,LOW,23.08
2026-06-25 03:45:00,PRODUCTION,LOW,22.73
2026-06-25 03:45:00,WAREHOUSE,LOW,23.5
2026-06-25 03:45:00,OFFICE_A,LOW,23.26
2026-06-25 03:45:00,CONTROL_ROOM,LOW,21.45
2026-06-25 03:45:00,UTILITY,LOW,23.84
2026-06-25 03:45:00,BATTERY_FLEX,LOW,22.69
2026-06-25 04:00:00,PRODUCTION,LOW,23.13
2026-06-25 04:00:00,WAREHOUSE,LOW,23.47
2026-06-25 04:00:00,OFFICE_A,LOW,23.25
2026-06-25 04:00:00,CONTROL_ROOM,LOW,21.42
2026-06-25 04:00:00,UTILITY,LOW,23.55
2026-06-25 04:00:00,BATTERY_FLEX,LOW,21.67
2026-06-25 04:15:00,PRODUCTION,LOW,23.24
2026-06-25 04:15:00,WAREHOUSE,LOW,22.93
2026-06-25 04:15:00,OFFICE_A,LOW,22.48
2026-06-25 04:15:00,CONTROL_ROOM,LOW,21.79
2026-06-25 04:15:00,UTILITY,LOW,23.15
2026-06-25 04:15:00,BATTERY_FLEX,LOW,22.43
2026-06-25 04:30:00,PRODUCTION,LOW,22.97
2026-06-25 04:30:00,WAREHOUSE,LOW,23.07
2026-06-25 04:30:00,OFFICE_A,LOW,22.58
2026-06-25 04:30:00,CONTROL_ROOM,LOW,22.26
2026-06-25 04:30:00,UTILITY,LOW,23.33
2026-06-25 04:30:00,BATTERY_FLEX,LOW,22.86
2026-06-25 04:45:00,PRODUCTION,LOW,23.76
2026-06-25 04:45:00,WAREHOUSE,LOW,23.79
2026-06-25 04:45:00,OFFICE_A,LOW,22.86
2026-06-25 04:45:00,CONTROL_ROOM,LOW,22.34
2026-06-25 04:45:00,UTILITY,LOW,24.37
2026-06-25 04:45:00,BATTERY_FLEX,LOW,21.99
2026-06-25 05:00:00,PRODUCTION,LOW,22.46
2026-06-25 05:00:00,WAREHOUSE,LOW,22.16
2026-06-25 05:00:00,OFFICE_A,LOW,22.17
2026-06-25 05:00:00,CONTROL_ROOM,LOW,20.85
2026-06-25 05:00:00,UTILITY,LOW,23.69
2026-06-25 05:00:00,BATTERY_FLEX,LOW,22.01
2026-06-25 05:15:00,PRODUCTION,LOW,22.25
2026-06-25 05:15:00,WAREHOUSE,LOW,22.69
2026-06-25 05:15:00,OFFICE_A,LOW,22.64
2026-06-25 05:15:00,CONTROL_ROOM,LOW,21.5
2026-06-25 05:15:00,UTILITY,LOW,23.38
2026-06-25 05:15:00,BATTERY_FLEX,LOW,23.13
2026-06-25 05:30:00,PRODUCTION,LOW,23.02
2026-06-25 05:30:00,WAREHOUSE,LOW,23.13
2026-06-25 05:30:00,OFFICE_A,LOW,22.61
2026-06-25 05:30:00,CONTROL_ROOM,LOW,21.94
2026-06-25 05:30:00,UTILITY,LOW,24.64
2026-06-25 05:30:00,BATTERY_FLEX,LOW,21.68
2026-06-25 05:45:00,PRODUCTION,LOW,23.56
2026-06-25 05:45:00,WAREHOUSE,LOW,23.36
2026-06-25 05:45:00,OFFICE_A,LOW,23.28
2026-06-25 05:45:00,CONTROL_ROOM,LOW,22.62
2026-06-25 05:45:00,UTILITY,LOW,23.71
2026-06-25 05:45:00,BATTERY_FLEX,LOW,21.67
2026-06-25 06:00:00,PRODUCTION,LOW,23.38
2026-06-25 06:00:00,WAREHOUSE,LOW,21.78
2026-06-25 06:00:00,OFFICE_A,LOW,21.95
2026-06-25 06:00:00,CONTROL_ROOM,LOW,22.07
2026-06-25 06:00:00,UTILITY,LOW,23.55
2026-06-25 06:00:00,BATTERY_FLEX,LOW,22.34
2026-06-25 06:15:00,PRODUCTION,LOW,23.12
2026-06-25 06:15:00,WAREHOUSE,LOW,22.3
2026-06-25 06:15:00,OFFICE_A,LOW,22.78
2026-06-25 06:15:00,CONTROL_ROOM,LOW,22.05
2026-06-25 06:15:00,UTILITY,LOW,23.46
2026-06-25 06:15:00,BATTERY_FLEX,LOW,22.62
2026-06-25 06:30:00,PRODUCTION,LOW,23.66
2026-06-25 06:30:00,WAREHOUSE,LOW,23.59
2026-06-25 06:30:00,OFFICE_A,LOW,23.19
2026-06-25 06:30:00,CONTROL_ROOM,LOW,21.45
2026-06-25 06:30:00,UTILITY,LOW,23.89
2026-06-25 06:30:00,BATTERY_FLEX,LOW,22.81
2026-06-25 06:45:00,PRODUCTION,LOW,24.06
2026-06-25 06:45:00,WAREHOUSE,LOW,22.19
2026-06-25 06:45:00,OFFICE_A,LOW,23.69
2026-06-25 06:45:00,CONTROL_ROOM,LOW,22.45
2026-06-25 06:45:00,UTILITY,LOW,23.69
2026-06-25 06:45:00,BATTERY_FLEX,LOW,22.47
2026-06-25 07:00:00,PRODUCTION,LOW,22.66
2026-06-25 07:00:00,WAREHOUSE,LOW,22.23
2026-06-25 07:00:00,OFFICE_A,LOW,24.06
2026-06-25 07:00:00,CONTROL_ROOM,LOW,21.93
2026-06-25 07:00:00,UTILITY,LOW,23.7
2026-06-25 07:00:00,BATTERY_FLEX,LOW,22.58
2026-06-25 07:15:00,PRODUCTION,MEDIUM,23.36
2026-06-25 07:15:00,WAREHOUSE,MEDIUM,22.74
2026-06-25 07:15:00,OFFICE_A,MEDIUM,23.2
2026-06-25 07:15:00,CONTROL_ROOM,MEDIUM,22.05
2026-06-25 07:15:00,UTILITY,MEDIUM,23.81
2026-06-25 07:15:00,BATTERY_FLEX,MEDIUM,22.97
2026-06-25 07:30:00,PRODUCTION,MEDIUM,23.09
2026-06-25 07:30:00,WAREHOUSE,MEDIUM,22.2
2026-06-25 07:30:00,OFFICE_A,MEDIUM,23.34
2026-06-25 07:30:00,CONTROL_ROOM,MEDIUM,21.75
2026-06-25 07:30:00,UTILITY,MEDIUM,23.1
2026-06-25 07:30:00,BATTERY_FLEX,MEDIUM,23.08
2026-06-25 07:45:00,PRODUCTION,MEDIUM,22.83
2026-06-25 07:45:00,WAREHOUSE,MEDIUM,23.12
2026-06-25 07:45:00,OFFICE_A,MEDIUM,22.19
2026-06-25 07:45:00,CONTROL_ROOM,MEDIUM,22.27
2026-06-25 07:45:00,UTILITY,MEDIUM,23.34
2026-06-25 07:45:00,BATTERY_FLEX,MEDIUM,23.07
2026-06-25 08:00:00,PRODUCTION,MEDIUM,22.8
2026-06-25 08:00:00,WAREHOUSE,MEDIUM,23.27
2026-06-25 08:00:00,OFFICE_A,MEDIUM,22.98
2026-06-25 08:00:00,CONTROL_ROOM,MEDIUM,21.19
2026-06-25 08:00:00,UTILITY,MEDIUM,23.12
2026-06-25 08:00:00,BATTERY_FLEX,MEDIUM,22.28
2026-06-25 08:15:00,PRODUCTION,MEDIUM,23.9
2026-06-25 08:15:00,WAREHOUSE,MEDIUM,22.15
2026-06-25 08:15:00,OFFICE_A,MEDIUM,22.88
2026-06-25 08:15:00,CONTROL_ROOM,MEDIUM,22.36
2026-06-25 08:15:00,UTILITY,MEDIUM,23.75
2026-06-25 08:15:00,BATTERY_FLEX,MEDIUM,22.4
2026-06-25 08:30:00,PRODUCTION,MEDIUM,24.16
2026-06-25 08:30:00,WAREHOUSE,MEDIUM,23.34
2026-06-25 08:30:00,OFFICE_A,MEDIUM,23.49
2026-06-25 08:30:00,CONTROL_ROOM,MEDIUM,23.09
2026-06-25 08:30:00,UTILITY,MEDIUM,24.1
2026-06-25 08:30:00,BATTERY_FLEX,MEDIUM,23.55
2026-06-25 08:45:00,PRODUCTION,MEDIUM,23.67
2026-06-25 08:45:00,WAREHOUSE,MEDIUM,23.92
2026-06-25 08:45:00,OFFICE_A,MEDIUM,22.71
2026-06-25 08:45:00,CONTROL_ROOM,MEDIUM,22.24
2026-06-25 08:45:00,UTILITY,MEDIUM,23.9
2026-06-25 08:45:00,BATTERY_FLEX,MEDIUM,22.75
2026-06-25 09:00:00,PRODUCTION,HIGH,24.65
2026-06-25 09:00:00,WAREHOUSE,HIGH,23.24
2026-06-25 09:00:00,OFFICE_A,HIGH,22.97
2026-06-25 09:00:00,CONTROL_ROOM,HIGH,23.15
2026-06-25 09:00:00,UTILITY,HIGH,23.18
2026-06-25 09:00:00,BATTERY_FLEX,HIGH,23.62
2026-06-25 09:15:00,PRODUCTION,HIGH,22.83
2026-06-25 09:15:00,WAREHOUSE,HIGH,22.7
2026-06-25 09:15:00,OFFICE_A,HIGH,23.54
2026-06-25 09:15:00,CONTROL_ROOM,HIGH,22.05
2026-06-25 09:15:00,UTILITY,HIGH,23.56
2026-06-25 09:15:00,BATTERY_FLEX,HIGH,23.03
2026-06-25 09:30:00,PRODUCTION,HIGH,24.17
2026-06-25 09:30:00,WAREHOUSE,HIGH,23.1
2026-06-25 09:30:00,OFFICE_A,HIGH,23.77
2026-06-25 09:30:00,CONTROL_ROOM,HIGH,22.46
2026-06-25 09:30:00,UTILITY,HIGH,24.39
2026-06-25 09:30:00,BATTERY_FLEX,HIGH,22.8
2026-06-25 09:45:00,PRODUCTION,HIGH,23.72
2026-06-25 09:45:00,WAREHOUSE,HIGH,22.8
2026-06-25 09:45:00,OFFICE_A,HIGH,24.0
2026-06-25 09:45:00,CONTROL_ROOM,HIGH,22.86
2026-06-25 09:45:00,UTILITY,HIGH,22.73
2026-06-25 09:45:00,BATTERY_FLEX,HIGH,23.09
2026-06-25 10:00:00,PRODUCTION,HIGH,23.09
2026-06-25 10:00:00,WAREHOUSE,HIGH,23.05
2026-06-25 10:00:00,OFFICE_A,HIGH,23.3
2026-06-25 10:00:00,CONTROL_ROOM,HIGH,22.79
2026-06-25 10:00:00,UTILITY,HIGH,23.86
2026-06-25 10:00:00,BATTERY_FLEX,HIGH,22.19
2026-06-25 10:15:00,PRODUCTION,HIGH,23.11
2026-06-25 10:15:00,WAREHOUSE,HIGH,23.54
2026-06-25 10:15:00,OFFICE_A,HIGH,23.63
2026-06-25 10:15:00,CONTROL_ROOM,HIGH,22.68
2026-06-25 10:15:00,UTILITY,HIGH,23.36
2026-06-25 10:15:00,BATTERY_FLEX,HIGH,22.81
2026-06-25 10:30:00,PRODUCTION,HIGH,24.09
2026-06-25 10:30:00,WAREHOUSE,HIGH,22.43
2026-06-25 10:30:00,OFFICE_A,HIGH,22.93
2026-06-25 10:30:00,CONTROL_ROOM,HIGH,22.28
2026-06-25 10:30:00,UTILITY,HIGH,24.22
2026-06-25 10:30:00,BATTERY_FLEX,HIGH,22.33
2026-06-25 10:45:00,PRODUCTION,HIGH,24.11
2026-06-25 10:45:00,WAREHOUSE,HIGH,22.57
2026-06-25 10:45:00,OFFICE_A,HIGH,23.14
2026-06-25 10:45:00,CONTROL_ROOM,HIGH,23.19
2026-06-25 10:45:00,UTILITY,HIGH,24.5
2026-06-25 10:45:00,BATTERY_FLEX,HIGH,23.16
2026-06-25 11:00:00,PRODUCTION,HIGH,23.81
2026-06-25 11:00:00,WAREHOUSE,HIGH,24.45
2026-06-25 11:00:00,OFFICE_A,HIGH,23.31
2026-06-25 11:00:00,CONTROL_ROOM,HIGH,22.84
2026-06-25 11:00:00,UTILITY,HIGH,23.93
2026-06-25 11:00:00,BATTERY_FLEX,HIGH,22.92
2026-06-25 11:15:00,PRODUCTION,HIGH,24.56
2026-06-25 11:15:00,WAREHOUSE,HIGH,22.92
2026-06-25 11:15:00,OFFICE_A,HIGH,22.49
2026-06-25 11:15:00,CONTROL_ROOM,HIGH,22.64
2026-06-25 11:15:00,UTILITY,HIGH,23.94
2026-06-25 11:15:00,BATTERY_FLEX,HIGH,23.11
2026-06-25 11:30:00,PRODUCTION,HIGH,23.85
2026-06-25 11:30:00,WAREHOUSE,HIGH,23.66
2026-06-25 11:30:00,OFFICE_A,HIGH,22.46
2026-06-25 11:30:00,CONTROL_ROOM,HIGH,22.57
2026-06-25 11:30:00,UTILITY,HIGH,24.22
2026-06-25 11:30:00,BATTERY_FLEX,HIGH,23.2
2026-06-25 11:45:00,PRODUCTION,HIGH,24.77
2026-06-25 11:45:00,WAREHOUSE,HIGH,23.41
2026-06-25 11:45:00,OFFICE_A,HIGH,24.13
2026-06-25 11:45:00,CONTROL_ROOM,HIGH,21.87
2026-06-25 11:45:00,UTILITY,HIGH,22.86
2026-06-25 11:45:00,BATTERY_FLEX,HIGH,23.63
2026-06-25 12:00:00,PRODUCTION,HIGH,24.43
2026-06-25 12:00:00,WAREHOUSE,HIGH,23.8
2026-06-25 12:00:00,OFFICE_A,HIGH,23.65
2026-06-25 12:00:00,CONTROL_ROOM,HIGH,22.01
2026-06-25 12:00:00,UTILITY,HIGH,24.11
2026-06-25 12:00:00,BATTERY_FLEX,HIGH,23.12
2026-06-25 12:15:00,PRODUCTION,HIGH,24.45
2026-06-25 12:15:00,WAREHOUSE,HIGH,22.92
2026-06-25 12:15:00,OFFICE_A,HIGH,23.78
2026-06-25 12:15:00,CONTROL_ROOM,HIGH,22.69
2026-06-25 12:15:00,UTILITY,HIGH,23.71
2026-06-25 12:15:00,BATTERY_FLEX,HIGH,22.96
2026-06-25 12:30:00,PRODUCTION,HIGH,23.43
2026-06-25 12:30:00,WAREHOUSE,HIGH,21.68
2026-06-25 12:30:00,OFFICE_A,HIGH,23.39
2026-06-25 12:30:00,CONTROL_ROOM,HIGH,22.36
2026-06-25 12:30:00,UTILITY,HIGH,23.59
2026-06-25 12:30:00,BATTERY_FLEX,HIGH,22.31
2026-06-25 12:45:00,PRODUCTION,HIGH,24.36
2026-06-25 12:45:00,WAREHOUSE,HIGH,23.42
2026-06-25 12:45:00,OFFICE_A,HIGH,23.78
2026-06-25 12:45:00,CONTROL_ROOM,HIGH,23.01
2026-06-25 12:45:00,UTILITY,HIGH,23.79
2026-06-25 12:45:00,BATTERY_FLEX,HIGH,22.59
2026-06-25 13:00:00,PRODUCTION,HIGH,23.2
2026-06-25 13:00:00,WAREHOUSE,HIGH,23.17
2026-06-25 13:00:00,OFFICE_A,HIGH,23.02
2026-06-25 13:00:00,CONTROL_ROOM,HIGH,22.83
2026-06-25 13:00:00,UTILITY,HIGH,24.13
2026-06-25 13:00:00,BATTERY_FLEX,HIGH,22.63
2026-06-25 13:15:00,PRODUCTION,HIGH,24.73
2026-06-25 13:15:00,WAREHOUSE,HIGH,24.14
2026-06-25 13:15:00,OFFICE_A,HIGH,24.02
2026-06-25 13:15:00,CONTROL_ROOM,HIGH,22.63
2026-06-25 13:15:00,UTILITY,HIGH,24.67
2026-06-25 13:15:00,BATTERY_FLEX,HIGH,22.87
2026-06-25 13:30:00,PRODUCTION,HIGH,23.99
2026-06-25 13:30:00,WAREHOUSE,HIGH,23.48
2026-06-25 13:30:00,OFFICE_A,HIGH,22.79
2026-06-25 13:30:00,CONTROL_ROOM,HIGH,22.27
2026-06-25 13:30:00,UTILITY,HIGH,23.86
2026-06-25 13:30:00,BATTERY_FLEX,HIGH,23.07
2026-06-25 13:45:00,PRODUCTION,HIGH,23.52
2026-06-25 13:45:00,WAREHOUSE,HIGH,23.21
2026-06-25 13:45:00,OFFICE_A,HIGH,23.73
2026-06-25 13:45:00,CONTROL_ROOM,HIGH,22.59
2026-06-25 13:45:00,UTILITY,HIGH,23.32
2026-06-25 13:45:00,BATTERY_FLEX,HIGH,22.63
2026-06-25 14:00:00,PRODUCTION,HIGH,23.56
2026-06-25 14:00:00,WAREHOUSE,HIGH,22.91
2026-06-25 14:00:00,OFFICE_A,HIGH,23.58
2026-06-25 14:00:00,CONTROL_ROOM,HIGH,22.71
2026-06-25 14:00:00,UTILITY,HIGH,24.05
2026-06-25 14:00:00,BATTERY_FLEX,HIGH,22.96
2026-06-25 14:15:00,PRODUCTION,HIGH,23.88
2026-06-25 14:15:00,WAREHOUSE,HIGH,22.64
2026-06-25 14:15:00,OFFICE_A,HIGH,22.84
2026-06-25 14:15:00,CONTROL_ROOM,HIGH,22.49
2026-06-25 14:15:00,UTILITY,HIGH,24.26
2026-06-25 14:15:00,BATTERY_FLEX,HIGH,22.5
2026-06-25 14:30:00,PRODUCTION,HIGH,23.76
2026-06-25 14:30:00,WAREHOUSE,HIGH,22.91
2026-06-25 14:30:00,OFFICE_A,HIGH,23.68
2026-06-25 14:30:00,CONTROL_ROOM,HIGH,22.88
2026-06-25 14:30:00,UTILITY,HIGH,23.69
2026-06-25 14:30:00,BATTERY_FLEX,HIGH,22.93
2026-06-25 14:45:00,PRODUCTION,HIGH,23.83
2026-06-25 14:45:00,WAREHOUSE,HIGH,23.04
2026-06-25 14:45:00,OFFICE_A,HIGH,23.8
2026-06-25 14:45:00,CONTROL_ROOM,HIGH,22.34
2026-06-25 14:45:00,UTILITY,HIGH,22.77
2026-06-25 14:45:00,BATTERY_FLEX,HIGH,22.65
2026-06-25 15:00:00,PRODUCTION,HIGH,23.05
2026-06-25 15:00:00,WAREHOUSE,HIGH,22.9
2026-06-25 15:00:00,OFFICE_A,HIGH,23.82
2026-06-25 15:00:00,CONTROL_ROOM,HIGH,21.94
2026-06-25 15:00:00,UTILITY,HIGH,24.18
2026-06-25 15:00:00,BATTERY_FLEX,HIGH,23.31
2026-06-25 15:15:00,PRODUCTION,HIGH,24.44
2026-06-25 15:15:00,WAREHOUSE,HIGH,24.26
2026-06-25 15:15:00,OFFICE_A,HIGH,24.43
2026-06-25 15:15:00,CONTROL_ROOM,HIGH,22.44
2026-06-25 15:15:00,UTILITY,HIGH,23.21
2026-06-25 15:15:00,BATTERY_FLEX,HIGH,23.18
2026-06-25 15:30:00,PRODUCTION,HIGH,24.19
2026-06-25 15:30:00,WAREHOUSE,HIGH,23.8
2026-06-25 15:30:00,OFFICE_A,HIGH,24.17
2026-06-25 15:30:00,CONTROL_ROOM,HIGH,22.38
2026-06-25 15:30:00,UTILITY,HIGH,23.32
2026-06-25 15:30:00,BATTERY_FLEX,HIGH,21.54
2026-06-25 15:45:00,PRODUCTION,HIGH,23.98
2026-06-25 15:45:00,WAREHOUSE,HIGH,23.17
2026-06-25 15:45:00,OFFICE_A,HIGH,24.06
2026-06-25 15:45:00,CONTROL_ROOM,HIGH,22.85
2026-06-25 15:45:00,UTILITY,HIGH,23.73
2026-06-25 15:45:00,BATTERY_FLEX,HIGH,23.63
2026-06-25 16:00:00,PRODUCTION,HIGH,24.52
2026-06-25 16:00:00,WAREHOUSE,HIGH,23.38
2026-06-25 16:00:00,OFFICE_A,HIGH,23.07
2026-06-25 16:00:00,CONTROL_ROOM,HIGH,23.08
2026-06-25 16:00:00,UTILITY,HIGH,24.41
2026-06-25 16:00:00,BATTERY_FLEX,HIGH,23.37
2026-06-25 16:15:00,PRODUCTION,HIGH,24.37
2026-06-25 16:15:00,WAREHOUSE,HIGH,23.2
2026-06-25 16:15:00,OFFICE_A,HIGH,22.79
2026-06-25 16:15:00,CONTROL_ROOM,HIGH,22.71
2026-06-25 16:15:00,UTILITY,HIGH,24.06
2026-06-25 16:15:00,BATTERY_FLEX,HIGH,22.82
2026-06-25 16:30:00,PRODUCTION,HIGH,23.67
2026-06-25 16:30:00,WAREHOUSE,HIGH,23.38
2026-06-25 16:30:00,OFFICE_A,HIGH,23.9
2026-06-25 16:30:00,CONTROL_ROOM,HIGH,23.24
2026-06-25 16:30:00,UTILITY,HIGH,24.65
2026-06-25 16:30:00,BATTERY_FLEX,HIGH,22.61
2026-06-25 16:45:00,PRODUCTION,HIGH,24.46
2026-06-25 16:45:00,WAREHOUSE,HIGH,24.01
2026-06-25 16:45:00,OFFICE_A,HIGH,22.53
2026-06-25 16:45:00,CONTROL_ROOM,HIGH,22.9
2026-06-25 16:45:00,UTILITY,HIGH,24.04
2026-06-25 16:45:00,BATTERY_FLEX,HIGH,22.68
2026-06-25 17:00:00,PRODUCTION,HIGH,24.95
2026-06-25 17:00:00,WAREHOUSE,HIGH,23.47
2026-06-25 17:00:00,OFFICE_A,HIGH,23.22
2026-06-25 17:00:00,CONTROL_ROOM,HIGH,21.59
2026-06-25 17:00:00,UTILITY,HIGH,24.07
2026-06-25 17:00:00,BATTERY_FLEX,HIGH,23.13
2026-06-25 17:15:00,PRODUCTION,HIGH,24.62
2026-06-25 17:15:00,WAREHOUSE,HIGH,23.77
2026-06-25 17:15:00,OFFICE_A,HIGH,22.77
2026-06-25 17:15:00,CONTROL_ROOM,HIGH,21.89
2026-06-25 17:15:00,UTILITY,HIGH,24.79
2026-06-25 17:15:00,BATTERY_FLEX,HIGH,23.24
2026-06-25 17:30:00,PRODUCTION,HIGH,23.49
2026-06-25 17:30:00,WAREHOUSE,HIGH,23.11
2026-06-25 17:30:00,OFFICE_A,HIGH,23.54
2026-06-25 17:30:00,CONTROL_ROOM,HIGH,22.52
2026-06-25 17:30:00,UTILITY,HIGH,24.33
2026-06-25 17:30:00,BATTERY_FLEX,HIGH,23.68
2026-06-25 17:45:00,PRODUCTION,HIGH,24.85
2026-06-25 17:45:00,WAREHOUSE,HIGH,23.06
2026-06-25 17:45:00,OFFICE_A,HIGH,23.96
2026-06-25 17:45:00,CONTROL_ROOM,HIGH,22.11
2026-06-25 17:45:00,UTILITY,HIGH,23.77
2026-06-25 17:45:00,BATTERY_FLEX,HIGH,22.18
2026-06-25 18:00:00,PRODUCTION,HIGH,24.89
2026-06-25 18:00:00,WAREHOUSE,HIGH,23.05
2026-06-25 18:00:00,OFFICE_A,HIGH,22.5
2026-06-25 18:00:00,CONTROL_ROOM,HIGH,22.4
2026-06-25 18:00:00,UTILITY,HIGH,23.9
2026-06-25 18:00:00,BATTERY_FLEX,HIGH,22.85
2026-06-25 18:15:00,PRODUCTION,HIGH,23.89
2026-06-25 18:15:00,WAREHOUSE,HIGH,22.85
2026-06-25 18:15:00,OFFICE_A,HIGH,22.57
2026-06-25 18:15:00,CONTROL_ROOM,HIGH,22.6
2026-06-25 18:15:00,UTILITY,HIGH,23.86
2026-06-25 18:15:00,BATTERY_FLEX,HIGH,22.2
2026-06-25 18:30:00,PRODUCTION,HIGH,23.47
2026-06-25 18:30:00,WAREHOUSE,HIGH,23.42
2026-06-25 18:30:00,OFFICE_A,HIGH,23.26
2026-06-25 18:30:00,CONTROL_ROOM,HIGH,22.07
2026-06-25 18:30:00,UTILITY,HIGH,23.29
2026-06-25 18:30:00,BATTERY_FLEX,HIGH,22.65
2026-06-25 18:45:00,PRODUCTION,HIGH,24.0
2026-06-25 18:45:00,WAREHOUSE,HIGH,23.89
2026-06-25 18:45:00,OFFICE_A,HIGH,23.59
2026-06-25 18:45:00,CONTROL_ROOM,HIGH,22.47
2026-06-25 18:45:00,UTILITY,HIGH,24.03
2026-06-25 18:45:00,BATTERY_FLEX,HIGH,22.63
2026-06-25 19:00:00,PRODUCTION,MEDIUM,23.93
2026-06-25 19:00:00,WAREHOUSE,MEDIUM,23.36
2026-06-25 19:00:00,OFFICE_A,MEDIUM,23.11
2026-06-25 19:00:00,CONTROL_ROOM,MEDIUM,22.77
2026-06-25 19:00:00,UTILITY,MEDIUM,23.33
2026-06-25 19:00:00,BATTERY_FLEX,MEDIUM,21.8
2026-06-25 19:15:00,PRODUCTION,MEDIUM,23.4
2026-06-25 19:15:00,WAREHOUSE,MEDIUM,23.69
2026-06-25 19:15:00,OFFICE_A,MEDIUM,23.76
2026-06-25 19:15:00,CONTROL_ROOM,MEDIUM,21.82
2026-06-25 19:15:00,UTILITY,MEDIUM,23.29
2026-06-25 19:15:00,BATTERY_FLEX,MEDIUM,22.96
2026-06-25 19:30:00,PRODUCTION,MEDIUM,22.64
2026-06-25 19:30:00,WAREHOUSE,MEDIUM,22.91
2026-06-25 19:30:00,OFFICE_A,MEDIUM,23.78
2026-06-25 19:30:00,CONTROL_ROOM,MEDIUM,23.74
2026-06-25 19:30:00,UTILITY,MEDIUM,23.56
2026-06-25 19:30:00,BATTERY_FLEX,MEDIUM,22.06
2026-06-25 19:45:00,PRODUCTION,MEDIUM,23.2
2026-06-25 19:45:00,WAREHOUSE,MEDIUM,22.95
2026-06-25 19:45:00,OFFICE_A,MEDIUM,23.36
2026-06-25 19:45:00,CONTROL_ROOM,MEDIUM,22.08
2026-06-25 19:45:00,UTILITY,MEDIUM,23.22
2026-06-25 19:45:00,BATTERY_FLEX,MEDIUM,22.33
2026-06-25 20:00:00,PRODUCTION,MEDIUM,23.94
2026-06-25 20:00:00,WAREHOUSE,MEDIUM,23.04
2026-06-25 20:00:00,OFFICE_A,MEDIUM,22.24
2026-06-25 20:00:00,CONTROL_ROOM,MEDIUM,22.63
2026-06-25 20:00:00,UTILITY,MEDIUM,23.86
2026-06-25 20:00:00,BATTERY_FLEX,MEDIUM,21.96
2026-06-25 20:15:00,PRODUCTION,MEDIUM,23.44
2026-06-25 20:15:00,WAREHOUSE,MEDIUM,23.12
2026-06-25 20:15:00,OFFICE_A,MEDIUM,23.03
2026-06-25 20:15:00,CONTROL_ROOM,MEDIUM,21.39
2026-06-25 20:15:00,UTILITY,MEDIUM,24.36
2026-06-25 20:15:00,BATTERY_FLEX,MEDIUM,22.99
2026-06-25 20:30:00,PRODUCTION,MEDIUM,23.63
2026-06-25 20:30:00,WAREHOUSE,MEDIUM,23.93
2026-06-25 20:30:00,OFFICE_A,MEDIUM,24.56
2026-06-25 20:30:00,CONTROL_ROOM,MEDIUM,22.03
2026-06-25 20:30:00,UTILITY,MEDIUM,23.36
2026-06-25 20:30:00,BATTERY_FLEX,MEDIUM,22.15
2026-06-25 20:45:00,PRODUCTION,MEDIUM,23.95
2026-06-25 20:45:00,WAREHOUSE,MEDIUM,23.67
2026-06-25 20:45:00,OFFICE_A,MEDIUM,22.47
2026-06-25 20:45:00,CONTROL_ROOM,MEDIUM,21.54
2026-06-25 20:45:00,UTILITY,MEDIUM,24.5
2026-06-25 20:45:00,BATTERY_FLEX,MEDIUM,22.59
2026-06-25 21:00:00,PRODUCTION,LOW,23.99
2026-06-25 21:00:00,WAREHOUSE,LOW,23.4
2026-06-25 21:00:00,OFFICE_A,LOW,22.83
2026-06-25 21:00:00,CONTROL_ROOM,LOW,22.53
2026-06-25 21:00:00,UTILITY,LOW,24.26
2026-06-25 21:00:00,BATTERY_FLEX,LOW,22.73
2026-06-25 21:15:00,PRODUCTION,LOW,23.08
2026-06-25 21:15:00,WAREHOUSE,LOW,23.52
2026-06-25 21:15:00,OFFICE_A,LOW,22.66
2026-06-25 21:15:00,CONTROL_ROOM,LOW,22.01
2026-06-25 21:15:00,UTILITY,LOW,24.76
2026-06-25 21:15:00,BATTERY_FLEX,LOW,23.05
2026-06-25 21:30:00,PRODUCTION,LOW,22.74
2026-06-25 21:30:00,WAREHOUSE,LOW,23.51
2026-06-25 21:30:00,OFFICE_A,LOW,23.18
2026-06-25 21:30:00,CONTROL_ROOM,LOW,21.66
2026-06-25 21:30:00,UTILITY,LOW,24.39
2026-06-25 21:30:00,BATTERY_FLEX,LOW,23.32
2026-06-25 21:45:00,PRODUCTION,LOW,23.08
2026-06-25 21:45:00,WAREHOUSE,LOW,22.52
2026-06-25 21:45:00,OFFICE_A,LOW,22.48
2026-06-25 21:45:00,CONTROL_ROOM,LOW,21.67
2026-06-25 21:45:00,UTILITY,LOW,22.72
2026-06-25 21:45:00,BATTERY_FLEX,LOW,22.84
2026-06-25 22:00:00,PRODUCTION,LOW,23.02
2026-06-25 22:00:00,WAREHOUSE,LOW,22.34
2026-06-25 22:00:00,OFFICE_A,LOW,22.34
2026-06-25 22:00:00,CONTROL_ROOM,LOW,22.37
2026-06-25 22:00:00,UTILITY,LOW,22.32
2026-06-25 22:00:00,BATTERY_FLEX,LOW,22.13
2026-06-25 22:15:00,PRODUCTION,LOW,24.23
2026-06-25 22:15:00,WAREHOUSE,LOW,23.24
2026-06-25 22:15:00,OFFICE_A,LOW,23.18
2026-06-25 22:15:00,CONTROL_ROOM,LOW,21.96
2026-06-25 22:15:00,UTILITY,LOW,23.63
2026-06-25 22:15:00,BATTERY_FLEX,LOW,23.19
2026-06-25 22:30:00,PRODUCTION,LOW,23.22
2026-06-25 22:30:00,WAREHOUSE,LOW,22.85
2026-06-25 22:30:00,OFFICE_A,LOW,23.23
2026-06-25 22:30:00,CONTROL_ROOM,LOW,21.87
2026-06-25 22:30:00,UTILITY,LOW,24.52
2026-06-25 22:30:00,BATTERY_FLEX,LOW,23.11
2026-06-25 22:45:00,PRODUCTION,LOW,22.85
2026-06-25 22:45:00,WAREHOUSE,LOW,23.71
2026-06-25 22:45:00,OFFICE_A,LOW,22.23
2026-06-25 22:45:00,CONTROL_ROOM,LOW,21.24
2026-06-25 22:45:00,UTILITY,LOW,22.99
2026-06-25 22:45:00,BATTERY_FLEX,LOW,23.93
2026-06-25 23:00:00,PRODUCTION,LOW,23.68
2026-06-25 23:00:00,WAREHOUSE,LOW,22.16
2026-06-25 23:00:00,OFFICE_A,LOW,22.21
2026-06-25 23:00:00,CONTROL_ROOM,LOW,21.33
2026-06-25 23:00:00,UTILITY,LOW,23.66
2026-06-25 23:00:00,BATTERY_FLEX,LOW,22.15
2026-06-25 23:15:00,PRODUCTION,LOW,23.71
2026-06-25 23:15:00,WAREHOUSE,LOW,22.86
2026-06-25 23:15:00,OFFICE_A,LOW,22.42
2026-06-25 23:15:00,CONTROL_ROOM,LOW,22.16
2026-06-25 23:15:00,UTILITY,LOW,22.33
2026-06-25 23:15:00,BATTERY_FLEX,LOW,22.92
2026-06-25 23:30:00,PRODUCTION,LOW,23.04
2026-06-25 23:30:00,WAREHOUSE,LOW,23.56
2026-06-25 23:30:00,OFFICE_A,LOW,22.95
2026-06-25 23:30:00,CONTROL_ROOM,LOW,22.0
2026-06-25 23:30:00,UTILITY,LOW,23.45
2026-06-25 23:30:00,BATTERY_FLEX,LOW,22.43
2026-06-25 23:45:00,PRODUCTION,LOW,22.7
2026-06-25 23:45:00,WAREHOUSE,LOW,22.76
2026-06-25 23:45:00,OFFICE_A,LOW,23.21
2026-06-25 23:45:00,CONTROL_ROOM,LOW,22.31
2026-06-25 23:45:00,UTILITY,LOW,23.83
2026-06-25 23:45:00,BATTERY_FLEX,LOW,21.75
2026-06-26 00:00:00,PRODUCTION,LOW,24.18
2026-06-26 00:00:00,WAREHOUSE,LOW,22.39
2026-06-26 00:00:00,OFFICE_A,LOW,23.03
2026-06-26 00:00:00,CONTROL_ROOM,LOW,21.18
2026-06-26 00:00:00,UTILITY,LOW,24.08
2026-06-26 00:00:00,BATTERY_FLEX,LOW,22.85
2026-06-26 00:15:00,PRODUCTION,LOW,22.92
2026-06-26 00:15:00,WAREHOUSE,LOW,22.92
2026-06-26 00:15:00,OFFICE_A,LOW,22.41
2026-06-26 00:15:00,CONTROL_ROOM,LOW,22.34
2026-06-26 00:15:00,UTILITY,LOW,24.18
2026-06-26 00:15:00,BATTERY_FLEX,LOW,21.79
2026-06-26 00:30:00,PRODUCTION,LOW,23.37
2026-06-26 00:30:00,WAREHOUSE,LOW,23.77
2026-06-26 00:30:00,OFFICE_A,LOW,23.1
2026-06-26 00:30:00,CONTROL_ROOM,LOW,22.33
2026-06-26 00:30:00,UTILITY,LOW,23.18
2026-06-26 00:30:00,BATTERY_FLEX,LOW,22.56
2026-06-26 00:45:00,PRODUCTION,LOW,23.67
2026-06-26 00:45:00,WAREHOUSE,LOW,23.7
2026-06-26 00:45:00,OFFICE_A,LOW,23.04
2026-06-26 00:45:00,CONTROL_ROOM,LOW,21.26
2026-06-26 00:45:00,UTILITY,LOW,22.87
2026-06-26 00:45:00,BATTERY_FLEX,LOW,22.81
2026-06-26 01:00:00,PRODUCTION,LOW,24.17
2026-06-26 01:00:00,WAREHOUSE,LOW,23.28
2026-06-26 01:00:00,OFFICE_A,LOW,22.71
2026-06-26 01:00:00,CONTROL_ROOM,LOW,21.04
2026-06-26 01:00:00,UTILITY,LOW,23.54
2026-06-26 01:00:00,BATTERY_FLEX,LOW,22.87
2026-06-26 01:15:00,PRODUCTION,LOW,22.87
2026-06-26 01:15:00,WAREHOUSE,LOW,23.88
2026-06-26 01:15:00,OFFICE_A,LOW,23.13
2026-06-26 01:15:00,CONTROL_ROOM,LOW,21.42
2026-06-26 01:15:00,UTILITY,LOW,22.96
2026-06-26 01:15:00,BATTERY_FLEX,LOW,22.68
2026-06-26 01:30:00,PRODUCTION,LOW,22.63
2026-06-26 01:30:00,WAREHOUSE,LOW,23.12
2026-06-26 01:30:00,OFFICE_A,LOW,22.51
2026-06-26 01:30:00,CONTROL_ROOM,LOW,22.89
2026-06-26 01:30:00,UTILITY,LOW,23.83
2026-06-26 01:30:00,BATTERY_FLEX,LOW,21.96
2026-06-26 01:45:00,PRODUCTION,LOW,23.83
2026-06-26 01:45:00,WAREHOUSE,LOW,23.18
2026-06-26 01:45:00,OFFICE_A,LOW,21.67
2026-06-26 01:45:00,CONTROL_ROOM,LOW,21.16
2026-06-26 01:45:00,UTILITY,LOW,23.2
2026-06-26 01:45:00,BATTERY_FLEX,LOW,22.76
2026-06-26 02:00:00,PRODUCTION,LOW,23.13
2026-06-26 02:00:00,WAREHOUSE,LOW,23.22
2026-06-26 02:00:00,OFFICE_A,LOW,23.36
2026-06-26 02:00:00,CONTROL_ROOM,LOW,21.75
2026-06-26 02:00:00,UTILITY,LOW,23.12
2026-06-26 02:00:00,BATTERY_FLEX,LOW,23.28
2026-06-26 02:15:00,PRODUCTION,LOW,23.2
2026-06-26 02:15:00,WAREHOUSE,LOW,22.64
2026-06-26 02:15:00,OFFICE_A,LOW,22.82
2026-06-26 02:15:00,CONTROL_ROOM,LOW,22.06
2026-06-26 02:15:00,UTILITY,LOW,23.29
2026-06-26 02:15:00,BATTERY_FLEX,LOW,22.26
2026-06-26 02:30:00,PRODUCTION,LOW,23.3
2026-06-26 02:30:00,WAREHOUSE,LOW,22.98
2026-06-26 02:30:00,OFFICE_A,LOW,22.56
2026-06-26 02:30:00,CONTROL_ROOM,LOW,21.89
2026-06-26 02:30:00,UTILITY,LOW,23.86
2026-06-26 02:30:00,BATTERY_FLEX,LOW,22.45
2026-06-26 02:45:00,PRODUCTION,LOW,23.27
2026-06-26 02:45:00,WAREHOUSE,LOW,22.78
2026-06-26 02:45:00,OFFICE_A,LOW,22.31
2026-06-26 02:45:00,CONTROL_ROOM,LOW,22.01
2026-06-26 02:45:00,UTILITY,LOW,23.44
2026-06-26 02:45:00,BATTERY_FLEX,LOW,22.93
2026-06-26 03:00:00,PRODUCTION,LOW,23.28
2026-06-26 03:00:00,WAREHOUSE,LOW,23.19
2026-06-26 03:00:00,OFFICE_A,LOW,21.62
2026-06-26 03:00:00,CONTROL_ROOM,LOW,21.23
2026-06-26 03:00:00,UTILITY,LOW,23.1
2026-06-26 03:00:00,BATTERY_FLEX,LOW,22.39
2026-06-26 03:15:00,PRODUCTION,LOW,22.85
2026-06-26 03:15:00,WAREHOUSE,LOW,23.39
2026-06-26 03:15:00,OFFICE_A,LOW,23.59
2026-06-26 03:15:00,CONTROL_ROOM,LOW,21.51
2026-06-26 03:15:00,UTILITY,LOW,23.22
2026-06-26 03:15:00,BATTERY_FLEX,LOW,22.2
2026-06-26 03:30:00,PRODUCTION,LOW,22.39
2026-06-26 03:30:00,WAREHOUSE,LOW,23.54
2026-06-26 03:30:00,OFFICE_A,LOW,23.26
2026-06-26 03:30:00,CONTROL_ROOM,LOW,22.42
2026-06-26 03:30:00,UTILITY,LOW,23.64
2026-06-26 03:30:00,BATTERY_FLEX,LOW,22.03
2026-06-26 03:45:00,PRODUCTION,LOW,23.25
2026-06-26 03:45:00,WAREHOUSE,LOW,23.3
2026-06-26 03:45:00,OFFICE_A,LOW,23.6
2026-06-26 03:45:00,CONTROL_ROOM,LOW,21.58
2026-06-26 03:45:00,UTILITY,LOW,22.85
2026-06-26 03:45:00,BATTERY_FLEX,LOW,22.47
2026-06-26 04:00:00,PRODUCTION,LOW,22.59
2026-06-26 04:00:00,WAREHOUSE,LOW,23.11
2026-06-26 04:00:00,OFFICE_A,LOW,23.02
2026-06-26 04:00:00,CONTROL_ROOM,LOW,22.4
2026-06-26 04:00:00,UTILITY,LOW,23.7
2026-06-26 04:00:00,BATTERY_FLEX,LOW,23.07
2026-06-26 04:15:00,PRODUCTION,LOW,22.54
2026-06-26 04:15:00,WAREHOUSE,LOW,22.86
2026-06-26 04:15:00,OFFICE_A,LOW,23.29
2026-06-26 04:15:00,CONTROL_ROOM,LOW,21.62
2026-06-26 04:15:00,UTILITY,LOW,23.41
2026-06-26 04:15:00,BATTERY_FLEX,LOW,22.42
2026-06-26 04:30:00,PRODUCTION,LOW,23.22
2026-06-26 04:30:00,WAREHOUSE,LOW,23.6
2026-06-26 04:30:00,OFFICE_A,LOW,22.88
2026-06-26 04:30:00,CONTROL_ROOM,LOW,22.14
2026-06-26 04:30:00,UTILITY,LOW,23.04
2026-06-26 04:30:00,BATTERY_FLEX,LOW,23.42
2026-06-26 04:45:00,PRODUCTION,LOW,23.24
2026-06-26 04:45:00,WAREHOUSE,LOW,22.86
2026-06-26 04:45:00,OFFICE_A,LOW,22.44
2026-06-26 04:45:00,CONTROL_ROOM,LOW,21.96
2026-06-26 04:45:00,UTILITY,LOW,23.12
2026-06-26 04:45:00,BATTERY_FLEX,LOW,22.27
2026-06-26 05:00:00,PRODUCTION,LOW,23.59
2026-06-26 05:00:00,WAREHOUSE,LOW,23.18
2026-06-26 05:00:00,OFFICE_A,LOW,22.86
2026-06-26 05:00:00,CONTROL_ROOM,LOW,21.97
2026-06-26 05:00:00,UTILITY,LOW,23.49
2026-06-26 05:00:00,BATTERY_FLEX,LOW,22.03
2026-06-26 05:15:00,PRODUCTION,LOW,23.76
2026-06-26 05:15:00,WAREHOUSE,LOW,22.83
2026-06-26 05:15:00,OFFICE_A,LOW,21.56
2026-06-26 05:15:00,CONTROL_ROOM,LOW,21.12
2026-06-26 05:15:00,UTILITY,LOW,23.88
2026-06-26 05:15:00,BATTERY_FLEX,LOW,22.51
2026-06-26 05:30:00,PRODUCTION,LOW,22.64
2026-06-26 05:30:00,WAREHOUSE,LOW,22.68
2026-06-26 05:30:00,OFFICE_A,LOW,23.1
2026-06-26 05:30:00,CONTROL_ROOM,LOW,21.16
2026-06-26 05:30:00,UTILITY,LOW,23.08
2026-06-26 05:30:00,BATTERY_FLEX,LOW,22.64
2026-06-26 05:45:00,PRODUCTION,LOW,22.59
2026-06-26 05:45:00,WAREHOUSE,LOW,22.33
2026-06-26 05:45:00,OFFICE_A,LOW,21.96
2026-06-26 05:45:00,CONTROL_ROOM,LOW,20.91
2026-06-26 05:45:00,UTILITY,LOW,23.73
2026-06-26 05:45:00,BATTERY_FLEX,LOW,22.07
2026-06-26 06:00:00,PRODUCTION,LOW,23.74
2026-06-26 06:00:00,WAREHOUSE,LOW,23.49
2026-06-26 06:00:00,OFFICE_A,LOW,22.25
2026-06-26 06:00:00,CONTROL_ROOM,LOW,21.85
2026-06-26 06:00:00,UTILITY,LOW,23.8
2026-06-26 06:00:00,BATTERY_FLEX,LOW,22.31
2026-06-26 06:15:00,PRODUCTION,LOW,23.4
2026-06-26 06:15:00,WAREHOUSE,LOW,23.81
2026-06-26 06:15:00,OFFICE_A,LOW,23.29
2026-06-26 06:15:00,CONTROL_ROOM,LOW,22.04
2026-06-26 06:15:00,UTILITY,LOW,23.59
2026-06-26 06:15:00,BATTERY_FLEX,LOW,22.52
2026-06-26 06:30:00,PRODUCTION,LOW,23.55
2026-06-26 06:30:00,WAREHOUSE,LOW,23.54
2026-06-26 06:30:00,OFFICE_A,LOW,23.13
2026-06-26 06:30:00,CONTROL_ROOM,LOW,22.35
2026-06-26 06:30:00,UTILITY,LOW,23.6
2026-06-26 06:30:00,BATTERY_FLEX,LOW,22.07
2026-06-26 06:45:00,PRODUCTION,LOW,23.19
2026-06-26 06:45:00,WAREHOUSE,LOW,23.04
2026-06-26 06:45:00,OFFICE_A,LOW,23.22
2026-06-26 06:45:00,CONTROL_ROOM,LOW,21.5
2026-06-26 06:45:00,UTILITY,LOW,24.07
2026-06-26 06:45:00,BATTERY_FLEX,LOW,21.92
2026-06-26 07:00:00,PRODUCTION,MEDIUM,22.74
2026-06-26 07:00:00,WAREHOUSE,MEDIUM,22.34
2026-06-26 07:00:00,OFFICE_A,MEDIUM,23.3
2026-06-26 07:00:00,CONTROL_ROOM,MEDIUM,21.73
2026-06-26 07:00:00,UTILITY,MEDIUM,23.56
2026-06-26 07:00:00,BATTERY_FLEX,MEDIUM,22.28
2026-06-26 07:15:00,PRODUCTION,MEDIUM,22.88
2026-06-26 07:15:00,WAREHOUSE,MEDIUM,23.37
2026-06-26 07:15:00,OFFICE_A,MEDIUM,22.47
2026-06-26 07:15:00,CONTROL_ROOM,MEDIUM,21.63
2026-06-26 07:15:00,UTILITY,MEDIUM,22.93
2026-06-26 07:15:00,BATTERY_FLEX,MEDIUM,22.54
2026-06-26 07:30:00,PRODUCTION,MEDIUM,23.55
2026-06-26 07:30:00,WAREHOUSE,MEDIUM,23.18
2026-06-26 07:30:00,OFFICE_A,MEDIUM,23.03
2026-06-26 07:30:00,CONTROL_ROOM,MEDIUM,22.08
2026-06-26 07:30:00,UTILITY,MEDIUM,23.1
2026-06-26 07:30:00,BATTERY_FLEX,MEDIUM,22.68
2026-06-26 07:45:00,PRODUCTION,MEDIUM,24.11
2026-06-26 07:45:00,WAREHOUSE,MEDIUM,21.91
2026-06-26 07:45:00,OFFICE_A,MEDIUM,23.86
2026-06-26 07:45:00,CONTROL_ROOM,MEDIUM,21.21
2026-06-26 07:45:00,UTILITY,MEDIUM,23.03
2026-06-26 07:45:00,BATTERY_FLEX,MEDIUM,22.78
2026-06-26 08:00:00,PRODUCTION,MEDIUM,23.25
2026-06-26 08:00:00,WAREHOUSE,MEDIUM,22.96
2026-06-26 08:00:00,OFFICE_A,MEDIUM,23.0
2026-06-26 08:00:00,CONTROL_ROOM,MEDIUM,21.88
2026-06-26 08:00:00,UTILITY,MEDIUM,22.7
2026-06-26 08:00:00,BATTERY_FLEX,MEDIUM,22.65
2026-06-26 08:15:00,PRODUCTION,MEDIUM,23.31
2026-06-26 08:15:00,WAREHOUSE,MEDIUM,23.76
2026-06-26 08:15:00,OFFICE_A,MEDIUM,23.28
2026-06-26 08:15:00,CONTROL_ROOM,MEDIUM,22.4
2026-06-26 08:15:00,UTILITY,MEDIUM,23.88
2026-06-26 08:15:00,BATTERY_FLEX,MEDIUM,22.89
2026-06-26 08:30:00,PRODUCTION,MEDIUM,24.01
2026-06-26 08:30:00,WAREHOUSE,MEDIUM,22.89
2026-06-26 08:30:00,OFFICE_A,MEDIUM,23.14
2026-06-26 08:30:00,CONTROL_ROOM,MEDIUM,22.38
2026-06-26 08:30:00,UTILITY,MEDIUM,23.26
2026-06-26 08:30:00,BATTERY_FLEX,MEDIUM,22.42
2026-06-26 08:45:00,PRODUCTION,MEDIUM,23.33
2026-06-26 08:45:00,WAREHOUSE,MEDIUM,22.71
2026-06-26 08:45:00,OFFICE_A,MEDIUM,24.27
2026-06-26 08:45:00,CONTROL_ROOM,MEDIUM,21.55
2026-06-26 08:45:00,UTILITY,MEDIUM,23.69
2026-06-26 08:45:00,BATTERY_FLEX,MEDIUM,23.63
2026-06-26 09:00:00,PRODUCTION,HIGH,23.86
2026-06-26 09:00:00,WAREHOUSE,HIGH,23.15
2026-06-26 09:00:00,OFFICE_A,HIGH,22.3
2026-06-26 09:00:00,CONTROL_ROOM,HIGH,22.2
2026-06-26 09:00:00,UTILITY,HIGH,23.83
2026-06-26 09:00:00,BATTERY_FLEX,HIGH,22.83
2026-06-26 09:15:00,PRODUCTION,HIGH,24.47
2026-06-26 09:15:00,WAREHOUSE,HIGH,23.49
2026-06-26 09:15:00,OFFICE_A,HIGH,23.34
2026-06-26 09:15:00,CONTROL_ROOM,HIGH,22.34
2026-06-26 09:15:00,UTILITY,HIGH,23.55
2026-06-26 09:15:00,BATTERY_FLEX,HIGH,22.94
2026-06-26 09:30:00,PRODUCTION,HIGH,23.92
2026-06-26 09:30:00,WAREHOUSE,HIGH,23.99
2026-06-26 09:30:00,OFFICE_A,HIGH,23.23
2026-06-26 09:30:00,CONTROL_ROOM,HIGH,23.27
2026-06-26 09:30:00,UTILITY,HIGH,23.79
2026-06-26 09:30:00,BATTERY_FLEX,HIGH,22.68
2026-06-26 09:45:00,PRODUCTION,MEDIUM,24.27
2026-06-26 09:45:00,WAREHOUSE,MEDIUM,24.3
2026-06-26 09:45:00,OFFICE_A,MEDIUM,23.57
2026-06-26 09:45:00,CONTROL_ROOM,MEDIUM,22.6
2026-06-26 09:45:00,UTILITY,MEDIUM,23.62
2026-06-26 09:45:00,BATTERY_FLEX,MEDIUM,23.29
2026-06-26 10:00:00,PRODUCTION,HIGH,23.6
2026-06-26 10:00:00,WAREHOUSE,HIGH,23.4
2026-06-26 10:00:00,OFFICE_A,HIGH,23.82
2026-06-26 10:00:00,CONTROL_ROOM,HIGH,22.83
2026-06-26 10:00:00,UTILITY,HIGH,22.93
2026-06-26 10:00:00,BATTERY_FLEX,HIGH,21.98
2026-06-26 10:15:00,PRODUCTION,HIGH,23.16
2026-06-26 10:15:00,WAREHOUSE,HIGH,23.19
2026-06-26 10:15:00,OFFICE_A,HIGH,23.46
2026-06-26 10:15:00,CONTROL_ROOM,HIGH,22.71
2026-06-26 10:15:00,UTILITY,HIGH,23.23
2026-06-26 10:15:00,BATTERY_FLEX,HIGH,21.76
2026-06-26 10:30:00,PRODUCTION,HIGH,23.82
2026-06-26 10:30:00,WAREHOUSE,HIGH,23.64
2026-06-26 10:30:00,OFFICE_A,HIGH,23.74
2026-06-26 10:30:00,CONTROL_ROOM,HIGH,23.16
2026-06-26 10:30:00,UTILITY,HIGH,23.72
2026-06-26 10:30:00,BATTERY_FLEX,HIGH,21.88
2026-06-26 10:45:00,PRODUCTION,HIGH,23.23
2026-06-26 10:45:00,WAREHOUSE,HIGH,23.09
2026-06-26 10:45:00,OFFICE_A,HIGH,23.93
2026-06-26 10:45:00,CONTROL_ROOM,HIGH,22.45
2026-06-26 10:45:00,UTILITY,HIGH,23.6
2026-06-26 10:45:00,BATTERY_FLEX,HIGH,23.7
2026-06-26 11:00:00,PRODUCTION,HIGH,23.92
2026-06-26 11:00:00,WAREHOUSE,HIGH,23.24
2026-06-26 11:00:00,OFFICE_A,HIGH,23.52
2026-06-26 11:00:00,CONTROL_ROOM,HIGH,22.63
2026-06-26 11:00:00,UTILITY,HIGH,23.46
2026-06-26 11:00:00,BATTERY_FLEX,HIGH,22.55
2026-06-26 11:15:00,PRODUCTION,HIGH,22.89
2026-06-26 11:15:00,WAREHOUSE,HIGH,23.3
2026-06-26 11:15:00,OFFICE_A,HIGH,23.25
2026-06-26 11:15:00,CONTROL_ROOM,HIGH,21.58
2026-06-26 11:15:00,UTILITY,HIGH,23.58
2026-06-26 11:15:00,BATTERY_FLEX,HIGH,22.56
2026-06-26 11:30:00,PRODUCTION,HIGH,24.76
2026-06-26 11:30:00,WAREHOUSE,HIGH,22.95
2026-06-26 11:30:00,OFFICE_A,HIGH,23.54
2026-06-26 11:30:00,CONTROL_ROOM,HIGH,23.43
2026-06-26 11:30:00,UTILITY,HIGH,23.88
2026-06-26 11:30:00,BATTERY_FLEX,HIGH,22.95
2026-06-26 11:45:00,PRODUCTION,HIGH,23.14
2026-06-26 11:45:00,WAREHOUSE,HIGH,23.09
2026-06-26 11:45:00,OFFICE_A,HIGH,22.97
2026-06-26 11:45:00,CONTROL_ROOM,HIGH,22.61
2026-06-26 11:45:00,UTILITY,HIGH,23.31
2026-06-26 11:45:00,BATTERY_FLEX,HIGH,23.0
2026-06-26 12:00:00,PRODUCTION,HIGH,24.31
2026-06-26 12:00:00,WAREHOUSE,HIGH,23.82
2026-06-26 12:00:00,OFFICE_A,HIGH,23.05
2026-06-26 12:00:00,CONTROL_ROOM,HIGH,21.95
2026-06-26 12:00:00,UTILITY,HIGH,24.73
2026-06-26 12:00:00,BATTERY_FLEX,HIGH,22.75
2026-06-26 12:15:00,PRODUCTION,HIGH,24.89
2026-06-26 12:15:00,WAREHOUSE,HIGH,23.38
2026-06-26 12:15:00,OFFICE_A,HIGH,24.06
2026-06-26 12:15:00,CONTROL_ROOM,HIGH,22.54
2026-06-26 12:15:00,UTILITY,HIGH,23.24
2026-06-26 12:15:00,BATTERY_FLEX,HIGH,22.42
2026-06-26 12:30:00,PRODUCTION,HIGH,24.14
2026-06-26 12:30:00,WAREHOUSE,HIGH,23.11
2026-06-26 12:30:00,OFFICE_A,HIGH,23.17
2026-06-26 12:30:00,CONTROL_ROOM,HIGH,22.74
2026-06-26 12:30:00,UTILITY,HIGH,23.15
2026-06-26 12:30:00,BATTERY_FLEX,HIGH,22.2
2026-06-26 12:45:00,PRODUCTION,HIGH,23.92
2026-06-26 12:45:00,WAREHOUSE,HIGH,23.62
2026-06-26 12:45:00,OFFICE_A,HIGH,23.59
2026-06-26 12:45:00,CONTROL_ROOM,HIGH,22.14
2026-06-26 12:45:00,UTILITY,HIGH,23.4
2026-06-26 12:45:00,BATTERY_FLEX,HIGH,22.65
2026-06-26 13:00:00,PRODUCTION,HIGH,24.04
2026-06-26 13:00:00,WAREHOUSE,HIGH,23.24
2026-06-26 13:00:00,OFFICE_A,HIGH,23.13
2026-06-26 13:00:00,CONTROL_ROOM,HIGH,23.07
2026-06-26 13:00:00,UTILITY,HIGH,23.51
2026-06-26 13:00:00,BATTERY_FLEX,HIGH,22.82
2026-06-26 13:15:00,PRODUCTION,HIGH,23.49
2026-06-26 13:15:00,WAREHOUSE,HIGH,24.46
2026-06-26 13:15:00,OFFICE_A,HIGH,23.61
2026-06-26 13:15:00,CONTROL_ROOM,HIGH,23.09
2026-06-26 13:15:00,UTILITY,HIGH,24.17
2026-06-26 13:15:00,BATTERY_FLEX,HIGH,23.24
2026-06-26 13:30:00,PRODUCTION,HIGH,24.07
2026-06-26 13:30:00,WAREHOUSE,HIGH,23.39
2026-06-26 13:30:00,OFFICE_A,HIGH,23.48
2026-06-26 13:30:00,CONTROL_ROOM,HIGH,22.58
2026-06-26 13:30:00,UTILITY,HIGH,23.74
2026-06-26 13:30:00,BATTERY_FLEX,HIGH,22.95
2026-06-26 13:45:00,PRODUCTION,HIGH,23.88
2026-06-26 13:45:00,WAREHOUSE,HIGH,23.9
2026-06-26 13:45:00,OFFICE_A,HIGH,23.39
2026-06-26 13:45:00,CONTROL_ROOM,HIGH,22.77
2026-06-26 13:45:00,UTILITY,HIGH,23.69
2026-06-26 13:45:00,BATTERY_FLEX,HIGH,21.9
2026-06-26 14:00:00,PRODUCTION,HIGH,23.56
2026-06-26 14:00:00,WAREHOUSE,HIGH,22.6
2026-06-26 14:00:00,OFFICE_A,HIGH,23.48
2026-06-26 14:00:00,CONTROL_ROOM,HIGH,22.29
2026-06-26 14:00:00,UTILITY,HIGH,23.19
2026-06-26 14:00:00,BATTERY_FLEX,HIGH,22.75
2026-06-26 14:15:00,PRODUCTION,HIGH,22.84
2026-06-26 14:15:00,WAREHOUSE,HIGH,23.01
2026-06-26 14:15:00,OFFICE_A,HIGH,23.82
2026-06-26 14:15:00,CONTROL_ROOM,HIGH,22.05
2026-06-26 14:15:00,UTILITY,HIGH,24.03
2026-06-26 14:15:00,BATTERY_FLEX,HIGH,22.99
2026-06-26 14:30:00,PRODUCTION,HIGH,23.69
2026-06-26 14:30:00,WAREHOUSE,HIGH,23.18
2026-06-26 14:30:00,OFFICE_A,HIGH,24.2
2026-06-26 14:30:00,CONTROL_ROOM,HIGH,22.2
2026-06-26 14:30:00,UTILITY,HIGH,24.01
2026-06-26 14:30:00,BATTERY_FLEX,HIGH,22.24
2026-06-26 14:45:00,PRODUCTION,HIGH,23.75
2026-06-26 14:45:00,WAREHOUSE,HIGH,23.47
2026-06-26 14:45:00,OFFICE_A,HIGH,23.63
2026-06-26 14:45:00,CONTROL_ROOM,HIGH,22.26
2026-06-26 14:45:00,UTILITY,HIGH,23.2
2026-06-26 14:45:00,BATTERY_FLEX,HIGH,23.07
2026-06-26 15:00:00,PRODUCTION,HIGH,23.9
2026-06-26 15:00:00,WAREHOUSE,HIGH,23.82
2026-06-26 15:00:00,OFFICE_A,HIGH,23.33
2026-06-26 15:00:00,CONTROL_ROOM,HIGH,23.22
2026-06-26 15:00:00,UTILITY,HIGH,24.44
2026-06-26 15:00:00,BATTERY_FLEX,HIGH,23.31
2026-06-26 15:15:00,PRODUCTION,HIGH,24.25
2026-06-26 15:15:00,WAREHOUSE,HIGH,23.27
2026-06-26 15:15:00,OFFICE_A,HIGH,23.06
2026-06-26 15:15:00,CONTROL_ROOM,HIGH,23.27
2026-06-26 15:15:00,UTILITY,HIGH,23.5
2026-06-26 15:15:00,BATTERY_FLEX,HIGH,23.24
2026-06-26 15:30:00,PRODUCTION,HIGH,23.93
2026-06-26 15:30:00,WAREHOUSE,HIGH,21.94
2026-06-26 15:30:00,OFFICE_A,HIGH,23.54
2026-06-26 15:30:00,CONTROL_ROOM,HIGH,23.0
2026-06-26 15:30:00,UTILITY,HIGH,23.66
2026-06-26 15:30:00,BATTERY_FLEX,HIGH,22.48
2026-06-26 15:45:00,PRODUCTION,HIGH,25.06
2026-06-26 15:45:00,WAREHOUSE,HIGH,23.0
2026-06-26 15:45:00,OFFICE_A,HIGH,23.74
2026-06-26 15:45:00,CONTROL_ROOM,HIGH,22.42
2026-06-26 15:45:00,UTILITY,HIGH,24.82
2026-06-26 15:45:00,BATTERY_FLEX,HIGH,22.87
2026-06-26 16:00:00,PRODUCTION,HIGH,24.26
2026-06-26 16:00:00,WAREHOUSE,HIGH,23.72
2026-06-26 16:00:00,OFFICE_A,HIGH,23.09
2026-06-26 16:00:00,CONTROL_ROOM,HIGH,22.87
2026-06-26 16:00:00,UTILITY,HIGH,23.27
2026-06-26 16:00:00,BATTERY_FLEX,HIGH,22.93
2026-06-26 16:15:00,PRODUCTION,HIGH,24.47
2026-06-26 16:15:00,WAREHOUSE,HIGH,22.68
2026-06-26 16:15:00,OFFICE_A,HIGH,22.74
2026-06-26 16:15:00,CONTROL_ROOM,HIGH,22.94
2026-06-26 16:15:00,UTILITY,HIGH,24.59
2026-06-26 16:15:00,BATTERY_FLEX,HIGH,22.32
2026-06-26 16:30:00,PRODUCTION,HIGH,23.31
2026-06-26 16:30:00,WAREHOUSE,HIGH,23.66
2026-06-26 16:30:00,OFFICE_A,HIGH,23.65
2026-06-26 16:30:00,CONTROL_ROOM,HIGH,23.33
2026-06-26 16:30:00,UTILITY,HIGH,23.17
2026-06-26 16:30:00,BATTERY_FLEX,HIGH,22.83
2026-06-26 16:45:00,PRODUCTION,HIGH,23.97
2026-06-26 16:45:00,WAREHOUSE,HIGH,23.38
2026-06-26 16:45:00,OFFICE_A,HIGH,23.81
2026-06-26 16:45:00,CONTROL_ROOM,HIGH,22.78
2026-06-26 16:45:00,UTILITY,HIGH,24.39
2026-06-26 16:45:00,BATTERY_FLEX,HIGH,22.19
2026-06-26 17:00:00,PRODUCTION,HIGH,23.92
2026-06-26 17:00:00,WAREHOUSE,HIGH,22.97
2026-06-26 17:00:00,OFFICE_A,HIGH,23.29
2026-06-26 17:00:00,CONTROL_ROOM,HIGH,21.88
2026-06-26 17:00:00,UTILITY,HIGH,23.49
2026-06-26 17:00:00,BATTERY_FLEX,HIGH,23.1
2026-06-26 17:15:00,PRODUCTION,HIGH,24.53
2026-06-26 17:15:00,WAREHOUSE,HIGH,23.02
2026-06-26 17:15:00,OFFICE_A,HIGH,22.53
2026-06-26 17:15:00,CONTROL_ROOM,HIGH,22.74
2026-06-26 17:15:00,UTILITY,HIGH,24.15
2026-06-26 17:15:00,BATTERY_FLEX,HIGH,22.49
2026-06-26 17:30:00,PRODUCTION,HIGH,24.95
2026-06-26 17:30:00,WAREHOUSE,HIGH,23.29
2026-06-26 17:30:00,OFFICE_A,HIGH,23.47
2026-06-26 17:30:00,CONTROL_ROOM,HIGH,22.53
2026-06-26 17:30:00,UTILITY,HIGH,24.58
2026-06-26 17:30:00,BATTERY_FLEX,HIGH,22.97
2026-06-26 17:45:00,PRODUCTION,HIGH,23.7
2026-06-26 17:45:00,WAREHOUSE,HIGH,23.28
2026-06-26 17:45:00,OFFICE_A,HIGH,22.47
2026-06-26 17:45:00,CONTROL_ROOM,HIGH,22.26
2026-06-26 17:45:00,UTILITY,HIGH,23.52
2026-06-26 17:45:00,BATTERY_FLEX,HIGH,22.87
2026-06-26 18:00:00,PRODUCTION,HIGH,23.45
2026-06-26 18:00:00,WAREHOUSE,HIGH,23.36
2026-06-26 18:00:00,OFFICE_A,HIGH,23.45
2026-06-26 18:00:00,CONTROL_ROOM,HIGH,23.22
2026-06-26 18:00:00,UTILITY,HIGH,24.21
2026-06-26 18:00:00,BATTERY_FLEX,HIGH,23.19
2026-06-26 18:15:00,PRODUCTION,HIGH,24.39
2026-06-26 18:15:00,WAREHOUSE,HIGH,23.08
2026-06-26 18:15:00,OFFICE_A,HIGH,22.68
2026-06-26 18:15:00,CONTROL_ROOM,HIGH,22.7
2026-06-26 18:15:00,UTILITY,HIGH,24.42
2026-06-26 18:15:00,BATTERY_FLEX,HIGH,22.52
2026-06-26 18:30:00,PRODUCTION,HIGH,23.78
2026-06-26 18:30:00,WAREHOUSE,HIGH,23.03
2026-06-26 18:30:00,OFFICE_A,HIGH,23.02
2026-06-26 18:30:00,CONTROL_ROOM,HIGH,22.42
2026-06-26 18:30:00,UTILITY,HIGH,23.45
2026-06-26 18:30:00,BATTERY_FLEX,HIGH,22.53
2026-06-26 18:45:00,PRODUCTION,HIGH,23.52
2026-06-26 18:45:00,WAREHOUSE,HIGH,22.61
2026-06-26 18:45:00,OFFICE_A,HIGH,23.73
2026-06-26 18:45:00,CONTROL_ROOM,HIGH,23.2
2026-06-26 18:45:00,UTILITY,HIGH,24.24
2026-06-26 18:45:00,BATTERY_FLEX,HIGH,22.88
2026-06-26 19:00:00,PRODUCTION,HIGH,22.71
2026-06-26 19:00:00,WAREHOUSE,HIGH,23.03
2026-06-26 19:00:00,OFFICE_A,HIGH,23.72
2026-06-26 19:00:00,CONTROL_ROOM,HIGH,21.78
2026-06-26 19:00:00,UTILITY,HIGH,23.92
2026-06-26 19:00:00,BATTERY_FLEX,HIGH,22.9
2026-06-26 19:15:00,PRODUCTION,MEDIUM,23.95
2026-06-26 19:15:00,WAREHOUSE,MEDIUM,23.52
2026-06-26 19:15:00,OFFICE_A,MEDIUM,23.45
2026-06-26 19:15:00,CONTROL_ROOM,MEDIUM,22.28
2026-06-26 19:15:00,UTILITY,MEDIUM,23.83
2026-06-26 19:15:00,BATTERY_FLEX,MEDIUM,22.1
2026-06-26 19:30:00,PRODUCTION,MEDIUM,24.11
2026-06-26 19:30:00,WAREHOUSE,MEDIUM,23.53
2026-06-26 19:30:00,OFFICE_A,MEDIUM,24.12
2026-06-26 19:30:00,CONTROL_ROOM,MEDIUM,22.1
2026-06-26 19:30:00,UTILITY,MEDIUM,23.42
2026-06-26 19:30:00,BATTERY_FLEX,MEDIUM,22.51
2026-06-26 19:45:00,PRODUCTION,MEDIUM,23.01
2026-06-26 19:45:00,WAREHOUSE,MEDIUM,22.64
2026-06-26 19:45:00,OFFICE_A,MEDIUM,23.16
2026-06-26 19:45:00,CONTROL_ROOM,MEDIUM,22.0
2026-06-26 19:45:00,UTILITY,MEDIUM,24.12
2026-06-26 19:45:00,BATTERY_FLEX,MEDIUM,22.71
2026-06-26 20:00:00,PRODUCTION,MEDIUM,22.97
2026-06-26 20:00:00,WAREHOUSE,MEDIUM,23.29
2026-06-26 20:00:00,OFFICE_A,MEDIUM,22.81
2026-06-26 20:00:00,CONTROL_ROOM,MEDIUM,21.8
2026-06-26 20:00:00,UTILITY,MEDIUM,24.6
2026-06-26 20:00:00,BATTERY_FLEX,MEDIUM,22.73
2026-06-26 20:15:00,PRODUCTION,MEDIUM,23.28
2026-06-26 20:15:00,WAREHOUSE,MEDIUM,22.89
2026-06-26 20:15:00,OFFICE_A,MEDIUM,23.46
2026-06-26 20:15:00,CONTROL_ROOM,MEDIUM,21.38
2026-06-26 20:15:00,UTILITY,MEDIUM,24.15
2026-06-26 20:15:00,BATTERY_FLEX,MEDIUM,21.86
2026-06-26 20:30:00,PRODUCTION,MEDIUM,24.17
2026-06-26 20:30:00,WAREHOUSE,MEDIUM,23.65
2026-06-26 20:30:00,OFFICE_A,MEDIUM,23.6
2026-06-26 20:30:00,CONTROL_ROOM,MEDIUM,21.3
2026-06-26 20:30:00,UTILITY,MEDIUM,23.11
2026-06-26 20:30:00,BATTERY_FLEX,MEDIUM,22.8
2026-06-26 20:45:00,PRODUCTION,MEDIUM,22.93
2026-06-26 20:45:00,WAREHOUSE,MEDIUM,23.95
2026-06-26 20:45:00,OFFICE_A,MEDIUM,22.76
2026-06-26 20:45:00,CONTROL_ROOM,MEDIUM,22.02
2026-06-26 20:45:00,UTILITY,MEDIUM,23.67
2026-06-26 20:45:00,BATTERY_FLEX,MEDIUM,23.18
2026-06-26 21:00:00,PRODUCTION,LOW,23.78
2026-06-26 21:00:00,WAREHOUSE,LOW,22.19
2026-06-26 21:00:00,OFFICE_A,LOW,22.64
2026-06-26 21:00:00,CONTROL_ROOM,LOW,22.51
2026-06-26 21:00:00,UTILITY,LOW,23.9
2026-06-26 21:00:00,BATTERY_FLEX,LOW,22.76
2026-06-26 21:15:00,PRODUCTION,LOW,23.52
2026-06-26 21:15:00,WAREHOUSE,LOW,23.52
2026-06-26 21:15:00,OFFICE_A,LOW,22.83
2026-06-26 21:15:00,CONTROL_ROOM,LOW,21.65
2026-06-26 21:15:00,UTILITY,LOW,23.96
2026-06-26 21:15:00,BATTERY_FLEX,LOW,22.7
2026-06-26 21:30:00,PRODUCTION,LOW,23.49
2026-06-26 21:30:00,WAREHOUSE,LOW,22.77
2026-06-26 21:30:00,OFFICE_A,LOW,23.36
2026-06-26 21:30:00,CONTROL_ROOM,LOW,21.9
2026-06-26 21:30:00,UTILITY,LOW,23.7
2026-06-26 21:30:00,BATTERY_FLEX,LOW,23.01
2026-06-26 21:45:00,PRODUCTION,LOW,24.23
2026-06-26 21:45:00,WAREHOUSE,LOW,22.69
2026-06-26 21:45:00,OFFICE_A,LOW,23.11
2026-06-26 21:45:00,CONTROL_ROOM,LOW,21.69
2026-06-26 21:45:00,UTILITY,LOW,23.79
2026-06-26 21:45:00,BATTERY_FLEX,LOW,23.18
2026-06-26 22:00:00,PRODUCTION,LOW,22.93
2026-06-26 22:00:00,WAREHOUSE,LOW,23.69
2026-06-26 22:00:00,OFFICE_A,LOW,23.11
2026-06-26 22:00:00,CONTROL_ROOM,LOW,21.53
2026-06-26 22:00:00,UTILITY,LOW,24.11
2026-06-26 22:00:00,BATTERY_FLEX,LOW,22.15
2026-06-26 22:15:00,PRODUCTION,LOW,23.03
2026-06-26 22:15:00,WAREHOUSE,LOW,23.45
2026-06-26 22:15:00,OFFICE_A,LOW,23.06
2026-06-26 22:15:00,CONTROL_ROOM,LOW,21.58
2026-06-26 22:15:00,UTILITY,LOW,24.48
2026-06-26 22:15:00,BATTERY_FLEX,LOW,22.19
2026-06-26 22:30:00,PRODUCTION,LOW,23.91
2026-06-26 22:30:00,WAREHOUSE,LOW,23.09
2026-06-26 22:30:00,OFFICE_A,LOW,21.95
2026-06-26 22:30:00,CONTROL_ROOM,LOW,21.19
2026-06-26 22:30:00,UTILITY,LOW,22.72
2026-06-26 22:30:00,BATTERY_FLEX,LOW,22.73
2026-06-26 22:45:00,PRODUCTION,LOW,22.99
2026-06-26 22:45:00,WAREHOUSE,LOW,23.31
2026-06-26 22:45:00,OFFICE_A,LOW,23.04
2026-06-26 22:45:00,CONTROL_ROOM,LOW,22.3
2026-06-26 22:45:00,UTILITY,LOW,23.24
2026-06-26 22:45:00,BATTERY_FLEX,LOW,22.54
2026-06-26 23:00:00,PRODUCTION,LOW,23.0
2026-06-26 23:00:00,WAREHOUSE,LOW,22.84
2026-06-26 23:00:00,OFFICE_A,LOW,22.86
2026-06-26 23:00:00,CONTROL_ROOM,LOW,21.71
2026-06-26 23:00:00,UTILITY,LOW,23.81
2026-06-26 23:00:00,BATTERY_FLEX,LOW,22.5
2026-06-26 23:15:00,PRODUCTION,LOW,23.49
2026-06-26 23:15:00,WAREHOUSE,LOW,22.91
2026-06-26 23:15:00,OFFICE_A,LOW,22.81
2026-06-26 23:15:00,CONTROL_ROOM,LOW,21.82
2026-06-26 23:15:00,UTILITY,LOW,24.35
2026-06-26 23:15:00,BATTERY_FLEX,LOW,22.74
2026-06-26 23:30:00,PRODUCTION,LOW,23.13
2026-06-26 23:30:00,WAREHOUSE,LOW,22.3
2026-06-26 23:30:00,OFFICE_A,LOW,22.67
2026-06-26 23:30:00,CONTROL_ROOM,LOW,21.86
2026-06-26 23:30:00,UTILITY,LOW,23.16
2026-06-26 23:30:00,BATTERY_FLEX,LOW,22.51
2026-06-26 23:45:00,PRODUCTION,LOW,22.63
2026-06-26 23:45:00,WAREHOUSE,LOW,24.09
2026-06-26 23:45:00,OFFICE_A,LOW,22.77
2026-06-26 23:45:00,CONTROL_ROOM,LOW,22.07
2026-06-26 23:45:00,UTILITY,LOW,23.64
2026-06-26 23:45:00,BATTERY_FLEX,LOW,21.71
2026-06-27 00:00:00,PRODUCTION,LOW,22.52
2026-06-27 00:00:00,WAREHOUSE,LOW,22.63
2026-06-27 00:00:00,OFFICE_A,LOW,22.8
2026-06-27 00:00:00,CONTROL_ROOM,LOW,21.95
2026-06-27 00:00:00,UTILITY,LOW,23.78
2026-06-27 00:00:00,BATTERY_FLEX,LOW,22.06
2026-06-27 00:15:00,PRODUCTION,LOW,23.06
2026-06-27 00:15:00,WAREHOUSE,LOW,22.49
2026-06-27 00:15:00,OFFICE_A,LOW,22.52
2026-06-27 00:15:00,CONTROL_ROOM,LOW,21.93
2026-06-27 00:15:00,UTILITY,LOW,23.44
2026-06-27 00:15:00,BATTERY_FLEX,LOW,23.26
2026-06-27 00:30:00,PRODUCTION,LOW,22.76
2026-06-27 00:30:00,WAREHOUSE,LOW,22.75
2026-06-27 00:30:00,OFFICE_A,LOW,22.24
2026-06-27 00:30:00,CONTROL_ROOM,LOW,21.71
2026-06-27 00:30:00,UTILITY,LOW,23.63
2026-06-27 00:30:00,BATTERY_FLEX,LOW,21.69
2026-06-27 00:45:00,PRODUCTION,LOW,23.57
2026-06-27 00:45:00,WAREHOUSE,LOW,22.66
2026-06-27 00:45:00,OFFICE_A,LOW,23.32
2026-06-27 00:45:00,CONTROL_ROOM,LOW,21.62
2026-06-27 00:45:00,UTILITY,LOW,24.3
2026-06-27 00:45:00,BATTERY_FLEX,LOW,22.1
2026-06-27 01:00:00,PRODUCTION,LOW,22.8
2026-06-27 01:00:00,WAREHOUSE,LOW,23.6
2026-06-27 01:00:00,OFFICE_A,LOW,22.59
2026-06-27 01:00:00,CONTROL_ROOM,LOW,22.13
2026-06-27 01:00:00,UTILITY,LOW,23.55
2026-06-27 01:00:00,BATTERY_FLEX,LOW,22.02
2026-06-27 01:15:00,PRODUCTION,LOW,21.71
2026-06-27 01:15:00,WAREHOUSE,LOW,23.2
2026-06-27 01:15:00,OFFICE_A,LOW,23.03
2026-06-27 01:15:00,CONTROL_ROOM,LOW,21.33
2026-06-27 01:15:00,UTILITY,LOW,23.19
2026-06-27 01:15:00,BATTERY_FLEX,LOW,22.54
2026-06-27 01:30:00,PRODUCTION,LOW,23.8
2026-06-27 01:30:00,WAREHOUSE,LOW,22.94
2026-06-27 01:30:00,OFFICE_A,LOW,21.95
2026-06-27 01:30:00,CONTROL_ROOM,LOW,21.62
2026-06-27 01:30:00,UTILITY,LOW,23.82
2026-06-27 01:30:00,BATTERY_FLEX,LOW,22.59
2026-06-27 01:45:00,PRODUCTION,LOW,23.06
2026-06-27 01:45:00,WAREHOUSE,LOW,23.31
2026-06-27 01:45:00,OFFICE_A,LOW,23.82
2026-06-27 01:45:00,CONTROL_ROOM,LOW,20.95
2026-06-27 01:45:00,UTILITY,LOW,23.79
2026-06-27 01:45:00,BATTERY_FLEX,LOW,23.47
2026-06-27 02:00:00,PRODUCTION,LOW,22.48
2026-06-27 02:00:00,WAREHOUSE,LOW,23.41
2026-06-27 02:00:00,OFFICE_A,LOW,22.59
2026-06-27 02:00:00,CONTROL_ROOM,LOW,21.69
2026-06-27 02:00:00,UTILITY,LOW,23.39
2026-06-27 02:00:00,BATTERY_FLEX,LOW,23.21
2026-06-27 02:15:00,PRODUCTION,LOW,22.99
2026-06-27 02:15:00,WAREHOUSE,LOW,22.5
2026-06-27 02:15:00,OFFICE_A,LOW,22.43
2026-06-27 02:15:00,CONTROL_ROOM,LOW,21.72
2026-06-27 02:15:00,UTILITY,LOW,23.74
2026-06-27 02:15:00,BATTERY_FLEX,LOW,23.14
2026-06-27 02:30:00,PRODUCTION,LOW,23.29
2026-06-27 02:30:00,WAREHOUSE,LOW,22.98
2026-06-27 02:30:00,OFFICE_A,LOW,22.6
2026-06-27 02:30:00,CONTROL_ROOM,LOW,21.77
2026-06-27 02:30:00,UTILITY,LOW,23.8
2026-06-27 02:30:00,BATTERY_FLEX,LOW,22.67
2026-06-27 02:45:00,PRODUCTION,LOW,23.58
2026-06-27 02:45:00,WAREHOUSE,LOW,22.83
2026-06-27 02:45:00,OFFICE_A,LOW,21.98
2026-06-27 02:45:00,CONTROL_ROOM,LOW,22.24
2026-06-27 02:45:00,UTILITY,LOW,23.07
2026-06-27 02:45:00,BATTERY_FLEX,LOW,22.56
2026-06-27 03:00:00,PRODUCTION,LOW,23.29
2026-06-27 03:00:00,WAREHOUSE,LOW,23.69
2026-06-27 03:00:00,OFFICE_A,LOW,22.98
2026-06-27 03:00:00,CONTROL_ROOM,LOW,20.53
2026-06-27 03:00:00,UTILITY,LOW,24.59
2026-06-27 03:00:00,BATTERY_FLEX,LOW,21.86
2026-06-27 03:15:00,PRODUCTION,LOW,23.24
2026-06-27 03:15:00,WAREHOUSE,LOW,22.76
2026-06-27 03:15:00,OFFICE_A,LOW,23.36
2026-06-27 03:15:00,CONTROL_ROOM,LOW,21.68
2026-06-27 03:15:00,UTILITY,LOW,22.77
2026-06-27 03:15:00,BATTERY_FLEX,LOW,23.17
2026-06-27 03:30:00,PRODUCTION,LOW,24.4
2026-06-27 03:30:00,WAREHOUSE,LOW,22.9
2026-06-27 03:30:00,OFFICE_A,LOW,22.71
2026-06-27 03:30:00,CONTROL_ROOM,LOW,22.06
2026-06-27 03:30:00,UTILITY,LOW,23.4
2026-06-27 03:30:00,BATTERY_FLEX,LOW,22.95
2026-06-27 03:45:00,PRODUCTION,LOW,23.11
2026-06-27 03:45:00,WAREHOUSE,LOW,22.61
2026-06-27 03:45:00,OFFICE_A,LOW,23.13
2026-06-27 03:45:00,CONTROL_ROOM,LOW,21.42
2026-06-27 03:45:00,UTILITY,LOW,23.64
2026-06-27 03:45:00,BATTERY_FLEX,LOW,22.53
2026-06-27 04:00:00,PRODUCTION,LOW,23.61
2026-06-27 04:00:00,WAREHOUSE,LOW,23.12
2026-06-27 04:00:00,OFFICE_A,LOW,22.43
2026-06-27 04:00:00,CONTROL_ROOM,LOW,21.62
2026-06-27 04:00:00,UTILITY,LOW,23.4
2026-06-27 04:00:00,BATTERY_FLEX,LOW,22.83
2026-06-27 04:15:00,PRODUCTION,LOW,22.41
2026-06-27 04:15:00,WAREHOUSE,LOW,22.95
2026-06-27 04:15:00,OFFICE_A,LOW,22.67
2026-06-27 04:15:00,CONTROL_ROOM,LOW,22.58
2026-06-27 04:15:00,UTILITY,LOW,24.22
2026-06-27 04:15:00,BATTERY_FLEX,LOW,22.03
2026-06-27 04:30:00,PRODUCTION,LOW,23.09
2026-06-27 04:30:00,WAREHOUSE,LOW,22.87
2026-06-27 04:30:00,OFFICE_A,LOW,23.61
2026-06-27 04:30:00,CONTROL_ROOM,LOW,21.46
2026-06-27 04:30:00,UTILITY,LOW,23.71
2026-06-27 04:30:00,BATTERY_FLEX,LOW,21.28
2026-06-27 04:45:00,PRODUCTION,LOW,22.89
2026-06-27 04:45:00,WAREHOUSE,LOW,23.26
2026-06-27 04:45:00,OFFICE_A,LOW,22.65
2026-06-27 04:45:00,CONTROL_ROOM,LOW,21.88
2026-06-27 04:45:00,UTILITY,LOW,23.39
2026-06-27 04:45:00,BATTERY_FLEX,LOW,23.47
2026-06-27 05:00:00,PRODUCTION,LOW,23.64
2026-06-27 05:00:00,WAREHOUSE,LOW,22.54
2026-06-27 05:00:00,OFFICE_A,LOW,23.18
2026-06-27 05:00:00,CONTROL_ROOM,LOW,22.03
2026-06-27 05:00:00,UTILITY,LOW,22.5
2026-06-27 05:00:00,BATTERY_FLEX,LOW,21.85
2026-06-27 05:15:00,PRODUCTION,LOW,23.7
2026-06-27 05:15:00,WAREHOUSE,LOW,22.6
2026-06-27 05:15:00,OFFICE_A,LOW,22.43
2026-06-27 05:15:00,CONTROL_ROOM,LOW,21.34
2026-06-27 05:15:00,UTILITY,LOW,23.8
2026-06-27 05:15:00,BATTERY_FLEX,LOW,21.68
2026-06-27 05:30:00,PRODUCTION,LOW,23.53
2026-06-27 05:30:00,WAREHOUSE,LOW,23.41
2026-06-27 05:30:00,OFFICE_A,LOW,22.3
2026-06-27 05:30:00,CONTROL_ROOM,LOW,21.94
2026-06-27 05:30:00,UTILITY,LOW,23.45
2026-06-27 05:30:00,BATTERY_FLEX,LOW,23.22
2026-06-27 05:45:00,PRODUCTION,LOW,22.98
2026-06-27 05:45:00,WAREHOUSE,LOW,22.92
2026-06-27 05:45:00,OFFICE_A,LOW,22.88
2026-06-27 05:45:00,CONTROL_ROOM,LOW,21.0
2026-06-27 05:45:00,UTILITY,LOW,23.59
2026-06-27 05:45:00,BATTERY_FLEX,LOW,22.82
2026-06-27 06:00:00,PRODUCTION,LOW,22.72
2026-06-27 06:00:00,WAREHOUSE,LOW,22.74
2026-06-27 06:00:00,OFFICE_A,LOW,22.65
2026-06-27 06:00:00,CONTROL_ROOM,LOW,21.86
2026-06-27 06:00:00,UTILITY,LOW,23.39
2026-06-27 06:00:00,BATTERY_FLEX,LOW,23.17
2026-06-27 06:15:00,PRODUCTION,LOW,23.61
2026-06-27 06:15:00,WAREHOUSE,LOW,23.18
2026-06-27 06:15:00,OFFICE_A,LOW,21.84
2026-06-27 06:15:00,CONTROL_ROOM,LOW,22.29
2026-06-27 06:15:00,UTILITY,LOW,23.62
2026-06-27 06:15:00,BATTERY_FLEX,LOW,22.9
2026-06-27 06:30:00,PRODUCTION,LOW,22.74
2026-06-27 06:30:00,WAREHOUSE,LOW,23.31
2026-06-27 06:30:00,OFFICE_A,LOW,23.36
2026-06-27 06:30:00,CONTROL_ROOM,LOW,21.86
2026-06-27 06:30:00,UTILITY,LOW,23.03
2026-06-27 06:30:00,BATTERY_FLEX,LOW,22.16
2026-06-27 06:45:00,PRODUCTION,MEDIUM,24.36
2026-06-27 06:45:00,WAREHOUSE,MEDIUM,24.17
2026-06-27 06:45:00,OFFICE_A,MEDIUM,23.11
2026-06-27 06:45:00,CONTROL_ROOM,MEDIUM,21.75
2026-06-27 06:45:00,UTILITY,MEDIUM,23.78
2026-06-27 06:45:00,BATTERY_FLEX,MEDIUM,23.06
2026-06-27 07:00:00,PRODUCTION,LOW,23.0
2026-06-27 07:00:00,WAREHOUSE,LOW,23.72
2026-06-27 07:00:00,OFFICE_A,LOW,22.58
2026-06-27 07:00:00,CONTROL_ROOM,LOW,21.94
2026-06-27 07:00:00,UTILITY,LOW,24.09
2026-06-27 07:00:00,BATTERY_FLEX,LOW,23.24
2026-06-27 07:15:00,PRODUCTION,LOW,23.93
2026-06-27 07:15:00,WAREHOUSE,LOW,23.74
2026-06-27 07:15:00,OFFICE_A,LOW,21.98
2026-06-27 07:15:00,CONTROL_ROOM,LOW,22.8
2026-06-27 07:15:00,UTILITY,LOW,23.25
2026-06-27 07:15:00,BATTERY_FLEX,LOW,22.9
2026-06-27 07:30:00,PRODUCTION,MEDIUM,23.01
2026-06-27 07:30:00,WAREHOUSE,MEDIUM,23.39
2026-06-27 07:30:00,OFFICE_A,MEDIUM,22.86
2026-06-27 07:30:00,CONTROL_ROOM,MEDIUM,21.35
2026-06-27 07:30:00,UTILITY,MEDIUM,23.11
2026-06-27 07:30:00,BATTERY_FLEX,MEDIUM,21.98
2026-06-27 07:45:00,PRODUCTION,MEDIUM,24.03
2026-06-27 07:45:00,WAREHOUSE,MEDIUM,23.08
2026-06-27 07:45:00,OFFICE_A,MEDIUM,22.89
2026-06-27 07:45:00,CONTROL_ROOM,MEDIUM,22.05
2026-06-27 07:45:00,UTILITY,MEDIUM,24.33
2026-06-27 07:45:00,BATTERY_FLEX,MEDIUM,21.95
2026-06-27 08:00:00,PRODUCTION,MEDIUM,24.21
2026-06-27 08:00:00,WAREHOUSE,MEDIUM,22.99
2026-06-27 08:00:00,OFFICE_A,MEDIUM,23.26
2026-06-27 08:00:00,CONTROL_ROOM,MEDIUM,21.85
2026-06-27 08:00:00,UTILITY,MEDIUM,24.14
2026-06-27 08:00:00,BATTERY_FLEX,MEDIUM,22.3
2026-06-27 08:15:00,PRODUCTION,MEDIUM,23.3
2026-06-27 08:15:00,WAREHOUSE,MEDIUM,23.55
2026-06-27 08:15:00,OFFICE_A,MEDIUM,22.72
2026-06-27 08:15:00,CONTROL_ROOM,MEDIUM,21.14
2026-06-27 08:15:00,UTILITY,MEDIUM,23.3
2026-06-27 08:15:00,BATTERY_FLEX,MEDIUM,23.1
2026-06-27 08:30:00,PRODUCTION,MEDIUM,23.74
2026-06-27 08:30:00,WAREHOUSE,MEDIUM,23.49
2026-06-27 08:30:00,OFFICE_A,MEDIUM,22.43
2026-06-27 08:30:00,CONTROL_ROOM,MEDIUM,22.18
2026-06-27 08:30:00,UTILITY,MEDIUM,23.75
2026-06-27 08:30:00,BATTERY_FLEX,MEDIUM,22.0
2026-06-27 08:45:00,PRODUCTION,MEDIUM,23.79
2026-06-27 08:45:00,WAREHOUSE,MEDIUM,22.92
2026-06-27 08:45:00,OFFICE_A,MEDIUM,22.99
2026-06-27 08:45:00,CONTROL_ROOM,MEDIUM,22.09
2026-06-27 08:45:00,UTILITY,MEDIUM,23.85
2026-06-27 08:45:00,BATTERY_FLEX,MEDIUM,23.32
2026-06-27 09:00:00,PRODUCTION,MEDIUM,24.1
2026-06-27 09:00:00,WAREHOUSE,MEDIUM,23.8
2026-06-27 09:00:00,OFFICE_A,MEDIUM,22.96
2026-06-27 09:00:00,CONTROL_ROOM,MEDIUM,22.81
2026-06-27 09:00:00,UTILITY,MEDIUM,23.08
2026-06-27 09:00:00,BATTERY_FLEX,MEDIUM,22.77
2026-06-27 09:15:00,PRODUCTION,MEDIUM,24.04
2026-06-27 09:15:00,WAREHOUSE,MEDIUM,24.0
2026-06-27 09:15:00,OFFICE_A,MEDIUM,22.84
2026-06-27 09:15:00,CONTROL_ROOM,MEDIUM,22.42
2026-06-27 09:15:00,UTILITY,MEDIUM,24.13
2026-06-27 09:15:00,BATTERY_FLEX,MEDIUM,22.56
2026-06-27 09:30:00,PRODUCTION,HIGH,23.38
2026-06-27 09:30:00,WAREHOUSE,HIGH,23.28
2026-06-27 09:30:00,OFFICE_A,HIGH,23.38
2026-06-27 09:30:00,CONTROL_ROOM,HIGH,22.69
2026-06-27 09:30:00,UTILITY,HIGH,23.4
2026-06-27 09:30:00,BATTERY_FLEX,HIGH,22.38
2026-06-27 09:45:00,PRODUCTION,HIGH,24.85
2026-06-27 09:45:00,WAREHOUSE,HIGH,23.51
2026-06-27 09:45:00,OFFICE_A,HIGH,23.68
2026-06-27 09:45:00,CONTROL_ROOM,HIGH,22.76
2026-06-27 09:45:00,UTILITY,HIGH,24.47
2026-06-27 09:45:00,BATTERY_FLEX,HIGH,23.35
2026-06-27 10:00:00,PRODUCTION,HIGH,23.83
2026-06-27 10:00:00,WAREHOUSE,HIGH,22.35
2026-06-27 10:00:00,OFFICE_A,HIGH,22.66
2026-06-27 10:00:00,CONTROL_ROOM,HIGH,22.25
2026-06-27 10:00:00,UTILITY,HIGH,23.0
2026-06-27 10:00:00,BATTERY_FLEX,HIGH,22.56
2026-06-27 10:15:00,PRODUCTION,HIGH,23.41
2026-06-27 10:15:00,WAREHOUSE,HIGH,23.39
2026-06-27 10:15:00,OFFICE_A,HIGH,23.7
2026-06-27 10:15:00,CONTROL_ROOM,HIGH,21.73
2026-06-27 10:15:00,UTILITY,HIGH,23.36
2026-06-27 10:15:00,BATTERY_FLEX,HIGH,22.1
2026-06-27 10:30:00,PRODUCTION,HIGH,23.89
2026-06-27 10:30:00,WAREHOUSE,HIGH,23.4
2026-06-27 10:30:00,OFFICE_A,HIGH,23.63
2026-06-27 10:30:00,CONTROL_ROOM,HIGH,22.21
2026-06-27 10:30:00,UTILITY,HIGH,23.42
2026-06-27 10:30:00,BATTERY_FLEX,HIGH,22.71
2026-06-27 10:45:00,PRODUCTION,HIGH,24.11
2026-06-27 10:45:00,WAREHOUSE,HIGH,23.47
2026-06-27 10:45:00,OFFICE_A,HIGH,24.17
2026-06-27 10:45:00,CONTROL_ROOM,HIGH,22.06
2026-06-27 10:45:00,UTILITY,HIGH,24.41
2026-06-27 10:45:00,BATTERY_FLEX,HIGH,22.67
2026-06-27 11:00:00,PRODUCTION,HIGH,23.86
2026-06-27 11:00:00,WAREHOUSE,HIGH,23.91
2026-06-27 11:00:00,OFFICE_A,HIGH,23.5
2026-06-27 11:00:00,CONTROL_ROOM,HIGH,22.43
2026-06-27 11:00:00,UTILITY,HIGH,24.1
2026-06-27 11:00:00,BATTERY_FLEX,HIGH,22.57
2026-06-27 11:15:00,PRODUCTION,HIGH,23.47
2026-06-27 11:15:00,WAREHOUSE,HIGH,23.36
2026-06-27 11:15:00,OFFICE_A,HIGH,23.82
2026-06-27 11:15:00,CONTROL_ROOM,HIGH,22.58
2026-06-27 11:15:00,UTILITY,HIGH,23.14
2026-06-27 11:15:00,BATTERY_FLEX,HIGH,22.27
2026-06-27 11:30:00,PRODUCTION,HIGH,24.16
2026-06-27 11:30:00,WAREHOUSE,HIGH,22.81
2026-06-27 11:30:00,OFFICE_A,HIGH,23.78
2026-06-27 11:30:00,CONTROL_ROOM,HIGH,22.36
2026-06-27 11:30:00,UTILITY,HIGH,23.62
2026-06-27 11:30:00,BATTERY_FLEX,HIGH,22.77
2026-06-27 11:45:00,PRODUCTION,HIGH,23.48
2026-06-27 11:45:00,WAREHOUSE,HIGH,23.62
2026-06-27 11:45:00,OFFICE_A,HIGH,23.4
2026-06-27 11:45:00,CONTROL_ROOM,HIGH,21.83
2026-06-27 11:45:00,UTILITY,HIGH,23.48
2026-06-27 11:45:00,BATTERY_FLEX,HIGH,22.81
2026-06-27 12:00:00,PRODUCTION,HIGH,25.24
2026-06-27 12:00:00,WAREHOUSE,HIGH,23.84
2026-06-27 12:00:00,OFFICE_A,HIGH,22.72
2026-06-27 12:00:00,CONTROL_ROOM,HIGH,22.36
2026-06-27 12:00:00,UTILITY,HIGH,23.63
2026-06-27 12:00:00,BATTERY_FLEX,HIGH,23.05
2026-06-27 12:15:00,PRODUCTION,HIGH,23.67
2026-06-27 12:15:00,WAREHOUSE,HIGH,22.96
2026-06-27 12:15:00,OFFICE_A,HIGH,23.32
2026-06-27 12:15:00,CONTROL_ROOM,HIGH,21.88
2026-06-27 12:15:00,UTILITY,HIGH,24.23
2026-06-27 12:15:00,BATTERY_FLEX,HIGH,22.98
2026-06-27 12:30:00,PRODUCTION,HIGH,24.63
2026-06-27 12:30:00,WAREHOUSE,HIGH,24.05
2026-06-27 12:30:00,OFFICE_A,HIGH,23.44
2026-06-27 12:30:00,CONTROL_ROOM,HIGH,22.04
2026-06-27 12:30:00,UTILITY,HIGH,23.41
2026-06-27 12:30:00,BATTERY_FLEX,HIGH,22.51
2026-06-27 12:45:00,PRODUCTION,HIGH,24.54
2026-06-27 12:45:00,WAREHOUSE,HIGH,23.35
2026-06-27 12:45:00,OFFICE_A,HIGH,22.98
2026-06-27 12:45:00,CONTROL_ROOM,HIGH,22.17
2026-06-27 12:45:00,UTILITY,HIGH,23.79
2026-06-27 12:45:00,BATTERY_FLEX,HIGH,22.16
2026-06-27 13:00:00,PRODUCTION,HIGH,24.29
2026-06-27 13:00:00,WAREHOUSE,HIGH,22.33
2026-06-27 13:00:00,OFFICE_A,HIGH,24.21
2026-06-27 13:00:00,CONTROL_ROOM,HIGH,21.76
2026-06-27 13:00:00,UTILITY,HIGH,23.68
2026-06-27 13:00:00,BATTERY_FLEX,HIGH,23.07
2026-06-27 13:15:00,PRODUCTION,HIGH,24.12
2026-06-27 13:15:00,WAREHOUSE,HIGH,23.5
2026-06-27 13:15:00,OFFICE_A,HIGH,22.93
2026-06-27 13:15:00,CONTROL_ROOM,HIGH,22.68
2026-06-27 13:15:00,UTILITY,HIGH,22.99
2026-06-27 13:15:00,BATTERY_FLEX,HIGH,23.06
2026-06-27 13:30:00,PRODUCTION,HIGH,24.6
2026-06-27 13:30:00,WAREHOUSE,HIGH,23.38
2026-06-27 13:30:00,OFFICE_A,HIGH,23.22
2026-06-27 13:30:00,CONTROL_ROOM,HIGH,22.7
2026-06-27 13:30:00,UTILITY,HIGH,24.83
2026-06-27 13:30:00,BATTERY_FLEX,HIGH,23.12
2026-06-27 13:45:00,PRODUCTION,HIGH,24.34
2026-06-27 13:45:00,WAREHOUSE,HIGH,22.81
2026-06-27 13:45:00,OFFICE_A,HIGH,23.5
2026-06-27 13:45:00,CONTROL_ROOM,HIGH,23.22
2026-06-27 13:45:00,UTILITY,HIGH,23.82
2026-06-27 13:45:00,BATTERY_FLEX,HIGH,22.21
2026-06-27 14:00:00,PRODUCTION,HIGH,24.74
2026-06-27 14:00:00,WAREHOUSE,HIGH,23.14
2026-06-27 14:00:00,OFFICE_A,HIGH,23.96
2026-06-27 14:00:00,CONTROL_ROOM,HIGH,22.39
2026-06-27 14:00:00,UTILITY,HIGH,23.1
2026-06-27 14:00:00,BATTERY_FLEX,HIGH,24.07
2026-06-27 14:15:00,PRODUCTION,HIGH,24.36
2026-06-27 14:15:00,WAREHOUSE,HIGH,23.23
2026-06-27 14:15:00,OFFICE_A,HIGH,23.56
2026-06-27 14:15:00,CONTROL_ROOM,HIGH,22.67
2026-06-27 14:15:00,UTILITY,HIGH,24.01
2026-06-27 14:15:00,BATTERY_FLEX,HIGH,22.77
2026-06-27 14:30:00,PRODUCTION,HIGH,24.44
2026-06-27 14:30:00,WAREHOUSE,HIGH,23.4
2026-06-27 14:30:00,OFFICE_A,HIGH,23.36
2026-06-27 14:30:00,CONTROL_ROOM,HIGH,22.17
2026-06-27 14:30:00,UTILITY,HIGH,24.22
2026-06-27 14:30:00,BATTERY_FLEX,HIGH,22.71
2026-06-27 14:45:00,PRODUCTION,HIGH,24.61
2026-06-27 14:45:00,WAREHOUSE,HIGH,23.25
2026-06-27 14:45:00,OFFICE_A,HIGH,23.89
2026-06-27 14:45:00,CONTROL_ROOM,HIGH,23.03
2026-06-27 14:45:00,UTILITY,HIGH,23.12
2026-06-27 14:45:00,BATTERY_FLEX,HIGH,23.63
2026-06-27 15:00:00,PRODUCTION,HIGH,24.57
2026-06-27 15:00:00,WAREHOUSE,HIGH,23.37
2026-06-27 15:00:00,OFFICE_A,HIGH,23.81
2026-06-27 15:00:00,CONTROL_ROOM,HIGH,22.59
2026-06-27 15:00:00,UTILITY,HIGH,23.27
2026-06-27 15:00:00,BATTERY_FLEX,HIGH,23.02
2026-06-27 15:15:00,PRODUCTION,HIGH,24.63
2026-06-27 15:15:00,WAREHOUSE,HIGH,23.76
2026-06-27 15:15:00,OFFICE_A,HIGH,25.06
2026-06-27 15:15:00,CONTROL_ROOM,HIGH,22.89
2026-06-27 15:15:00,UTILITY,HIGH,23.86
2026-06-27 15:15:00,BATTERY_FLEX,HIGH,22.46
2026-06-27 15:30:00,PRODUCTION,HIGH,23.52
2026-06-27 15:30:00,WAREHOUSE,HIGH,23.74
2026-06-27 15:30:00,OFFICE_A,HIGH,23.63
2026-06-27 15:30:00,CONTROL_ROOM,HIGH,22.72
2026-06-27 15:30:00,UTILITY,HIGH,23.77
2026-06-27 15:30:00,BATTERY_FLEX,HIGH,23.48
2026-06-27 15:45:00,PRODUCTION,HIGH,24.57
2026-06-27 15:45:00,WAREHOUSE,HIGH,22.79
2026-06-27 15:45:00,OFFICE_A,HIGH,22.83
2026-06-27 15:45:00,CONTROL_ROOM,HIGH,22.85
2026-06-27 15:45:00,UTILITY,HIGH,24.39
2026-06-27 15:45:00,BATTERY_FLEX,HIGH,22.57
2026-06-27 16:00:00,PRODUCTION,HIGH,24.72
2026-06-27 16:00:00,WAREHOUSE,HIGH,23.16
2026-06-27 16:00:00,OFFICE_A,HIGH,23.16
2026-06-27 16:00:00,CONTROL_ROOM,HIGH,21.94
2026-06-27 16:00:00,UTILITY,HIGH,24.26
2026-06-27 16:00:00,BATTERY_FLEX,HIGH,22.22
2026-06-27 16:15:00,PRODUCTION,HIGH,24.05
2026-06-27 16:15:00,WAREHOUSE,HIGH,23.78
2026-06-27 16:15:00,OFFICE_A,HIGH,23.23
2026-06-27 16:15:00,CONTROL_ROOM,HIGH,22.18
2026-06-27 16:15:00,UTILITY,HIGH,23.67
2026-06-27 16:15:00,BATTERY_FLEX,HIGH,23.42
2026-06-27 16:30:00,PRODUCTION,HIGH,24.67
2026-06-27 16:30:00,WAREHOUSE,HIGH,22.45
2026-06-27 16:30:00,OFFICE_A,HIGH,23.76
2026-06-27 16:30:00,CONTROL_ROOM,HIGH,22.61
2026-06-27 16:30:00,UTILITY,HIGH,24.43
2026-06-27 16:30:00,BATTERY_FLEX,HIGH,23.48
2026-06-27 16:45:00,PRODUCTION,HIGH,24.0
2026-06-27 16:45:00,WAREHOUSE,HIGH,23.6
2026-06-27 16:45:00,OFFICE_A,HIGH,23.48
2026-06-27 16:45:00,CONTROL_ROOM,HIGH,22.74
2026-06-27 16:45:00,UTILITY,HIGH,24.27
2026-06-27 16:45:00,BATTERY_FLEX,HIGH,23.54
2026-06-27 17:00:00,PRODUCTION,HIGH,24.89
2026-06-27 17:00:00,WAREHOUSE,HIGH,23.52
2026-06-27 17:00:00,OFFICE_A,HIGH,23.67
2026-06-27 17:00:00,CONTROL_ROOM,HIGH,22.64
2026-06-27 17:00:00,UTILITY,HIGH,23.96
2026-06-27 17:00:00,BATTERY_FLEX,HIGH,23.16
2026-06-27 17:15:00,PRODUCTION,HIGH,24.98
2026-06-27 17:15:00,WAREHOUSE,HIGH,23.81
2026-06-27 17:15:00,OFFICE_A,HIGH,23.58
2026-06-27 17:15:00,CONTROL_ROOM,HIGH,21.77
2026-06-27 17:15:00,UTILITY,HIGH,23.82
2026-06-27 17:15:00,BATTERY_FLEX,HIGH,23.56
2026-06-27 17:30:00,PRODUCTION,HIGH,24.53
2026-06-27 17:30:00,WAREHOUSE,HIGH,23.07
2026-06-27 17:30:00,OFFICE_A,HIGH,23.13
2026-06-27 17:30:00,CONTROL_ROOM,HIGH,22.85
2026-06-27 17:30:00,UTILITY,HIGH,23.39
2026-06-27 17:30:00,BATTERY_FLEX,HIGH,21.85
2026-06-27 17:45:00,PRODUCTION,HIGH,24.52
2026-06-27 17:45:00,WAREHOUSE,HIGH,23.61
2026-06-27 17:45:00,OFFICE_A,HIGH,23.77
2026-06-27 17:45:00,CONTROL_ROOM,HIGH,22.49
2026-06-27 17:45:00,UTILITY,HIGH,24.03
2026-06-27 17:45:00,BATTERY_FLEX,HIGH,22.49
2026-06-27 18:00:00,PRODUCTION,HIGH,23.41
2026-06-27 18:00:00,WAREHOUSE,HIGH,22.65
2026-06-27 18:00:00,OFFICE_A,HIGH,23.82
2026-06-27 18:00:00,CONTROL_ROOM,HIGH,22.31
2026-06-27 18:00:00,UTILITY,HIGH,24.0
2026-06-27 18:00:00,BATTERY_FLEX,HIGH,23.25
2026-06-27 18:15:00,PRODUCTION,HIGH,24.35
2026-06-27 18:15:00,WAREHOUSE,HIGH,23.26
2026-06-27 18:15:00,OFFICE_A,HIGH,23.47
2026-06-27 18:15:00,CONTROL_ROOM,HIGH,22.67
2026-06-27 18:15:00,UTILITY,HIGH,23.59
2026-06-27 18:15:00,BATTERY_FLEX,HIGH,21.93
2026-06-27 18:30:00,PRODUCTION,MEDIUM,24.06
2026-06-27 18:30:00,WAREHOUSE,MEDIUM,24.08
2026-06-27 18:30:00,OFFICE_A,MEDIUM,22.75
2026-06-27 18:30:00,CONTROL_ROOM,MEDIUM,22.27
2026-06-27 18:30:00,UTILITY,MEDIUM,23.61
2026-06-27 18:30:00,BATTERY_FLEX,MEDIUM,23.53
2026-06-27 18:45:00,PRODUCTION,HIGH,25.01
2026-06-27 18:45:00,WAREHOUSE,HIGH,22.9
2026-06-27 18:45:00,OFFICE_A,HIGH,23.36
2026-06-27 18:45:00,CONTROL_ROOM,HIGH,22.62
2026-06-27 18:45:00,UTILITY,HIGH,23.41
2026-06-27 18:45:00,BATTERY_FLEX,HIGH,23.6
2026-06-27 19:00:00,PRODUCTION,MEDIUM,24.12
2026-06-27 19:00:00,WAREHOUSE,MEDIUM,22.8
2026-06-27 19:00:00,OFFICE_A,MEDIUM,23.44
2026-06-27 19:00:00,CONTROL_ROOM,MEDIUM,22.57
2026-06-27 19:00:00,UTILITY,MEDIUM,23.09
2026-06-27 19:00:00,BATTERY_FLEX,MEDIUM,22.42
2026-06-27 19:15:00,PRODUCTION,MEDIUM,23.83
2026-06-27 19:15:00,WAREHOUSE,MEDIUM,23.05
2026-06-27 19:15:00,OFFICE_A,MEDIUM,23.61
2026-06-27 19:15:00,CONTROL_ROOM,MEDIUM,22.51
2026-06-27 19:15:00,UTILITY,MEDIUM,23.5
2026-06-27 19:15:00,BATTERY_FLEX,MEDIUM,22.93
2026-06-27 19:30:00,PRODUCTION,MEDIUM,24.93
2026-06-27 19:30:00,WAREHOUSE,MEDIUM,23.02
2026-06-27 19:30:00,OFFICE_A,MEDIUM,23.17
2026-06-27 19:30:00,CONTROL_ROOM,MEDIUM,21.92
2026-06-27 19:30:00,UTILITY,MEDIUM,23.17
2026-06-27 19:30:00,BATTERY_FLEX,MEDIUM,22.46
2026-06-27 19:45:00,PRODUCTION,MEDIUM,23.55
2026-06-27 19:45:00,WAREHOUSE,MEDIUM,22.93
2026-06-27 19:45:00,OFFICE_A,MEDIUM,22.74
2026-06-27 19:45:00,CONTROL_ROOM,MEDIUM,21.92
2026-06-27 19:45:00,UTILITY,MEDIUM,23.03
2026-06-27 19:45:00,BATTERY_FLEX,MEDIUM,23.35
2026-06-27 20:00:00,PRODUCTION,MEDIUM,23.79
2026-06-27 20:00:00,WAREHOUSE,MEDIUM,23.27
2026-06-27 20:00:00,OFFICE_A,MEDIUM,22.86
2026-06-27 20:00:00,CONTROL_ROOM,MEDIUM,22.67
2026-06-27 20:00:00,UTILITY,MEDIUM,23.87
2026-06-27 20:00:00,BATTERY_FLEX,MEDIUM,23.18
2026-06-27 20:15:00,PRODUCTION,MEDIUM,23.14
2026-06-27 20:15:00,WAREHOUSE,MEDIUM,23.68
2026-06-27 20:15:00,OFFICE_A,MEDIUM,22.06
2026-06-27 20:15:00,CONTROL_ROOM,MEDIUM,21.89
2026-06-27 20:15:00,UTILITY,MEDIUM,23.35
2026-06-27 20:15:00,BATTERY_FLEX,MEDIUM,22.49
2026-06-27 20:30:00,PRODUCTION,MEDIUM,23.96
2026-06-27 20:30:00,WAREHOUSE,MEDIUM,23.06
2026-06-27 20:30:00,OFFICE_A,MEDIUM,24.14
2026-06-27 20:30:00,CONTROL_ROOM,MEDIUM,22.78
2026-06-27 20:30:00,UTILITY,MEDIUM,23.49
2026-06-27 20:30:00,BATTERY_FLEX,MEDIUM,22.58
2026-06-27 20:45:00,PRODUCTION,MEDIUM,23.09
2026-06-27 20:45:00,WAREHOUSE,MEDIUM,22.04
2026-06-27 20:45:00,OFFICE_A,MEDIUM,22.79
2026-06-27 20:45:00,CONTROL_ROOM,MEDIUM,22.52
2026-06-27 20:45:00,UTILITY,MEDIUM,23.55
2026-06-27 20:45:00,BATTERY_FLEX,MEDIUM,22.57
2026-06-27 21:00:00,PRODUCTION,LOW,23.69
2026-06-27 21:00:00,WAREHOUSE,LOW,23.21
2026-06-27 21:00:00,OFFICE_A,LOW,23.23
2026-06-27 21:00:00,CONTROL_ROOM,LOW,22.37
2026-06-27 21:00:00,UTILITY,LOW,23.89
2026-06-27 21:00:00,BATTERY_FLEX,LOW,22.2
2026-06-27 21:15:00,PRODUCTION,LOW,23.34
2026-06-27 21:15:00,WAREHOUSE,LOW,22.63
2026-06-27 21:15:00,OFFICE_A,LOW,22.71
2026-06-27 21:15:00,CONTROL_ROOM,LOW,22.11
2026-06-27 21:15:00,UTILITY,LOW,23.57
2026-06-27 21:15:00,BATTERY_FLEX,LOW,22.3
2026-06-27 21:30:00,PRODUCTION,LOW,23.53
2026-06-27 21:30:00,WAREHOUSE,LOW,23.29
2026-06-27 21:30:00,OFFICE_A,LOW,22.17
2026-06-27 21:30:00,CONTROL_ROOM,LOW,21.9
2026-06-27 21:30:00,UTILITY,LOW,24.1
2026-06-27 21:30:00,BATTERY_FLEX,LOW,22.44
2026-06-27 21:45:00,PRODUCTION,LOW,23.3
2026-06-27 21:45:00,WAREHOUSE,LOW,23.51
2026-06-27 21:45:00,OFFICE_A,LOW,22.04
2026-06-27 21:45:00,CONTROL_ROOM,LOW,21.79
2026-06-27 21:45:00,UTILITY,LOW,23.92
2026-06-27 21:45:00,BATTERY_FLEX,LOW,22.72
2026-06-27 22:00:00,PRODUCTION,LOW,22.4
2026-06-27 22:00:00,WAREHOUSE,LOW,22.92
2026-06-27 22:00:00,OFFICE_A,LOW,22.98
2026-06-27 22:00:00,CONTROL_ROOM,LOW,22.1
2026-06-27 22:00:00,UTILITY,LOW,22.86
2026-06-27 22:00:00,BATTERY_FLEX,LOW,23.14
2026-06-27 22:15:00,PRODUCTION,LOW,23.43
2026-06-27 22:15:00,WAREHOUSE,LOW,23.1
2026-06-27 22:15:00,OFFICE_A,LOW,23.06
2026-06-27 22:15:00,CONTROL_ROOM,LOW,22.64
2026-06-27 22:15:00,UTILITY,LOW,23.75
2026-06-27 22:15:00,BATTERY_FLEX,LOW,22.27
2026-06-27 22:30:00,PRODUCTION,LOW,23.74
2026-06-27 22:30:00,WAREHOUSE,LOW,22.27
2026-06-27 22:30:00,OFFICE_A,LOW,22.96
2026-06-27 22:30:00,CONTROL_ROOM,LOW,21.63
2026-06-27 22:30:00,UTILITY,LOW,23.23
2026-06-27 22:30:00,BATTERY_FLEX,LOW,22.55
2026-06-27 22:45:00,PRODUCTION,LOW,23.16
2026-06-27 22:45:00,WAREHOUSE,LOW,23.41
2026-06-27 22:45:00,OFFICE_A,LOW,22.86
2026-06-27 22:45:00,CONTROL_ROOM,LOW,21.93
2026-06-27 22:45:00,UTILITY,LOW,24.05
2026-06-27 22:45:00,BATTERY_FLEX,LOW,22.84
2026-06-27 23:00:00,PRODUCTION,LOW,22.8
2026-06-27 23:00:00,WAREHOUSE,LOW,23.02
2026-06-27 23:00:00,OFFICE_A,LOW,22.94
2026-06-27 23:00:00,CONTROL_ROOM,LOW,22.43
2026-06-27 23:00:00,UTILITY,LOW,24.49
2026-06-27 23:00:00,BATTERY_FLEX,LOW,22.1
2026-06-27 23:15:00,PRODUCTION,LOW,22.65
2026-06-27 23:15:00,WAREHOUSE,LOW,23.05
2026-06-27 23:15:00,OFFICE_A,LOW,23.05
2026-06-27 23:15:00,CONTROL_ROOM,LOW,21.13
2026-06-27 23:15:00,UTILITY,LOW,23.06
2026-06-27 23:15:00,BATTERY_FLEX,LOW,22.24
2026-06-27 23:30:00,PRODUCTION,LOW,23.26
2026-06-27 23:30:00,WAREHOUSE,LOW,24.18
2026-06-27 23:30:00,OFFICE_A,LOW,22.25
2026-06-27 23:30:00,CONTROL_ROOM,LOW,21.4
2026-06-27 23:30:00,UTILITY,LOW,23.9
2026-06-27 23:30:00,BATTERY_FLEX,LOW,23.05
2026-06-27 23:45:00,PRODUCTION,LOW,22.26
2026-06-27 23:45:00,WAREHOUSE,LOW,23.11
2026-06-27 23:45:00,OFFICE_A,LOW,22.47
2026-06-27 23:45:00,CONTROL_ROOM,LOW,22.44
2026-06-27 23:45:00,UTILITY,LOW,24.05
2026-06-27 23:45:00,BATTERY_FLEX,LOW,21.77
2026-06-28 00:00:00,PRODUCTION,LOW,23.13
2026-06-28 00:00:00,WAREHOUSE,LOW,23.74
2026-06-28 00:00:00,OFFICE_A,LOW,21.68
2026-06-28 00:00:00,CONTROL_ROOM,LOW,21.89
2026-06-28 00:00:00,UTILITY,LOW,24.09
2026-06-28 00:00:00,BATTERY_FLEX,LOW,22.5
2026-06-28 00:15:00,PRODUCTION,LOW,22.75
2026-06-28 00:15:00,WAREHOUSE,LOW,23.39
2026-06-28 00:15:00,OFFICE_A,LOW,22.33
2026-06-28 00:15:00,CONTROL_ROOM,LOW,20.89
2026-06-28 00:15:00,UTILITY,LOW,23.6
2026-06-28 00:15:00,BATTERY_FLEX,LOW,22.28
2026-06-28 00:30:00,PRODUCTION,LOW,23.22
2026-06-28 00:30:00,WAREHOUSE,LOW,22.52
2026-06-28 00:30:00,OFFICE_A,LOW,22.95
2026-06-28 00:30:00,CONTROL_ROOM,LOW,22.23
2026-06-28 00:30:00,UTILITY,LOW,24.66
2026-06-28 00:30:00,BATTERY_FLEX,LOW,23.27
2026-06-28 00:45:00,PRODUCTION,LOW,22.61
2026-06-28 00:45:00,WAREHOUSE,LOW,23.19
2026-06-28 00:45:00,OFFICE_A,LOW,23.65
2026-06-28 00:45:00,CONTROL_ROOM,LOW,22.29
2026-06-28 00:45:00,UTILITY,LOW,23.04
2026-06-28 00:45:00,BATTERY_FLEX,LOW,22.55
2026-06-28 01:00:00,PRODUCTION,LOW,23.2
2026-06-28 01:00:00,WAREHOUSE,LOW,23.11
2026-06-28 01:00:00,OFFICE_A,LOW,21.7
2026-06-28 01:00:00,CONTROL_ROOM,LOW,21.81
2026-06-28 01:00:00,UTILITY,LOW,24.07
2026-06-28 01:00:00,BATTERY_FLEX,LOW,22.42
2026-06-28 01:15:00,PRODUCTION,LOW,22.36
2026-06-28 01:15:00,WAREHOUSE,LOW,22.6
2026-06-28 01:15:00,OFFICE_A,LOW,22.5
2026-06-28 01:15:00,CONTROL_ROOM,LOW,21.27
2026-06-28 01:15:00,UTILITY,LOW,24.28
2026-06-28 01:15:00,BATTERY_FLEX,LOW,22.87
2026-06-28 01:30:00,PRODUCTION,LOW,22.9
2026-06-28 01:30:00,WAREHOUSE,LOW,23.48
2026-06-28 01:30:00,OFFICE_A,LOW,23.41
2026-06-28 01:30:00,CONTROL_ROOM,LOW,22.33
2026-06-28 01:30:00,UTILITY,LOW,23.65
2026-06-28 01:30:00,BATTERY_FLEX,LOW,23.18
2026-06-28 01:45:00,PRODUCTION,LOW,23.76
2026-06-28 01:45:00,WAREHOUSE,LOW,22.87
2026-06-28 01:45:00,OFFICE_A,LOW,22.94
2026-06-28 01:45:00,CONTROL_ROOM,LOW,21.96
2026-06-28 01:45:00,UTILITY,LOW,23.08
2026-06-28 01:45:00,BATTERY_FLEX,LOW,22.07
2026-06-28 02:00:00,PRODUCTION,LOW,22.93
2026-06-28 02:00:00,WAREHOUSE,LOW,23.68
2026-06-28 02:00:00,OFFICE_A,LOW,22.0
2026-06-28 02:00:00,CONTROL_ROOM,LOW,22.24
2026-06-28 02:00:00,UTILITY,LOW,22.96
2026-06-28 02:00:00,BATTERY_FLEX,LOW,22.07
2026-06-28 02:15:00,PRODUCTION,LOW,22.29
2026-06-28 02:15:00,WAREHOUSE,LOW,22.34
2026-06-28 02:15:00,OFFICE_A,LOW,23.12
2026-06-28 02:15:00,CONTROL_ROOM,LOW,20.98
2026-06-28 02:15:00,UTILITY,LOW,24.13
2026-06-28 02:15:00,BATTERY_FLEX,LOW,22.57
2026-06-28 02:30:00,PRODUCTION,LOW,23.22
2026-06-28 02:30:00,WAREHOUSE,LOW,22.44
2026-06-28 02:30:00,OFFICE_A,LOW,23.33
2026-06-28 02:30:00,CONTROL_ROOM,LOW,21.14
2026-06-28 02:30:00,UTILITY,LOW,23.76
2026-06-28 02:30:00,BATTERY_FLEX,LOW,22.02
2026-06-28 02:45:00,PRODUCTION,LOW,23.28
2026-06-28 02:45:00,WAREHOUSE,LOW,22.66
2026-06-28 02:45:00,OFFICE_A,LOW,22.57
2026-06-28 02:45:00,CONTROL_ROOM,LOW,21.03
2026-06-28 02:45:00,UTILITY,LOW,23.49
2026-06-28 02:45:00,BATTERY_FLEX,LOW,23.5
2026-06-28 03:00:00,PRODUCTION,LOW,23.05
2026-06-28 03:00:00,WAREHOUSE,LOW,23.14
2026-06-28 03:00:00,OFFICE_A,LOW,22.28
2026-06-28 03:00:00,CONTROL_ROOM,LOW,21.85
2026-06-28 03:00:00,UTILITY,LOW,23.84
2026-06-28 03:00:00,BATTERY_FLEX,LOW,22.81
2026-06-28 03:15:00,PRODUCTION,LOW,23.0
2026-06-28 03:15:00,WAREHOUSE,LOW,23.76
2026-06-28 03:15:00,OFFICE_A,LOW,22.12
2026-06-28 03:15:00,CONTROL_ROOM,LOW,20.82
2026-06-28 03:15:00,UTILITY,LOW,23.11
2026-06-28 03:15:00,BATTERY_FLEX,LOW,22.74
2026-06-28 03:30:00,PRODUCTION,LOW,23.26
2026-06-28 03:30:00,WAREHOUSE,LOW,23.0
2026-06-28 03:30:00,OFFICE_A,LOW,22.32
2026-06-28 03:30:00,CONTROL_ROOM,LOW,22.72
2026-06-28 03:30:00,UTILITY,LOW,23.49
2026-06-28 03:30:00,BATTERY_FLEX,LOW,21.9
2026-06-28 03:45:00,PRODUCTION,LOW,24.05
2026-06-28 03:45:00,WAREHOUSE,LOW,23.36
2026-06-28 03:45:00,OFFICE_A,LOW,23.2
2026-06-28 03:45:00,CONTROL_ROOM,LOW,21.74
2026-06-28 03:45:00,UTILITY,LOW,23.92
2026-06-28 03:45:00,BATTERY_FLEX,LOW,22.54
2026-06-28 04:00:00,PRODUCTION,LOW,23.42
2026-06-28 04:00:00,WAREHOUSE,LOW,23.29
2026-06-28 04:00:00,OFFICE_A,LOW,23.08
2026-06-28 04:00:00,CONTROL_ROOM,LOW,21.99
2026-06-28 04:00:00,UTILITY,LOW,24.54
2026-06-28 04:00:00,BATTERY_FLEX,LOW,23.07
2026-06-28 04:15:00,PRODUCTION,LOW,22.76
2026-06-28 04:15:00,WAREHOUSE,LOW,24.06
2026-06-28 04:15:00,OFFICE_A,LOW,22.34
2026-06-28 04:15:00,CONTROL_ROOM,LOW,22.18
2026-06-28 04:15:00,UTILITY,LOW,23.56
2026-06-28 04:15:00,BATTERY_FLEX,LOW,22.53
2026-06-28 04:30:00,PRODUCTION,LOW,22.41
2026-06-28 04:30:00,WAREHOUSE,LOW,23.61
2026-06-28 04:30:00,OFFICE_A,LOW,23.53
2026-06-28 04:30:00,CONTROL_ROOM,LOW,21.3
2026-06-28 04:30:00,UTILITY,LOW,24.03
2026-06-28 04:30:00,BATTERY_FLEX,LOW,22.93
2026-06-28 04:45:00,PRODUCTION,LOW,23.43
2026-06-28 04:45:00,WAREHOUSE,LOW,22.42
2026-06-28 04:45:00,OFFICE_A,LOW,22.07
2026-06-28 04:45:00,CONTROL_ROOM,LOW,22.26
2026-06-28 04:45:00,UTILITY,LOW,23.82
2026-06-28 04:45:00,BATTERY_FLEX,LOW,22.47
2026-06-28 05:00:00,PRODUCTION,LOW,22.47
2026-06-28 05:00:00,WAREHOUSE,LOW,22.99
2026-06-28 05:00:00,OFFICE_A,LOW,22.28
2026-06-28 05:00:00,CONTROL_ROOM,LOW,21.74
2026-06-28 05:00:00,UTILITY,LOW,23.08
2026-06-28 05:00:00,BATTERY_FLEX,LOW,21.95
2026-06-28 05:15:00,PRODUCTION,LOW,22.94
2026-06-28 05:15:00,WAREHOUSE,LOW,23.37
2026-06-28 05:15:00,OFFICE_A,LOW,22.24
2026-06-28 05:15:00,CONTROL_ROOM,LOW,21.05
2026-06-28 05:15:00,UTILITY,LOW,23.49
2026-06-28 05:15:00,BATTERY_FLEX,LOW,22.11
2026-06-28 05:30:00,PRODUCTION,LOW,23.0
2026-06-28 05:30:00,WAREHOUSE,LOW,23.04
2026-06-28 05:30:00,OFFICE_A,LOW,23.49
2026-06-28 05:30:00,CONTROL_ROOM,LOW,21.78
2026-06-28 05:30:00,UTILITY,LOW,23.8
2026-06-28 05:30:00,BATTERY_FLEX,LOW,22.23
2026-06-28 05:45:00,PRODUCTION,LOW,23.51
2026-06-28 05:45:00,WAREHOUSE,LOW,22.8
2026-06-28 05:45:00,OFFICE_A,LOW,22.48
2026-06-28 05:45:00,CONTROL_ROOM,LOW,21.44
2026-06-28 05:45:00,UTILITY,LOW,23.29
2026-06-28 05:45:00,BATTERY_FLEX,LOW,22.63
2026-06-28 06:00:00,PRODUCTION,LOW,22.99
2026-06-28 06:00:00,WAREHOUSE,LOW,23.22
2026-06-28 06:00:00,OFFICE_A,LOW,23.3
2026-06-28 06:00:00,CONTROL_ROOM,LOW,21.64
2026-06-28 06:00:00,UTILITY,LOW,23.07
2026-06-28 06:00:00,BATTERY_FLEX,LOW,23.44
2026-06-28 06:15:00,PRODUCTION,LOW,23.67
2026-06-28 06:15:00,WAREHOUSE,LOW,23.05
2026-06-28 06:15:00,OFFICE_A,LOW,22.3
2026-06-28 06:15:00,CONTROL_ROOM,LOW,21.54
2026-06-28 06:15:00,UTILITY,LOW,24.17
2026-06-28 06:15:00,BATTERY_FLEX,LOW,22.91
2026-06-28 06:30:00,PRODUCTION,LOW,23.78
2026-06-28 06:30:00,WAREHOUSE,LOW,23.18
2026-06-28 06:30:00,OFFICE_A,LOW,23.75
2026-06-28 06:30:00,CONTROL_ROOM,LOW,22.16
2026-06-28 06:30:00,UTILITY,LOW,23.59
2026-06-28 06:30:00,BATTERY_FLEX,LOW,22.48
2026-06-28 06:45:00,PRODUCTION,LOW,23.45
2026-06-28 06:45:00,WAREHOUSE,LOW,22.81
2026-06-28 06:45:00,OFFICE_A,LOW,22.53
2026-06-28 06:45:00,CONTROL_ROOM,LOW,21.75
2026-06-28 06:45:00,UTILITY,LOW,23.6
2026-06-28 06:45:00,BATTERY_FLEX,LOW,22.58
2026-06-28 07:00:00,PRODUCTION,MEDIUM,23.26
2026-06-28 07:00:00,WAREHOUSE,MEDIUM,23.51
2026-06-28 07:00:00,OFFICE_A,MEDIUM,22.78
2026-06-28 07:00:00,CONTROL_ROOM,MEDIUM,21.7
2026-06-28 07:00:00,UTILITY,MEDIUM,24.69
2026-06-28 07:00:00,BATTERY_FLEX,MEDIUM,22.23
2026-06-28 07:15:00,PRODUCTION,LOW,22.91
2026-06-28 07:15:00,WAREHOUSE,LOW,22.67
2026-06-28 07:15:00,OFFICE_A,LOW,22.9
2026-06-28 07:15:00,CONTROL_ROOM,LOW,20.86
2026-06-28 07:15:00,UTILITY,LOW,24.19
2026-06-28 07:15:00,BATTERY_FLEX,LOW,21.66
2026-06-28 07:30:00,PRODUCTION,MEDIUM,23.72
2026-06-28 07:30:00,WAREHOUSE,MEDIUM,23.73
2026-06-28 07:30:00,OFFICE_A,MEDIUM,22.86
2026-06-28 07:30:00,CONTROL_ROOM,MEDIUM,21.81
2026-06-28 07:30:00,UTILITY,MEDIUM,23.84
2026-06-28 07:30:00,BATTERY_FLEX,MEDIUM,23.15
2026-06-28 07:45:00,PRODUCTION,MEDIUM,23.56
2026-06-28 07:45:00,WAREHOUSE,MEDIUM,23.35
2026-06-28 07:45:00,OFFICE_A,MEDIUM,24.09
2026-06-28 07:45:00,CONTROL_ROOM,MEDIUM,21.95
2026-06-28 07:45:00,UTILITY,MEDIUM,23.46
2026-06-28 07:45:00,BATTERY_FLEX,MEDIUM,22.42
2026-06-28 08:00:00,PRODUCTION,MEDIUM,24.06
2026-06-28 08:00:00,WAREHOUSE,MEDIUM,22.89
2026-06-28 08:00:00,OFFICE_A,MEDIUM,23.21
2026-06-28 08:00:00,CONTROL_ROOM,MEDIUM,23.17
2026-06-28 08:00:00,UTILITY,MEDIUM,23.82
2026-06-28 08:00:00,BATTERY_FLEX,MEDIUM,21.53
2026-06-28 08:15:00,PRODUCTION,MEDIUM,23.7
2026-06-28 08:15:00,WAREHOUSE,MEDIUM,23.01
2026-06-28 08:15:00,OFFICE_A,MEDIUM,23.73
2026-06-28 08:15:00,CONTROL_ROOM,MEDIUM,21.6
2026-06-28 08:15:00,UTILITY,MEDIUM,23.56
2026-06-28 08:15:00,BATTERY_FLEX,MEDIUM,22.77
2026-06-28 08:30:00,PRODUCTION,MEDIUM,23.68
2026-06-28 08:30:00,WAREHOUSE,MEDIUM,23.09
2026-06-28 08:30:00,OFFICE_A,MEDIUM,23.58
2026-06-28 08:30:00,CONTROL_ROOM,MEDIUM,22.5
2026-06-28 08:30:00,UTILITY,MEDIUM,23.78
2026-06-28 08:30:00,BATTERY_FLEX,MEDIUM,22.82
2026-06-28 08:45:00,PRODUCTION,MEDIUM,24.87
2026-06-28 08:45:00,WAREHOUSE,MEDIUM,22.88
2026-06-28 08:45:00,OFFICE_A,MEDIUM,22.7
2026-06-28 08:45:00,CONTROL_ROOM,MEDIUM,22.29
2026-06-28 08:45:00,UTILITY,MEDIUM,23.51
2026-06-28 08:45:00,BATTERY_FLEX,MEDIUM,21.47
2026-06-28 09:00:00,PRODUCTION,MEDIUM,23.45
2026-06-28 09:00:00,WAREHOUSE,MEDIUM,23.23
2026-06-28 09:00:00,OFFICE_A,MEDIUM,23.4
2026-06-28 09:00:00,CONTROL_ROOM,MEDIUM,22.7
2026-06-28 09:00:00,UTILITY,MEDIUM,23.39
2026-06-28 09:00:00,BATTERY_FLEX,MEDIUM,23.15
2026-06-28 09:15:00,PRODUCTION,HIGH,23.41
2026-06-28 09:15:00,WAREHOUSE,HIGH,22.9
2026-06-28 09:15:00,OFFICE_A,HIGH,22.79
2026-06-28 09:15:00,CONTROL_ROOM,HIGH,22.01
2026-06-28 09:15:00,UTILITY,HIGH,23.8
2026-06-28 09:15:00,BATTERY_FLEX,HIGH,23.08
2026-06-28 09:30:00,PRODUCTION,MEDIUM,23.47
2026-06-28 09:30:00,WAREHOUSE,MEDIUM,22.44
2026-06-28 09:30:00,OFFICE_A,MEDIUM,23.7
2026-06-28 09:30:00,CONTROL_ROOM,MEDIUM,22.74
2026-06-28 09:30:00,UTILITY,MEDIUM,23.69
2026-06-28 09:30:00,BATTERY_FLEX,MEDIUM,22.93
2026-06-28 09:45:00,PRODUCTION,HIGH,23.44
2026-06-28 09:45:00,WAREHOUSE,HIGH,23.06
2026-06-28 09:45:00,OFFICE_A,HIGH,23.22
2026-06-28 09:45:00,CONTROL_ROOM,HIGH,22.77
2026-06-28 09:45:00,UTILITY,HIGH,23.02
2026-06-28 09:45:00,BATTERY_FLEX,HIGH,23.46
2026-06-28 10:00:00,PRODUCTION,HIGH,23.64
2026-06-28 10:00:00,WAREHOUSE,HIGH,23.56
2026-06-28 10:00:00,OFFICE_A,HIGH,23.93
2026-06-28 10:00:00,CONTROL_ROOM,HIGH,22.06
2026-06-28 10:00:00,UTILITY,HIGH,22.73
2026-06-28 10:00:00,BATTERY_FLEX,HIGH,21.82
2026-06-28 10:15:00,PRODUCTION,HIGH,23.76
2026-06-28 10:15:00,WAREHOUSE,HIGH,23.05
2026-06-28 10:15:00,OFFICE_A,HIGH,24.35
2026-06-28 10:15:00,CONTROL_ROOM,HIGH,23.52
2026-06-28 10:15:00,UTILITY,HIGH,23.94
2026-06-28 10:15:00,BATTERY_FLEX,HIGH,23.17
2026-06-28 10:30:00,PRODUCTION,HIGH,23.48
2026-06-28 10:30:00,WAREHOUSE,HIGH,23.16
2026-06-28 10:30:00,OFFICE_A,HIGH,24.06
2026-06-28 10:30:00,CONTROL_ROOM,HIGH,22.53
2026-06-28 10:30:00,UTILITY,HIGH,24.3
2026-06-28 10:30:00,BATTERY_FLEX,HIGH,23.4
2026-06-28 10:45:00,PRODUCTION,HIGH,24.62
2026-06-28 10:45:00,WAREHOUSE,HIGH,23.38
2026-06-28 10:45:00,OFFICE_A,HIGH,23.72
2026-06-28 10:45:00,CONTROL_ROOM,HIGH,22.97
2026-06-28 10:45:00,UTILITY,HIGH,24.19
2026-06-28 10:45:00,BATTERY_FLEX,HIGH,22.6
2026-06-28 11:00:00,PRODUCTION,HIGH,24.11
2026-06-28 11:00:00,WAREHOUSE,HIGH,22.82
2026-06-28 11:00:00,OFFICE_A,HIGH,23.14
2026-06-28 11:00:00,CONTROL_ROOM,HIGH,23.63
2026-06-28 11:00:00,UTILITY,HIGH,23.31
2026-06-28 11:00:00,BATTERY_FLEX,HIGH,22.94
2026-06-28 11:15:00,PRODUCTION,HIGH,24.21
2026-06-28 11:15:00,WAREHOUSE,HIGH,22.83
2026-06-28 11:15:00,OFFICE_A,HIGH,23.81
2026-06-28 11:15:00,CONTROL_ROOM,HIGH,22.27
2026-06-28 11:15:00,UTILITY,HIGH,24.63
2026-06-28 11:15:00,BATTERY_FLEX,HIGH,22.98
2026-06-28 11:30:00,PRODUCTION,HIGH,24.14
2026-06-28 11:30:00,WAREHOUSE,HIGH,23.14
2026-06-28 11:30:00,OFFICE_A,HIGH,23.09
2026-06-28 11:30:00,CONTROL_ROOM,HIGH,22.09
2026-06-28 11:30:00,UTILITY,HIGH,24.97
2026-06-28 11:30:00,BATTERY_FLEX,HIGH,22.8
2026-06-28 11:45:00,PRODUCTION,HIGH,23.76
2026-06-28 11:45:00,WAREHOUSE,HIGH,22.72
2026-06-28 11:45:00,OFFICE_A,HIGH,23.56
2026-06-28 11:45:00,CONTROL_ROOM,HIGH,22.56
2026-06-28 11:45:00,UTILITY,HIGH,23.56
2026-06-28 11:45:00,BATTERY_FLEX,HIGH,22.32
2026-06-28 12:00:00,PRODUCTION,HIGH,24.14
2026-06-28 12:00:00,WAREHOUSE,HIGH,24.36
2026-06-28 12:00:00,OFFICE_A,HIGH,24.16
2026-06-28 12:00:00,CONTROL_ROOM,HIGH,23.47
2026-06-28 12:00:00,UTILITY,HIGH,23.47
2026-06-28 12:00:00,BATTERY_FLEX,HIGH,23.59
2026-06-28 12:15:00,PRODUCTION,HIGH,23.86
2026-06-28 12:15:00,WAREHOUSE,HIGH,23.62
2026-06-28 12:15:00,OFFICE_A,HIGH,23.78
2026-06-28 12:15:00,CONTROL_ROOM,HIGH,21.65
2026-06-28 12:15:00,UTILITY,HIGH,23.7
2026-06-28 12:15:00,BATTERY_FLEX,HIGH,23.2
2026-06-28 12:30:00,PRODUCTION,HIGH,24.12
2026-06-28 12:30:00,WAREHOUSE,HIGH,23.2
2026-06-28 12:30:00,OFFICE_A,HIGH,23.39
2026-06-28 12:30:00,CONTROL_ROOM,HIGH,22.15
2026-06-28 12:30:00,UTILITY,HIGH,24.21
2026-06-28 12:30:00,BATTERY_FLEX,HIGH,22.92
2026-06-28 12:45:00,PRODUCTION,HIGH,24.64
2026-06-28 12:45:00,WAREHOUSE,HIGH,23.4
2026-06-28 12:45:00,OFFICE_A,HIGH,23.36
2026-06-28 12:45:00,CONTROL_ROOM,HIGH,22.01
2026-06-28 12:45:00,UTILITY,HIGH,23.88
2026-06-28 12:45:00,BATTERY_FLEX,HIGH,21.43
2026-06-28 13:00:00,PRODUCTION,HIGH,23.97
2026-06-28 13:00:00,WAREHOUSE,HIGH,22.63
2026-06-28 13:00:00,OFFICE_A,HIGH,24.2
2026-06-28 13:00:00,CONTROL_ROOM,HIGH,22.34
2026-06-28 13:00:00,UTILITY,HIGH,23.27
2026-06-28 13:00:00,BATTERY_FLEX,HIGH,23.03
2026-06-28 13:15:00,PRODUCTION,HIGH,24.0
2026-06-28 13:15:00,WAREHOUSE,HIGH,23.92
2026-06-28 13:15:00,OFFICE_A,HIGH,23.74
2026-06-28 13:15:00,CONTROL_ROOM,HIGH,22.49
2026-06-28 13:15:00,UTILITY,HIGH,24.18
2026-06-28 13:15:00,BATTERY_FLEX,HIGH,22.76
2026-06-28 13:30:00,PRODUCTION,HIGH,23.82
2026-06-28 13:30:00,WAREHOUSE,HIGH,22.69
2026-06-28 13:30:00,OFFICE_A,HIGH,23.99
2026-06-28 13:30:00,CONTROL_ROOM,HIGH,23.29
2026-06-28 13:30:00,UTILITY,HIGH,23.21
2026-06-28 13:30:00,BATTERY_FLEX,HIGH,22.85
2026-06-28 13:45:00,PRODUCTION,HIGH,25.69
2026-06-28 13:45:00,WAREHOUSE,HIGH,23.11
2026-06-28 13:45:00,OFFICE_A,HIGH,24.3
2026-06-28 13:45:00,CONTROL_ROOM,HIGH,23.35
2026-06-28 13:45:00,UTILITY,HIGH,24.02
2026-06-28 13:45:00,BATTERY_FLEX,HIGH,22.78
2026-06-28 14:00:00,PRODUCTION,HIGH,23.68
2026-06-28 14:00:00,WAREHOUSE,HIGH,23.2
2026-06-28 14:00:00,OFFICE_A,HIGH,23.48
2026-06-28 14:00:00,CONTROL_ROOM,HIGH,21.76
2026-06-28 14:00:00,UTILITY,HIGH,24.21
2026-06-28 14:00:00,BATTERY_FLEX,HIGH,23.31
2026-06-28 14:15:00,PRODUCTION,HIGH,24.04
2026-06-28 14:15:00,WAREHOUSE,HIGH,23.19
2026-06-28 14:15:00,OFFICE_A,HIGH,23.57
2026-06-28 14:15:00,CONTROL_ROOM,HIGH,22.57
2026-06-28 14:15:00,UTILITY,HIGH,23.72
2026-06-28 14:15:00,BATTERY_FLEX,HIGH,22.56
2026-06-28 14:30:00,PRODUCTION,HIGH,25.2
2026-06-28 14:30:00,WAREHOUSE,HIGH,22.95
2026-06-28 14:30:00,OFFICE_A,HIGH,23.7
2026-06-28 14:30:00,CONTROL_ROOM,HIGH,22.86
2026-06-28 14:30:00,UTILITY,HIGH,23.62
2026-06-28 14:30:00,BATTERY_FLEX,HIGH,23.46
2026-06-28 14:45:00,PRODUCTION,HIGH,23.65
2026-06-28 14:45:00,WAREHOUSE,HIGH,23.01
2026-06-28 14:45:00,OFFICE_A,HIGH,23.93
2026-06-28 14:45:00,CONTROL_ROOM,HIGH,23.05
2026-06-28 14:45:00,UTILITY,HIGH,23.95
2026-06-28 14:45:00,BATTERY_FLEX,HIGH,22.72
2026-06-28 15:00:00,PRODUCTION,HIGH,23.68
2026-06-28 15:00:00,WAREHOUSE,HIGH,22.82
2026-06-28 15:00:00,OFFICE_A,HIGH,24.38
2026-06-28 15:00:00,CONTROL_ROOM,HIGH,22.26
2026-06-28 15:00:00,UTILITY,HIGH,23.92
2026-06-28 15:00:00,BATTERY_FLEX,HIGH,23.46
2026-06-28 15:15:00,PRODUCTION,HIGH,25.02
2026-06-28 15:15:00,WAREHOUSE,HIGH,22.75
2026-06-28 15:15:00,OFFICE_A,HIGH,23.31
2026-06-28 15:15:00,CONTROL_ROOM,HIGH,22.77
2026-06-28 15:15:00,UTILITY,HIGH,23.66
2026-06-28 15:15:00,BATTERY_FLEX,HIGH,23.06
2026-06-28 15:30:00,PRODUCTION,HIGH,24.49
2026-06-28 15:30:00,WAREHOUSE,HIGH,23.0
2026-06-28 15:30:00,OFFICE_A,HIGH,23.14
2026-06-28 15:30:00,CONTROL_ROOM,HIGH,22.76
2026-06-28 15:30:00,UTILITY,HIGH,23.13
2026-06-28 15:30:00,BATTERY_FLEX,HIGH,23.43
2026-06-28 15:45:00,PRODUCTION,HIGH,23.78
2026-06-28 15:45:00,WAREHOUSE,HIGH,22.49
2026-06-28 15:45:00,OFFICE_A,HIGH,23.85
2026-06-28 15:45:00,CONTROL_ROOM,HIGH,22.2
2026-06-28 15:45:00,UTILITY,HIGH,23.97
2026-06-28 15:45:00,BATTERY_FLEX,HIGH,23.04
2026-06-28 16:00:00,PRODUCTION,HIGH,24.88
2026-06-28 16:00:00,WAREHOUSE,HIGH,23.43
2026-06-28 16:00:00,OFFICE_A,HIGH,23.84
2026-06-28 16:00:00,CONTROL_ROOM,HIGH,22.41
2026-06-28 16:00:00,UTILITY,HIGH,23.3
2026-06-28 16:00:00,BATTERY_FLEX,HIGH,23.44
2026-06-28 16:15:00,PRODUCTION,HIGH,24.94
2026-06-28 16:15:00,WAREHOUSE,HIGH,23.17
2026-06-28 16:15:00,OFFICE_A,HIGH,23.23
2026-06-28 16:15:00,CONTROL_ROOM,HIGH,22.34
2026-06-28 16:15:00,UTILITY,HIGH,24.57
2026-06-28 16:15:00,BATTERY_FLEX,HIGH,22.23
2026-06-28 16:30:00,PRODUCTION,HIGH,23.83
2026-06-28 16:30:00,WAREHOUSE,HIGH,22.76
2026-06-28 16:30:00,OFFICE_A,HIGH,22.86
2026-06-28 16:30:00,CONTROL_ROOM,HIGH,22.74
2026-06-28 16:30:00,UTILITY,HIGH,24.16
2026-06-28 16:30:00,BATTERY_FLEX,HIGH,23.56
2026-06-28 16:45:00,PRODUCTION,HIGH,25.56
2026-06-28 16:45:00,WAREHOUSE,HIGH,23.73
2026-06-28 16:45:00,OFFICE_A,HIGH,23.85
2026-06-28 16:45:00,CONTROL_ROOM,HIGH,22.05
2026-06-28 16:45:00,UTILITY,HIGH,22.73
2026-06-28 16:45:00,BATTERY_FLEX,HIGH,22.81
2026-06-28 17:00:00,PRODUCTION,HIGH,23.75
2026-06-28 17:00:00,WAREHOUSE,HIGH,22.79
2026-06-28 17:00:00,OFFICE_A,HIGH,24.32
2026-06-28 17:00:00,CONTROL_ROOM,HIGH,22.18
2026-06-28 17:00:00,UTILITY,HIGH,23.64
2026-06-28 17:00:00,BATTERY_FLEX,HIGH,22.76
2026-06-28 17:15:00,PRODUCTION,HIGH,23.84
2026-06-28 17:15:00,WAREHOUSE,HIGH,23.2
2026-06-28 17:15:00,OFFICE_A,HIGH,24.46
2026-06-28 17:15:00,CONTROL_ROOM,HIGH,22.15
2026-06-28 17:15:00,UTILITY,HIGH,24.14
2026-06-28 17:15:00,BATTERY_FLEX,HIGH,23.29
2026-06-28 17:30:00,PRODUCTION,HIGH,24.13
2026-06-28 17:30:00,WAREHOUSE,HIGH,23.39
2026-06-28 17:30:00,OFFICE_A,HIGH,23.47
2026-06-28 17:30:00,CONTROL_ROOM,HIGH,22.71
2026-06-28 17:30:00,UTILITY,HIGH,24.27
2026-06-28 17:30:00,BATTERY_FLEX,HIGH,22.65
2026-06-28 17:45:00,PRODUCTION,HIGH,24.35
2026-06-28 17:45:00,WAREHOUSE,HIGH,23.24
2026-06-28 17:45:00,OFFICE_A,HIGH,23.95
2026-06-28 17:45:00,CONTROL_ROOM,HIGH,22.0
2026-06-28 17:45:00,UTILITY,HIGH,23.48
2026-06-28 17:45:00,BATTERY_FLEX,HIGH,22.57
2026-06-28 18:00:00,PRODUCTION,HIGH,24.47
2026-06-28 18:00:00,WAREHOUSE,HIGH,23.44
2026-06-28 18:00:00,OFFICE_A,HIGH,23.32
2026-06-28 18:00:00,CONTROL_ROOM,HIGH,22.59
2026-06-28 18:00:00,UTILITY,HIGH,23.89
2026-06-28 18:00:00,BATTERY_FLEX,HIGH,22.53
2026-06-28 18:15:00,PRODUCTION,HIGH,24.07
2026-06-28 18:15:00,WAREHOUSE,HIGH,21.91
2026-06-28 18:15:00,OFFICE_A,HIGH,22.43
2026-06-28 18:15:00,CONTROL_ROOM,HIGH,22.68
2026-06-28 18:15:00,UTILITY,HIGH,23.52
2026-06-28 18:15:00,BATTERY_FLEX,HIGH,22.3
2026-06-28 18:30:00,PRODUCTION,HIGH,23.04
2026-06-28 18:30:00,WAREHOUSE,HIGH,22.23
2026-06-28 18:30:00,OFFICE_A,HIGH,23.73
2026-06-28 18:30:00,CONTROL_ROOM,HIGH,22.15
2026-06-28 18:30:00,UTILITY,HIGH,24.2
2026-06-28 18:30:00,BATTERY_FLEX,HIGH,22.5
2026-06-28 18:45:00,PRODUCTION,HIGH,23.9
2026-06-28 18:45:00,WAREHOUSE,HIGH,22.99
2026-06-28 18:45:00,OFFICE_A,HIGH,22.74
2026-06-28 18:45:00,CONTROL_ROOM,HIGH,22.74
2026-06-28 18:45:00,UTILITY,HIGH,24.51
2026-06-28 18:45:00,BATTERY_FLEX,HIGH,23.54
2026-06-28 19:00:00,PRODUCTION,MEDIUM,23.7
2026-06-28 19:00:00,WAREHOUSE,MEDIUM,23.17
2026-06-28 19:00:00,OFFICE_A,MEDIUM,22.79
2026-06-28 19:00:00,CONTROL_ROOM,MEDIUM,21.55
2026-06-28 19:00:00,UTILITY,MEDIUM,23.72
2026-06-28 19:00:00,BATTERY_FLEX,MEDIUM,20.93
2026-06-28 19:15:00,PRODUCTION,MEDIUM,24.32
2026-06-28 19:15:00,WAREHOUSE,MEDIUM,23.73
2026-06-28 19:15:00,OFFICE_A,MEDIUM,23.12
2026-06-28 19:15:00,CONTROL_ROOM,MEDIUM,21.73
2026-06-28 19:15:00,UTILITY,MEDIUM,23.29
2026-06-28 19:15:00,BATTERY_FLEX,MEDIUM,22.84
2026-06-28 19:30:00,PRODUCTION,MEDIUM,23.97
2026-06-28 19:30:00,WAREHOUSE,MEDIUM,22.29
2026-06-28 19:30:00,OFFICE_A,MEDIUM,22.75
2026-06-28 19:30:00,CONTROL_ROOM,MEDIUM,21.26
2026-06-28 19:30:00,UTILITY,MEDIUM,24.19
2026-06-28 19:30:00,BATTERY_FLEX,MEDIUM,22.6
2026-06-28 19:45:00,PRODUCTION,MEDIUM,23.53
2026-06-28 19:45:00,WAREHOUSE,MEDIUM,23.07
2026-06-28 19:45:00,OFFICE_A,MEDIUM,23.16
2026-06-28 19:45:00,CONTROL_ROOM,MEDIUM,22.41
2026-06-28 19:45:00,UTILITY,MEDIUM,23.89
2026-06-28 19:45:00,BATTERY_FLEX,MEDIUM,24.08
2026-06-28 20:00:00,PRODUCTION,MEDIUM,23.44
2026-06-28 20:00:00,WAREHOUSE,MEDIUM,23.8
2026-06-28 20:00:00,OFFICE_A,MEDIUM,22.98
2026-06-28 20:00:00,CONTROL_ROOM,MEDIUM,22.37
2026-06-28 20:00:00,UTILITY,MEDIUM,22.49
2026-06-28 20:00:00,BATTERY_FLEX,MEDIUM,21.9
2026-06-28 20:15:00,PRODUCTION,MEDIUM,23.69
2026-06-28 20:15:00,WAREHOUSE,MEDIUM,22.62
2026-06-28 20:15:00,OFFICE_A,MEDIUM,22.93
2026-06-28 20:15:00,CONTROL_ROOM,MEDIUM,21.34
2026-06-28 20:15:00,UTILITY,MEDIUM,23.25
2026-06-28 20:15:00,BATTERY_FLEX,MEDIUM,22.43
2026-06-28 20:30:00,PRODUCTION,MEDIUM,23.57
2026-06-28 20:30:00,WAREHOUSE,MEDIUM,23.56
2026-06-28 20:30:00,OFFICE_A,MEDIUM,22.65
2026-06-28 20:30:00,CONTROL_ROOM,MEDIUM,21.72
2026-06-28 20:30:00,UTILITY,MEDIUM,23.85
2026-06-28 20:30:00,BATTERY_FLEX,MEDIUM,22.51
2026-06-28 20:45:00,PRODUCTION,MEDIUM,24.22
2026-06-28 20:45:00,WAREHOUSE,MEDIUM,22.83
2026-06-28 20:45:00,OFFICE_A,MEDIUM,22.19
2026-06-28 20:45:00,CONTROL_ROOM,MEDIUM,21.71
2026-06-28 20:45:00,UTILITY,MEDIUM,23.19
2026-06-28 20:45:00,BATTERY_FLEX,MEDIUM,23.06
2026-06-28 21:00:00,PRODUCTION,LOW,22.47
2026-06-28 21:00:00,WAREHOUSE,LOW,23.12
2026-06-28 21:00:00,OFFICE_A,LOW,22.69
2026-06-28 21:00:00,CONTROL_ROOM,LOW,22.11
2026-06-28 21:00:00,UTILITY,LOW,23.8
2026-06-28 21:00:00,BATTERY_FLEX,LOW,22.86
2026-06-28 21:15:00,PRODUCTION,LOW,23.0
2026-06-28 21:15:00,WAREHOUSE,LOW,22.25
2026-06-28 21:15:00,OFFICE_A,LOW,23.18
2026-06-28 21:15:00,CONTROL_ROOM,LOW,21.49
2026-06-28 21:15:00,UTILITY,LOW,24.1
2026-06-28 21:15:00,BATTERY_FLEX,LOW,22.56
2026-06-28 21:30:00,PRODUCTION,LOW,23.91
2026-06-28 21:30:00,WAREHOUSE,LOW,22.73
2026-06-28 21:30:00,OFFICE_A,LOW,22.77
2026-06-28 21:30:00,CONTROL_ROOM,LOW,21.78
2026-06-28 21:30:00,UTILITY,LOW,23.33
2026-06-28 21:30:00,BATTERY_FLEX,LOW,22.17
2026-06-28 21:45:00,PRODUCTION,LOW,23.07
2026-06-28 21:45:00,WAREHOUSE,LOW,23.66
2026-06-28 21:45:00,OFFICE_A,LOW,23.32
2026-06-28 21:45:00,CONTROL_ROOM,LOW,21.99
2026-06-28 21:45:00,UTILITY,LOW,23.51
2026-06-28 21:45:00,BATTERY_FLEX,LOW,22.67
2026-06-28 22:00:00,PRODUCTION,LOW,22.27
2026-06-28 22:00:00,WAREHOUSE,LOW,23.8
2026-06-28 22:00:00,OFFICE_A,LOW,21.37
2026-06-28 22:00:00,CONTROL_ROOM,LOW,21.78
2026-06-28 22:00:00,UTILITY,LOW,23.43
2026-06-28 22:00:00,BATTERY_FLEX,LOW,22.63
2026-06-28 22:15:00,PRODUCTION,LOW,24.63
2026-06-28 22:15:00,WAREHOUSE,LOW,23.13
2026-06-28 22:15:00,OFFICE_A,LOW,23.42
2026-06-28 22:15:00,CONTROL_ROOM,LOW,21.0
2026-06-28 22:15:00,UTILITY,LOW,24.07
2026-06-28 22:15:00,BATTERY_FLEX,LOW,22.67
2026-06-28 22:30:00,PRODUCTION,LOW,23.43
2026-06-28 22:30:00,WAREHOUSE,LOW,22.68
2026-06-28 22:30:00,OFFICE_A,LOW,22.49
2026-06-28 22:30:00,CONTROL_ROOM,LOW,22.21
2026-06-28 22:30:00,UTILITY,LOW,23.8
2026-06-28 22:30:00,BATTERY_FLEX,LOW,21.81
2026-06-28 22:45:00,PRODUCTION,LOW,22.85
2026-06-28 22:45:00,WAREHOUSE,LOW,22.92
2026-06-28 22:45:00,OFFICE_A,LOW,22.48
2026-06-28 22:45:00,CONTROL_ROOM,LOW,22.52
2026-06-28 22:45:00,UTILITY,LOW,23.76
2026-06-28 22:45:00,BATTERY_FLEX,LOW,23.19
2026-06-28 23:00:00,PRODUCTION,LOW,22.94
2026-06-28 23:00:00,WAREHOUSE,LOW,23.7
2026-06-28 23:00:00,OFFICE_A,LOW,22.39
2026-06-28 23:00:00,CONTROL_ROOM,LOW,21.78
2026-06-28 23:00:00,UTILITY,LOW,23.84
2026-06-28 23:00:00,BATTERY_FLEX,LOW,22.92
2026-06-28 23:15:00,PRODUCTION,LOW,23.08
2026-06-28 23:15:00,WAREHOUSE,LOW,22.37
2026-06-28 23:15:00,OFFICE_A,LOW,22.73
2026-06-28 23:15:00,CONTROL_ROOM,LOW,21.7
2026-06-28 23:15:00,UTILITY,LOW,23.65
2026-06-28 23:15:00,BATTERY_FLEX,LOW,22.83
2026-06-28 23:30:00,PRODUCTION,LOW,23.69
2026-06-28 23:30:00,WAREHOUSE,LOW,22.78
2026-06-28 23:30:00,OFFICE_A,LOW,22.53
2026-06-28 23:30:00,CONTROL_ROOM,LOW,20.97
2026-06-28 23:30:00,UTILITY,LOW,23.54
2026-06-28 23:30:00,BATTERY_FLEX,LOW,22.73
2026-06-28 23:45:00,PRODUCTION,LOW,23.58
2026-06-28 23:45:00,WAREHOUSE,LOW,22.09
2026-06-28 23:45:00,OFFICE_A,LOW,22.65
2026-06-28 23:45:00,CONTROL_ROOM,LOW,22.05
2026-06-28 23:45:00,UTILITY,LOW,23.64
2026-06-28 23:45:00,BATTERY_FLEX,LOW,22.33
2026-06-29 00:00:00,PRODUCTION,LOW,31.06
2026-06-29 00:00:00,WAREHOUSE,LOW,32.62
2026-06-29 00:00:00,OFFICE_A,LOW,31.88
2026-06-29 00:00:00,CONTROL_ROOM,LOW,30.66
2026-06-29 00:00:00,UTILITY,LOW,31.55
2026-06-29 00:00:00,BATTERY_FLEX,LOW,31.39
2026-06-29 00:15:00,PRODUCTION,LOW,31.91
2026-06-29 00:15:00,WAREHOUSE,LOW,31.81
2026-06-29 00:15:00,OFFICE_A,LOW,32.04
2026-06-29 00:15:00,CONTROL_ROOM,LOW,30.8
2026-06-29 00:15:00,UTILITY,LOW,32.3
2026-06-29 00:15:00,BATTERY_FLEX,LOW,31.23
2026-06-29 00:30:00,PRODUCTION,LOW,31.68
2026-06-29 00:30:00,WAREHOUSE,LOW,32.78
2026-06-29 00:30:00,OFFICE_A,LOW,31.99
2026-06-29 00:30:00,CONTROL_ROOM,LOW,29.33
2026-06-29 00:30:00,UTILITY,LOW,32.59
2026-06-29 00:30:00,BATTERY_FLEX,LOW,32.07
2026-06-29 00:45:00,PRODUCTION,LOW,32.27
2026-06-29 00:45:00,WAREHOUSE,LOW,32.43
2026-06-29 00:45:00,OFFICE_A,LOW,30.97
2026-06-29 00:45:00,CONTROL_ROOM,LOW,30.38
2026-06-29 00:45:00,UTILITY,LOW,33.36
2026-06-29 00:45:00,BATTERY_FLEX,LOW,31.56
2026-06-29 01:00:00,PRODUCTION,LOW,31.56
2026-06-29 01:00:00,WAREHOUSE,LOW,31.91
2026-06-29 01:00:00,OFFICE_A,LOW,32.21
2026-06-29 01:00:00,CONTROL_ROOM,LOW,31.28
2026-06-29 01:00:00,UTILITY,LOW,33.68
2026-06-29 01:00:00,BATTERY_FLEX,LOW,31.52
2026-06-29 01:15:00,PRODUCTION,LOW,32.07
2026-06-29 01:15:00,WAREHOUSE,LOW,31.45
2026-06-29 01:15:00,OFFICE_A,LOW,31.91
2026-06-29 01:15:00,CONTROL_ROOM,LOW,29.65
2026-06-29 01:15:00,UTILITY,LOW,32.15
2026-06-29 01:15:00,BATTERY_FLEX,LOW,31.66
2026-06-29 01:30:00,PRODUCTION,LOW,33.03
2026-06-29 01:30:00,WAREHOUSE,LOW,31.72
2026-06-29 01:30:00,OFFICE_A,LOW,32.55
2026-06-29 01:30:00,CONTROL_ROOM,LOW,31.63
2026-06-29 01:30:00,UTILITY,LOW,32.5
2026-06-29 01:30:00,BATTERY_FLEX,LOW,31.58
2026-06-29 01:45:00,PRODUCTION,LOW,32.82
2026-06-29 01:45:00,WAREHOUSE,LOW,32.26
2026-06-29 01:45:00,OFFICE_A,LOW,31.38
2026-06-29 01:45:00,CONTROL_ROOM,LOW,30.2
2026-06-29 01:45:00,UTILITY,LOW,32.16
2026-06-29 01:45:00,BATTERY_FLEX,LOW,31.46
2026-06-29 02:00:00,PRODUCTION,LOW,32.31
2026-06-29 02:00:00,WAREHOUSE,LOW,32.12
2026-06-29 02:00:00,OFFICE_A,LOW,32.23
2026-06-29 02:00:00,CONTROL_ROOM,LOW,31.13
2026-06-29 02:00:00,UTILITY,LOW,31.85
2026-06-29 02:00:00,BATTERY_FLEX,LOW,31.01
2026-06-29 02:15:00,PRODUCTION,LOW,32.26
2026-06-29 02:15:00,WAREHOUSE,LOW,32.91
2026-06-29 02:15:00,OFFICE_A,LOW,31.38
2026-06-29 02:15:00,CONTROL_ROOM,LOW,30.46
2026-06-29 02:15:00,UTILITY,LOW,32.4
2026-06-29 02:15:00,BATTERY_FLEX,LOW,31.15
2026-06-29 02:30:00,PRODUCTION,LOW,32.74
2026-06-29 02:30:00,WAREHOUSE,LOW,31.88
2026-06-29 02:30:00,OFFICE_A,LOW,32.2
2026-06-29 02:30:00,CONTROL_ROOM,LOW,31.76
2026-06-29 02:30:00,UTILITY,LOW,32.58
2026-06-29 02:30:00,BATTERY_FLEX,LOW,32.12
2026-06-29 02:45:00,PRODUCTION,LOW,32.63
2026-06-29 02:45:00,WAREHOUSE,LOW,32.64
2026-06-29 02:45:00,OFFICE_A,LOW,31.66
2026-06-29 02:45:00,CONTROL_ROOM,LOW,30.44
2026-06-29 02:45:00,UTILITY,LOW,33.4
2026-06-29 02:45:00,BATTERY_FLEX,LOW,31.41
2026-06-29 03:00:00,PRODUCTION,LOW,31.82
2026-06-29 03:00:00,WAREHOUSE,LOW,31.64
2026-06-29 03:00:00,OFFICE_A,LOW,32.17
2026-06-29 03:00:00,CONTROL_ROOM,LOW,30.18
2026-06-29 03:00:00,UTILITY,LOW,32.62
2026-06-29 03:00:00,BATTERY_FLEX,LOW,32.34
2026-06-29 03:15:00,PRODUCTION,LOW,32.21
2026-06-29 03:15:00,WAREHOUSE,LOW,31.59
2026-06-29 03:15:00,OFFICE_A,LOW,31.59
2026-06-29 03:15:00,CONTROL_ROOM,LOW,30.3
2026-06-29 03:15:00,UTILITY,LOW,32.59
2026-06-29 03:15:00,BATTERY_FLEX,LOW,31.42
2026-06-29 03:30:00,PRODUCTION,LOW,32.4
2026-06-29 03:30:00,WAREHOUSE,LOW,32.73
2026-06-29 03:30:00,OFFICE_A,LOW,32.53
2026-06-29 03:30:00,CONTROL_ROOM,LOW,30.44
2026-06-29 03:30:00,UTILITY,LOW,32.7
2026-06-29 03:30:00,BATTERY_FLEX,LOW,31.35
2026-06-29 03:45:00,PRODUCTION,LOW,32.38
2026-06-29 03:45:00,WAREHOUSE,LOW,31.26
2026-06-29 03:45:00,OFFICE_A,LOW,31.73
2026-06-29 03:45:00,CONTROL_ROOM,LOW,29.86
2026-06-29 03:45:00,UTILITY,LOW,32.87
2026-06-29 03:45:00,BATTERY_FLEX,LOW,31.34
2026-06-29 04:00:00,PRODUCTION,LOW,32.22
2026-06-29 04:00:00,WAREHOUSE,LOW,31.94
2026-06-29 04:00:00,OFFICE_A,LOW,31.92
2026-06-29 04:00:00,CONTROL_ROOM,LOW,31.19
2026-06-29 04:00:00,UTILITY,LOW,32.96
2026-06-29 04:00:00,BATTERY_FLEX,LOW,31.31
2026-06-29 04:15:00,PRODUCTION,LOW,32.09
2026-06-29 04:15:00,WAREHOUSE,LOW,32.56
2026-06-29 04:15:00,OFFICE_A,LOW,31.07
2026-06-29 04:15:00,CONTROL_ROOM,LOW,31.1
2026-06-29 04:15:00,UTILITY,LOW,32.51
2026-06-29 04:15:00,BATTERY_FLEX,LOW,31.32
2026-06-29 04:30:00,PRODUCTION,LOW,32.17
2026-06-29 04:30:00,WAREHOUSE,LOW,32.14
2026-06-29 04:30:00,OFFICE_A,LOW,32.53
2026-06-29 04:30:00,CONTROL_ROOM,LOW,30.85
2026-06-29 04:30:00,UTILITY,LOW,33.16
2026-06-29 04:30:00,BATTERY_FLEX,LOW,30.59
2026-06-29 04:45:00,PRODUCTION,LOW,32.6
2026-06-29 04:45:00,WAREHOUSE,LOW,32.39
2026-06-29 04:45:00,OFFICE_A,LOW,32.25
2026-06-29 04:45:00,CONTROL_ROOM,LOW,30.96
2026-06-29 04:45:00,UTILITY,LOW,31.48
2026-06-29 04:45:00,BATTERY_FLEX,LOW,32.28
2026-06-29 05:00:00,PRODUCTION,LOW,32.21
2026-06-29 05:00:00,WAREHOUSE,LOW,31.49
2026-06-29 05:00:00,OFFICE_A,LOW,30.72
2026-06-29 05:00:00,CONTROL_ROOM,LOW,30.19
2026-06-29 05:00:00,UTILITY,LOW,32.96
2026-06-29 05:00:00,BATTERY_FLEX,LOW,30.82
2026-06-29 05:15:00,PRODUCTION,LOW,31.87
2026-06-29 05:15:00,WAREHOUSE,LOW,32.08
2026-06-29 05:15:00,OFFICE_A,LOW,31.78
2026-06-29 05:15:00,CONTROL_ROOM,LOW,30.12
2026-06-29 05:15:00,UTILITY,LOW,32.61
2026-06-29 05:15:00,BATTERY_FLEX,LOW,31.74
2026-06-29 05:30:00,PRODUCTION,LOW,32.22
2026-06-29 05:30:00,WAREHOUSE,LOW,32.4
2026-06-29 05:30:00,OFFICE_A,LOW,31.57
2026-06-29 05:30:00,CONTROL_ROOM,LOW,31.11
2026-06-29 05:30:00,UTILITY,LOW,32.93
2026-06-29 05:30:00,BATTERY_FLEX,LOW,31.99
2026-06-29 05:45:00,PRODUCTION,LOW,31.36
2026-06-29 05:45:00,WAREHOUSE,LOW,31.65
2026-06-29 05:45:00,OFFICE_A,LOW,31.59
2026-06-29 05:45:00,CONTROL_ROOM,LOW,30.65
2026-06-29 05:45:00,UTILITY,LOW,32.73
2026-06-29 05:45:00,BATTERY_FLEX,LOW,31.14
2026-06-29 06:00:00,PRODUCTION,LOW,31.84
2026-06-29 06:00:00,WAREHOUSE,LOW,31.54
2026-06-29 06:00:00,OFFICE_A,LOW,31.62
2026-06-29 06:00:00,CONTROL_ROOM,LOW,30.69
2026-06-29 06:00:00,UTILITY,LOW,32.5
2026-06-29 06:00:00,BATTERY_FLEX,LOW,32.37
2026-06-29 06:15:00,PRODUCTION,LOW,32.18
2026-06-29 06:15:00,WAREHOUSE,LOW,32.34
2026-06-29 06:15:00,OFFICE_A,LOW,31.12
2026-06-29 06:15:00,CONTROL_ROOM,LOW,30.13
2026-06-29 06:15:00,UTILITY,LOW,32.63
2026-06-29 06:15:00,BATTERY_FLEX,LOW,31.45
2026-06-29 06:30:00,PRODUCTION,LOW,31.94
2026-06-29 06:30:00,WAREHOUSE,LOW,31.81
2026-06-29 06:30:00,OFFICE_A,LOW,31.91
2026-06-29 06:30:00,CONTROL_ROOM,LOW,30.29
2026-06-29 06:30:00,UTILITY,LOW,32.27
2026-06-29 06:30:00,BATTERY_FLEX,LOW,31.84
2026-06-29 06:45:00,PRODUCTION,LOW,31.81
2026-06-29 06:45:00,WAREHOUSE,LOW,32.01
2026-06-29 06:45:00,OFFICE_A,LOW,32.83
2026-06-29 06:45:00,CONTROL_ROOM,LOW,31.1
2026-06-29 06:45:00,UTILITY,LOW,31.91
2026-06-29 06:45:00,BATTERY_FLEX,LOW,31.93
2026-06-29 07:00:00,PRODUCTION,LOW,33.39
2026-06-29 07:00:00,WAREHOUSE,LOW,31.53
2026-06-29 07:00:00,OFFICE_A,LOW,32.04
2026-06-29 07:00:00,CONTROL_ROOM,LOW,30.54
2026-06-29 07:00:00,UTILITY,LOW,32.96
2026-06-29 07:00:00,BATTERY_FLEX,LOW,31.74
2026-06-29 07:15:00,PRODUCTION,MEDIUM,33.89
2026-06-29 07:15:00,WAREHOUSE,MEDIUM,32.39
2026-06-29 07:15:00,OFFICE_A,MEDIUM,31.65
2026-06-29 07:15:00,CONTROL_ROOM,MEDIUM,31.03
2026-06-29 07:15:00,UTILITY,MEDIUM,32.92
2026-06-29 07:15:00,BATTERY_FLEX,MEDIUM,31.9
2026-06-29 07:30:00,PRODUCTION,MEDIUM,32.12
2026-06-29 07:30:00,WAREHOUSE,MEDIUM,33.19
2026-06-29 07:30:00,OFFICE_A,MEDIUM,33.03
2026-06-29 07:30:00,CONTROL_ROOM,MEDIUM,31.44
2026-06-29 07:30:00,UTILITY,MEDIUM,32.65
2026-06-29 07:30:00,BATTERY_FLEX,MEDIUM,31.66
2026-06-29 07:45:00,PRODUCTION,MEDIUM,33.25
2026-06-29 07:45:00,WAREHOUSE,MEDIUM,32.71
2026-06-29 07:45:00,OFFICE_A,MEDIUM,31.15
2026-06-29 07:45:00,CONTROL_ROOM,MEDIUM,31.43
2026-06-29 07:45:00,UTILITY,MEDIUM,32.62
2026-06-29 07:45:00,BATTERY_FLEX,MEDIUM,31.52
2026-06-29 08:00:00,PRODUCTION,MEDIUM,32.66
2026-06-29 08:00:00,WAREHOUSE,MEDIUM,32.2
2026-06-29 08:00:00,OFFICE_A,MEDIUM,31.44
2026-06-29 08:00:00,CONTROL_ROOM,MEDIUM,31.34
2026-06-29 08:00:00,UTILITY,MEDIUM,33.18
2026-06-29 08:00:00,BATTERY_FLEX,MEDIUM,31.86
2026-06-29 08:15:00,PRODUCTION,MEDIUM,33.03
2026-06-29 08:15:00,WAREHOUSE,MEDIUM,32.28
2026-06-29 08:15:00,OFFICE_A,MEDIUM,33.15
2026-06-29 08:15:00,CONTROL_ROOM,MEDIUM,31.34
2026-06-29 08:15:00,UTILITY,MEDIUM,32.96
2026-06-29 08:15:00,BATTERY_FLEX,MEDIUM,31.91
2026-06-29 08:30:00,PRODUCTION,MEDIUM,33.2
2026-06-29 08:30:00,WAREHOUSE,MEDIUM,32.3
2026-06-29 08:30:00,OFFICE_A,MEDIUM,32.12
2026-06-29 08:30:00,CONTROL_ROOM,MEDIUM,31.91
2026-06-29 08:30:00,UTILITY,MEDIUM,31.69
2026-06-29 08:30:00,BATTERY_FLEX,MEDIUM,31.03
2026-06-29 08:45:00,PRODUCTION,MEDIUM,33.26
2026-06-29 08:45:00,WAREHOUSE,MEDIUM,32.14
2026-06-29 08:45:00,OFFICE_A,MEDIUM,32.79
2026-06-29 08:45:00,CONTROL_ROOM,MEDIUM,31.22
2026-06-29 08:45:00,UTILITY,MEDIUM,32.9
2026-06-29 08:45:00,BATTERY_FLEX,MEDIUM,31.83
2026-06-29 09:00:00,PRODUCTION,MEDIUM,32.75
2026-06-29 09:00:00,WAREHOUSE,MEDIUM,32.29
2026-06-29 09:00:00,OFFICE_A,MEDIUM,32.31
2026-06-29 09:00:00,CONTROL_ROOM,MEDIUM,31.08
2026-06-29 09:00:00,UTILITY,MEDIUM,32.43
2026-06-29 09:00:00,BATTERY_FLEX,MEDIUM,32.46
2026-06-29 09:15:00,PRODUCTION,HIGH,32.73
2026-06-29 09:15:00,WAREHOUSE,HIGH,32.5
2026-06-29 09:15:00,OFFICE_A,HIGH,32.43
2026-06-29 09:15:00,CONTROL_ROOM,HIGH,32.05
2026-06-29 09:15:00,UTILITY,HIGH,32.14
2026-06-29 09:15:00,BATTERY_FLEX,HIGH,30.82
2026-06-29 09:30:00,PRODUCTION,HIGH,33.23
2026-06-29 09:30:00,WAREHOUSE,HIGH,32.49
2026-06-29 09:30:00,OFFICE_A,HIGH,31.65
2026-06-29 09:30:00,CONTROL_ROOM,HIGH,31.53
2026-06-29 09:30:00,UTILITY,HIGH,33.38
2026-06-29 09:30:00,BATTERY_FLEX,HIGH,31.81
2026-06-29 09:45:00,PRODUCTION,HIGH,33.82
2026-06-29 09:45:00,WAREHOUSE,HIGH,31.25
2026-06-29 09:45:00,OFFICE_A,HIGH,32.6
2026-06-29 09:45:00,CONTROL_ROOM,HIGH,30.95
2026-06-29 09:45:00,UTILITY,HIGH,32.98
2026-06-29 09:45:00,BATTERY_FLEX,HIGH,32.02
2026-06-29 10:00:00,PRODUCTION,HIGH,32.88
2026-06-29 10:00:00,WAREHOUSE,HIGH,31.57
2026-06-29 10:00:00,OFFICE_A,HIGH,33.17
2026-06-29 10:00:00,CONTROL_ROOM,HIGH,31.88
2026-06-29 10:00:00,UTILITY,HIGH,33.02
2026-06-29 10:00:00,BATTERY_FLEX,HIGH,31.39
2026-06-29 10:15:00,PRODUCTION,HIGH,32.98
2026-06-29 10:15:00,WAREHOUSE,HIGH,31.7
2026-06-29 10:15:00,OFFICE_A,HIGH,32.08
2026-06-29 10:15:00,CONTROL_ROOM,HIGH,30.9
2026-06-29 10:15:00,UTILITY,HIGH,32.8
2026-06-29 10:15:00,BATTERY_FLEX,HIGH,31.56
2026-06-29 10:30:00,PRODUCTION,HIGH,32.48
2026-06-29 10:30:00,WAREHOUSE,HIGH,32.33
2026-06-29 10:30:00,OFFICE_A,HIGH,31.64
2026-06-29 10:30:00,CONTROL_ROOM,HIGH,31.53
2026-06-29 10:30:00,UTILITY,HIGH,32.6
2026-06-29 10:30:00,BATTERY_FLEX,HIGH,31.83
2026-06-29 10:45:00,PRODUCTION,HIGH,33.08
2026-06-29 10:45:00,WAREHOUSE,HIGH,31.31
2026-06-29 10:45:00,OFFICE_A,HIGH,31.85
2026-06-29 10:45:00,CONTROL_ROOM,HIGH,31.27
2026-06-29 10:45:00,UTILITY,HIGH,33.43
2026-06-29 10:45:00,BATTERY_FLEX,HIGH,32.01
2026-06-29 11:00:00,PRODUCTION,HIGH,33.1
2026-06-29 11:00:00,WAREHOUSE,HIGH,32.59
2026-06-29 11:00:00,OFFICE_A,HIGH,32.56
2026-06-29 11:00:00,CONTROL_ROOM,HIGH,32.31
2026-06-29 11:00:00,UTILITY,HIGH,32.4
2026-06-29 11:00:00,BATTERY_FLEX,HIGH,31.83
2026-06-29 11:15:00,PRODUCTION,HIGH,32.55
2026-06-29 11:15:00,WAREHOUSE,HIGH,32.69
2026-06-29 11:15:00,OFFICE_A,HIGH,33.29
2026-06-29 11:15:00,CONTROL_ROOM,HIGH,31.23
2026-06-29 11:15:00,UTILITY,HIGH,33.0
2026-06-29 11:15:00,BATTERY_FLEX,HIGH,32.56
2026-06-29 11:30:00,PRODUCTION,HIGH,33.27
2026-06-29 11:30:00,WAREHOUSE,HIGH,32.5
2026-06-29 11:30:00,OFFICE_A,HIGH,31.81
2026-06-29 11:30:00,CONTROL_ROOM,HIGH,30.99
2026-06-29 11:30:00,UTILITY,HIGH,33.05
2026-06-29 11:30:00,BATTERY_FLEX,HIGH,31.59
2026-06-29 11:45:00,PRODUCTION,HIGH,32.98
2026-06-29 11:45:00,WAREHOUSE,HIGH,32.41
2026-06-29 11:45:00,OFFICE_A,HIGH,32.96
2026-06-29 11:45:00,CONTROL_ROOM,HIGH,31.83
2026-06-29 11:45:00,UTILITY,HIGH,32.55
2026-06-29 11:45:00,BATTERY_FLEX,HIGH,32.39
2026-06-29 12:00:00,PRODUCTION,HIGH,33.27
2026-06-29 12:00:00,WAREHOUSE,HIGH,31.34
2026-06-29 12:00:00,OFFICE_A,HIGH,32.64
2026-06-29 12:00:00,CONTROL_ROOM,HIGH,32.34
2026-06-29 12:00:00,UTILITY,HIGH,32.87
2026-06-29 12:00:00,BATTERY_FLEX,HIGH,31.8
2026-06-29 12:15:00,PRODUCTION,HIGH,33.67
2026-06-29 12:15:00,WAREHOUSE,HIGH,31.82
2026-06-29 12:15:00,OFFICE_A,HIGH,32.29
2026-06-29 12:15:00,CONTROL_ROOM,HIGH,31.21
2026-06-29 12:15:00,UTILITY,HIGH,33.67
2026-06-29 12:15:00,BATTERY_FLEX,HIGH,31.66
2026-06-29 12:30:00,PRODUCTION,HIGH,33.25
2026-06-29 12:30:00,WAREHOUSE,HIGH,32.51
2026-06-29 12:30:00,OFFICE_A,HIGH,32.16
2026-06-29 12:30:00,CONTROL_ROOM,HIGH,31.19
2026-06-29 12:30:00,UTILITY,HIGH,33.68
2026-06-29 12:30:00,BATTERY_FLEX,HIGH,33.09
2026-06-29 12:45:00,PRODUCTION,HIGH,34.19
2026-06-29 12:45:00,WAREHOUSE,HIGH,32.12
2026-06-29 12:45:00,OFFICE_A,HIGH,32.14
2026-06-29 12:45:00,CONTROL_ROOM,HIGH,32.5
2026-06-29 12:45:00,UTILITY,HIGH,32.29
2026-06-29 12:45:00,BATTERY_FLEX,HIGH,31.26
2026-06-29 13:00:00,PRODUCTION,HIGH,32.23
2026-06-29 13:00:00,WAREHOUSE,HIGH,31.93
2026-06-29 13:00:00,OFFICE_A,HIGH,31.85
2026-06-29 13:00:00,CONTROL_ROOM,HIGH,31.98
2026-06-29 13:00:00,UTILITY,HIGH,32.74
2026-06-29 13:00:00,BATTERY_FLEX,HIGH,32.03
2026-06-29 13:15:00,PRODUCTION,HIGH,33.28
2026-06-29 13:15:00,WAREHOUSE,HIGH,32.1
2026-06-29 13:15:00,OFFICE_A,HIGH,31.71
2026-06-29 13:15:00,CONTROL_ROOM,HIGH,31.82
2026-06-29 13:15:00,UTILITY,HIGH,32.13
2026-06-29 13:15:00,BATTERY_FLEX,HIGH,31.95
2026-06-29 13:30:00,PRODUCTION,HIGH,33.12
2026-06-29 13:30:00,WAREHOUSE,HIGH,32.35
2026-06-29 13:30:00,OFFICE_A,HIGH,32.6
2026-06-29 13:30:00,CONTROL_ROOM,HIGH,31.2
2026-06-29 13:30:00,UTILITY,HIGH,33.05
2026-06-29 13:30:00,BATTERY_FLEX,HIGH,31.41
2026-06-29 13:45:00,PRODUCTION,HIGH,33.36
2026-06-29 13:45:00,WAREHOUSE,HIGH,32.16
2026-06-29 13:45:00,OFFICE_A,HIGH,31.58
2026-06-29 13:45:00,CONTROL_ROOM,HIGH,32.29
2026-06-29 13:45:00,UTILITY,HIGH,31.79
2026-06-29 13:45:00,BATTERY_FLEX,HIGH,32.06
2026-06-29 14:00:00,PRODUCTION,HIGH,33.28
2026-06-29 14:00:00,WAREHOUSE,HIGH,32.37
2026-06-29 14:00:00,OFFICE_A,HIGH,33.77
2026-06-29 14:00:00,CONTROL_ROOM,HIGH,31.17
2026-06-29 14:00:00,UTILITY,HIGH,32.29
2026-06-29 14:00:00,BATTERY_FLEX,HIGH,31.61
2026-06-29 14:15:00,PRODUCTION,HIGH,33.64
2026-06-29 14:15:00,WAREHOUSE,HIGH,32.67
2026-06-29 14:15:00,OFFICE_A,HIGH,33.11
2026-06-29 14:15:00,CONTROL_ROOM,HIGH,32.31
2026-06-29 14:15:00,UTILITY,HIGH,32.93
2026-06-29 14:15:00,BATTERY_FLEX,HIGH,31.55
2026-06-29 14:30:00,PRODUCTION,HIGH,32.92
2026-06-29 14:30:00,WAREHOUSE,HIGH,32.54
2026-06-29 14:30:00,OFFICE_A,HIGH,31.94
2026-06-29 14:30:00,CONTROL_ROOM,HIGH,31.75
2026-06-29 14:30:00,UTILITY,HIGH,32.65
2026-06-29 14:30:00,BATTERY_FLEX,HIGH,32.13
2026-06-29 14:45:00,PRODUCTION,HIGH,33.12
2026-06-29 14:45:00,WAREHOUSE,HIGH,31.82
2026-06-29 14:45:00,OFFICE_A,HIGH,32.24
2026-06-29 14:45:00,CONTROL_ROOM,HIGH,31.8
2026-06-29 14:45:00,UTILITY,HIGH,32.87
2026-06-29 14:45:00,BATTERY_FLEX,HIGH,31.92
2026-06-29 15:00:00,PRODUCTION,HIGH,32.76
2026-06-29 15:00:00,WAREHOUSE,HIGH,31.73
2026-06-29 15:00:00,OFFICE_A,HIGH,32.45
2026-06-29 15:00:00,CONTROL_ROOM,HIGH,32.18
2026-06-29 15:00:00,UTILITY,HIGH,32.62
2026-06-29 15:00:00,BATTERY_FLEX,HIGH,31.82
2026-06-29 15:15:00,PRODUCTION,HIGH,33.26
2026-06-29 15:15:00,WAREHOUSE,HIGH,31.72
2026-06-29 15:15:00,OFFICE_A,HIGH,32.4
2026-06-29 15:15:00,CONTROL_ROOM,HIGH,31.81
2026-06-29 15:15:00,UTILITY,HIGH,33.42
2026-06-29 15:15:00,BATTERY_FLEX,HIGH,32.42
2026-06-29 15:30:00,PRODUCTION,HIGH,33.08
2026-06-29 15:30:00,WAREHOUSE,HIGH,32.22
2026-06-29 15:30:00,OFFICE_A,HIGH,32.41
2026-06-29 15:30:00,CONTROL_ROOM,HIGH,31.8
2026-06-29 15:30:00,UTILITY,HIGH,32.99
2026-06-29 15:30:00,BATTERY_FLEX,HIGH,31.19
2026-06-29 15:45:00,PRODUCTION,HIGH,33.7
2026-06-29 15:45:00,WAREHOUSE,HIGH,32.59
2026-06-29 15:45:00,OFFICE_A,HIGH,32.45
2026-06-29 15:45:00,CONTROL_ROOM,HIGH,32.61
2026-06-29 15:45:00,UTILITY,HIGH,32.56
2026-06-29 15:45:00,BATTERY_FLEX,HIGH,30.78
2026-06-29 16:00:00,PRODUCTION,HIGH,33.43
2026-06-29 16:00:00,WAREHOUSE,HIGH,32.05
2026-06-29 16:00:00,OFFICE_A,HIGH,32.9
2026-06-29 16:00:00,CONTROL_ROOM,HIGH,31.04
2026-06-29 16:00:00,UTILITY,HIGH,33.21
2026-06-29 16:00:00,BATTERY_FLEX,HIGH,30.93
2026-06-29 16:15:00,PRODUCTION,HIGH,32.78
2026-06-29 16:15:00,WAREHOUSE,HIGH,33.26
2026-06-29 16:15:00,OFFICE_A,HIGH,32.22
2026-06-29 16:15:00,CONTROL_ROOM,HIGH,30.8
2026-06-29 16:15:00,UTILITY,HIGH,32.82
2026-06-29 16:15:00,BATTERY_FLEX,HIGH,32.42
2026-06-29 16:30:00,PRODUCTION,HIGH,32.78
2026-06-29 16:30:00,WAREHOUSE,HIGH,32.68
2026-06-29 16:30:00,OFFICE_A,HIGH,32.74
2026-06-29 16:30:00,CONTROL_ROOM,HIGH,31.33
2026-06-29 16:30:00,UTILITY,HIGH,32.89
2026-06-29 16:30:00,BATTERY_FLEX,HIGH,31.77
2026-06-29 16:45:00,PRODUCTION,HIGH,32.8
2026-06-29 16:45:00,WAREHOUSE,HIGH,33.24
2026-06-29 16:45:00,OFFICE_A,HIGH,32.33
2026-06-29 16:45:00,CONTROL_ROOM,HIGH,32.3
2026-06-29 16:45:00,UTILITY,HIGH,32.27
2026-06-29 16:45:00,BATTERY_FLEX,HIGH,32.04
2026-06-29 17:00:00,PRODUCTION,HIGH,33.22
2026-06-29 17:00:00,WAREHOUSE,HIGH,32.03
2026-06-29 17:00:00,OFFICE_A,HIGH,33.49
2026-06-29 17:00:00,CONTROL_ROOM,HIGH,31.36
2026-06-29 17:00:00,UTILITY,HIGH,31.66
2026-06-29 17:00:00,BATTERY_FLEX,HIGH,30.87
2026-06-29 17:15:00,PRODUCTION,HIGH,32.16
2026-06-29 17:15:00,WAREHOUSE,HIGH,31.9
2026-06-29 17:15:00,OFFICE_A,HIGH,32.72
2026-06-29 17:15:00,CONTROL_ROOM,HIGH,32.45
2026-06-29 17:15:00,UTILITY,HIGH,32.4
2026-06-29 17:15:00,BATTERY_FLEX,HIGH,32.09
2026-06-29 17:30:00,PRODUCTION,HIGH,33.24
2026-06-29 17:30:00,WAREHOUSE,HIGH,32.31
2026-06-29 17:30:00,OFFICE_A,HIGH,32.36
2026-06-29 17:30:00,CONTROL_ROOM,HIGH,32.04
2026-06-29 17:30:00,UTILITY,HIGH,32.19
2026-06-29 17:30:00,BATTERY_FLEX,HIGH,30.76
2026-06-29 17:45:00,PRODUCTION,HIGH,33.09
2026-06-29 17:45:00,WAREHOUSE,HIGH,31.64
2026-06-29 17:45:00,OFFICE_A,HIGH,33.03
2026-06-29 17:45:00,CONTROL_ROOM,HIGH,31.82
2026-06-29 17:45:00,UTILITY,HIGH,32.76
2026-06-29 17:45:00,BATTERY_FLEX,HIGH,31.83
2026-06-29 18:00:00,PRODUCTION,HIGH,33.23
2026-06-29 18:00:00,WAREHOUSE,HIGH,32.52
2026-06-29 18:00:00,OFFICE_A,HIGH,32.29
2026-06-29 18:00:00,CONTROL_ROOM,HIGH,31.84
2026-06-29 18:00:00,UTILITY,HIGH,33.45
2026-06-29 18:00:00,BATTERY_FLEX,HIGH,31.7
2026-06-29 18:15:00,PRODUCTION,HIGH,33.01
2026-06-29 18:15:00,WAREHOUSE,HIGH,33.08
2026-06-29 18:15:00,OFFICE_A,HIGH,32.89
2026-06-29 18:15:00,CONTROL_ROOM,HIGH,31.84
2026-06-29 18:15:00,UTILITY,HIGH,32.51
2026-06-29 18:15:00,BATTERY_FLEX,HIGH,31.28
2026-06-29 18:30:00,PRODUCTION,HIGH,31.73
2026-06-29 18:30:00,WAREHOUSE,HIGH,33.46
2026-06-29 18:30:00,OFFICE_A,HIGH,32.66
2026-06-29 18:30:00,CONTROL_ROOM,HIGH,31.91
2026-06-29 18:30:00,UTILITY,HIGH,31.87
2026-06-29 18:30:00,BATTERY_FLEX,HIGH,31.62
2026-06-29 18:45:00,PRODUCTION,MEDIUM,32.92
2026-06-29 18:45:00,WAREHOUSE,MEDIUM,32.16
2026-06-29 18:45:00,OFFICE_A,MEDIUM,32.97
2026-06-29 18:45:00,CONTROL_ROOM,MEDIUM,31.17
2026-06-29 18:45:00,UTILITY,MEDIUM,32.64
2026-06-29 18:45:00,BATTERY_FLEX,MEDIUM,32.04
2026-06-29 19:00:00,PRODUCTION,HIGH,32.58
2026-06-29 19:00:00,WAREHOUSE,HIGH,32.22
2026-06-29 19:00:00,OFFICE_A,HIGH,32.68
2026-06-29 19:00:00,CONTROL_ROOM,HIGH,31.77
2026-06-29 19:00:00,UTILITY,HIGH,32.87
2026-06-29 19:00:00,BATTERY_FLEX,HIGH,31.17
2026-06-29 19:15:00,PRODUCTION,MEDIUM,33.03
2026-06-29 19:15:00,WAREHOUSE,MEDIUM,32.32
2026-06-29 19:15:00,OFFICE_A,MEDIUM,32.3
2026-06-29 19:15:00,CONTROL_ROOM,MEDIUM,31.46
2026-06-29 19:15:00,UTILITY,MEDIUM,32.2
2026-06-29 19:15:00,BATTERY_FLEX,MEDIUM,32.09
2026-06-29 19:30:00,PRODUCTION,MEDIUM,31.88
2026-06-29 19:30:00,WAREHOUSE,MEDIUM,32.28
2026-06-29 19:30:00,OFFICE_A,MEDIUM,32.18
2026-06-29 19:30:00,CONTROL_ROOM,MEDIUM,31.87
2026-06-29 19:30:00,UTILITY,MEDIUM,32.59
2026-06-29 19:30:00,BATTERY_FLEX,MEDIUM,32.12
2026-06-29 19:45:00,PRODUCTION,MEDIUM,32.78
2026-06-29 19:45:00,WAREHOUSE,MEDIUM,32.24
2026-06-29 19:45:00,OFFICE_A,MEDIUM,32.26
2026-06-29 19:45:00,CONTROL_ROOM,MEDIUM,30.92
2026-06-29 19:45:00,UTILITY,MEDIUM,32.51
2026-06-29 19:45:00,BATTERY_FLEX,MEDIUM,31.11
2026-06-29 20:00:00,PRODUCTION,MEDIUM,33.16
2026-06-29 20:00:00,WAREHOUSE,MEDIUM,31.06
2026-06-29 20:00:00,OFFICE_A,MEDIUM,32.26
2026-06-29 20:00:00,CONTROL_ROOM,MEDIUM,32.18
2026-06-29 20:00:00,UTILITY,MEDIUM,32.56
2026-06-29 20:00:00,BATTERY_FLEX,MEDIUM,31.65
2026-06-29 20:15:00,PRODUCTION,MEDIUM,32.08
2026-06-29 20:15:00,WAREHOUSE,MEDIUM,32.47
2026-06-29 20:15:00,OFFICE_A,MEDIUM,31.14
2026-06-29 20:15:00,CONTROL_ROOM,MEDIUM,31.51
2026-06-29 20:15:00,UTILITY,MEDIUM,32.45
2026-06-29 20:15:00,BATTERY_FLEX,MEDIUM,31.65
2026-06-29 20:30:00,PRODUCTION,MEDIUM,32.41
2026-06-29 20:30:00,WAREHOUSE,MEDIUM,31.97
2026-06-29 20:30:00,OFFICE_A,MEDIUM,32.0
2026-06-29 20:30:00,CONTROL_ROOM,MEDIUM,32.27
2026-06-29 20:30:00,UTILITY,MEDIUM,31.98
2026-06-29 20:30:00,BATTERY_FLEX,MEDIUM,32.18
2026-06-29 20:45:00,PRODUCTION,MEDIUM,32.55
2026-06-29 20:45:00,WAREHOUSE,MEDIUM,32.65
2026-06-29 20:45:00,OFFICE_A,MEDIUM,32.16
2026-06-29 20:45:00,CONTROL_ROOM,MEDIUM,31.42
2026-06-29 20:45:00,UTILITY,MEDIUM,33.35
2026-06-29 20:45:00,BATTERY_FLEX,MEDIUM,31.68
2026-06-29 21:00:00,PRODUCTION,LOW,31.82
2026-06-29 21:00:00,WAREHOUSE,LOW,31.89
2026-06-29 21:00:00,OFFICE_A,LOW,31.27
2026-06-29 21:00:00,CONTROL_ROOM,LOW,31.01
2026-06-29 21:00:00,UTILITY,LOW,32.19
2026-06-29 21:00:00,BATTERY_FLEX,LOW,30.92
2026-06-29 21:15:00,PRODUCTION,LOW,32.35
2026-06-29 21:15:00,WAREHOUSE,LOW,31.97
2026-06-29 21:15:00,OFFICE_A,LOW,31.91
2026-06-29 21:15:00,CONTROL_ROOM,LOW,30.95
2026-06-29 21:15:00,UTILITY,LOW,32.93
2026-06-29 21:15:00,BATTERY_FLEX,LOW,30.6
2026-06-29 21:30:00,PRODUCTION,LOW,32.74
2026-06-29 21:30:00,WAREHOUSE,LOW,31.29
2026-06-29 21:30:00,OFFICE_A,LOW,31.51
2026-06-29 21:30:00,CONTROL_ROOM,LOW,30.6
2026-06-29 21:30:00,UTILITY,LOW,32.65
2026-06-29 21:30:00,BATTERY_FLEX,LOW,31.58
2026-06-29 21:45:00,PRODUCTION,LOW,33.14
2026-06-29 21:45:00,WAREHOUSE,LOW,31.51
2026-06-29 21:45:00,OFFICE_A,LOW,31.81
2026-06-29 21:45:00,CONTROL_ROOM,LOW,31.19
2026-06-29 21:45:00,UTILITY,LOW,32.87
2026-06-29 21:45:00,BATTERY_FLEX,LOW,31.37
2026-06-29 22:00:00,PRODUCTION,LOW,31.51
2026-06-29 22:00:00,WAREHOUSE,LOW,32.31
2026-06-29 22:00:00,OFFICE_A,LOW,31.18
2026-06-29 22:00:00,CONTROL_ROOM,LOW,30.82
2026-06-29 22:00:00,UTILITY,LOW,32.72
2026-06-29 22:00:00,BATTERY_FLEX,LOW,31.6
2026-06-29 22:15:00,PRODUCTION,LOW,32.07
2026-06-29 22:15:00,WAREHOUSE,LOW,32.08
2026-06-29 22:15:00,OFFICE_A,LOW,31.5
2026-06-29 22:15:00,CONTROL_ROOM,LOW,31.29
2026-06-29 22:15:00,UTILITY,LOW,32.61
2026-06-29 22:15:00,BATTERY_FLEX,LOW,31.19
2026-06-29 22:30:00,PRODUCTION,LOW,32.27
2026-06-29 22:30:00,WAREHOUSE,LOW,31.38
2026-06-29 22:30:00,OFFICE_A,LOW,32.04
2026-06-29 22:30:00,CONTROL_ROOM,LOW,31.68
2026-06-29 22:30:00,UTILITY,LOW,33.17
2026-06-29 22:30:00,BATTERY_FLEX,LOW,31.02
2026-06-29 22:45:00,PRODUCTION,LOW,32.43
2026-06-29 22:45:00,WAREHOUSE,LOW,31.89
2026-06-29 22:45:00,OFFICE_A,LOW,31.28
2026-06-29 22:45:00,CONTROL_ROOM,LOW,31.22
2026-06-29 22:45:00,UTILITY,LOW,32.0
2026-06-29 22:45:00,BATTERY_FLEX,LOW,31.16
2026-06-29 23:00:00,PRODUCTION,LOW,32.69
2026-06-29 23:00:00,WAREHOUSE,LOW,31.67
2026-06-29 23:00:00,OFFICE_A,LOW,31.12
2026-06-29 23:00:00,CONTROL_ROOM,LOW,30.52
2026-06-29 23:00:00,UTILITY,LOW,32.47
2026-06-29 23:00:00,BATTERY_FLEX,LOW,31.67
2026-06-29 23:15:00,PRODUCTION,LOW,31.88
2026-06-29 23:15:00,WAREHOUSE,LOW,32.64
2026-06-29 23:15:00,OFFICE_A,LOW,30.62
2026-06-29 23:15:00,CONTROL_ROOM,LOW,30.87
2026-06-29 23:15:00,UTILITY,LOW,32.71
2026-06-29 23:15:00,BATTERY_FLEX,LOW,31.14
2026-06-29 23:30:00,PRODUCTION,LOW,32.84
2026-06-29 23:30:00,WAREHOUSE,LOW,33.02
2026-06-29 23:30:00,OFFICE_A,LOW,31.46
2026-06-29 23:30:00,CONTROL_ROOM,LOW,30.02
2026-06-29 23:30:00,UTILITY,LOW,32.55
2026-06-29 23:30:00,BATTERY_FLEX,LOW,31.98
2026-06-29 23:45:00,PRODUCTION,LOW,32.39
2026-06-29 23:45:00,WAREHOUSE,LOW,32.17
2026-06-29 23:45:00,OFFICE_A,LOW,31.32
2026-06-29 23:45:00,CONTROL_ROOM,LOW,30.8
2026-06-29 23:45:00,UTILITY,LOW,31.98
2026-06-29 23:45:00,BATTERY_FLEX,LOW,31.34
2026-06-30 00:00:00,PRODUCTION,LOW,23.5
2026-06-30 00:00:00,WAREHOUSE,LOW,23.02
2026-06-30 00:00:00,OFFICE_A,LOW,22.54
2026-06-30 00:00:00,CONTROL_ROOM,LOW,22.54
2026-06-30 00:00:00,UTILITY,LOW,23.73
2026-06-30 00:00:00,BATTERY_FLEX,LOW,22.35
2026-06-30 00:15:00,PRODUCTION,LOW,23.33
2026-06-30 00:15:00,WAREHOUSE,LOW,22.09
2026-06-30 00:15:00,OFFICE_A,LOW,22.0
2026-06-30 00:15:00,CONTROL_ROOM,LOW,21.42
2026-06-30 00:15:00,UTILITY,LOW,23.0
2026-06-30 00:15:00,BATTERY_FLEX,LOW,22.57
2026-06-30 00:30:00,PRODUCTION,LOW,22.91
2026-06-30 00:30:00,WAREHOUSE,LOW,23.03
2026-06-30 00:30:00,OFFICE_A,LOW,22.2
2026-06-30 00:30:00,CONTROL_ROOM,LOW,21.84
2026-06-30 00:30:00,UTILITY,LOW,23.59
2026-06-30 00:30:00,BATTERY_FLEX,LOW,21.95
2026-06-30 00:45:00,PRODUCTION,LOW,23.35
2026-06-30 00:45:00,WAREHOUSE,LOW,22.69
2026-06-30 00:45:00,OFFICE_A,LOW,23.07
2026-06-30 00:45:00,CONTROL_ROOM,LOW,21.95
2026-06-30 00:45:00,UTILITY,LOW,23.19
2026-06-30 00:45:00,BATTERY_FLEX,LOW,21.98
2026-06-30 01:00:00,PRODUCTION,LOW,23.78
2026-06-30 01:00:00,WAREHOUSE,LOW,23.76
2026-06-30 01:00:00,OFFICE_A,LOW,22.14
2026-06-30 01:00:00,CONTROL_ROOM,LOW,22.08
2026-06-30 01:00:00,UTILITY,LOW,23.59
2026-06-30 01:00:00,BATTERY_FLEX,LOW,21.35
2026-06-30 01:15:00,PRODUCTION,LOW,22.79
2026-06-30 01:15:00,WAREHOUSE,LOW,23.34
2026-06-30 01:15:00,OFFICE_A,LOW,22.67
2026-06-30 01:15:00,CONTROL_ROOM,LOW,21.0
2026-06-30 01:15:00,UTILITY,LOW,23.28
2026-06-30 01:15:00,BATTERY_FLEX,LOW,23.32
2026-06-30 01:30:00,PRODUCTION,LOW,22.99
2026-06-30 01:30:00,WAREHOUSE,LOW,22.41
2026-06-30 01:30:00,OFFICE_A,LOW,22.13
2026-06-30 01:30:00,CONTROL_ROOM,LOW,22.44
2026-06-30 01:30:00,UTILITY,LOW,23.63
2026-06-30 01:30:00,BATTERY_FLEX,LOW,21.69
2026-06-30 01:45:00,PRODUCTION,LOW,23.19
2026-06-30 01:45:00,WAREHOUSE,LOW,24.3
2026-06-30 01:45:00,OFFICE_A,LOW,23.06
2026-06-30 01:45:00,CONTROL_ROOM,LOW,21.41
2026-06-30 01:45:00,UTILITY,LOW,23.55
2026-06-30 01:45:00,BATTERY_FLEX,LOW,23.0
2026-06-30 02:00:00,PRODUCTION,LOW,22.76
2026-06-30 02:00:00,WAREHOUSE,LOW,23.38
2026-06-30 02:00:00,OFFICE_A,LOW,23.19
2026-06-30 02:00:00,CONTROL_ROOM,LOW,20.7
2026-06-30 02:00:00,UTILITY,LOW,23.34
2026-06-30 02:00:00,BATTERY_FLEX,LOW,21.94
2026-06-30 02:15:00,PRODUCTION,LOW,23.69
2026-06-30 02:15:00,WAREHOUSE,LOW,22.95
2026-06-30 02:15:00,OFFICE_A,LOW,22.6
2026-06-30 02:15:00,CONTROL_ROOM,LOW,21.85
2026-06-30 02:15:00,UTILITY,LOW,24.02
2026-06-30 02:15:00,BATTERY_FLEX,LOW,22.32
2026-06-30 02:30:00,PRODUCTION,LOW,23.18
2026-06-30 02:30:00,WAREHOUSE,LOW,22.91
2026-06-30 02:30:00,OFFICE_A,LOW,22.91
2026-06-30 02:30:00,CONTROL_ROOM,LOW,22.63
2026-06-30 02:30:00,UTILITY,LOW,23.59
2026-06-30 02:30:00,BATTERY_FLEX,LOW,22.42
2026-06-30 02:45:00,PRODUCTION,LOW,22.97
2026-06-30 02:45:00,WAREHOUSE,LOW,22.76
2026-06-30 02:45:00,OFFICE_A,LOW,21.81
2026-06-30 02:45:00,CONTROL_ROOM,LOW,22.21
2026-06-30 02:45:00,UTILITY,LOW,23.59
2026-06-30 02:45:00,BATTERY_FLEX,LOW,21.66
2026-06-30 03:00:00,PRODUCTION,LOW,22.42
2026-06-30 03:00:00,WAREHOUSE,LOW,23.29
2026-06-30 03:00:00,OFFICE_A,LOW,22.92
2026-06-30 03:00:00,CONTROL_ROOM,LOW,21.65
2026-06-30 03:00:00,UTILITY,LOW,23.33
2026-06-30 03:00:00,BATTERY_FLEX,LOW,23.86
2026-06-30 03:15:00,PRODUCTION,LOW,22.7
2026-06-30 03:15:00,WAREHOUSE,LOW,22.51
2026-06-30 03:15:00,OFFICE_A,LOW,23.27
2026-06-30 03:15:00,CONTROL_ROOM,LOW,22.01
2026-06-30 03:15:00,UTILITY,LOW,23.79
2026-06-30 03:15:00,BATTERY_FLEX,LOW,22.64
2026-06-30 03:30:00,PRODUCTION,LOW,23.6
2026-06-30 03:30:00,WAREHOUSE,LOW,23.26
2026-06-30 03:30:00,OFFICE_A,LOW,22.21
2026-06-30 03:30:00,CONTROL_ROOM,LOW,22.07
2026-06-30 03:30:00,UTILITY,LOW,22.71
2026-06-30 03:30:00,BATTERY_FLEX,LOW,22.38
2026-06-30 03:45:00,PRODUCTION,LOW,22.51
2026-06-30 03:45:00,WAREHOUSE,LOW,22.65
2026-06-30 03:45:00,OFFICE_A,LOW,23.0
2026-06-30 03:45:00,CONTROL_ROOM,LOW,21.51
2026-06-30 03:45:00,UTILITY,LOW,23.64
2026-06-30 03:45:00,BATTERY_FLEX,LOW,23.28
2026-06-30 04:00:00,PRODUCTION,LOW,23.44
2026-06-30 04:00:00,WAREHOUSE,LOW,23.36
2026-06-30 04:00:00,OFFICE_A,LOW,22.69
2026-06-30 04:00:00,CONTROL_ROOM,LOW,21.86
2026-06-30 04:00:00,UTILITY,LOW,23.72
2026-06-30 04:00:00,BATTERY_FLEX,LOW,22.5
2026-06-30 04:15:00,PRODUCTION,LOW,22.15
2026-06-30 04:15:00,WAREHOUSE,LOW,22.63
2026-06-30 04:15:00,OFFICE_A,LOW,22.45
2026-06-30 04:15:00,CONTROL_ROOM,LOW,21.59
2026-06-30 04:15:00,UTILITY,LOW,24.15
2026-06-30 04:15:00,BATTERY_FLEX,LOW,24.15
2026-06-30 04:30:00,PRODUCTION,LOW,23.09
2026-06-30 04:30:00,WAREHOUSE,LOW,23.32
2026-06-30 04:30:00,OFFICE_A,LOW,22.76
2026-06-30 04:30:00,CONTROL_ROOM,LOW,21.5
2026-06-30 04:30:00,UTILITY,LOW,23.56
2026-06-30 04:30:00,BATTERY_FLEX,LOW,22.82
2026-06-30 04:45:00,PRODUCTION,LOW,24.57
2026-06-30 04:45:00,WAREHOUSE,LOW,23.22
2026-06-30 04:45:00,OFFICE_A,LOW,23.04
2026-06-30 04:45:00,CONTROL_ROOM,LOW,21.41
2026-06-30 04:45:00,UTILITY,LOW,23.63
2026-06-30 04:45:00,BATTERY_FLEX,LOW,22.63
2026-06-30 05:00:00,PRODUCTION,LOW,22.85
2026-06-30 05:00:00,WAREHOUSE,LOW,22.5
2026-06-30 05:00:00,OFFICE_A,LOW,22.68
2026-06-30 05:00:00,CONTROL_ROOM,LOW,22.35
2026-06-30 05:00:00,UTILITY,LOW,23.6
2026-06-30 05:00:00,BATTERY_FLEX,LOW,21.95
2026-06-30 05:15:00,PRODUCTION,LOW,23.28
2026-06-30 05:15:00,WAREHOUSE,LOW,23.71
2026-06-30 05:15:00,OFFICE_A,LOW,22.34
2026-06-30 05:15:00,CONTROL_ROOM,LOW,21.67
2026-06-30 05:15:00,UTILITY,LOW,23.32
2026-06-30 05:15:00,BATTERY_FLEX,LOW,22.22
2026-06-30 05:30:00,PRODUCTION,LOW,22.34
2026-06-30 05:30:00,WAREHOUSE,LOW,23.07
2026-06-30 05:30:00,OFFICE_A,LOW,23.18
2026-06-30 05:30:00,CONTROL_ROOM,LOW,22.0
2026-06-30 05:30:00,UTILITY,LOW,24.28
2026-06-30 05:30:00,BATTERY_FLEX,LOW,22.2
2026-06-30 05:45:00,PRODUCTION,LOW,24.03
2026-06-30 05:45:00,WAREHOUSE,LOW,23.3
2026-06-30 05:45:00,OFFICE_A,LOW,23.54
2026-06-30 05:45:00,CONTROL_ROOM,LOW,21.41
2026-06-30 05:45:00,UTILITY,LOW,23.48
2026-06-30 05:45:00,BATTERY_FLEX,LOW,22.09
2026-06-30 06:00:00,PRODUCTION,LOW,22.94
2026-06-30 06:00:00,WAREHOUSE,LOW,22.8
2026-06-30 06:00:00,OFFICE_A,LOW,22.85
2026-06-30 06:00:00,CONTROL_ROOM,LOW,21.6
2026-06-30 06:00:00,UTILITY,LOW,22.97
2026-06-30 06:00:00,BATTERY_FLEX,LOW,21.6
2026-06-30 06:15:00,PRODUCTION,LOW,22.99
2026-06-30 06:15:00,WAREHOUSE,LOW,22.98
2026-06-30 06:15:00,OFFICE_A,LOW,22.37
2026-06-30 06:15:00,CONTROL_ROOM,LOW,22.8
2026-06-30 06:15:00,UTILITY,LOW,22.92
2026-06-30 06:15:00,BATTERY_FLEX,LOW,23.16
2026-06-30 06:30:00,PRODUCTION,LOW,23.08
2026-06-30 06:30:00,WAREHOUSE,LOW,22.67
2026-06-30 06:30:00,OFFICE_A,LOW,23.71
2026-06-30 06:30:00,CONTROL_ROOM,LOW,20.71
2026-06-30 06:30:00,UTILITY,LOW,23.46
2026-06-30 06:30:00,BATTERY_FLEX,LOW,22.67
2026-06-30 06:45:00,PRODUCTION,MEDIUM,23.82
2026-06-30 06:45:00,WAREHOUSE,MEDIUM,21.93
2026-06-30 06:45:00,OFFICE_A,MEDIUM,22.21
2026-06-30 06:45:00,CONTROL_ROOM,MEDIUM,22.06
2026-06-30 06:45:00,UTILITY,MEDIUM,23.04
2026-06-30 06:45:00,BATTERY_FLEX,MEDIUM,22.88
2026-06-30 07:00:00,PRODUCTION,LOW,23.79
2026-06-30 07:00:00,WAREHOUSE,LOW,22.08
2026-06-30 07:00:00,OFFICE_A,LOW,23.39
2026-06-30 07:00:00,CONTROL_ROOM,LOW,22.4
2026-06-30 07:00:00,UTILITY,LOW,23.43
2026-06-30 07:00:00,BATTERY_FLEX,LOW,21.89
2026-06-30 07:15:00,PRODUCTION,LOW,24.36
2026-06-30 07:15:00,WAREHOUSE,LOW,22.66
2026-06-30 07:15:00,OFFICE_A,LOW,22.16
2026-06-30 07:15:00,CONTROL_ROOM,LOW,22.04
2026-06-30 07:15:00,UTILITY,LOW,23.57
2026-06-30 07:15:00,BATTERY_FLEX,LOW,23.34
2026-06-30 07:30:00,PRODUCTION,MEDIUM,23.62
2026-06-30 07:30:00,WAREHOUSE,MEDIUM,23.25
2026-06-30 07:30:00,OFFICE_A,MEDIUM,23.16
2026-06-30 07:30:00,CONTROL_ROOM,MEDIUM,22.1
2026-06-30 07:30:00,UTILITY,MEDIUM,23.42
2026-06-30 07:30:00,BATTERY_FLEX,MEDIUM,23.05
2026-06-30 07:45:00,PRODUCTION,MEDIUM,23.28
2026-06-30 07:45:00,WAREHOUSE,MEDIUM,24.36
2026-06-30 07:45:00,OFFICE_A,MEDIUM,22.76
2026-06-30 07:45:00,CONTROL_ROOM,MEDIUM,21.76
2026-06-30 07:45:00,UTILITY,MEDIUM,23.92
2026-06-30 07:45:00,BATTERY_FLEX,MEDIUM,22.87
2026-06-30 08:00:00,PRODUCTION,MEDIUM,24.66
2026-06-30 08:00:00,WAREHOUSE,MEDIUM,23.13
2026-06-30 08:00:00,OFFICE_A,MEDIUM,22.7
2026-06-30 08:00:00,CONTROL_ROOM,MEDIUM,21.85
2026-06-30 08:00:00,UTILITY,MEDIUM,23.89
2026-06-30 08:00:00,BATTERY_FLEX,MEDIUM,22.9
2026-06-30 08:15:00,PRODUCTION,MEDIUM,24.68
2026-06-30 08:15:00,WAREHOUSE,MEDIUM,23.19
2026-06-30 08:15:00,OFFICE_A,MEDIUM,24.12
2026-06-30 08:15:00,CONTROL_ROOM,MEDIUM,22.65
2026-06-30 08:15:00,UTILITY,MEDIUM,24.79
2026-06-30 08:15:00,BATTERY_FLEX,MEDIUM,22.92
2026-06-30 08:30:00,PRODUCTION,MEDIUM,23.92
2026-06-30 08:30:00,WAREHOUSE,MEDIUM,23.84
2026-06-30 08:30:00,OFFICE_A,MEDIUM,23.62
2026-06-30 08:30:00,CONTROL_ROOM,MEDIUM,22.2
2026-06-30 08:30:00,UTILITY,MEDIUM,23.78
2026-06-30 08:30:00,BATTERY_FLEX,MEDIUM,23.06
2026-06-30 08:45:00,PRODUCTION,MEDIUM,23.38
2026-06-30 08:45:00,WAREHOUSE,MEDIUM,22.87
2026-06-30 08:45:00,OFFICE_A,MEDIUM,23.53
2026-06-30 08:45:00,CONTROL_ROOM,MEDIUM,22.71
2026-06-30 08:45:00,UTILITY,MEDIUM,24.05
2026-06-30 08:45:00,BATTERY_FLEX,MEDIUM,22.36
2026-06-30 09:00:00,PRODUCTION,MEDIUM,23.83
2026-06-30 09:00:00,WAREHOUSE,MEDIUM,23.88
2026-06-30 09:00:00,OFFICE_A,MEDIUM,23.34
2026-06-30 09:00:00,CONTROL_ROOM,MEDIUM,23.24
2026-06-30 09:00:00,UTILITY,MEDIUM,23.62
2026-06-30 09:00:00,BATTERY_FLEX,MEDIUM,22.71
2026-06-30 09:15:00,PRODUCTION,MEDIUM,23.04
2026-06-30 09:15:00,WAREHOUSE,MEDIUM,22.62
2026-06-30 09:15:00,OFFICE_A,MEDIUM,23.36
2026-06-30 09:15:00,CONTROL_ROOM,MEDIUM,21.95
2026-06-30 09:15:00,UTILITY,MEDIUM,23.45
2026-06-30 09:15:00,BATTERY_FLEX,MEDIUM,22.91
2026-06-30 09:30:00,PRODUCTION,HIGH,24.38
2026-06-30 09:30:00,WAREHOUSE,HIGH,23.49
2026-06-30 09:30:00,OFFICE_A,HIGH,23.38
2026-06-30 09:30:00,CONTROL_ROOM,HIGH,22.1
2026-06-30 09:30:00,UTILITY,HIGH,23.69
2026-06-30 09:30:00,BATTERY_FLEX,HIGH,23.55
2026-06-30 09:45:00,PRODUCTION,HIGH,23.95
2026-06-30 09:45:00,WAREHOUSE,HIGH,23.34
2026-06-30 09:45:00,OFFICE_A,HIGH,23.3
2026-06-30 09:45:00,CONTROL_ROOM,HIGH,22.21
2026-06-30 09:45:00,UTILITY,HIGH,24.23
2026-06-30 09:45:00,BATTERY_FLEX,HIGH,21.75
2026-06-30 10:00:00,PRODUCTION,HIGH,23.36
2026-06-30 10:00:00,WAREHOUSE,HIGH,23.19
2026-06-30 10:00:00,OFFICE_A,HIGH,23.4
2026-06-30 10:00:00,CONTROL_ROOM,HIGH,22.72
2026-06-30 10:00:00,UTILITY,HIGH,24.12
2026-06-30 10:00:00,BATTERY_FLEX,HIGH,21.94
2026-06-30 10:15:00,PRODUCTION,HIGH,24.2
2026-06-30 10:15:00,WAREHOUSE,HIGH,22.27
2026-06-30 10:15:00,OFFICE_A,HIGH,22.95
2026-06-30 10:15:00,CONTROL_ROOM,HIGH,23.13
2026-06-30 10:15:00,UTILITY,HIGH,23.6
2026-06-30 10:15:00,BATTERY_FLEX,HIGH,23.85
2026-06-30 10:30:00,PRODUCTION,HIGH,24.37
2026-06-30 10:30:00,WAREHOUSE,HIGH,23.09
2026-06-30 10:30:00,OFFICE_A,HIGH,23.5
2026-06-30 10:30:00,CONTROL_ROOM,HIGH,22.74
2026-06-30 10:30:00,UTILITY,HIGH,23.43
2026-06-30 10:30:00,BATTERY_FLEX,HIGH,23.14
2026-06-30 10:45:00,PRODUCTION,HIGH,23.72
2026-06-30 10:45:00,WAREHOUSE,HIGH,23.85
2026-06-30 10:45:00,OFFICE_A,HIGH,23.73
2026-06-30 10:45:00,CONTROL_ROOM,HIGH,22.83
2026-06-30 10:45:00,UTILITY,HIGH,23.75
2026-06-30 10:45:00,BATTERY_FLEX,HIGH,23.56
2026-06-30 11:00:00,PRODUCTION,HIGH,24.49
2026-06-30 11:00:00,WAREHOUSE,HIGH,23.57
2026-06-30 11:00:00,OFFICE_A,HIGH,23.33
2026-06-30 11:00:00,CONTROL_ROOM,HIGH,22.67
2026-06-30 11:00:00,UTILITY,HIGH,24.45
2026-06-30 11:00:00,BATTERY_FLEX,HIGH,23.0
2026-06-30 11:15:00,PRODUCTION,HIGH,23.62
2026-06-30 11:15:00,WAREHOUSE,HIGH,22.19
2026-06-30 11:15:00,OFFICE_A,HIGH,24.44
2026-06-30 11:15:00,CONTROL_ROOM,HIGH,22.06
2026-06-30 11:15:00,UTILITY,HIGH,23.35
2026-06-30 11:15:00,BATTERY_FLEX,HIGH,21.78
2026-06-30 11:30:00,PRODUCTION,HIGH,23.88
2026-06-30 11:30:00,WAREHOUSE,HIGH,23.55
2026-06-30 11:30:00,OFFICE_A,HIGH,23.29
2026-06-30 11:30:00,CONTROL_ROOM,HIGH,21.53
2026-06-30 11:30:00,UTILITY,HIGH,23.11
2026-06-30 11:30:00,BATTERY_FLEX,HIGH,22.09
2026-06-30 11:45:00,PRODUCTION,HIGH,23.3
2026-06-30 11:45:00,WAREHOUSE,HIGH,23.59
2026-06-30 11:45:00,OFFICE_A,HIGH,23.31
2026-06-30 11:45:00,CONTROL_ROOM,HIGH,24.07
2026-06-30 11:45:00,UTILITY,HIGH,24.47
2026-06-30 11:45:00,BATTERY_FLEX,HIGH,23.63
2026-06-30 12:00:00,PRODUCTION,HIGH,23.71
2026-06-30 12:00:00,WAREHOUSE,HIGH,22.85
2026-06-30 12:00:00,OFFICE_A,HIGH,23.81
2026-06-30 12:00:00,CONTROL_ROOM,HIGH,23.29
2026-06-30 12:00:00,UTILITY,HIGH,23.57
2026-06-30 12:00:00,BATTERY_FLEX,HIGH,22.39
2026-06-30 12:15:00,PRODUCTION,HIGH,24.7
2026-06-30 12:15:00,WAREHOUSE,HIGH,23.96
2026-06-30 12:15:00,OFFICE_A,HIGH,23.77
2026-06-30 12:15:00,CONTROL_ROOM,HIGH,22.61
2026-06-30 12:15:00,UTILITY,HIGH,24.41
2026-06-30 12:15:00,BATTERY_FLEX,HIGH,22.21
2026-06-30 12:30:00,PRODUCTION,HIGH,23.96
2026-06-30 12:30:00,WAREHOUSE,HIGH,23.56
2026-06-30 12:30:00,OFFICE_A,HIGH,23.52
2026-06-30 12:30:00,CONTROL_ROOM,HIGH,23.06
2026-06-30 12:30:00,UTILITY,HIGH,24.51
2026-06-30 12:30:00,BATTERY_FLEX,HIGH,22.99
2026-06-30 12:45:00,PRODUCTION,HIGH,25.22
2026-06-30 12:45:00,WAREHOUSE,HIGH,24.23
2026-06-30 12:45:00,OFFICE_A,HIGH,22.88
2026-06-30 12:45:00,CONTROL_ROOM,HIGH,22.51
2026-06-30 12:45:00,UTILITY,HIGH,23.82
2026-06-30 12:45:00,BATTERY_FLEX,HIGH,22.96
2026-06-30 13:00:00,PRODUCTION,HIGH,24.58
2026-06-30 13:00:00,WAREHOUSE,HIGH,23.58
2026-06-30 13:00:00,OFFICE_A,HIGH,23.51
2026-06-30 13:00:00,CONTROL_ROOM,HIGH,21.67
2026-06-30 13:00:00,UTILITY,HIGH,24.26
2026-06-30 13:00:00,BATTERY_FLEX,HIGH,23.06
2026-06-30 13:15:00,PRODUCTION,HIGH,24.17
2026-06-30 13:15:00,WAREHOUSE,HIGH,22.7
2026-06-30 13:15:00,OFFICE_A,HIGH,22.94
2026-06-30 13:15:00,CONTROL_ROOM,HIGH,22.93
2026-06-30 13:15:00,UTILITY,HIGH,24.13
2026-06-30 13:15:00,BATTERY_FLEX,HIGH,22.54
2026-06-30 13:30:00,PRODUCTION,HIGH,23.67
2026-06-30 13:30:00,WAREHOUSE,HIGH,23.74
2026-06-30 13:30:00,OFFICE_A,HIGH,23.94
2026-06-30 13:30:00,CONTROL_ROOM,HIGH,22.81
2026-06-30 13:30:00,UTILITY,HIGH,23.34
2026-06-30 13:30:00,BATTERY_FLEX,HIGH,22.09
2026-06-30 13:45:00,PRODUCTION,HIGH,24.35
2026-06-30 13:45:00,WAREHOUSE,HIGH,23.04
2026-06-30 13:45:00,OFFICE_A,HIGH,23.16
2026-06-30 13:45:00,CONTROL_ROOM,HIGH,22.55
2026-06-30 13:45:00,UTILITY,HIGH,23.76
2026-06-30 13:45:00,BATTERY_FLEX,HIGH,23.32
2026-06-30 14:00:00,PRODUCTION,HIGH,24.93
2026-06-30 14:00:00,WAREHOUSE,HIGH,22.85
2026-06-30 14:00:00,OFFICE_A,HIGH,24.39
2026-06-30 14:00:00,CONTROL_ROOM,HIGH,22.09
2026-06-30 14:00:00,UTILITY,HIGH,23.57
2026-06-30 14:00:00,BATTERY_FLEX,HIGH,22.63
2026-06-30 14:15:00,PRODUCTION,HIGH,24.4
2026-06-30 14:15:00,WAREHOUSE,HIGH,23.07
2026-06-30 14:15:00,OFFICE_A,HIGH,23.78
2026-06-30 14:15:00,CONTROL_ROOM,HIGH,22.63
2026-06-30 14:15:00,UTILITY,HIGH,23.08
2026-06-30 14:15:00,BATTERY_FLEX,HIGH,23.01
2026-06-30 14:30:00,PRODUCTION,HIGH,23.88
2026-06-30 14:30:00,WAREHOUSE,HIGH,23.15
2026-06-30 14:30:00,OFFICE_A,HIGH,24.46
2026-06-30 14:30:00,CONTROL_ROOM,HIGH,23.63
2026-06-30 14:30:00,UTILITY,HIGH,22.41
2026-06-30 14:30:00,BATTERY_FLEX,HIGH,23.01
2026-06-30 14:45:00,PRODUCTION,HIGH,24.96
2026-06-30 14:45:00,WAREHOUSE,HIGH,22.6
2026-06-30 14:45:00,OFFICE_A,HIGH,23.7
2026-06-30 14:45:00,CONTROL_ROOM,HIGH,23.62
2026-06-30 14:45:00,UTILITY,HIGH,23.17
2026-06-30 14:45:00,BATTERY_FLEX,HIGH,22.73
2026-06-30 15:00:00,PRODUCTION,HIGH,24.24
2026-06-30 15:00:00,WAREHOUSE,HIGH,23.3
2026-06-30 15:00:00,OFFICE_A,HIGH,22.8
2026-06-30 15:00:00,CONTROL_ROOM,HIGH,23.37
2026-06-30 15:00:00,UTILITY,HIGH,23.61
2026-06-30 15:00:00,BATTERY_FLEX,HIGH,22.72
2026-06-30 15:15:00,PRODUCTION,HIGH,24.46
2026-06-30 15:15:00,WAREHOUSE,HIGH,23.39
2026-06-30 15:15:00,OFFICE_A,HIGH,23.81
2026-06-30 15:15:00,CONTROL_ROOM,HIGH,22.09
2026-06-30 15:15:00,UTILITY,HIGH,23.71
2026-06-30 15:15:00,BATTERY_FLEX,HIGH,23.33
2026-06-30 15:30:00,PRODUCTION,HIGH,24.17
2026-06-30 15:30:00,WAREHOUSE,HIGH,23.98
2026-06-30 15:30:00,OFFICE_A,HIGH,23.87
2026-06-30 15:30:00,CONTROL_ROOM,HIGH,21.51
2026-06-30 15:30:00,UTILITY,HIGH,24.1
2026-06-30 15:30:00,BATTERY_FLEX,HIGH,22.55
2026-06-30 15:45:00,PRODUCTION,HIGH,24.07
2026-06-30 15:45:00,WAREHOUSE,HIGH,23.06
2026-06-30 15:45:00,OFFICE_A,HIGH,23.76
2026-06-30 15:45:00,CONTROL_ROOM,HIGH,22.16
2026-06-30 15:45:00,UTILITY,HIGH,23.21
2026-06-30 15:45:00,BATTERY_FLEX,HIGH,23.14
2026-06-30 16:00:00,PRODUCTION,HIGH,23.75
2026-06-30 16:00:00,WAREHOUSE,HIGH,22.94
2026-06-30 16:00:00,OFFICE_A,HIGH,24.07
2026-06-30 16:00:00,CONTROL_ROOM,HIGH,22.21
2026-06-30 16:00:00,UTILITY,HIGH,24.22
2026-06-30 16:00:00,BATTERY_FLEX,HIGH,23.1
2026-06-30 16:15:00,PRODUCTION,HIGH,23.44
2026-06-30 16:15:00,WAREHOUSE,HIGH,23.6
2026-06-30 16:15:00,OFFICE_A,HIGH,23.73
2026-06-30 16:15:00,CONTROL_ROOM,HIGH,22.48
2026-06-30 16:15:00,UTILITY,HIGH,24.47
2026-06-30 16:15:00,BATTERY_FLEX,HIGH,22.72
2026-06-30 16:30:00,PRODUCTION,HIGH,23.86
2026-06-30 16:30:00,WAREHOUSE,HIGH,22.72
2026-06-30 16:30:00,OFFICE_A,HIGH,23.24
2026-06-30 16:30:00,CONTROL_ROOM,HIGH,22.28
2026-06-30 16:30:00,UTILITY,HIGH,24.1
2026-06-30 16:30:00,BATTERY_FLEX,HIGH,22.28
2026-06-30 16:45:00,PRODUCTION,HIGH,24.14
2026-06-30 16:45:00,WAREHOUSE,HIGH,23.93
2026-06-30 16:45:00,OFFICE_A,HIGH,23.68
2026-06-30 16:45:00,CONTROL_ROOM,HIGH,23.4
2026-06-30 16:45:00,UTILITY,HIGH,23.75
2026-06-30 16:45:00,BATTERY_FLEX,HIGH,23.29
2026-06-30 17:00:00,PRODUCTION,HIGH,23.7
2026-06-30 17:00:00,WAREHOUSE,HIGH,23.16
2026-06-30 17:00:00,OFFICE_A,HIGH,22.94
2026-06-30 17:00:00,CONTROL_ROOM,HIGH,22.69
2026-06-30 17:00:00,UTILITY,HIGH,23.63
2026-06-30 17:00:00,BATTERY_FLEX,HIGH,22.89
2026-06-30 17:15:00,PRODUCTION,HIGH,24.9
2026-06-30 17:15:00,WAREHOUSE,HIGH,24.24
2026-06-30 17:15:00,OFFICE_A,HIGH,23.68
2026-06-30 17:15:00,CONTROL_ROOM,HIGH,22.48
2026-06-30 17:15:00,UTILITY,HIGH,24.03
2026-06-30 17:15:00,BATTERY_FLEX,HIGH,22.67
2026-06-30 17:30:00,PRODUCTION,HIGH,23.32
2026-06-30 17:30:00,WAREHOUSE,HIGH,23.01
2026-06-30 17:30:00,OFFICE_A,HIGH,23.44
2026-06-30 17:30:00,CONTROL_ROOM,HIGH,22.55
2026-06-30 17:30:00,UTILITY,HIGH,23.77
2026-06-30 17:30:00,BATTERY_FLEX,HIGH,23.45
2026-06-30 17:45:00,PRODUCTION,HIGH,24.61
2026-06-30 17:45:00,WAREHOUSE,HIGH,22.97
2026-06-30 17:45:00,OFFICE_A,HIGH,23.31
2026-06-30 17:45:00,CONTROL_ROOM,HIGH,23.01
2026-06-30 17:45:00,UTILITY,HIGH,24.41
2026-06-30 17:45:00,BATTERY_FLEX,HIGH,23.48
2026-06-30 18:00:00,PRODUCTION,HIGH,23.96
2026-06-30 18:00:00,WAREHOUSE,HIGH,23.28
2026-06-30 18:00:00,OFFICE_A,HIGH,24.13
2026-06-30 18:00:00,CONTROL_ROOM,HIGH,23.0
2026-06-30 18:00:00,UTILITY,HIGH,24.19
2026-06-30 18:00:00,BATTERY_FLEX,HIGH,22.85
2026-06-30 18:15:00,PRODUCTION,HIGH,23.74
2026-06-30 18:15:00,WAREHOUSE,HIGH,23.25
2026-06-30 18:15:00,OFFICE_A,HIGH,24.03
2026-06-30 18:15:00,CONTROL_ROOM,HIGH,22.12
2026-06-30 18:15:00,UTILITY,HIGH,23.96
2026-06-30 18:15:00,BATTERY_FLEX,HIGH,21.98
2026-06-30 18:30:00,PRODUCTION,HIGH,24.95
2026-06-30 18:30:00,WAREHOUSE,HIGH,23.76
2026-06-30 18:30:00,OFFICE_A,HIGH,22.86
2026-06-30 18:30:00,CONTROL_ROOM,HIGH,22.33
2026-06-30 18:30:00,UTILITY,HIGH,25.09
2026-06-30 18:30:00,BATTERY_FLEX,HIGH,23.71
2026-06-30 18:45:00,PRODUCTION,HIGH,23.58
2026-06-30 18:45:00,WAREHOUSE,HIGH,23.89
2026-06-30 18:45:00,OFFICE_A,HIGH,23.04
2026-06-30 18:45:00,CONTROL_ROOM,HIGH,22.64
2026-06-30 18:45:00,UTILITY,HIGH,23.4
2026-06-30 18:45:00,BATTERY_FLEX,HIGH,22.54
2026-06-30 19:00:00,PRODUCTION,HIGH,23.38
2026-06-30 19:00:00,WAREHOUSE,HIGH,22.68
2026-06-30 19:00:00,OFFICE_A,HIGH,23.71
2026-06-30 19:00:00,CONTROL_ROOM,HIGH,23.04
2026-06-30 19:00:00,UTILITY,HIGH,23.56
2026-06-30 19:00:00,BATTERY_FLEX,HIGH,22.19
2026-06-30 19:15:00,PRODUCTION,MEDIUM,23.74
2026-06-30 19:15:00,WAREHOUSE,MEDIUM,23.41
2026-06-30 19:15:00,OFFICE_A,MEDIUM,23.46
2026-06-30 19:15:00,CONTROL_ROOM,MEDIUM,22.69
2026-06-30 19:15:00,UTILITY,MEDIUM,23.49
2026-06-30 19:15:00,BATTERY_FLEX,MEDIUM,22.33
2026-06-30 19:30:00,PRODUCTION,MEDIUM,23.38
2026-06-30 19:30:00,WAREHOUSE,MEDIUM,23.51
2026-06-30 19:30:00,OFFICE_A,MEDIUM,22.65
2026-06-30 19:30:00,CONTROL_ROOM,MEDIUM,22.02
2026-06-30 19:30:00,UTILITY,MEDIUM,24.25
2026-06-30 19:30:00,BATTERY_FLEX,MEDIUM,22.12
2026-06-30 19:45:00,PRODUCTION,MEDIUM,22.88
2026-06-30 19:45:00,WAREHOUSE,MEDIUM,23.22
2026-06-30 19:45:00,OFFICE_A,MEDIUM,23.49
2026-06-30 19:45:00,CONTROL_ROOM,MEDIUM,22.78
2026-06-30 19:45:00,UTILITY,MEDIUM,24.26
2026-06-30 19:45:00,BATTERY_FLEX,MEDIUM,23.09
2026-06-30 20:00:00,PRODUCTION,MEDIUM,24.38
2026-06-30 20:00:00,WAREHOUSE,MEDIUM,22.65
2026-06-30 20:00:00,OFFICE_A,MEDIUM,23.82
2026-06-30 20:00:00,CONTROL_ROOM,MEDIUM,21.21
2026-06-30 20:00:00,UTILITY,MEDIUM,23.86
2026-06-30 20:00:00,BATTERY_FLEX,MEDIUM,22.62
2026-06-30 20:15:00,PRODUCTION,MEDIUM,23.8
2026-06-30 20:15:00,WAREHOUSE,MEDIUM,23.17
2026-06-30 20:15:00,OFFICE_A,MEDIUM,23.54
2026-06-30 20:15:00,CONTROL_ROOM,MEDIUM,22.87
2026-06-30 20:15:00,UTILITY,MEDIUM,23.71
2026-06-30 20:15:00,BATTERY_FLEX,MEDIUM,22.23
2026-06-30 20:30:00,PRODUCTION,MEDIUM,24.06
2026-06-30 20:30:00,WAREHOUSE,MEDIUM,23.18
2026-06-30 20:30:00,OFFICE_A,MEDIUM,23.53
2026-06-30 20:30:00,CONTROL_ROOM,MEDIUM,22.77
2026-06-30 20:30:00,UTILITY,MEDIUM,23.35
2026-06-30 20:30:00,BATTERY_FLEX,MEDIUM,22.67
2026-06-30 20:45:00,PRODUCTION,MEDIUM,24.12
2026-06-30 20:45:00,WAREHOUSE,MEDIUM,23.21
2026-06-30 20:45:00,OFFICE_A,MEDIUM,21.73
2026-06-30 20:45:00,CONTROL_ROOM,MEDIUM,21.75
2026-06-30 20:45:00,UTILITY,MEDIUM,23.7
2026-06-30 20:45:00,BATTERY_FLEX,MEDIUM,22.54
2026-06-30 21:00:00,PRODUCTION,LOW,23.22
2026-06-30 21:00:00,WAREHOUSE,LOW,22.98
2026-06-30 21:00:00,OFFICE_A,LOW,22.37
2026-06-30 21:00:00,CONTROL_ROOM,LOW,22.64
2026-06-30 21:00:00,UTILITY,LOW,23.32
2026-06-30 21:00:00,BATTERY_FLEX,LOW,21.43
2026-06-30 21:15:00,PRODUCTION,LOW,22.93
2026-06-30 21:15:00,WAREHOUSE,LOW,23.35
2026-06-30 21:15:00,OFFICE_A,LOW,22.75
2026-06-30 21:15:00,CONTROL_ROOM,LOW,22.27
2026-06-30 21:15:00,UTILITY,LOW,23.46
2026-06-30 21:15:00,BATTERY_FLEX,LOW,22.24
2026-06-30 21:30:00,PRODUCTION,LOW,22.87
2026-06-30 21:30:00,WAREHOUSE,LOW,24.48
2026-06-30 21:30:00,OFFICE_A,LOW,21.76
2026-06-30 21:30:00,CONTROL_ROOM,LOW,21.79
2026-06-30 21:30:00,UTILITY,LOW,23.42
2026-06-30 21:30:00,BATTERY_FLEX,LOW,23.46
2026-06-30 21:45:00,PRODUCTION,LOW,23.18
2026-06-30 21:45:00,WAREHOUSE,LOW,22.68
2026-06-30 21:45:00,OFFICE_A,LOW,22.75
2026-06-30 21:45:00,CONTROL_ROOM,LOW,21.61
2026-06-30 21:45:00,UTILITY,LOW,23.41
2026-06-30 21:45:00,BATTERY_FLEX,LOW,23.03
2026-06-30 22:00:00,PRODUCTION,LOW,23.73
2026-06-30 22:00:00,WAREHOUSE,LOW,23.72
2026-06-30 22:00:00,OFFICE_A,LOW,22.61
2026-06-30 22:00:00,CONTROL_ROOM,LOW,22.16
2026-06-30 22:00:00,UTILITY,LOW,22.91
2026-06-30 22:00:00,BATTERY_FLEX,LOW,21.44
2026-06-30 22:15:00,PRODUCTION,LOW,22.64
2026-06-30 22:15:00,WAREHOUSE,LOW,22.43
2026-06-30 22:15:00,OFFICE_A,LOW,22.39
2026-06-30 22:15:00,CONTROL_ROOM,LOW,22.07
2026-06-30 22:15:00,UTILITY,LOW,23.3
2026-06-30 22:15:00,BATTERY_FLEX,LOW,22.39
2026-06-30 22:30:00,PRODUCTION,LOW,23.03
2026-06-30 22:30:00,WAREHOUSE,LOW,23.41
2026-06-30 22:30:00,OFFICE_A,LOW,22.65
2026-06-30 22:30:00,CONTROL_ROOM,LOW,21.6
2026-06-30 22:30:00,UTILITY,LOW,23.54
2026-06-30 22:30:00,BATTERY_FLEX,LOW,22.89
2026-06-30 22:45:00,PRODUCTION,LOW,23.42
2026-06-30 22:45:00,WAREHOUSE,LOW,23.1
2026-06-30 22:45:00,OFFICE_A,LOW,22.79
2026-06-30 22:45:00,CONTROL_ROOM,LOW,22.07
2026-06-30 22:45:00,UTILITY,LOW,22.78
2026-06-30 22:45:00,BATTERY_FLEX,LOW,23.43
2026-06-30 23:00:00,PRODUCTION,LOW,22.96
2026-06-30 23:00:00,WAREHOUSE,LOW,23.21
2026-06-30 23:00:00,OFFICE_A,LOW,22.77
2026-06-30 23:00:00,CONTROL_ROOM,LOW,21.86
2026-06-30 23:00:00,UTILITY,LOW,23.05
2026-06-30 23:00:00,BATTERY_FLEX,LOW,22.32
2026-06-30 23:15:00,PRODUCTION,LOW,23.07
2026-06-30 23:15:00,WAREHOUSE,LOW,24.24
2026-06-30 23:15:00,OFFICE_A,LOW,23.07
2026-06-30 23:15:00,CONTROL_ROOM,LOW,21.35
2026-06-30 23:15:00,UTILITY,LOW,23.51
2026-06-30 23:15:00,BATTERY_FLEX,LOW,22.88
2026-06-30 23:30:00,PRODUCTION,LOW,24.05
2026-06-30 23:30:00,WAREHOUSE,LOW,22.84
2026-06-30 23:30:00,OFFICE_A,LOW,23.54
2026-06-30 23:30:00,CONTROL_ROOM,LOW,21.38
2026-06-30 23:30:00,UTILITY,LOW,21.87
2026-06-30 23:30:00,BATTERY_FLEX,LOW,22.94
2026-06-30 23:45:00,PRODUCTION,LOW,23.36
2026-06-30 23:45:00,WAREHOUSE,LOW,22.94
2026-06-30 23:45:00,OFFICE_A,LOW,22.65
2026-06-30 23:45:00,CONTROL_ROOM,LOW,21.53
2026-06-30 23:45:00,UTILITY,LOW,23.37
2026-06-30 23:45:00,BATTERY_FLEX,LOW,21.66
